{"train_loss": [1.846936082483357, 1.6996552913616865, 1.6806242700315948, 1.6710718877804585, 1.665133627051981, 1.6607575009011815, 1.6575597356527279, 1.6550616227154038, 1.652542289505657, 1.650809376158266, 1.6490223252365732, 1.64765218919159, 1.6460053192244635, 1.64490503200099, 1.6437462183654818, 1.6427906756727104, 1.6416701228700132, 1.640739583561563, 1.6401159055212624, 1.6391542314464211, 1.6384467212562888, 1.6376539463670845, 1.63706627742857, 1.6363958665448377, 1.6358441809813182, 1.6351059198888958, 1.634405890845845, 1.6340868045122197, 1.633359160178747, 1.6326671899893346, 1.6322939798363254, 1.6317602589599087, 1.6312058603661692, 1.630848085014229, 1.6303821409869397, 1.6298770779727871, 1.6295049007122333, 1.6288971174985936, 1.6284408487825313, 1.6280277947075346, 1.627527475866497, 1.6271467685190022, 1.626601926281921, 1.6262413622477117, 1.625854186522655, 1.625309586015522, 1.6249899744478047, 1.6247568094832265, 1.6242298351393805, 1.6237994391694028, 1.623327327844424, 1.6230127854734404, 1.622685846609947, 1.6221979938001714, 1.6218937622685718, 1.6214890553910508, 1.6210015887378628, 1.6205751885715713, 1.6205759876304202, 1.6199314976349855, 1.6197045937053158, 1.6193053100863073, 1.618828798715885, 1.6185127929744558, 1.6181044005430663, 1.6178576755218017, 1.617224188696625, 1.616946613177275, 1.6167061530117295, 1.6161495801220593, 1.6158561082477243, 1.6153867249814873, 1.6153445437423184, 1.614832007477426, 1.6144263459067059, 1.6140874079150012, 1.6136778595610561, 1.6133546352895916, 1.6130596985164871, 1.6126106720194857, 1.6124294420592806, 1.6120186873480804, 1.6117434565328126, 1.6114965152536702, 1.6110673274239924, 1.6108773256468976, 1.6104956404266195, 1.6100412179262211, 1.6097122736466236, 1.6093618413831434, 1.6088911269465063, 1.6088392288766356, 1.6084881300090725, 1.6079898800095942, 1.6076594565668676, 1.6075694614495986, 1.606982905895282, 1.6069227923185398, 1.6066490365908697, 1.606117606927187], "test_loss": [0.7949259216308594, 0.6619352958679199, 0.6412089267730713, 0.6204769805908203, 0.6204222671508789, 0.623096467590332, 0.6086712341308593, 0.6236121177673339, 0.5955979206085205, 0.6108085601806641, 0.6205761619567871, 0.5975488891601562, 0.6105105415344239, 0.565818790435791, 0.6180190895080566, 0.598533016204834, 0.6193408065795899, 0.6122738586425781, 0.5913334747314453, 0.6162071449279786, 0.5779360427856445, 0.6244993057250977, 0.6038499542236329, 0.5626211334228516, 0.5915603485107422, 0.6395500289916992, 0.5536556083679199, 0.5823866012573242, 0.5893998420715332, 0.6255952369689941, 0.5785055168151856, 0.5643886260986328, 0.6100221115112304, 0.6064397155761718, 0.6478324691772461, 0.6323672622680664, 0.6309038589477539, 0.5889587547302246, 0.614481723022461, 0.6276731704711914, 0.6291563049316407, 0.6388756660461425, 0.5950468757629395, 0.5783752326965332, 0.594985131072998, 0.6022428108215332, 0.5622932518005371, 0.5797883735656738, 0.6272085426330566, 0.6157798957824707, 0.5785755088806153, 0.587795637512207, 0.6140279174804687, 0.5956033294677734, 0.6079505744934082, 0.5896230155944824, 0.5878283485412598, 0.6211123741149902, 0.5951864120483399, 0.5600520622253418, 0.5991112869262696, 0.6054610450744629, 0.5748259872436523, 0.5883088264465332, 0.6082870170593262, 0.6040171516418457, 0.6186860595703125, 0.5977277954101563, 0.592132437133789, 0.6061027198791504, 0.6516884010314942, 0.5925818092346191, 0.6000018600463867, 0.6195165962219238, 0.6017420509338379, 0.6032331146240234, 0.5949230903625489, 0.5978503219604492, 0.6170737525939941, 0.6348296760559082, 0.5739549751281738, 0.5896986938476563, 0.6338350746154785, 0.6169575126647949, 0.6299233932495117, 0.6024615242004394, 0.5694820983886719, 0.6078295944213867, 0.5539351505279541, 0.5763977279663086, 0.6106363883972168, 0.6154348976135254, 0.5476683856964112, 0.5917446327209472, 0.6286173217773438, 0.6194348953247071, 0.6293571258544922, 0.5921993125915528, 0.5933419006347657, 0.5994843864440917], "test_acc": [95.81, 97.4, 98.06, 98.24, 98.31, 98.53, 98.62, 98.76, 98.86, 98.84, 98.86, 98.98, 98.87, 98.9, 99.04, 99.04, 99.08, 98.98, 99.04, 99.1, 99.03, 99.06, 98.99, 99.1, 99.19, 99.18, 99.14, 99.09, 99.16, 99.12, 99.13, 99.16, 99.18, 99.14, 99.19, 99.1, 99.16, 99.11, 99.19, 99.19, 99.15, 99.21, 99.14, 99.21, 99.11, 99.17, 99.16, 99.17, 99.14, 99.16, 99.2, 99.21, 99.14, 99.2, 99.17, 99.21, 99.16, 99.21, 99.15, 99.25, 99.23, 99.3, 99.24, 99.16, 99.28, 99.2, 99.13, 99.17, 99.29, 99.22, 99.18, 99.21, 99.21, 99.2, 99.21, 99.24, 99.17, 99.26, 99.21, 99.28, 99.13, 99.27, 99.2, 99.2, 99.25, 99.23, 99.18, 99.18, 99.19, 99.24, 99.23, 99.18, 99.23, 99.25, 99.17, 99.23, 99.17, 99.21, 99.14, 99.16]}