{"train_loss": [2.294939040628254, 2.2812336133076596, 2.275634546055753, 2.271805062253251, 2.268328245378967, 2.265862544377645, 2.2635237839486866, 2.261319018327273, 2.258970633531228, 2.2565812952498083, 2.2537095730121317, 2.251211518405849, 2.2480239297589684, 2.244166868364709, 2.240596581218589, 2.23619785777524, 2.23057845616952, 2.2242888640134764, 2.218695787792532, 2.20973654740896, 2.201624892715715, 2.1914890505309796, 2.1789523892932467, 2.1660518126609998, 2.150517029130561, 2.131377471308423, 2.1103907212232933, 2.0854106629506135, 2.060653783317305, 2.0293081952975345, 1.9936684568723042, 1.9549037765743387, 1.911600151632586, 1.860022443991441, 1.8035381556066692, 1.7410264208785489, 1.676911739202646, 1.610288281726022, 1.5360533623104422, 1.4600843591058357, 1.3830579205965385, 1.3030698054876082, 1.2268680764569178, 1.1481964975340753, 1.0762670336880236, 1.002735234860681, 0.9299219370397747, 0.8619968181746638, 0.8069484172086431, 0.7539450500128616], "test_loss": [-0.30531130142211915, -0.39708962364196776, -0.47988642654418945, -0.5433387969970703, -0.5502399322509766, -0.5424333801269531, -0.5897398105621338, -0.6030603530883789, -0.5991679794311523, -0.6385953475952149, -0.5885657169342041, -0.5898730865478515, -0.7350297706604004, -0.6603623001098633, -0.6781031440734864, -0.6159496315002442, -0.6664733474731446, -0.5970693256378173, -0.6823297004699707, -0.7153072158813476, -0.6474776657104492, -0.6428092102050781, -0.7414532722473145, -0.7102695198059082, -0.6914053741455078, -0.6518413719177246, -0.6896447715759277, -0.7278139167785644, -0.6551306762695313, -0.7455490188598632, -0.7305855842590332, -0.8288334297180175, -0.899247297668457, -0.9989470802307129, -0.7103003520965576, -0.6770545036315918, -0.8583731681823731, -0.9521868614196778, -0.9602898384094238, -0.9206750335693359, -1.0612406188964845, -1.035788222503662, -1.164214909362793, -1.0249858306884765, -1.2852305282592773, -1.057211626434326, -1.2783143592834472, -1.4056625923156738, -1.4538344894409179, -1.4043408630371095], "test_acc": [68.23, 83.89, 86.83, 91.55, 90.8, 91.42, 93.05, 93.71, 93.73, 91.53, 92.45, 92.71, 92.5, 91.26, 90.67, 86.99, 85.99, 79.91, 78.07, 76.36, 66.65, 65.83, 72.8, 66.35, 62.52, 49.74, 51.79, 50.04, 45.7, 45.86, 41.35, 44.96, 41.68, 44.04, 32.24, 28.47, 29.47, 30.25, 28.35, 25.0, 30.04, 25.74, 27.69, 22.59, 25.43, 21.3, 22.89, 22.16, 23.58, 22.17]}