{"train_loss": [2.3022198458003182, 2.30156836958013, 2.301173568281353, 2.3009616661275554, 2.300824752220741, 2.300723569515424, 2.300637961962284, 2.3005651811249237, 2.3005002181754155, 2.3004441307141232, 2.300390483986618, 2.3003429067440524, 2.300301007225982, 2.3002611118504124, 2.300224415257446, 2.3001943062513304, 2.300165882986835, 2.30013845466141, 2.300115390211089, 2.3000955484871173, 2.3000749823374624, 2.300056316404261, 2.3000397595584903, 2.3000237422111707, 2.3000109368919306, 2.2999957519718723, 2.2999835182458925, 2.2999723798189406, 2.29996088376412, 2.2999493500106354, 2.299940939642425, 2.2999287517661724, 2.2999210220116835, 2.2999120609373107, 2.299902460513971, 2.2998959590227175, 2.2998897341581492, 2.2998799462603707, 2.2998719454830527, 2.299864489808042, 2.2998586582322407, 2.299850747626052, 2.2998458778756294, 2.2998368689137645, 2.2998331285949445, 2.2998281691828346, 2.299819695134448, 2.2998163419910984, 2.2998095689675746, 2.2998044918744993, 2.2998009059164257, 2.299793373315762, 2.299791245888441, 2.2997826388758473, 2.299779258732103, 2.2997706996070013, 2.2997668008519034, 2.299764872616173, 2.2997615184539404, 2.299755125473707, 2.2997499948892837, 2.2997485572456293, 2.2997426023850074, 2.299738915048094, 2.299732533785013, 2.2997297507065992, 2.299725114280342, 2.2997209862766104, 2.2997152677968016, 2.299713493921818, 2.2997085890199385, 2.299705547654731, 2.2997044447140818, 2.2996962518773527, 2.2996953792042203, 2.29969289414903, 2.29969053186922, 2.2996830058912945, 2.2996835886922655, 2.2996797133714724, 2.2996778809107266, 2.2996735903951855, 2.2996705026708097, 2.2996666935773997, 2.2996621911342325, 2.2996596816258554, 2.2996544170583415, 2.2996513481832976, 2.2996502253744335, 2.2996492803606214, 2.2996433545381594, 2.2996407558775354, 2.2996399422996063, 2.299636157659384, 2.2996342156687355, 2.2996313424191923, 2.2996266295767236, 2.299625100233616, 2.2996193878671045, 2.299619981366345], "test_loss": [2.2630380065917968, 2.2287193115234376, 2.203892794799805, 2.189469909667969, 2.1802923065185547, 2.172860040283203, 2.167800653076172, 2.1626825469970705, 2.1585804809570313, 2.154155157470703, 2.150436877441406, 2.1480339721679687, 2.1441222564697267, 2.1408330780029297, 2.139427191162109, 2.1365963989257812, 2.13380094909668, 2.1316649536132815, 2.131322912597656, 2.1285966278076174, 2.1273059631347655, 2.126736636352539, 2.125843572998047, 2.1244320556640623, 2.12213486328125, 2.121539758300781, 2.1207114685058595, 2.1203980682373045, 2.118634524536133, 2.11893664855957, 2.117289471435547, 2.117342395019531, 2.1157744506835936, 2.1150456970214844, 2.1147519256591796, 2.115942520141602, 2.115333251953125, 2.114785250854492, 2.112517562866211, 2.1140421112060546, 2.111551544189453, 2.1128886138916014, 2.1128533966064453, 2.1120203979492187, 2.111105627441406, 2.112274542236328, 2.111158920288086, 2.109192544555664, 2.1089464935302735, 2.1098515045166018, 2.108100894165039, 2.108375, 2.1090012878417967, 2.108655877685547, 2.10745241394043, 2.1091983032226564, 2.108719711303711, 2.107561703491211, 2.1088279113769532, 2.1071317413330077, 2.108902621459961, 2.1073024963378906, 2.1086107757568358, 2.1077491485595705, 2.1061521026611327, 2.1067727752685546, 2.1059599029541016, 2.106565267944336, 2.1041952850341796, 2.105239193725586, 2.1042148864746095, 2.1084817169189454, 2.1039185607910156, 2.1058348358154295, 2.1044362701416017, 2.1048139831542967, 2.1051265686035157, 2.1015750335693357, 2.104177868652344, 2.1066235260009765, 2.1032830993652345, 2.1032105041503906, 2.1034168701171874, 2.102646649169922, 2.103403091430664, 2.1027335693359377, 2.1022693328857422, 2.1008009155273437, 2.1021688568115233, 2.1005641693115233, 2.1053548767089842, 2.102562451171875, 2.102600140380859, 2.1018504364013673, 2.102717752075195, 2.101892434692383, 2.1028179321289064, 2.100845016479492, 2.1012321868896486, 2.1032738372802733], "test_acc": [60.53, 74.78, 80.95, 85.01, 87.39, 88.32, 89.1, 89.93, 90.53, 91.31, 91.77, 91.97, 92.65, 93.32, 93.46, 93.52, 93.74, 94.15, 94.45, 94.31, 94.54, 94.99, 94.93, 95.08, 95.25, 95.35, 95.21, 95.53, 95.53, 95.69, 95.7, 95.97, 96.01, 95.91, 95.98, 96.1, 96.15, 96.31, 96.1, 96.36, 96.22, 96.37, 96.47, 96.46, 96.52, 96.49, 96.48, 96.47, 96.45, 96.61, 96.73, 96.63, 96.76, 96.73, 96.77, 96.91, 96.8, 96.94, 96.74, 96.93, 96.87, 96.85, 96.87, 97.08, 96.86, 96.72, 96.92, 96.91, 97.06, 96.64, 97.15, 97.05, 97.14, 97.13, 97.13, 97.08, 97.2, 97.14, 97.19, 97.2, 97.2, 97.25, 97.13, 97.26, 97.25, 97.35, 97.29, 97.28, 97.41, 97.35, 97.29, 97.23, 97.34, 97.41, 97.39, 97.43, 97.48, 97.41, 97.36, 97.35]}