{"train_loss": [2.2849906525041304, 2.266743686464098, 2.2605856066076164, 2.2572268130432844, 2.255289223459032, 2.253752937174251, 2.252670055271214, 2.2517680164076324, 2.2510359638776536, 2.2503199679219823, 2.2496676521423535, 2.2490980350054226, 2.2485563862018094, 2.2479676675592732, 2.247537441742726, 2.2471030191478567, 2.2464755121459308, 2.2461699914728475, 2.2456789933718166, 2.2452864753894315, 2.244654617757879, 2.244282634339781, 2.243784912631043, 2.2432027148385334, 2.2428440762381268, 2.24223223914448, 2.2416469536275945, 2.2412419757272444, 2.240665794437767, 2.2400423670426393, 2.239488902255001, 2.238970334203834, 2.2382250973302074, 2.237710290484958, 2.2369659242466984, 2.236398434537089, 2.2356152896188264, 2.2349630991617837, 2.2341784335609174, 2.2333574641464105, 2.232698596440829, 2.231766843388223, 2.2308388739569573, 2.2300120087770314, 2.228934725125631, 2.228066371546851, 2.2272693438407702, 2.2260892080445576, 2.225124511963282, 2.2238997001933236, 2.222769312878959, 2.221460784602369, 2.220555891848018, 2.2192752096388073, 2.2178729466902904, 2.216402301421532, 2.2150076867168784, 2.2139683498276606, 2.212567582089677, 2.2110915892144556, 2.2094688053823943, 2.207838500666822, 2.206174472458342, 2.2044896193039722, 2.2026706042452755, 2.2010829728892727, 2.199340750519027, 2.197610745572636, 2.1956598254350514, 2.1941749540149655, 2.1920349068111844, 2.1894382966889276, 2.188121491517776, 2.185743763915494, 2.183742994426662, 2.1821778727392864, 2.179699573251936, 2.1769308218589196, 2.175174915892446, 2.1726229328375597, 2.1704028875399857, 2.168198457131019, 2.166177734859988, 2.1631323949903503, 2.1609997871594553, 2.159194948326828, 2.1563149405340862, 2.153667104549897, 2.15145738562967, 2.149364818365146, 2.147244788133181, 2.1440463692714005, 2.141661792738825, 2.13905977540546, 2.1370293121052604, 2.1332738221201124, 2.1316315098705454, 2.129253429734809, 2.126251968053671, 2.124617365690378], "test_loss": [1.868363723754883, 1.7521989547729493, 1.7035807418823241, 1.6871605514526367, 1.646884977722168, 1.643146533203125, 1.6661128158569336, 1.6169030044555663, 1.64340936126709, 1.6181911010742187, 1.6078024673461915, 1.6093089263916016, 1.6001422729492187, 1.633442120361328, 1.5987675384521485, 1.5618777313232421, 1.6109597549438477, 1.5961548568725585, 1.586026301574707, 1.6060381973266602, 1.5644594512939454, 1.5839272674560547, 1.5597688095092774, 1.5804034393310546, 1.594771371459961, 1.5821318969726563, 1.579162631225586, 1.5839816604614259, 1.569281295776367, 1.5781839157104491, 1.5950062026977538, 1.5830276565551757, 1.6143268417358398, 1.5732695068359375, 1.5906021850585939, 1.6018372039794921, 1.589636457824707, 1.5613075134277343, 1.5373221984863281, 1.5766976852416992, 1.5851835388183593, 1.5746614212036132, 1.590997264099121, 1.5732954666137695, 1.5803715423583984, 1.6072755859375, 1.5874948013305663, 1.6241703979492188, 1.606124072265625, 1.641115203857422, 1.58494931640625, 1.6390537170410155, 1.5979741775512695, 1.6039514938354493, 1.5678841506958008, 1.620620329284668, 1.601130810546875, 1.6190069427490235, 1.5419375732421876, 1.5895635131835937, 1.6715278839111327, 1.5881536117553712, 1.5680679016113281, 1.605642921447754, 1.5906312866210937, 1.6012161102294922, 1.62841141204834, 1.6055404983520507, 1.6006270782470704, 1.5991187149047852, 1.6262775787353516, 1.6330900161743165, 1.6375090393066407, 1.6166015258789062, 1.6596806365966796, 1.5773169509887695, 1.6097272415161132, 1.6388898147583009, 1.6149475219726563, 1.6424083953857422, 1.6034390197753907, 1.6415949920654296, 1.6112161590576173, 1.66053623046875, 1.6928707168579102, 1.7089550323486329, 1.6413034317016602, 1.61955567779541, 1.6672830780029297, 1.6309062530517577, 1.6337152877807617, 1.6142549514770508, 1.6503919998168946, 1.706330061340332, 1.6910688827514648, 1.6486700698852539, 1.6738755584716798, 1.649157731628418, 1.651380194091797, 1.6774102020263673], "test_acc": [76.94, 90.61, 92.61, 94.14, 94.99, 95.46, 96.17, 96.53, 96.58, 96.88, 96.8, 97.33, 97.62, 97.25, 97.16, 97.52, 97.58, 97.72, 97.72, 97.51, 97.69, 97.8, 97.84, 97.83, 97.66, 97.86, 97.61, 97.94, 97.89, 97.58, 97.71, 97.68, 97.38, 97.62, 97.42, 97.14, 96.99, 97.29, 97.16, 97.08, 97.09, 97.24, 96.55, 96.37, 95.96, 95.61, 95.87, 93.72, 93.68, 92.36, 93.94, 93.1, 92.71, 92.42, 91.73, 90.37, 90.71, 89.92, 92.59, 91.94, 86.6, 89.43, 89.48, 88.43, 86.37, 84.11, 83.71, 81.32, 81.98, 83.53, 82.15, 78.8, 76.96, 78.19, 74.68, 79.85, 78.24, 77.33, 74.71, 74.3, 76.47, 73.05, 76.44, 70.84, 69.56, 65.99, 69.86, 68.05, 66.62, 70.64, 66.03, 68.6, 64.92, 58.97, 62.43, 66.41, 62.46, 63.58, 63.59, 63.11]}