{"train_loss": [2.273448559972975, 2.2479163556017427, 2.2402244536285725, 2.236700693766276, 2.234618029023847, 2.2331819350902853, 2.232042469530024, 2.2311888775254927, 2.230482739261073, 2.229878775584392, 2.229247092691242, 2.2288012800053654, 2.228300916842925, 2.2279496376331034, 2.2275850981728644, 2.227119766239427, 2.22685379605008, 2.2264122020485053, 2.226244342632783, 2.2258899298488584, 2.2255943896424055, 2.2253334720929465, 2.2250316886820345, 2.224781544290037, 2.2245358320382924, 2.2242830558719797, 2.224038704338237, 2.223783420701312, 2.2235395567029967, 2.2232656952662344, 2.2230418777873373, 2.2227794945749464, 2.222589287492964, 2.2224015318430386, 2.222191543660612, 2.2218300058291507, 2.2217005970131636, 2.2214211031921907, 2.221120885294727, 2.220975269109775, 2.220730422398983, 2.220449799655849, 2.2201521070594463, 2.2200195870847783, 2.2196562473590555, 2.2194487335335493, 2.2192398574617176, 2.219034042623308, 2.218708866681808, 2.2185764705014024, 2.218273298862653, 2.2179558470717864, 2.2177341509069133, 2.217381048406291, 2.217222520428845, 2.2168827005940623, 2.216689670187795, 2.216302439188346, 2.2160524593459234, 2.215929210695446, 2.215476273980915, 2.215235718804547, 2.214913653002845, 2.214681922370552, 2.214376920308822, 2.2140847699255004, 2.2137636058350916, 2.2133556380231156, 2.213193253064767, 2.2128754523065357, 2.212358778867966, 2.212151336364257, 2.211749100787008, 2.211634009821802, 2.211207761723771, 2.21085072022218, 2.2105613111430764, 2.2100669405399223, 2.2098411219751735, 2.209553147992517, 2.2092162447097974, 2.2088115189829445, 2.2085570708299294, 2.208047893821684, 2.207641122178135, 2.207495120346037, 2.206905886148795, 2.2066932020024357, 2.206134018734989, 2.2056760650414686, 2.205584755820087, 2.204858197615697, 2.2045602095432772, 2.204185295818198, 2.2038275146076822, 2.2033146650363236, 2.2031452691453133, 2.202644108197628, 2.202301926083035, 2.2018774783509407], "test_loss": [1.7643082748413086, 1.6421678970336915, 1.600841799926758, 1.5531100814819336, 1.5318562896728516, 1.5440236267089844, 1.5202555084228515, 1.5218082305908203, 1.508467901611328, 1.5124881652832032, 1.5104731216430665, 1.5175355972290039, 1.4958070236206054, 1.5206657287597656, 1.4876153686523437, 1.481809555053711, 1.4985432586669922, 1.5038221862792969, 1.4768487258911134, 1.4994962280273438, 1.505356297302246, 1.4730892868041991, 1.481520004272461, 1.4605803970336915, 1.5109773513793945, 1.4695605697631835, 1.4779830139160157, 1.453240118408203, 1.5029145462036133, 1.4664985061645508, 1.4660893020629884, 1.4702076232910157, 1.5215889739990234, 1.4875057022094726, 1.4652946502685547, 1.4718561431884765, 1.4816356094360352, 1.4698335754394531, 1.4851713989257813, 1.4644812484741212, 1.4721402801513672, 1.439026011657715, 1.4483823608398438, 1.4592596130371094, 1.4924004028320312, 1.4679345581054688, 1.4630548873901368, 1.5172423294067383, 1.4735158660888672, 1.4901206771850586, 1.4730203201293945, 1.4847570785522461, 1.4925107177734376, 1.4754068145751953, 1.4841570648193358, 1.5216702758789062, 1.4861997436523438, 1.4848501434326171, 1.4974599151611327, 1.470554460144043, 1.4716119445800782, 1.4704860763549805, 1.4443340728759766, 1.478468882751465, 1.453248323059082, 1.4502782318115235, 1.4957442138671875, 1.4747510208129884, 1.5245783447265624, 1.4404944854736328, 1.511431317138672, 1.450374871826172, 1.4670067443847656, 1.4695976760864258, 1.4907835876464843, 1.4415674255371094, 1.5215430969238282, 1.4862962966918944, 1.4293674194335937, 1.4950887161254882, 1.4661026947021485, 1.4518654296875, 1.482722755432129, 1.4591036209106445, 1.4906160598754883, 1.461131916809082, 1.4775614501953125, 1.5058286346435548, 1.448449803161621, 1.4785600494384765, 1.5196754470825196, 1.4854986633300782, 1.4489431350708009, 1.4797804397583008, 1.47003525390625, 1.4720843795776368, 1.486489389038086, 1.4839593505859374, 1.4668617370605468, 1.4630929641723633], "test_acc": [84.13, 92.18, 93.86, 95.46, 96.61, 96.91, 97.04, 97.24, 97.56, 97.6, 97.81, 97.84, 97.69, 98.06, 98.01, 98.13, 98.2, 98.07, 98.22, 98.19, 98.22, 98.31, 98.34, 98.35, 98.35, 98.37, 98.32, 98.58, 98.34, 98.45, 98.5, 98.44, 98.42, 98.66, 98.44, 98.44, 98.6, 98.67, 98.59, 98.34, 98.64, 98.64, 98.58, 98.63, 98.41, 98.67, 98.58, 98.51, 98.55, 98.59, 98.55, 98.56, 98.57, 98.6, 98.45, 98.55, 98.46, 98.42, 98.56, 98.55, 98.5, 98.43, 98.48, 98.47, 98.45, 98.19, 98.24, 98.31, 98.16, 98.44, 98.23, 98.34, 98.4, 97.87, 98.17, 98.3, 98.02, 98.2, 98.14, 98.03, 97.97, 98.19, 97.41, 97.74, 97.48, 98.12, 97.8, 97.36, 97.76, 97.29, 97.06, 97.22, 97.69, 97.38, 97.2, 97.48, 97.31, 97.22, 96.92, 96.53]}