{"train_loss": [2.293042107525035, 2.281439046574454, 2.2779336668487287, 2.275789732607002, 2.2744552864987626, 2.273637877570258, 2.2730747053765845, 2.272620204167488, 2.2722592873451037, 2.2719487502024722, 2.2716945893744116, 2.2714859038336663, 2.2712893047903338, 2.27112413267804, 2.2709629632468915, 2.2708397624839067, 2.270701391574664, 2.270573413779593, 2.2704783448806176, 2.2703735273108525, 2.2702902224328785, 2.270217970905141, 2.270104480095399, 2.2700501751695943, 2.2699707771977806, 2.269915731034727, 2.2698448392061086, 2.269790554148519, 2.269718284280891, 2.269671809469533, 2.269615527911064, 2.269578272460872, 2.2695232619587173, 2.269477173813388, 2.2694311442538204, 2.2694002267641897, 2.269344681348556, 2.2693191231825414, 2.26928107198487, 2.2692506725971517, 2.2692033072822113, 2.2691713576642876, 2.2691329187817044, 2.2691032596123524, 2.2690809272293353, 2.2690425948200064, 2.2690146275055714, 2.2689907189108367, 2.2689502361493235, 2.2689479085115285], "test_loss": [-0.3393606433868408, -0.44317819175720213, -0.4983427528381348, -0.5317147338867187, -0.5465390251159667, -0.5652519878387451, -0.5817867885589599, -0.5857893577575684, -0.5893823974609375, -0.5978538314819336, -0.5963128944396973, -0.5934146934509278, -0.5934769989013672, -0.6032446090698242, -0.6053911087036132, -0.601404322052002, -0.6086189064025879, -0.6008616020202636, -0.6116441009521484, -0.6081751457214355, -0.6084892997741699, -0.6068697868347168, -0.6021353782653809, -0.6110028007507324, -0.6171371322631836, -0.60570082321167, -0.6189218803405762, -0.6073330741882325, -0.6095260047912597, -0.6102785820007324, -0.6107261070251465, -0.6155808708190919, -0.6195221855163574, -0.6192293403625488, -0.6159060089111328, -0.6128116882324218, -0.6243802581787109, -0.6162838127136231, -0.6120837875366211, -0.6067907455444336, -0.6252445304870605, -0.6131939613342285, -0.6124054946899414, -0.6238216247558593, -0.6199258140563965, -0.6201130516052246, -0.6259027976989746, -0.6116873878479004, -0.6259847373962403, -0.6266870590209961], "test_acc": [81.89, 89.49, 92.22, 93.73, 94.81, 95.65, 96.09, 96.52, 96.7, 96.87, 97.04, 97.17, 97.37, 97.5, 97.51, 97.64, 97.69, 97.65, 97.8, 97.73, 97.8, 97.95, 97.95, 97.96, 98.0, 98.05, 98.13, 98.05, 98.1, 98.15, 98.17, 98.12, 98.22, 98.22, 98.22, 98.17, 98.21, 98.31, 98.2, 98.22, 98.36, 98.33, 98.4, 98.37, 98.48, 98.4, 98.36, 98.44, 98.4, 98.47]}