{"train_loss": [1.8691597975726821, 1.722984086499255, 1.7006592442337265, 1.6895340444185796, 1.6815341576042337, 1.6750988555260193, 1.6701016342028594, 1.6660718861808124, 1.6614262675627685, 1.6576571609729376, 1.653942889892138, 1.6500176784829197, 1.6463804183862147, 1.6433476545871832, 1.6390792133971157, 1.6351068363739893, 1.631721488176248, 1.6284721103998332, 1.6237744666062868, 1.6189961430863438, 1.614768546870631, 1.6101554627092476, 1.6050744889638362, 1.5999365960940337, 1.594256620376538, 1.5875897863481798, 1.5809802199021363, 1.5748764943872762, 1.5674145221710205, 1.5593903902758899, 1.5531049070195255, 1.543993680140911, 1.5350132518344455, 1.525663377637537, 1.5153411193790598, 1.5057052386622143, 1.494733274492443, 1.4846334541455293, 1.4722080312223516, 1.460430890831173, 1.4481351979267902, 1.4361461969012888, 1.4219249087011712, 1.4106120752473164, 1.3967859910594091, 1.3831765863121066, 1.3694853387836716, 1.355465839815955, 1.3432247462945106, 1.3290751902466147], "test_loss": [-2.0639607986450197, -2.1300143341064453, -2.064745263671875, -2.1235236953735352, -2.1376929244995115, -2.1606018463134764, -2.1637624908447264, -2.046737030029297, -2.2115866668701174, -2.1389374908447265, -2.251441554260254, -2.049959184265137, -2.177994732666016, -2.2547805557250977, -2.2852942947387693, -2.110809994506836, -2.248728256225586, -2.2480001983642577, -2.1451865005493165, -2.2535881225585936, -2.1049445877075197, -2.2993022216796875, -2.3526127166748045, -2.286679623413086, -2.325337420654297, -2.123857014465332, -2.2544628860473632, -2.2643392944335936, -2.3099560607910155, -2.401945492553711, -2.238518273925781, -2.433347790527344, -2.2673757263183596, -2.3835285919189455, -2.3702850982666015, -2.3604757507324217, -2.42181552734375, -2.2974761810302735, -2.3818077758789062, -2.4445126678466798, -2.290099850463867, -2.4574052734375, -2.4852024322509765, -2.5111764099121094, -2.497324670410156, -2.5113347412109377, -2.506877020263672, -2.5293969421386717, -2.4611539672851563, -2.548855545043945], "test_acc": [95.24, 97.21, 97.19, 97.97, 98.28, 98.21, 98.35, 98.65, 98.56, 98.5, 98.62, 98.63, 98.64, 98.8, 98.77, 98.58, 98.71, 98.7, 98.71, 98.56, 98.65, 98.51, 98.6, 98.44, 98.44, 98.3, 98.29, 98.29, 98.01, 97.8, 97.5, 97.74, 96.55, 96.63, 96.25, 96.57, 95.96, 95.88, 94.9, 95.13, 93.08, 93.5, 93.69, 92.53, 91.61, 90.98, 90.82, 89.49, 90.26, 90.4]}