{"train_loss": [2.246374466480353, 2.197188466023176, 2.1826535636543207, 2.1743261192598915, 2.1697589342410746, 2.1651536132025924, 2.1608143331658125, 2.1572202275960874, 2.153169301330534, 2.148769484625922, 2.144534439357937, 2.1402782953193045, 2.134391053619548, 2.129385901057822, 2.1237135030265546, 2.1165335109600654, 2.10877243295694, 2.1004473411629343, 2.090337116748859, 2.079154746654706, 2.0656644966867237, 2.0506049455740514, 2.0342953897948957, 2.014756402398786, 1.995042161299632, 1.9681248904293418, 1.9405513991657486, 1.9087141930547535, 1.871601992437982, 1.8322537521011808, 1.789625878772165, 1.7410485237582116, 1.6849628877945435, 1.631164268295989, 1.5660499163672454, 1.5004580606762161, 1.4357222565728376, 1.3626752398971818, 1.2892118902542653, 1.2221234957886558, 1.149255085322592, 1.0812006108781211, 1.0112743921514251, 0.9436182018019196, 0.8795545578767092, 0.8244382202243193, 0.7713018416339515, 0.7141999567293713, 0.6737962297012663, 0.6219002528705149], "test_loss": [-0.741882544708252, -1.0135631149291993, -1.085093366241455, -1.0187266120910645, -1.0411319442749023, -1.109240956878662, -1.087609112548828, -1.1612481689453125, -1.1448879035949706, -1.1202316497802733, -1.1752832389831542, -1.1039430335998535, -1.0929950508117676, -1.1170281463623046, -1.0468284820556641, -1.2165543106079102, -1.1785209175109863, -1.1593276275634765, -1.1902869140625, -1.1109239234924317, -1.089696019744873, -1.198895703125, -1.2264076942443847, -1.1367683403015136, -1.2224795318603516, -1.3180107299804686, -1.2527790634155274, -1.1492219772338867, -1.2714613510131836, -1.3484779647827148, -1.2750121871948241, -1.5226638366699219, -1.4750049285888671, -1.4587532272338868, -1.3621901504516603, -1.6870560974121094, -1.7211516357421874, -1.62687684173584, -1.566843405151367, -1.8747222900390625, -2.051403160095215, -2.003156037902832, -2.064111799621582, -2.3255990234375, -2.5584367095947265, -2.4016871368408204, -2.508317105102539, -2.692223355102539, -2.853947247314453, -3.114016015625], "test_acc": [86.23, 93.26, 94.77, 95.25, 95.9, 96.26, 96.51, 96.9, 96.73, 96.32, 96.71, 96.49, 95.49, 96.15, 96.02, 95.5, 95.24, 90.33, 91.74, 90.62, 85.43, 87.57, 83.87, 80.34, 77.53, 77.71, 73.99, 62.6, 61.12, 61.95, 52.41, 60.61, 55.88, 52.66, 44.32, 50.11, 48.42, 42.52, 37.28, 41.77, 42.87, 39.73, 37.52, 38.26, 38.17, 35.66, 35.94, 33.02, 36.2, 35.01]}