{"train_loss": [1.4201337330871158, 1.208389499503323, 1.184719934932187, 1.1729774503116934, 1.1651846539770436, 1.1600610685144734, 1.1556850837336645, 1.1526102375270975, 1.1496757648439488, 1.1473286281793544, 1.1454228998249412, 1.1436373530290065, 1.142137215178237, 1.1406856474713383, 1.1395267130982163, 1.1382734406198192, 1.1373229923411312, 1.1365317842389784, 1.1355525886910594, 1.1347898736468747, 1.1340976711521802, 1.1332140345858712, 1.132809532758517, 1.1320216749977863, 1.1315971184999516, 1.1308682385163429, 1.1303528101525755, 1.1301236160290546, 1.1295676646579025, 1.1289620317964473, 1.1286576280736516, 1.1283606624501383, 1.128019791892451, 1.1277542037841601, 1.12704052680578, 1.1271011105969422, 1.126756484946634, 1.1263642660063555, 1.1260930931466258, 1.1259164535082304, 1.1254250070987604, 1.125451084640291, 1.1250782815309672, 1.1248223952248566, 1.1245227810154614, 1.1243328385882907, 1.124008838692282, 1.1241379247771368, 1.1237086462668884, 1.123498117057686, 1.1233716922947483, 1.123094190389682, 1.1229973387004983, 1.1228453004971528, 1.1227843223983407, 1.122581856373029, 1.1223053583222578, 1.1221393581129546, 1.1221533708083324, 1.1218729709458148, 1.1218218905294044, 1.1217332357524807, 1.1215981321457105, 1.121387705588952, 1.1212565898895264, 1.1210966953355024, 1.1210992305706708, 1.1209436652497349, 1.1209013938394368, 1.120547573026429, 1.1205276016496186, 1.1204381118982265, 1.1203895330938518, 1.1202205585108862, 1.1203304794099596, 1.1201840109295316, 1.1200227138833103, 1.119912119502695, 1.1197158065107133, 1.1198015712265275, 1.1196762167999887, 1.1196564209257436, 1.1194923155837588, 1.11929932797057, 1.119294194329498, 1.1191063546217406, 1.1191554418486407, 1.1189128957752488, 1.1189520099224188, 1.118963258133994, 1.1189269410748768, 1.1187330812979968, 1.118615699884219, 1.1187083191341824, 1.1186314171705491, 1.1185248112067199, 1.118518113071083, 1.1183937759990366, 1.1183721675322607, 1.1183915298718672], "test_loss": [0.4399300262451172, 0.3746843126296997, 0.35278273849487307, 0.34900234889984133, 0.3481018840789795, 0.3619008930206299, 0.3252922695159912, 0.33556478996276856, 0.3481151111602783, 0.351880366897583, 0.30393599281311034, 0.34984397621154784, 0.32519211349487304, 0.3158845962524414, 0.33391635818481447, 0.3245022621154785, 0.33121678504943847, 0.34258631591796873, 0.3155159191131592, 0.3149659275054932, 0.31915265502929685, 0.3172791687011719, 0.31622760581970216, 0.30125728187561035, 0.3530133781433106, 0.33436757850646975, 0.3044714008331299, 0.32943336296081543, 0.3240251983642578, 0.3028664520263672, 0.30490312461853025, 0.30954528617858884, 0.3376387664794922, 0.3124605396270752, 0.33335170669555664, 0.31079189376831057, 0.3235311676025391, 0.3097313018798828, 0.3364756820678711, 0.33738763809204103, 0.31963970756530763, 0.2878641984939575, 0.3478975357055664, 0.2997799041748047, 0.32737550201416016, 0.3111079959869385, 0.31124085807800295, 0.2988710689544678, 0.30451493835449217, 0.3284783390045166, 0.30944632873535155, 0.3109478858947754, 0.3041381019592285, 0.34497852630615233, 0.3156947856903076, 0.31798436851501466, 0.31996192321777345, 0.3201737224578857, 0.30275029258728026, 0.3148364936828613, 0.3262114990234375, 0.3046132434844971, 0.3143133125305176, 0.31840690040588376, 0.30814493598937986, 0.31903414039611816, 0.31601071586608886, 0.32086681365966796, 0.3156088577270508, 0.3243086685180664, 0.3185050464630127, 0.2924263050079346, 0.3191377487182617, 0.3252509346008301, 0.31883925552368164, 0.29793809928894044, 0.29792106552124026, 0.3135528312683106, 0.32217968292236326, 0.30807761154174806, 0.31397295570373535, 0.33301101722717286, 0.3205551727294922, 0.31326281814575196, 0.31823701171875, 0.292426762008667, 0.32717342224121093, 0.3073761848449707, 0.30638345489501956, 0.3191474781036377, 0.311461047744751, 0.33237311592102053, 0.30926891021728514, 0.3289948947906494, 0.3018060874938965, 0.3187018123626709, 0.31826919250488284, 0.29744726638793945, 0.29584760971069335, 0.29532883033752444], "test_acc": [96.92, 97.92, 98.44, 98.73, 98.62, 98.88, 98.93, 98.97, 99.0, 99.02, 99.05, 99.02, 98.99, 99.06, 99.06, 99.09, 99.13, 99.07, 99.13, 99.15, 99.11, 99.14, 99.14, 99.17, 99.17, 99.2, 99.18, 99.24, 99.21, 99.14, 99.22, 99.19, 99.21, 99.23, 99.27, 99.22, 99.25, 99.26, 99.22, 99.26, 99.32, 99.26, 99.24, 99.27, 99.25, 99.23, 99.25, 99.27, 99.27, 99.27, 99.25, 99.29, 99.25, 99.28, 99.26, 99.24, 99.26, 99.27, 99.26, 99.24, 99.24, 99.29, 99.25, 99.29, 99.28, 99.25, 99.3, 99.27, 99.28, 99.27, 99.26, 99.29, 99.28, 99.28, 99.32, 99.3, 99.26, 99.31, 99.25, 99.25, 99.28, 99.3, 99.28, 99.27, 99.27, 99.26, 99.24, 99.23, 99.24, 99.29, 99.27, 99.28, 99.27, 99.33, 99.28, 99.28, 99.26, 99.25, 99.25, 99.28]}