{"train_loss": [0.8857581664481734, 0.6154235296397128, 0.585417642043187, 0.5688573520025636, 0.5572846820975981, 0.5473399012644067, 0.540063584716911, 0.5337320541023699, 0.5266896828881695, 0.5207546769171698, 0.5156807874639829, 0.5098104593463433, 0.5051715122456224, 0.49878816494447553, 0.4942249944831571, 0.48794605863145274, 0.4826418243539639, 0.47664467124348014, 0.4696426593467721, 0.46465917746735436, 0.4581753684796839, 0.45001725948009735, 0.4428881344377485, 0.4350534774936162, 0.42694877234534323, 0.4179286912210986, 0.40871014430100083, 0.3996209196236908, 0.3898348334826465, 0.3810222844919588, 0.3711291966466313, 0.3604460346202056, 0.34947858925940645, 0.3385254721292573, 0.3277448966908149, 0.3181956137220065, 0.30725683306909013, 0.2973293260886119, 0.28843741153932023, 0.2783627682007276, 0.26955969099942434, 0.26170459198646057, 0.25377011108092773, 0.24715626319376832, 0.24017708726290965, 0.23567534435508597, 0.23053088086919907, 0.22530374644149062, 0.22200598064650837, 0.21821561029069445, 0.21472946557606387, 0.21179277994311774, 0.20911276671621534, 0.20660863160832316, 0.20405368299947846, 0.20257804386763492, 0.20094539855535215, 0.19952496147563314, 0.1973803712007327, 0.19600588016403028, 0.19483280875998685, 0.19316879666259146, 0.19223161108600786, 0.19101677694891253, 0.18991393758318362, 0.18894490462719885, 0.18827379224264723, 0.18689505488444597, 0.18594067371808565, 0.18532232297027212, 0.18428728627598184, 0.18324357646907496, 0.18229857918161613, 0.18179710565978646, 0.1810442282157576, 0.18022436565823025, 0.17960557478488, 0.17886369353812984, 0.17810630234770286, 0.17728893137258342, 0.17698637488433439, 0.1762130091078261, 0.175819085067154, 0.1753177455602548, 0.17437351966260844, 0.1738163043354821, 0.17364276302421194, 0.17267493575684026, 0.17227457689805928, 0.17202591711384618, 0.17125785446319824, 0.17088615582284764, 0.17056747892091417, 0.16986428067470208, 0.16999065458901927, 0.16927807204998457, 0.1689317351859859, 0.16864007434401757, 0.16815926898748446, 0.1677146229861129], "test_loss": [0.2455357313156128, 0.15753782300949096, 0.13903749380111693, 0.15274118871688844, 0.14142011466026305, 0.1629345245361328, 0.1443511881828308, 0.11895696110725403, 0.12449893493652343, 0.13604309797286987, 0.13289941720962525, 0.15045959730148314, 0.11045708327293396, 0.12439401063919067, 0.10556174983978271, 0.12970174865722656, 0.14064925928115846, 0.1459257303237915, 0.14319515266418456, 0.10647218527793885, 0.14526154222488402, 0.10028212790489197, 0.1345686182975769, 0.10412318739891052, 0.12775619869232177, 0.11201989550590515, 0.14029815979003907, 0.14887683382034303, 0.1042742826461792, 0.11462613730430603, 0.15424678802490235, 0.125487398147583, 0.1683497260093689, 0.10583831462860108, 0.1687259599685669, 0.11691907763481141, 0.13801841306686402, 0.13127519130706788, 0.14297698221206664, 0.127891565322876, 0.15466314821243285, 0.14309973917007446, 0.1338948706150055, 0.12837060446739196, 0.1283730456829071, 0.1302788701057434, 0.11364829106330872, 0.13476632919311524, 0.11633872838020325, 0.14203483457565308, 0.11770694308280945, 0.13645591917037964, 0.12089408740997315, 0.1314272271156311, 0.13629982681274413, 0.12641759042739867, 0.13268223519325256, 0.12416927518844605, 0.12466970372200012, 0.12484811239242553, 0.12014709348678589, 0.1260895604610443, 0.12342321133613586, 0.13377810983657837, 0.12858032221794127, 0.12585806097984314, 0.1391791603088379, 0.13067422590255737, 0.1256521611213684, 0.12709128499031067, 0.13156439657211302, 0.12304660377502441, 0.1294798825740814, 0.1300268074989319, 0.12574681415557862, 0.12363272438049316, 0.1334026846408844, 0.13043581523895265, 0.13136185431480407, 0.13637747917175294, 0.12877609128952025, 0.12914634647369386, 0.13273261241912843, 0.12287133917808532, 0.13249862718582153, 0.1276974265575409, 0.12725121417045593, 0.13336759476661683, 0.12981892275810242, 0.1320016139984131, 0.13025293707847596, 0.12534495725631714, 0.12580982570648194, 0.12992807397842407, 0.1313457884788513, 0.13277235903739928, 0.13809751510620116, 0.12894217705726624, 0.13170307745933532, 0.13827851476669312], "test_acc": [96.71, 98.01, 98.43, 98.53, 98.61, 98.72, 98.7, 98.85, 98.83, 98.82, 98.94, 98.77, 98.86, 98.87, 98.91, 98.87, 98.8, 98.69, 98.68, 98.81, 98.69, 98.66, 98.62, 98.65, 98.53, 98.64, 98.42, 98.12, 98.6, 98.27, 97.85, 98.17, 97.37, 98.24, 96.81, 97.93, 97.37, 97.61, 97.09, 97.65, 96.97, 97.4, 97.31, 97.26, 97.42, 97.34, 97.69, 97.32, 97.64, 96.99, 97.51, 97.28, 97.47, 97.34, 97.15, 97.56, 97.25, 97.4, 97.35, 97.32, 97.59, 97.38, 97.55, 97.26, 97.41, 97.42, 97.11, 97.28, 97.32, 97.27, 97.04, 97.33, 97.4, 97.35, 97.27, 97.28, 97.29, 97.14, 97.16, 97.2, 97.11, 97.14, 97.05, 97.36, 97.08, 97.26, 97.17, 97.11, 97.19, 97.24, 97.14, 97.21, 97.29, 97.25, 97.22, 97.17, 97.08, 97.22, 97.24, 97.15]}