{"train_loss": [2.291868145139808, 2.278527036181882, 2.2736308116179247, 2.270167157181308, 2.268263136729216, 2.266735977596707, 2.2655100409801188, 2.264672683344947, 2.263709191583161, 2.2628538593267784, 2.2621185397490478, 2.2613744857983713, 2.2604909987531157, 2.2599050723589382, 2.2591525902096024, 2.258469965213384, 2.257714952668573, 2.2570626908897333, 2.2561213965089912, 2.255431581256736, 2.254483617269076, 2.2536061085187473, 2.25288498095977, 2.2518248573327675, 2.2508183794143872, 2.249910958811768, 2.2486560252996592, 2.247744228595342, 2.2461150033861146, 2.245200789382315, 2.2436806686923036, 2.2422138936499243, 2.2406662789165464, 2.2389328143535514, 2.23753461929468, 2.2353136432476535, 2.233842451348264, 2.231545709646665, 2.229438358392471, 2.227199714917403, 2.2245847506400867, 2.222267884474534, 2.219894065306737, 2.2167693722961297, 2.214065118223174, 2.2106901998193855, 2.2070845757794175, 2.203832684419094, 2.2003324765425463, 2.196165243275145, 2.192642722374354, 2.188604898432381, 2.1838554760329743, 2.179360466635125, 2.1748754412699967, 2.1698727103380056, 2.1646864572141924, 2.159309416754633, 2.1539969001060877, 2.1483854096159978, 2.143231741892986, 2.1371740810891504, 2.1308816798731813, 2.1242628841318636, 2.1185615414228196, 2.113200466856997, 2.1057315005196466, 2.0995279382436705, 2.0916621048226314, 2.0845497163951907, 2.0787535844705043, 2.070852717273256, 2.0651089240852585, 2.058539177617456, 2.049477846194536, 2.043505455693628, 2.0372804410946674, 2.029409674752472, 2.0227489163223495, 2.0161065820954804, 2.009527652691572, 2.003455166378592, 1.9963898781018379, 1.9913280048431494, 1.984175020048761, 1.9778707577632024, 1.9707521786037674, 1.9669059907269275, 1.959884305540313, 1.9550795598417265, 1.9494943814909356, 1.944874408408108, 1.9391261514944909, 1.934085389233043, 1.9276230302121904, 1.9239745557817638, 1.919141395479186, 1.9140901043374314, 1.909533591606678, 1.9047958247172527], "test_loss": [1.977778190612793, 1.8684091979980468, 1.7933117782592773, 1.7798320587158203, 1.7714245742797852, 1.7329734283447265, 1.7418619598388672, 1.693460627746582, 1.7093263061523438, 1.7121869125366211, 1.7022961303710937, 1.7088110275268555, 1.690667677307129, 1.7064785720825195, 1.736551676940918, 1.6583036209106445, 1.6709450210571288, 1.6725057464599609, 1.689743116760254, 1.6997642684936523, 1.709223651123047, 1.6714760162353515, 1.6767449279785156, 1.7059612060546876, 1.6715153747558593, 1.6505793090820313, 1.6730476455688477, 1.689666372680664, 1.6526536499023436, 1.6532674346923828, 1.6972360153198243, 1.610361866760254, 1.637705889892578, 1.6904590270996094, 1.7102876907348632, 1.6148762237548828, 1.648415217590332, 1.7052452606201172, 1.7327574676513673, 1.6876696563720703, 1.6362166107177734, 1.691828823852539, 1.6800977737426759, 1.6545725631713868, 1.713464665222168, 1.6812578842163086, 1.6617715698242188, 1.6824113494873048, 1.6639900924682618, 1.6999275939941407, 1.7105407028198243, 1.685595167541504, 1.764196028137207, 1.6605059158325195, 1.7532666015625, 1.712790965270996, 1.7002629669189453, 1.7585378005981445, 1.745097512817383, 1.761231007385254, 1.8238839447021484, 1.7901063079833985, 1.7481782653808593, 1.6693842514038086, 1.7226031692504882, 1.8023041885375977, 1.8103938232421874, 1.8322423965454102, 1.7951928344726562, 1.813675894165039, 1.767072409057617, 1.8053731719970703, 1.8410107131958007, 1.8945998657226562, 1.8115920532226562, 1.8126956771850586, 1.8196554595947265, 1.8674557357788086, 1.9416415802001954, 1.8869702713012695, 1.8631582534790039, 1.8298386688232422, 1.86649775390625, 1.86959288482666, 1.9143092254638672, 1.948326138305664, 1.9476738006591796, 1.9813292694091797, 1.929391847229004, 1.8616452011108398, 1.8713212677001954, 1.864614224243164, 1.8985408447265626, 1.929084178161621, 1.9379505325317383, 2.003101591491699, 1.8511921203613282, 1.9008574127197266, 1.9730426818847657, 1.8970185287475585], "test_acc": [77.71, 89.19, 91.58, 93.11, 94.14, 94.79, 95.11, 95.92, 95.99, 95.45, 96.34, 96.38, 96.14, 96.78, 97.13, 96.84, 97.14, 96.65, 97.04, 97.23, 96.58, 96.86, 96.61, 96.63, 96.31, 96.19, 96.58, 94.72, 94.85, 95.62, 94.06, 94.78, 94.98, 93.17, 91.88, 92.58, 90.4, 90.04, 84.7, 81.93, 86.21, 83.29, 84.7, 83.57, 75.34, 77.59, 80.14, 77.51, 76.45, 71.91, 69.31, 73.17, 62.66, 72.04, 61.62, 62.21, 62.39, 59.9, 57.4, 58.06, 48.48, 51.61, 55.1, 60.69, 56.41, 50.78, 49.34, 47.91, 48.53, 47.27, 49.35, 46.16, 44.72, 39.51, 45.21, 44.44, 42.87, 38.7, 35.84, 40.03, 40.88, 41.5, 41.46, 39.47, 38.58, 35.04, 36.44, 33.59, 36.41, 39.7, 40.8, 40.1, 38.34, 36.05, 35.5, 31.48, 40.63, 38.15, 33.59, 38.85]}