{"train_loss": [2.1708259011945152, 2.0962815007083435, 2.0819464325904846, 2.075091662315222, 2.070441174456197, 2.0667733157801833, 2.0634339375373645, 2.060549986158681, 2.058079495898679, 2.055918173912244, 2.0538845166691346, 2.0511496214785128, 2.0494065223596034, 2.0470689731275935, 2.045219621851913, 2.0431620656934557, 2.0406510496241417, 2.038460340000625, 2.0362199132259073, 2.0331814283998604, 2.030728872769918, 2.027746034738345, 2.0250486252654314, 2.0216081195916886, 2.0183516615985804, 2.014444595982886, 2.011252174520085, 2.0072381302841706, 2.0022653427898374, 1.9982949207481155, 1.993233299153483, 1.9885965030417483, 1.9831557169429257, 1.9770804758255298, 1.9718366698322134, 1.9648249032150986, 1.9579414333033764, 1.9510452958763156, 1.9437244985348139, 1.935054171543855, 1.9270327200746944, 1.9182097308146648, 1.9084333206853297, 1.8989057324380956, 1.888484238814085, 1.8781762428772755, 1.8683183493777218, 1.8564845751493404, 1.8456723595786297, 1.8338675521887267, 1.8215131907381563, 1.8092210990750892, 1.7968674281723478, 1.7850729446125846, 1.7731852505961034, 1.761519033429969, 1.7488485773404439, 1.7373820489797838, 1.724950345662924, 1.714413169102791, 1.7020271558028002, 1.6908743725373194, 1.6786142317657797, 1.6667601853354364, 1.6563511174968166, 1.6462395504499092, 1.6370363062263553, 1.6273750234872868, 1.6183480352927477, 1.6089119266750467, 1.6004221597288408, 1.5927694495926557, 1.5838335752487183, 1.575981398932954, 1.5690535956468337, 1.562045270561153, 1.5560470608055081, 1.5493400453502297, 1.542578785847395, 1.5383418729672065, 1.5332002494579706, 1.5264244336857755, 1.5209487544165716, 1.516913381906656, 1.512070319081983, 1.5071017642815907, 1.5033001662828984, 1.4986680313053293, 1.493393228858964, 1.49083923911437, 1.4872815476523504, 1.4850813366918483, 1.4800427698681498, 1.477911991950793, 1.4742697306677826, 1.4706337770335696, 1.4685235497279046, 1.4658825782119718, 1.4629542491374872, 1.4607876353284233], "test_loss": [1.3167473083496093, 1.2077431838989259, 1.1830149642944336, 1.13630658493042, 1.089042293548584, 1.0828303665161132, 1.097339069366455, 1.0870681037902832, 1.10276019821167, 1.0359776016235351, 1.115071549987793, 1.1455475830078126, 1.1399639251708984, 1.083919913482666, 1.1251404846191406, 1.0068884559631348, 1.0647163391113281, 1.044791333770752, 1.0787232261657715, 1.0710468658447265, 1.0410002052307128, 1.0466391784667968, 1.0528724563598633, 1.0052923980712891, 0.9871260559082031, 1.0406114753723144, 1.0886380905151367, 1.1193590225219727, 1.1241412216186524, 1.1031033828735353, 1.0544689002990724, 1.0697031021118164, 1.1105313369750978, 1.0978094940185548, 1.1288538940429687, 1.1032539665222167, 1.1157095909118653, 1.0935048004150392, 1.0984018852233888, 1.0499835090637206, 1.0546376373291015, 1.11558447265625, 1.1189782150268555, 1.0947544776916505, 1.1278054977416991, 1.1186454521179199, 1.1705964920043945, 1.202267301940918, 1.1425010551452637, 1.094121548461914, 1.13724515914917, 1.1491377014160156, 1.1073811386108399, 1.1741813064575195, 1.2102931274414062, 1.1351472114562988, 1.2261968963623047, 1.1535439109802246, 1.254407276916504, 1.1988358604431153, 1.227777098083496, 1.1921688430786133, 1.2146350341796874, 1.2375375259399415, 1.1704293296813966, 1.2726357971191407, 1.3111475845336915, 1.2524677612304687, 1.2684446884155274, 1.2871013931274413, 1.2571860305786133, 1.2968920104980468, 1.2430917221069335, 1.2781757369995117, 1.3456793029785157, 1.3065039627075195, 1.3002170501708985, 1.3232819534301759, 1.2984455856323243, 1.3565605850219726, 1.3204163299560547, 1.2980078872680665, 1.3039685745239258, 1.2531316772460936, 1.3764496704101563, 1.3368322311401368, 1.3840038024902344, 1.3632063552856446, 1.3577865020751954, 1.3479095596313477, 1.3551479354858398, 1.4008263442993165, 1.3757281097412108, 1.3836440063476563, 1.403227976989746, 1.407897166442871, 1.3917481842041015, 1.4038017532348632, 1.4163043090820313, 1.4138538864135741], "test_acc": [91.76, 95.25, 96.38, 96.72, 97.17, 97.62, 97.73, 97.89, 97.61, 98.21, 98.26, 98.27, 98.15, 98.1, 98.03, 98.18, 98.31, 98.18, 98.05, 98.04, 98.27, 98.0, 97.86, 97.98, 97.83, 97.73, 97.52, 97.31, 97.14, 96.99, 96.29, 96.3, 95.57, 94.06, 94.91, 94.2, 92.96, 92.87, 93.33, 91.99, 90.11, 88.42, 87.74, 88.46, 87.48, 85.33, 83.9, 81.1, 83.07, 82.82, 80.42, 79.92, 80.72, 77.33, 74.92, 76.54, 71.26, 76.13, 68.92, 72.66, 70.69, 71.7, 70.17, 68.8, 71.47, 66.8, 64.2, 67.05, 65.94, 65.01, 65.5, 63.62, 67.27, 63.98, 60.73, 62.72, 63.62, 62.07, 63.32, 60.29, 62.13, 63.1, 62.44, 64.63, 59.62, 60.78, 58.69, 59.79, 59.76, 60.6, 60.07, 58.77, 58.79, 58.51, 57.2, 58.04, 58.57, 57.3, 56.79, 57.15]}