{"train_loss": [1.9315079282491634, 1.7971784543787312, 1.777580489205499, 1.7671136020595193, 1.7598944581471956, 1.754748585387173, 1.7501142007163448, 1.7460838164019787, 1.7423926973954225, 1.7390506787177844, 1.73617124149942, 1.733431218781023, 1.730396359649479, 1.727860322365394, 1.724753443756674, 1.721803488639685, 1.7186926891151657, 1.7158135063627846, 1.7124521151567116, 1.709753501109588, 1.7066934279397004, 1.7030083346061218, 1.699038708057159, 1.69519179702824, 1.691533371933505, 1.687271661992766, 1.6832601002648346, 1.6789490988111904, 1.6744167249426882, 1.6690356290747976, 1.6633281845312853, 1.6583802562493544, 1.6535508326995068, 1.6470382924263294, 1.6409799713864286, 1.6347687504230402, 1.628129763990386, 1.6207855364196322, 1.61334034622225, 1.6061401272940838, 1.5981515432015443, 1.5911986061141021, 1.5832778167011392, 1.574450757004257, 1.5657370215297763, 1.5575424605964596, 1.5486592933153496, 1.5399659278555813, 1.5309518448307984, 1.5221770711434193, 1.5124660417055473, 1.5037224572947903, 1.4959338862671812, 1.486100498172972, 1.4782294638645954, 1.4694242569116445, 1.4618603597339401, 1.45127297568525, 1.4443739759616363, 1.4367949613648603, 1.4284783392889886, 1.421395913657979, 1.411748630623532, 1.4060839957151658, 1.3986171810036032, 1.391713772319321, 1.3866214675781054, 1.378820451661053, 1.3741442186710162, 1.3685938802539792, 1.3622274763054318, 1.3560455054299445, 1.3516594181712875, 1.3476018839412265, 1.342662159449015, 1.3373898568316402, 1.3321816679249463, 1.3288364553043985, 1.3252517000222817, 1.3205469895122397, 1.316803455607504, 1.3129616476531722, 1.3106446464856465, 1.3063390076669872, 1.303025802740684, 1.300788858762154, 1.2980478579162533, 1.2946018994363964, 1.2925384289179094, 1.2898514059364286, 1.2876233937393906, 1.2854834947830591, 1.2822908741286678, 1.2800684405697718, 1.2779312538794982, 1.2755114420866356, 1.273169884060183, 1.2718929095655425, 1.2701273940057836, 1.2688433846347353], "test_loss": [0.8573019401550293, 0.7320380321502685, 0.7203837928771972, 0.6782623046875, 0.7256443405151367, 0.7453333053588868, 0.7073043014526367, 0.7129240989685058, 0.7099614456176758, 0.722312712097168, 0.6787545394897461, 0.7117980010986328, 0.7345961242675781, 0.6957196006774903, 0.7468766227722168, 0.6642662208557129, 0.6244242805480957, 0.6728451828002929, 0.747120785522461, 0.7117699287414551, 0.6867592315673828, 0.6778961151123047, 0.7039561553955078, 0.64496097946167, 0.6578375915527344, 0.6740227355957031, 0.6754652404785156, 0.6664564430236817, 0.6901329048156738, 0.7227265106201172, 0.7738965942382813, 0.7143150360107422, 0.7446677925109864, 0.6442022384643554, 0.7152198822021484, 0.7452326469421386, 0.701037922668457, 0.7243910461425781, 0.7099051208496093, 0.7112253211975098, 0.7244899406433105, 0.6652021583557128, 0.6711380081176758, 0.765242332458496, 0.7366993614196777, 0.6647734184265137, 0.746652547454834, 0.7300111251831055, 0.7161832832336426, 0.7275947715759278, 0.7613165115356445, 0.6749763999938965, 0.747598917388916, 0.8124440773010254, 0.7628888839721679, 0.7631979469299316, 0.7291767189025878, 0.6899766876220703, 0.7512580711364746, 0.7349370613098144, 0.7400121261596679, 0.6972536178588867, 0.8037927833557129, 0.7910565963745118, 0.778370443725586, 0.7290459297180176, 0.7504255111694336, 0.7631817443847656, 0.7592197006225586, 0.758016136932373, 0.7948807868957519, 0.8579390121459961, 0.8066218864440918, 0.8006021827697754, 0.8515645431518555, 0.7994523986816406, 0.8253981155395508, 0.8399138313293457, 0.8216994506835937, 0.8188591232299804, 0.8263628677368164, 0.8192353515625, 0.8130038299560547, 0.8762428482055664, 0.8719086791992188, 0.8791274475097657, 0.8229881744384766, 0.8157499153137207, 0.8725649063110351, 0.8926507415771484, 0.8589153312683105, 0.8752278297424316, 0.8357015800476074, 0.8607434761047363, 0.863576895904541, 0.8673849510192871, 0.8477748924255372, 0.8377387657165527, 0.8476226203918457, 0.8683224510192871], "test_acc": [95.22, 96.96, 97.64, 97.76, 98.08, 98.14, 98.33, 98.43, 98.59, 98.66, 98.64, 98.59, 98.75, 98.86, 98.8, 98.83, 98.74, 98.77, 98.76, 98.79, 98.77, 98.79, 98.66, 98.69, 98.76, 98.73, 98.78, 98.53, 98.64, 98.31, 98.18, 98.3, 98.11, 97.85, 97.42, 97.02, 97.23, 97.22, 96.47, 96.09, 96.03, 96.01, 96.12, 94.01, 94.89, 95.84, 93.56, 94.11, 93.8, 93.17, 91.83, 93.51, 91.31, 88.93, 89.64, 90.18, 91.38, 92.11, 89.67, 89.87, 90.01, 90.62, 87.04, 87.33, 87.66, 88.66, 88.2, 87.82, 87.54, 87.26, 86.45, 84.3, 85.19, 85.87, 83.92, 85.85, 84.4, 83.75, 84.2, 85.12, 84.53, 84.29, 84.99, 81.89, 82.28, 82.29, 84.56, 83.92, 82.21, 81.49, 83.08, 81.92, 83.37, 82.0, 82.36, 82.32, 82.77, 82.93, 82.97, 82.05]}