{"train_loss": [2.1657523472084956, 2.0918853955391126, 2.079003880676041, 2.0729422110777636, 2.068943748362044, 2.066359221935272, 2.0639986854333143, 2.062194217474033, 2.0607468926499033, 2.059326117874211, 2.0582182695213547, 2.0572752555211387, 2.056049918771809, 2.055219387396788, 2.054372027898446, 2.0535342487005086, 2.052725659476386, 2.05183592133033, 2.051301673436776, 2.0503629713486404, 2.0497142201305456, 2.0489776977616496, 2.0483028730775557, 2.0476047424679127, 2.046940920699356, 2.046322767296408, 2.0455107966549377, 2.0447583290246816, 2.044310959485861, 2.0436684277832, 2.043014490706289, 2.042406416601605, 2.0417323792592073, 2.0409405251853485, 2.040441807009216, 2.0393464460841613, 2.038940676766583, 2.0382201528956747, 2.0376498179557996, 2.036791882963262, 2.0361970859205623, 2.0355505242816405, 2.0347271951345296, 2.0339180776196666, 2.033144478359793, 2.0324841322552443, 2.0314298442795744, 2.0308016762774215, 2.029994327543128, 2.0291877034892383, 2.028386768876997, 2.0274919829307456, 2.026842175385891, 2.0260926304209947, 2.0250201421415706, 2.024377648647015, 2.023386844457724, 2.0224270553160935, 2.021421706574595, 2.0208260465381493, 2.0197592629836154, 2.0189030488841553, 2.0175923343397613, 2.0166246944513078, 2.0156313669987216, 2.0149965184366603, 2.0138392453519707, 2.013046337498559, 2.0117735699710684, 2.010980436689833, 2.0095595279310503, 2.008379054375184, 2.007476990294253, 2.006423370196269, 2.0049698994709897, 2.004352898679228, 2.00328558912644, 2.0025799338124757, 2.0009217774256682, 2.0000498401813016, 1.9988061913058288, 1.997321144128457, 1.996591660966221, 1.9957001578604054, 1.994238149916005, 1.993338389783843, 1.9921774446454823, 1.991000558830734, 1.9900395156990769, 1.9883275913377094, 1.987604524844732, 1.9867130920418308, 1.985348318886553, 1.9839836295343871, 1.9833710063726475, 1.9822161472760713, 1.9807111536845183, 1.9796447700414903, 1.9782610479583087, 1.9772552532008572], "test_loss": [1.2517454193115234, 1.139039779663086, 1.123153443145752, 1.114738523864746, 1.1133074455261232, 1.0977981010437012, 1.0790468925476073, 1.1529708572387696, 1.078099504852295, 1.0501190483093261, 1.037755443572998, 1.0677779296875, 1.0900063301086427, 1.0430809288024903, 1.067629663848877, 1.0754841499328613, 1.0930254844665528, 1.0503584243774413, 1.0653505020141603, 1.052635639190674, 1.0845961883544921, 1.0565562797546386, 1.050577621459961, 1.0609268203735351, 1.0272771514892578, 1.0666395538330078, 1.0355577735900878, 1.0304213935852051, 1.0504159782409668, 1.0647159858703614, 1.0650916786193847, 1.016681834411621, 1.0195472106933594, 1.0835389678955079, 1.033349503326416, 1.0655438179016112, 1.0435650993347168, 1.0155074195861817, 1.029255687713623, 1.0643786079406738, 1.044467254638672, 1.0319952392578124, 1.0652858200073243, 1.0267179862976075, 1.1066016342163085, 1.0338899772644043, 1.05338648147583, 1.0498213371276854, 1.0208459487915038, 1.0335359924316405, 1.0167449630737304, 1.0591543556213379, 1.0911929290771485, 1.0704567153930664, 1.0662051803588868, 1.0165002708435058, 1.0267495735168457, 1.0490103240966797, 1.0216270942687988, 1.0470483779907227, 1.080190362548828, 1.0257431755065918, 1.0314729927062989, 1.0247923446655274, 0.9917124443054199, 1.0656754615783692, 1.0630319900512695, 1.0436286712646485, 1.0784561508178712, 1.0198075950622558, 0.991182632446289, 1.108079769897461, 1.06744379196167, 0.9960089164733886, 1.113384017944336, 1.0517149612426757, 1.070550821685791, 1.0569337783813477, 1.0714855728149415, 1.0440267150878906, 1.047338508605957, 1.0574447448730468, 1.0407352981567384, 1.033736116027832, 1.096325241088867, 1.0709114944458007, 0.9975700057983399, 1.0748069564819336, 1.068401710510254, 1.0529150154113769, 1.0499807594299317, 1.018058211517334, 1.0638748054504394, 1.0663998245239257, 1.0523793365478515, 1.0671717102050782, 1.0493238960266114, 1.0971014755249024, 1.0817193466186523, 1.0606511276245116], "test_acc": [92.84, 95.74, 96.59, 97.38, 97.36, 97.69, 97.9, 98.06, 98.24, 98.33, 98.24, 98.38, 98.54, 98.45, 98.58, 98.59, 98.72, 98.71, 98.67, 98.6, 98.7, 98.63, 98.62, 98.77, 98.7, 98.66, 98.87, 98.84, 98.76, 98.8, 98.55, 98.64, 98.74, 98.61, 98.72, 98.71, 98.65, 98.73, 98.82, 98.74, 98.77, 98.62, 98.78, 98.81, 98.59, 98.72, 98.64, 98.74, 98.69, 98.59, 98.55, 98.52, 98.56, 98.62, 98.55, 98.71, 98.46, 98.69, 98.56, 98.59, 98.46, 98.5, 98.41, 98.43, 98.34, 98.41, 98.22, 98.31, 97.63, 98.38, 98.1, 97.84, 98.02, 98.11, 97.18, 98.08, 97.51, 97.94, 97.53, 97.62, 97.52, 97.52, 97.32, 97.52, 96.98, 97.49, 97.57, 96.14, 97.31, 97.19, 97.03, 97.3, 96.88, 95.28, 96.96, 96.93, 96.75, 95.05, 95.49, 96.62]}