{"train_loss": [2.1996965943238673, 2.1383658464138326, 2.126801893242404, 2.1216146670855007, 2.1185454196400113, 2.1163346624781942, 2.114781784196185, 2.113563930376982, 2.1124460401698055, 2.111622385489635, 2.110844220361139, 2.110278798474206, 2.109613791999654, 2.109122308400961, 2.1086676115663643, 2.108292739615481, 2.107838357106233, 2.107471044246967, 2.1071964431012797, 2.1068577012445173, 2.10657591239, 2.106333781001914, 2.1060880172965875, 2.1058415704303317, 2.1056550486474976, 2.1053892608381743, 2.1051880549161863, 2.105064296314859, 2.104814094865424, 2.104595750825018, 2.10445780122382, 2.104310620544303, 2.1041786196904306, 2.104047322884584, 2.1038818114843125, 2.1037534286833215, 2.1036333319468374, 2.1034946584293985, 2.103323720459245, 2.103235364979149, 2.1031034925045113, 2.102987662849263, 2.1028647942420764, 2.1027559362925015, 2.1026605892385173, 2.1025097415997434, 2.1024501588609485, 2.102397049594129, 2.1022736160164204, 2.1021636918059783, 2.1020371878249016, 2.102003784261198, 2.1018920347221894, 2.101809386514191, 2.1017338022207603, 2.101659121676388, 2.101549225994664, 2.101460084446475, 2.1014350010798526, 2.101296490074223, 2.1012374621171217, 2.1011893117529716, 2.101117340418009, 2.1010435931702967, 2.100936233997345, 2.100860016977685, 2.1007680801244883, 2.1007256594478574, 2.1006727391838007, 2.1005832293094735, 2.100492428510617, 2.1004340449968972, 2.100436042007218, 2.1002916281039896, 2.1002629088540363, 2.100209788379506, 2.1001129985874534, 2.100041352276109, 2.0999745364881988, 2.099938350355523, 2.0998929927491736, 2.0998211793410473, 2.0997731278085303, 2.0997287585185123, 2.0996536678738065, 2.0996295641630125, 2.0995471390903506, 2.0994833911586013, 2.0994290801194997, 2.099378266905108, 2.099296133742373, 2.099269292802892, 2.099236130204975, 2.0991704978494563, 2.0991042556925716, 2.099067330869854, 2.099018251284575, 2.098972481540126, 2.0989594704065566, 2.098891279126844], "test_loss": [1.3932693801879883, 1.2572695709228516, 1.214229499053955, 1.1952856994628906, 1.1855133651733398, 1.1790525131225587, 1.1641124130249023, 1.1790920013427735, 1.1573054763793946, 1.1596632827758788, 1.1581971328735352, 1.1401873977661132, 1.1598126190185547, 1.1333309677124024, 1.1472107666015625, 1.156599655151367, 1.1511535186767579, 1.1496308334350587, 1.139243911743164, 1.154362368774414, 1.1239870513916015, 1.1502182250976563, 1.1459916870117188, 1.1070147033691407, 1.1337834991455078, 1.1701884628295898, 1.1075265655517579, 1.124991554260254, 1.1340835968017577, 1.1540156936645507, 1.1340665267944336, 1.1072779022216797, 1.130609260559082, 1.1470819305419921, 1.1627671508789061, 1.1518497116088868, 1.1645617172241212, 1.1221042068481446, 1.14885791015625, 1.1379097396850586, 1.1447590209960938, 1.1514057037353516, 1.1237796157836915, 1.1155412582397461, 1.1286170150756836, 1.134348989868164, 1.1005185012817382, 1.1216221267700195, 1.1545377853393555, 1.1422078247070313, 1.114030303955078, 1.1224983779907227, 1.136514794921875, 1.1293927597045899, 1.1473100570678711, 1.1174871337890624, 1.1217316635131835, 1.1423260543823242, 1.1272380340576171, 1.0885440490722655, 1.1351384750366211, 1.1298739181518556, 1.1173827270507812, 1.1196721298217773, 1.1295404571533203, 1.1303139190673828, 1.1344860260009766, 1.1218193923950195, 1.1315976837158204, 1.1329854034423827, 1.1667212631225585, 1.1232310470581055, 1.125216928100586, 1.1462015716552734, 1.1414984970092774, 1.1180420623779297, 1.1248392562866212, 1.132906657409668, 1.155958755493164, 1.1550340850830079, 1.101546223449707, 1.0973577407836914, 1.1559926879882811, 1.1352621322631835, 1.1474080490112304, 1.126213673400879, 1.0992763763427735, 1.1195294204711914, 1.092157534790039, 1.1009882263183595, 1.1322564559936523, 1.1308445938110352, 1.0852724685668946, 1.125417984008789, 1.1367510406494141, 1.1335094131469727, 1.1442176330566407, 1.1280381134033204, 1.117471565246582, 1.1249737686157226], "test_acc": [91.5, 95.5, 96.84, 97.34, 97.49, 97.88, 97.94, 98.16, 98.3, 98.29, 98.4, 98.48, 98.53, 98.43, 98.67, 98.65, 98.74, 98.74, 98.79, 98.78, 98.75, 98.88, 98.8, 98.81, 98.81, 98.84, 98.88, 98.91, 98.94, 98.82, 98.9, 98.9, 98.95, 98.92, 98.92, 98.93, 98.94, 98.94, 98.96, 98.91, 99.0, 98.99, 98.97, 98.95, 98.94, 98.95, 98.98, 98.97, 98.97, 98.99, 99.01, 99.02, 98.98, 98.98, 99.02, 98.99, 98.99, 99.05, 99.01, 99.02, 99.05, 99.05, 99.02, 99.06, 99.06, 99.05, 99.0, 99.06, 99.05, 99.05, 99.09, 99.1, 99.06, 99.08, 99.08, 99.06, 99.06, 99.1, 99.14, 99.11, 99.07, 99.09, 99.09, 99.11, 99.09, 99.07, 99.15, 99.1, 99.1, 99.11, 99.16, 99.19, 99.08, 99.12, 99.19, 99.12, 99.18, 99.13, 99.1, 99.12]}