{"train_loss": [2.298014607694414, 2.2911817079935317, 2.2890168010679064, 2.2876302492924228, 2.286585448134659, 2.2858771483103433, 2.2853566912504344, 2.2849498126241894, 2.284662501934247, 2.2844115587381215, 2.2841909527778625, 2.2840273818399153, 2.2838173045052423, 2.283706340015444, 2.2835449311468334, 2.283408294376145, 2.2833122743500605, 2.283195116581061, 2.2831131398168383, 2.283030627629696, 2.2829154424178295, 2.282847406517746, 2.282764210150792, 2.282694414130643, 2.2825998679185524, 2.282550673199515, 2.2824564076896405, 2.2824115712418513, 2.2823229712298794, 2.2822703143470306, 2.282220622413179, 2.282155592217405, 2.2820994813218074, 2.282047173406324, 2.281988486265525, 2.2819239986248507, 2.281883570883009, 2.2818504245872173, 2.2817694172899947, 2.2817356311357937, 2.281679747451065, 2.2816408745244017, 2.281594450657184, 2.2815471383241506, 2.281507059549674, 2.2814380368615828, 2.2814216878679066, 2.2813663283983865, 2.2813266031762476, 2.281275761433137, 2.2812427842718925, 2.281201573518606, 2.2811422969540978, 2.2811120335872355, 2.2810739997105722, 2.2810255706819715, 2.28097319857687, 2.2809411954675984, 2.2808851197234588, 2.2808785194005723, 2.280818057875348, 2.2807910264047804, 2.2807457197425713, 2.2806991522128763, 2.280653081388555, 2.2805922703865247, 2.280551846210773, 2.2805081111753087, 2.280493686851273, 2.2804441834107423, 2.2804031499430666, 2.2803494242521434, 2.2803224951792984, 2.280283460759709, 2.280217743327475, 2.280195753289084, 2.280148790942298, 2.2801290006719084, 2.280087832202259, 2.2800167549369683, 2.27997495374109, 2.279948476542774, 2.279908090065687, 2.2798645689956145, 2.2798148357970085, 2.27977443811221, 2.2797223609736843, 2.2797023501151648, 2.279624244086763, 2.2795868831821995, 2.2795486093586326, 2.279518081082238, 2.2794372704293995, 2.279440257284376, 2.2793490968198857, 2.2793083909230356, 2.279264709378919, 2.2792537645397024, 2.2791613376038704, 2.2791205695551686], "test_loss": [2.100544125366211, 1.998110140991211, 1.9566059768676758, 1.9319587783813477, 1.9216701583862306, 1.8873587356567383, 1.8857765487670899, 1.882423583984375, 1.8628505325317384, 1.8678376831054688, 1.8568791259765625, 1.8647570526123047, 1.8564704788208009, 1.8541357131958007, 1.8551634963989259, 1.837105682373047, 1.8435844757080078, 1.8311715393066406, 1.831866098022461, 1.842650227355957, 1.8287280715942382, 1.8359238418579102, 1.8408354858398437, 1.8298118026733399, 1.8259856964111327, 1.8336756332397461, 1.8328981857299804, 1.8298619277954102, 1.8397476455688477, 1.8147984680175782, 1.8378940353393554, 1.8239020416259766, 1.8470480331420898, 1.826296307373047, 1.8173652603149415, 1.831047821044922, 1.8153249328613281, 1.8123650650024414, 1.823759800720215, 1.8195724075317383, 1.8250319900512695, 1.8267527893066406, 1.8213480514526368, 1.8180394485473632, 1.805719725036621, 1.816748908996582, 1.819455841064453, 1.8132990798950195, 1.81744423828125, 1.8249203735351562, 1.8069015060424805, 1.8133375427246095, 1.8096182479858398, 1.8171735290527344, 1.8077646179199218, 1.8170149307250976, 1.8218475692749023, 1.811263265991211, 1.8119737838745118, 1.8157368148803712, 1.8057632766723632, 1.8096720840454101, 1.8191219039916993, 1.8162730911254883, 1.8089908309936524, 1.806662631225586, 1.813006492614746, 1.8227194747924804, 1.8160208877563477, 1.8036920181274414, 1.8047007431030273, 1.8157236999511719, 1.799548371887207, 1.824050340270996, 1.822804768371582, 1.8302743408203126, 1.8156551834106445, 1.8244830215454102, 1.807148065185547, 1.8057214157104493, 1.8078348800659179, 1.812313850402832, 1.8127773483276368, 1.8061603439331055, 1.815236474609375, 1.819480844116211, 1.791968118286133, 1.7982739395141603, 1.8124172866821289, 1.7967544296264648, 1.8048860656738281, 1.8158724395751953, 1.818924235534668, 1.8035903274536134, 1.7986656951904296, 1.8093124877929687, 1.8090215530395508, 1.7941470825195311, 1.804127261352539, 1.805300357055664], "test_acc": [77.19, 87.18, 89.31, 91.42, 93.36, 93.99, 94.76, 95.4, 95.66, 95.85, 96.15, 96.51, 96.45, 96.55, 96.82, 96.81, 97.04, 97.02, 96.98, 97.09, 97.2, 97.15, 97.19, 97.38, 97.51, 97.38, 97.45, 97.58, 97.68, 97.49, 97.66, 97.61, 97.67, 97.67, 97.72, 97.64, 97.63, 97.74, 97.85, 97.82, 97.8, 97.77, 97.87, 97.85, 97.88, 97.79, 97.82, 97.91, 97.91, 97.92, 97.96, 97.9, 97.89, 97.97, 97.95, 98.03, 97.97, 97.98, 97.97, 98.07, 98.06, 98.03, 98.01, 97.97, 97.96, 98.0, 98.12, 98.09, 98.21, 98.04, 98.17, 98.13, 98.16, 98.02, 98.08, 98.16, 98.04, 97.99, 97.98, 98.04, 98.11, 98.14, 98.13, 98.15, 98.1, 98.17, 98.07, 98.14, 98.01, 98.21, 98.03, 98.05, 97.97, 98.02, 97.94, 98.06, 97.99, 98.09, 98.06, 98.1]}