{"train_loss": [2.3024132888541264, 2.3020704108425694, 2.3018625826917143, 2.301730694933834, 2.3016451867217693, 2.301583988034827, 2.3015355839688554, 2.301494880619212, 2.3014592757591834, 2.301427617541745, 2.30139897368912, 2.3013731827083816, 2.301349322001139, 2.3013274129639325, 2.3013073042926626, 2.3012888884951925, 2.3012713958055544, 2.301255662726541, 2.301240804358425, 2.3012269862696657, 2.301214610409533, 2.3012031199585676, 2.301191941795186, 2.3011818579119496, 2.301172495397747, 2.3011637054956875, 2.3011553934496694, 2.301147877660572, 2.301140677215707, 2.3011337141705375, 2.301127773574275, 2.3011215838611636, 2.3011163717661147, 2.3011110292540655, 2.301106134031573, 2.3011012566395297, 2.3010967827250814, 2.301092483039595, 2.301088268430824, 2.3010844017705345, 2.3010806512628865, 2.301077197759579, 2.3010733703262787, 2.3010701965063047, 2.301067015554151, 2.301063400048476, 2.301060838577075, 2.301057948006524, 2.301055337119306, 2.3010522193378873, 2.301049446448302, 2.301046980242444, 2.3010443943178553, 2.3010420269436307, 2.3010400105745363, 2.301037637087015, 2.3010353145436344, 2.3010330628126097, 2.301031194181524, 2.301028709635775, 2.3010267411541734, 2.3010249458826504, 2.301022845965165, 2.3010210970528107, 2.301019272233686, 2.3010172268264313, 2.3010155064427953, 2.301013838022183, 2.3010120819776487, 2.301010711070819, 2.3010084068673287, 2.3010073732107115, 2.301006035417573, 2.3010038937258925, 2.3010027087651768, 2.301001341933878, 2.3009997443256216, 2.3009982725493927, 2.3009966611862183, 2.3009955562078037, 2.3009944109835176, 2.300992622334733, 2.3009914027320013, 2.300990157147758, 2.300988714919131, 2.3009877332255373, 2.300986216109023, 2.3009849445432677, 2.300983861470834, 2.300982403449523, 2.300981294905019, 2.300980478270441, 2.30097928413978, 2.3009780757447595, 2.3009768658214145, 2.3009759982426963, 2.3009748998870196, 2.3009734423751507, 2.300972826969929, 2.3009717795583935], "test_loss": [2.2737576080322266, 2.2530992919921875, 2.2359954284667967, 2.2237176727294923, 2.2155479278564454, 2.2095825134277343, 2.2049926696777344, 2.2013116638183594, 2.197829046630859, 2.1949563720703127, 2.1922591705322265, 2.189710336303711, 2.1873933837890625, 2.185315704345703, 2.18345693359375, 2.181662594604492, 2.179729702758789, 2.1781446929931643, 2.176578985595703, 2.175188391113281, 2.1738063171386717, 2.1728992462158203, 2.1718278594970704, 2.170793942260742, 2.169525033569336, 2.168533432006836, 2.167548553466797, 2.1667020263671875, 2.1661165283203125, 2.1652435943603514, 2.1646978424072265, 2.1638000091552736, 2.1635847778320314, 2.1628447204589842, 2.1622233306884766, 2.1616495849609376, 2.161480792236328, 2.160778424072266, 2.160379916381836, 2.1601104064941405, 2.15959443359375, 2.1595451843261717, 2.1589170806884765, 2.1585371856689455, 2.1585205810546877, 2.157688525390625, 2.157573596191406, 2.157243817138672, 2.1571244079589844, 2.156666876220703, 2.156972073364258, 2.1562608795166014, 2.156068609619141, 2.1557305267333984, 2.15568337097168, 2.1554628601074217, 2.155135482788086, 2.1549331176757813, 2.1547894256591795, 2.1545946105957032, 2.1545458374023436, 2.154309063720703, 2.1543630615234375, 2.153938070678711, 2.1538556854248045, 2.1534369201660155, 2.1534349609375, 2.1533739013671873, 2.1527961853027344, 2.1528722930908204, 2.1528729400634767, 2.152769177246094, 2.152667004394531, 2.1523654296875, 2.1522908294677734, 2.1520308471679686, 2.1520281982421876, 2.1520933197021486, 2.1518083251953124, 2.1519811065673826, 2.151665560913086, 2.1512747253417968, 2.1513888824462892, 2.151409329223633, 2.1511226867675783, 2.1515463897705076, 2.1509582427978517, 2.150763031005859, 2.1505638061523435, 2.1506045227050783, 2.150207308959961, 2.1503533569335938, 2.1501250122070314, 2.1501658752441406, 2.1502422790527342, 2.150157556152344, 2.14985666809082, 2.149791064453125, 2.1496467864990234, 2.149720297241211], "test_acc": [56.53, 72.26, 78.51, 82.57, 85.18, 86.63, 87.74, 88.55, 89.09, 89.61, 90.26, 90.76, 91.11, 91.58, 91.98, 92.36, 92.6, 92.9, 93.17, 93.49, 93.72, 93.89, 94.09, 94.2, 94.45, 94.57, 94.65, 94.83, 94.92, 95.06, 95.06, 95.25, 95.31, 95.38, 95.5, 95.56, 95.59, 95.68, 95.76, 95.74, 95.86, 95.89, 95.94, 96.02, 96.0, 96.09, 96.12, 96.1, 96.21, 96.21, 96.24, 96.18, 96.36, 96.38, 96.4, 96.44, 96.5, 96.54, 96.44, 96.53, 96.67, 96.56, 96.7, 96.68, 96.77, 96.69, 96.77, 96.87, 96.84, 96.83, 96.92, 96.82, 96.93, 96.86, 96.9, 96.96, 97.01, 97.08, 97.01, 97.04, 97.0, 97.04, 97.05, 97.14, 97.08, 97.17, 97.12, 97.14, 97.17, 97.12, 97.22, 97.19, 97.25, 97.24, 97.22, 97.27, 97.29, 97.3, 97.35, 97.36]}