{"train_loss": [2.2328472728403206, 2.179761589082897, 2.1655798870274143, 2.1585473097287693, 2.1541269357897277, 2.1500906047658024, 2.1467844395556, 2.1435335573987064, 2.1403593201922555, 2.137368326003735, 2.134668225661302, 2.131449077119175, 2.1280409894947314, 2.1251366056947627, 2.121402136535726, 2.1173225671817093, 2.1133748965385633, 2.1084791615477996, 2.103593611309671, 2.09792354881254, 2.0924940305387874, 2.0852404147641272, 2.0782223455926294, 2.0694113539324865, 2.060428634413287, 2.050291680627399, 2.039650082333475, 2.027518177898521, 2.0137213471098843, 1.998682472950373, 1.9824644721980789, 1.9641048778326085, 1.9436567158271105, 1.9225842728574052, 1.8995068778849056, 1.8730798580198207, 1.8463946726077642, 1.8211342063215044, 1.7882599122503884, 1.7576388665753553, 1.723383868351961, 1.6894151374825046, 1.6544914520703828, 1.6198279908579638, 1.5848326025865016, 1.5464442532796125, 1.5087216972795308, 1.4743780256846013, 1.4348771938910851, 1.4025030724513226, 1.3681249287393358, 1.3352143405339656, 1.3032812471063728, 1.2708965771728091, 1.2433510134872208, 1.2145792360489185, 1.1897068398121076, 1.1643345967317238, 1.142698965775661, 1.1228667948490534, 1.102234638781629, 1.0866880517484796, 1.0690173263478482, 1.0561681172022452, 1.0438045556219215, 1.0326840584604149, 1.021656526459588, 1.0119348639606411, 1.003870628710486, 0.9951464136441549, 0.9872099135676001, 0.9800511136268958, 0.974153098769677, 0.9680839343967601, 0.9620955601716653, 0.9567756936845616, 0.9525718123484881, 0.9476720478035446, 0.9431657601370771, 0.939554732452091, 0.9360760213472904, 0.9318691502269517, 0.9284224279670634, 0.9251305967824072, 0.9216631273938041, 0.918832049665288, 0.9159463533224204, 0.9131953225940721, 0.9102242601732923, 0.9074754163495495, 0.9053472251209438, 0.9028462990481629, 0.8999493739798538, 0.8977741229737926, 0.8961383141258843, 0.8940229605660479, 0.89151190705279, 0.8894846773045695, 0.8877174602105067, 0.8855288762312669], "test_loss": [1.5340871856689453, 1.3462697875976561, 1.3065750747680664, 1.3312717544555663, 1.295267268371582, 1.2548539901733398, 1.2842341217041016, 1.3162488342285157, 1.273795492553711, 1.2892878067016602, 1.2617458023071288, 1.2539512649536133, 1.271792007446289, 1.2574647842407227, 1.3238053955078124, 1.3113264404296876, 1.2248489715576172, 1.2288856521606446, 1.257944566345215, 1.2443594131469726, 1.296755499267578, 1.2421234725952148, 1.2468716842651366, 1.2746565368652343, 1.240868099975586, 1.2096617401123047, 1.1985065567016602, 1.3020861297607422, 1.2802345199584961, 1.285033396911621, 1.2268764221191406, 1.3384577972412108, 1.2629968643188476, 1.3737299102783203, 1.3631575912475586, 1.2861213180541993, 1.334208641052246, 1.355052555847168, 1.4221535614013672, 1.3328210189819336, 1.4260948440551757, 1.3721234893798828, 1.563505224609375, 1.429462922668457, 1.530174526977539, 1.5181906585693359, 1.645579313659668, 1.580309147644043, 1.5785417221069336, 1.5852608535766601, 1.6591380126953126, 1.7106354949951172, 1.6416194458007813, 1.8069412857055664, 1.7838652770996093, 1.920865771484375, 1.7981608627319337, 1.7907400177001953, 1.9028211273193358, 1.8773665908813477, 1.9889206146240235, 1.9986488739013673, 1.9595814300537109, 1.9630507125854493, 1.9699740814208984, 2.0006646118164064, 2.02283376159668, 2.002938475036621, 1.938180682373047, 1.9843123580932618, 2.0326968002319337, 1.9869378051757813, 2.04514764251709, 2.070014155578613, 2.0243838256835938, 2.06670920715332, 2.080611558532715, 2.0564771728515625, 2.090844129943848, 2.0314485824584962, 2.118212875366211, 2.101806019592285, 2.1336292373657226, 2.140975454711914, 2.1255277969360353, 2.1071975982666014, 2.169327210998535, 2.097148355102539, 2.1242999588012696, 2.1488451736450194, 2.1228215545654296, 2.1578402587890624, 2.2694450881958006, 2.1642535919189454, 2.166248324584961, 2.1611556259155273, 2.1393497116088867, 2.184972445678711, 2.168619155883789, 2.186439726257324], "test_acc": [89.92, 92.19, 94.87, 95.37, 96.28, 96.61, 96.99, 97.0, 97.26, 97.05, 97.4, 97.25, 97.34, 97.45, 97.08, 96.93, 96.76, 96.79, 96.29, 95.55, 95.72, 94.64, 94.26, 91.5, 90.49, 92.04, 90.58, 85.26, 86.27, 82.39, 83.07, 76.95, 75.8, 69.43, 69.79, 72.48, 67.58, 66.35, 60.94, 64.21, 59.26, 61.0, 51.2, 56.21, 53.46, 52.76, 48.12, 49.69, 50.44, 49.25, 46.63, 45.14, 47.87, 43.15, 43.96, 40.0, 43.52, 44.2, 41.05, 42.6, 37.37, 37.67, 38.31, 38.81, 39.53, 38.93, 37.61, 37.92, 40.07, 38.93, 37.53, 39.19, 38.2, 36.87, 37.55, 37.18, 35.65, 37.29, 36.18, 37.8, 35.52, 35.9, 35.27, 34.77, 35.54, 35.59, 33.7, 36.78, 35.61, 34.81, 35.46, 34.46, 31.11, 34.13, 34.95, 34.19, 35.8, 34.38, 34.47, 33.82]}