{"train_loss": [2.1629046354538355, 2.088510650854844, 2.0756723661708016, 2.0699277667917757, 2.0663468470940223, 2.063948459095425, 2.0621089385106015, 2.0607839547670803, 2.059457729005406, 2.058499207863441, 2.0575663849838777, 2.0567574047634745, 2.0561542083055544, 2.0554948357435374, 2.05502695354641, 2.054485675106701, 2.054009363692031, 2.053546957480602, 2.053134028728192, 2.052772698748825, 2.0524678316890683, 2.0521812765007343, 2.0518926076399975, 2.0515640092711163, 2.051332554756067, 2.0510312970886884, 2.0507652153316727, 2.050504207611084, 2.05028562922763, 2.050104069404113, 2.049870709578196, 2.0496023847506595, 2.0494887558822956, 2.049278278126676, 2.0490456208204613, 2.0489819202667627, 2.0487986767393913, 2.0485882647017126, 2.0484414523483343, 2.0482980186103754, 2.04801919674262, 2.0479525078056207, 2.0477453949105024, 2.047660477650471, 2.0475357103551555, 2.0473245290609507, 2.0472019172122335, 2.0470152976166487, 2.046919602104741, 2.0467771678908258, 2.046724289910406, 2.0465369963238382, 2.0464503270948033, 2.0462174634648185, 2.04621142658413, 2.0460768173902464, 2.0459021722149644, 2.0457995024501767, 2.0457282290499434, 2.0456124916035905, 2.0454993482328887, 2.0453530539814224, 2.0451805790265403, 2.045223156101683, 2.0450854622400723, 2.0449366151777086, 2.0448817315264645, 2.0447955274174356, 2.044673992527856, 2.0445875082260523, 2.0444982602046085, 2.044290639905848, 2.04423228593973, 2.0441461174916, 2.044015237918267, 2.0439229714564786, 2.043891948512477, 2.0437586445074816, 2.043713473356687, 2.0435858593027816, 2.043501172310267, 2.043497815600827, 2.043427167285202, 2.0432586624072147, 2.0431221000149717, 2.043018438367762, 2.0429670326730127, 2.0429189948954134, 2.0428636150482373, 2.042671924472874, 2.04262612772803, 2.0426019032796225, 2.0423715624034915, 2.042395626887297, 2.0423367110073056, 2.042146528378511, 2.042106702286973, 2.042052456965813, 2.0419258704552283, 2.041836455846444], "test_loss": [1.2532592140197754, 1.1492609062194825, 1.1096882858276367, 1.1288171989440918, 1.0963285667419433, 1.0791183868408203, 1.0799084426879884, 1.0635923149108886, 1.0792570472717284, 1.0625188591003418, 1.0400030479431153, 1.0686092575073243, 1.0388153778076172, 1.0482432556152343, 1.0413458961486817, 1.0469639572143554, 1.0545454521179198, 1.0462088027954102, 1.0549100364685058, 1.0721637245178222, 1.0380913703918457, 1.0428389350891114, 1.0252876899719239, 1.028178685760498, 1.0680628089904785, 1.104491209411621, 1.0193679443359376, 1.0515499046325683, 1.0437695167541503, 1.037857682800293, 1.0234141731262207, 1.0557209503173828, 1.0300457122802735, 1.0301185386657714, 1.031319164276123, 1.0349025177001954, 1.0182866744995118, 0.9992072708129883, 1.0134223754882812, 1.0322351478576661, 1.0306516822814942, 1.0538706733703613, 1.059349919128418, 1.0585501319885253, 1.028685245513916, 1.044046517944336, 1.0013061294555663, 1.0439082679748535, 1.0230705711364747, 1.0454808616638183, 1.0149179260253907, 1.064161186981201, 1.036785400390625, 1.0346491767883301, 1.029886484527588, 1.0374437088012696, 1.0292867523193359, 1.0335824714660644, 0.9975177436828613, 0.991742221069336, 1.0346256523132324, 1.0578717765808106, 1.0636755004882812, 1.0386865287780762, 1.013701554107666, 1.0398229164123536, 1.0051095779418946, 1.042029656982422, 1.0681544189453125, 1.0121173080444337, 1.0149365173339844, 1.0485070114135742, 1.0257612136840821, 1.031608755493164, 1.0190210456848146, 1.014821923828125, 1.0176006645202638, 1.0390922256469726, 1.0391168838500977, 1.0181610168457031, 1.0159361801147462, 1.0065491645812987, 1.0316485397338868, 1.0011243331909179, 1.0088880233764648, 0.9957622314453125, 1.030528077697754, 1.033141628265381, 1.023414331817627, 1.0296329597473144, 1.0400748466491698, 1.0182848724365234, 1.0075245712280274, 1.0394330909729004, 1.0160449615478515, 1.0303959083557128, 1.0360763885498048, 0.9948487617492676, 1.0356978454589845, 1.016550244140625], "test_acc": [92.56, 96.15, 97.09, 97.4, 97.63, 97.99, 98.17, 98.35, 98.4, 98.54, 98.61, 98.64, 98.6, 98.64, 98.74, 98.71, 98.77, 98.8, 98.79, 98.81, 98.89, 98.85, 98.88, 98.88, 98.89, 98.93, 98.97, 98.93, 98.9, 98.92, 98.94, 99.01, 98.96, 98.94, 98.99, 99.01, 99.05, 99.02, 98.96, 99.05, 99.07, 99.06, 99.06, 99.04, 99.02, 99.05, 99.01, 99.03, 99.06, 99.06, 99.01, 99.04, 99.05, 99.07, 99.07, 99.08, 99.07, 99.09, 99.07, 99.08, 99.09, 99.08, 99.15, 99.15, 99.08, 99.13, 99.14, 99.02, 99.15, 99.06, 99.04, 99.12, 99.1, 99.09, 99.18, 99.14, 99.14, 99.11, 99.09, 99.1, 99.15, 99.16, 99.13, 99.1, 99.11, 99.1, 99.1, 99.1, 99.14, 99.12, 99.13, 99.19, 99.15, 99.17, 99.19, 99.14, 99.18, 99.1, 99.11, 99.14]}