{"train_loss": [1.8746975909950387, 1.7325253833053458, 1.7127890986764533, 1.702092050996601, 1.6950048730414138, 1.6902445213407533, 1.6855492744690332, 1.6813061986214075, 1.678360939025879, 1.675045633672649, 1.6726161488610456, 1.6700293668824384, 1.6675317939530072, 1.6651644974182813, 1.662674287190804, 1.6608357482995741, 1.658318281173706, 1.6556380561783783, 1.654100896201582, 1.6515770908604321, 1.6491806122482333, 1.6470738893900163, 1.6441445928862972, 1.6418105022520082, 1.6385727387208204, 1.6367393783015063, 1.633525965305475, 1.6308837645074241, 1.628138698828526, 1.6253631502135186, 1.621983231132866, 1.618793008928625, 1.6154229490675478, 1.6128740743694143, 1.6087659757870894, 1.6053099163577087, 1.6012265692409287, 1.5972586184994788, 1.5941400887110295, 1.589130788277357, 1.5860028417191954, 1.5814791433831565, 1.5768999103297534, 1.5712981201135194, 1.5667856050352764, 1.5618174692504427, 1.5578877655868857, 1.5522313815915687, 1.5473237101338868, 1.5416419939098196, 1.5375873825998387, 1.531054763457714, 1.5257286444688454, 1.5215074132140884, 1.5157280808840043, 1.5101364698165503, 1.5042905343903437, 1.499328602073539, 1.4941804798749776, 1.4890232328166308, 1.4836058968152754, 1.478189192011825, 1.4742531282270057, 1.468814718672353, 1.463569328825698, 1.4589441405911732, 1.454327237402272, 1.449277630983255, 1.4447249026380033, 1.4412614272700415, 1.4367060284329276, 1.4321991220498695, 1.4286270370850196, 1.424620374909833, 1.4207899509332118, 1.4167571620553987, 1.4136175411379235, 1.4105628728866577, 1.406671422923732, 1.4028991394572787, 1.3989757205176556, 1.3975246803373353, 1.394192522407597, 1.3911420361608522, 1.3885403178695939, 1.3864946574227424, 1.3832979454444005, 1.3809711566338172, 1.3792344673067076, 1.3770542598178244, 1.3734716643125584, 1.3718030842450948, 1.369858629683144, 1.368244122236203, 1.365264425929795, 1.3633569629273863, 1.3621171488721147, 1.3600495712369935, 1.3581153742777996, 1.3570786487852406], "test_loss": [0.8329647697448731, 0.7169741054534912, 0.6563000350952148, 0.6627641536712646, 0.7157961090087891, 0.6706175743103028, 0.6786480247497558, 0.6847112075805664, 0.6931776931762695, 0.6176091186523438, 0.6309506324768066, 0.6324020568847656, 0.6270611183166503, 0.6154737937927246, 0.6532722129821777, 0.6020853523254395, 0.6559151229858399, 0.6295605651855469, 0.6853737831115723, 0.6680144844055176, 0.6424677017211914, 0.5902050712585449, 0.6877958984375, 0.6093985694885254, 0.6120640380859375, 0.6318463035583496, 0.6115871856689453, 0.6407198989868164, 0.6445336639404297, 0.6474412651062011, 0.6723970024108886, 0.6182142539978027, 0.6932238258361817, 0.6561162078857422, 0.6518232673645019, 0.6279114318847656, 0.6266265090942382, 0.6080936950683594, 0.607170962524414, 0.6455986274719239, 0.6011764526367187, 0.6434920631408692, 0.6376848098754883, 0.5828543571472168, 0.6705453353881836, 0.6886468978881836, 0.6428176856994628, 0.7208894943237305, 0.6697731895446777, 0.6124957099914551, 0.5768237609863281, 0.6771746391296387, 0.7195713050842285, 0.6674431114196777, 0.6876832633972167, 0.6914799201965331, 0.6439791290283203, 0.6330727935791015, 0.634341438293457, 0.6664458557128906, 0.6533979118347168, 0.6882425262451172, 0.7190794013977051, 0.6230470554351807, 0.6775122718811035, 0.6867295547485351, 0.666517896270752, 0.7006751747131348, 0.7026834053039551, 0.6589183151245117, 0.6872798309326172, 0.6755011184692383, 0.735075431060791, 0.6907608596801758, 0.6885929191589355, 0.6868131912231445, 0.7010175453186035, 0.668869344329834, 0.6709647575378418, 0.7233520553588867, 0.6953085876464844, 0.6945787399291993, 0.7514722686767578, 0.7440622947692871, 0.675076538848877, 0.6995768661499023, 0.6858246200561523, 0.675515869140625, 0.7666812141418458, 0.7340909530639649, 0.6837131698608399, 0.7334022888183593, 0.6756743942260742, 0.7512224754333496, 0.7045947372436523, 0.7110792037963867, 0.7222135665893554, 0.7472801445007324, 0.7334024528503418, 0.7168803672790527], "test_acc": [94.69, 97.21, 97.73, 97.79, 98.04, 98.39, 98.45, 98.45, 98.62, 98.67, 98.52, 98.76, 98.75, 98.79, 98.8, 98.78, 98.75, 98.84, 98.74, 98.85, 98.8, 98.82, 98.68, 98.9, 98.82, 98.83, 98.7, 98.66, 98.71, 98.8, 98.44, 98.64, 98.7, 98.6, 98.5, 98.7, 98.52, 98.69, 98.47, 98.29, 98.51, 98.22, 98.34, 98.28, 97.84, 97.65, 97.72, 96.5, 97.53, 97.91, 97.8, 96.68, 96.05, 96.82, 96.42, 96.26, 96.0, 96.56, 96.22, 95.32, 95.55, 94.35, 93.74, 95.53, 94.35, 93.71, 94.85, 93.68, 94.33, 93.87, 94.17, 93.88, 92.15, 93.26, 93.16, 92.94, 93.16, 93.01, 93.16, 91.54, 92.33, 91.86, 91.32, 90.98, 92.29, 91.89, 92.47, 91.97, 90.14, 90.98, 92.25, 91.47, 93.0, 89.6, 91.62, 90.9, 90.81, 90.94, 90.48, 91.07]}