{"train_loss": [2.1959517124371652, 2.131581162285601, 2.1192539166181517, 2.1134552425808377, 2.1097993896557736, 2.10732264447416, 2.104997406148503, 2.103243365501746, 2.1016463484519567, 2.100399270016923, 2.0989946870722322, 2.0979852492992697, 2.096864331991245, 2.095862709558927, 2.0948409504360623, 2.093925472508129, 2.092949834134844, 2.0921191486537967, 2.0914280547036066, 2.090395844899691, 2.0893831950986486, 2.088617567323212, 2.0878065686959486, 2.0870712114195538, 2.08615477472289, 2.0852388877135057, 2.08431965061742, 2.083468406373619, 2.0827101020731478, 2.081768583538186, 2.0810370924126387, 2.0797588835414658, 2.0790168077517777, 2.078175335867792, 2.077005952087223, 2.0761834984151726, 2.0751632925791617, 2.073771917921865, 2.0729326182960444, 2.0718930954607124, 2.070585525698132, 2.0694412996626306, 2.068229761388567, 2.067056904745917, 2.0660492721785846, 2.0645790342082324, 2.0632570324799953, 2.0621620383527546, 2.0604790821034684, 2.0591659711466894, 2.057887431393322, 2.056283226634702, 2.05493559083368, 2.053422931931977, 2.0518243959826283, 2.050276291421336, 2.048263307310577, 2.046868407828176, 2.045461324799774, 2.0440843418622627, 2.0421886696265292, 2.0404353281881056, 2.0392894752514668, 2.0367608284338927, 2.035418744270618, 2.0334182503895883, 2.0312561634768787, 2.0298051301740174, 2.027805112620704, 2.0260170234574213, 2.0237512891618614, 2.0221057001851563, 2.0198300284707646, 2.017880351624937, 2.0159707731670804, 2.013849153223201, 2.0124090892127438, 2.009607089126212, 2.0077218899869513, 2.006445580568069, 2.00416201302129, 2.0023178157643375, 2.0000968967747483, 1.9982161993144925, 1.9957754955841944, 1.99407975617637, 1.991180142785749, 1.9906415088563902, 1.9879763472793448, 1.985623515314526, 1.9838534945096724, 1.9822943890706086, 1.9803671857230685, 1.9777899274968693, 1.9760660282057574, 1.9733073092423952, 1.9719551648849096, 1.9697573404026847, 1.9685520720787537, 1.9665278053691244], "test_loss": [1.3743105606079102, 1.2335090301513671, 1.2167538513183593, 1.189623210144043, 1.1956883911132812, 1.1803950958251954, 1.1806750457763673, 1.1298881858825685, 1.1589250396728517, 1.181781105041504, 1.1615918243408203, 1.1673894058227539, 1.1378481536865235, 1.1112899124145508, 1.0973630218505859, 1.1750145416259765, 1.1901240585327149, 1.124479345703125, 1.1288796569824218, 1.2057754089355468, 1.094866893005371, 1.1439541915893554, 1.1460856872558594, 1.1186588745117187, 1.1009447647094726, 1.1198730209350587, 1.1499459945678712, 1.1073660400390626, 1.1666144592285157, 1.126718829345703, 1.1404460296630858, 1.1470462280273437, 1.094979621887207, 1.1126422271728516, 1.1195827407836914, 1.1195094985961913, 1.0631649101257323, 1.094971173095703, 1.1196128463745116, 1.1355746200561523, 1.1007050369262696, 1.10480234375, 1.1264968307495118, 1.1183778564453124, 1.1716665298461915, 1.0947204391479493, 1.0855576057434082, 1.1571576095581055, 1.1464235992431642, 1.1655937286376954, 1.1142017135620117, 1.1252592025756836, 1.1406472076416017, 1.160775112915039, 1.185592529296875, 1.1007264739990235, 1.1281208847045898, 1.15948553314209, 1.1798118713378907, 1.1390197128295898, 1.1073021240234375, 1.1498810653686524, 1.137036489868164, 1.1231010055541992, 1.1053709335327149, 1.1968964096069337, 1.1712514495849609, 1.173198226928711, 1.1836414276123046, 1.1170506591796876, 1.1768933166503905, 1.138097984313965, 1.1947641464233398, 1.1030177505493164, 1.1219652450561524, 1.164780960083008, 1.1949584686279298, 1.154200650024414, 1.150368116760254, 1.1833780395507814, 1.2192026748657228, 1.1754990753173828, 1.1259236938476562, 1.1486216552734374, 1.134174301147461, 1.1720060623168946, 1.2356538970947266, 1.1527868438720703, 1.146909603881836, 1.1450267349243164, 1.1980196823120117, 1.1144662460327148, 1.2061119812011718, 1.2096098510742188, 1.1710709106445312, 1.2367801513671874, 1.1950466491699219, 1.1833677688598634, 1.1456077239990234, 1.2028660659790038], "test_acc": [91.16, 94.85, 96.56, 96.99, 97.55, 97.54, 97.93, 98.01, 98.09, 98.25, 98.33, 98.35, 98.32, 98.4, 98.53, 98.5, 98.61, 98.63, 98.64, 98.58, 98.63, 98.58, 98.58, 98.65, 98.69, 98.66, 98.77, 98.6, 98.61, 98.48, 98.57, 98.6, 98.63, 98.68, 98.52, 98.75, 98.49, 98.47, 98.48, 98.45, 98.44, 98.47, 98.34, 98.4, 98.37, 98.29, 98.18, 97.76, 98.0, 98.01, 98.22, 97.72, 97.82, 97.9, 97.99, 97.52, 97.82, 97.47, 97.17, 97.41, 97.44, 97.03, 97.14, 97.27, 96.51, 95.64, 95.56, 95.47, 94.66, 96.08, 94.82, 95.73, 94.64, 95.97, 94.99, 93.56, 93.14, 93.56, 93.99, 93.35, 91.1, 92.97, 93.34, 91.73, 93.33, 92.03, 89.17, 92.27, 89.32, 91.58, 86.98, 91.89, 87.28, 89.17, 89.62, 85.12, 87.83, 89.34, 88.9, 88.06]}