{"train_loss": [2.1229012180597353, 2.0364397185989933, 2.022948198338859, 2.016229227057889, 2.0121125237554565, 2.009150783985089, 2.0066706194327426, 2.004939780276046, 2.003232735599208, 2.0016792691670933, 2.000539696878857, 1.9995488519342537, 1.9982090515968127, 1.9975951224820228, 1.9964253436296413, 1.9957604833647735, 1.994912033407097, 1.9941792903292892, 1.993294121363224, 1.9927345384389927, 1.991969075722572, 1.9913899442578993, 1.990654942062166, 1.9899982081519232, 1.9894196266292508, 1.9886069335998633, 1.9883190031744475, 1.9875851647976117, 1.9869754683767629, 1.9862778008493602, 1.9857793666868129, 1.9851778162340832, 1.9847454482164137, 1.984088392339201, 1.9834765420000777, 1.9827042379949846, 1.9821307177727039, 1.9816127373622014, 1.9810773340555339, 1.9804889414554987, 1.9798851611777248, 1.9791882501708136, 1.9787473642927969, 1.9780721529426737, 1.9774564504623413, 1.976903147677071, 1.9762502575022542, 1.975720985322936, 1.9747093551688724, 1.9743063747882843, 1.9736733785551837, 1.9729204172762032, 1.972485589930135, 1.9715014823481567, 1.9708132147789001, 1.970223254372931, 1.9694559627618544, 1.9686842285669768, 1.9679815746270692, 1.967369112194094, 1.9667597211833694, 1.965670755531034, 1.9652082227234147, 1.9645465031648293, 1.9636560074793987, 1.9629918296112974, 1.9620293587700934, 1.9616223673025768, 1.9608677421879566, 1.9596757598412342, 1.9591072492110424, 1.9581898491606753, 1.9575323704470935, 1.9566381889530735, 1.9562179739149208, 1.955243018702564, 1.9547782940232856, 1.9534652485297277, 1.9530570316009033, 1.9520226378216703, 1.9512122540901868, 1.9509167699222891, 1.949805037333415, 1.9482806327506008, 1.9482094966448271, 1.9473882521319592, 1.946272434077711, 1.9453550353009477, 1.9445810705168634, 1.943840636402114, 1.9427663108222506, 1.9423983958032396, 1.9415425907852304, 1.9406152887222095, 1.9398408631483715, 1.9390455919962664, 1.9380233858385656, 1.9370016083758101, 1.9360053923904386, 1.9354826774862077], "test_loss": [1.1532129219055176, 1.0731572631835937, 1.0145024566650391, 1.0768200386047364, 0.9873106460571289, 0.9957400932312012, 0.9938046859741211, 0.9984073738098145, 0.9829462272644043, 0.9822254760742187, 0.957490045928955, 0.9940939292907714, 0.9305632598876953, 0.954996459197998, 0.993120361328125, 0.9803359062194824, 0.9653202476501465, 0.9564540596008301, 0.9893629272460938, 0.9750798240661621, 0.9587913063049316, 0.9146574172973633, 0.9253201499938964, 0.9559293838500976, 0.9739850204467774, 0.9741377136230469, 0.9298497467041016, 0.9586244651794433, 0.968425422668457, 0.9255355369567871, 0.9594020454406739, 0.9588749725341796, 0.928771768951416, 0.9536631942749023, 0.9385457153320312, 0.8908497207641601, 0.9248479034423828, 0.9701604354858399, 0.9339695495605469, 0.9213095535278321, 0.9510944862365722, 0.9368483100891113, 0.9174348922729492, 0.9212810653686524, 0.9336154968261718, 0.9444870811462402, 0.905518416595459, 0.9714427467346192, 0.9717520317077637, 0.9331717620849609, 0.969848046875, 0.9430263725280762, 0.9800189445495605, 1.0231731742858887, 0.9507601577758789, 0.9565716545104981, 0.9307268737792969, 0.9302645210266113, 0.9752761383056641, 0.9085252746582031, 0.9805840042114258, 0.9248048179626465, 0.9189958351135253, 0.9016194839477539, 0.9584749053955078, 0.9683380027770996, 1.0050313629150391, 0.9401850036621093, 1.0112036018371582, 0.97680816116333, 0.9543230781555175, 0.9846890830993652, 0.9783408744812012, 0.9951841270446777, 0.9599367637634277, 0.9578092651367187, 0.928343056488037, 0.9342904037475586, 0.9068978942871094, 0.9863721702575684, 0.9169796081542969, 0.9395959312438965, 0.9037328636169434, 0.9239465835571289, 0.9761591819763183, 1.0304167572021485, 0.9643796997070313, 1.0005791007995606, 0.9999693801879883, 0.9826802429199218, 0.9419397895812989, 0.9636852699279785, 0.9357504997253417, 0.9671366508483886, 0.9393116279602051, 1.0027493682861328, 0.9369989135742187, 0.9672774085998536, 0.9316509704589844, 1.0020629135131836], "test_acc": [93.38, 96.52, 97.35, 97.67, 97.74, 98.03, 97.96, 98.22, 98.43, 98.53, 98.6, 98.66, 98.67, 98.59, 98.8, 98.71, 98.73, 98.8, 98.81, 98.84, 98.77, 98.86, 98.88, 98.77, 98.88, 98.95, 98.83, 98.87, 98.81, 98.82, 98.85, 98.87, 98.86, 98.86, 98.98, 98.84, 98.87, 98.88, 98.91, 98.98, 98.97, 98.89, 98.92, 98.91, 98.85, 98.9, 98.79, 98.83, 98.93, 98.91, 98.93, 98.88, 98.91, 98.58, 98.91, 98.9, 98.81, 98.82, 98.76, 98.84, 98.85, 98.83, 98.79, 98.93, 98.87, 98.74, 98.74, 98.89, 98.73, 98.73, 98.69, 98.65, 98.67, 98.5, 98.55, 98.56, 98.7, 98.67, 98.7, 98.51, 98.62, 98.63, 98.51, 98.38, 98.59, 98.2, 98.35, 98.34, 98.32, 98.35, 98.29, 98.36, 98.29, 98.08, 98.27, 97.95, 98.25, 98.2, 98.13, 98.02]}