{"train_loss": [2.302314700733902, 2.3018151567532468, 2.3015056466444945, 2.3013235284731937, 2.3012128507989082, 2.3011317813498344, 2.301063887583904, 2.3010055157873364, 2.300958175944467, 2.300909775444585, 2.300870135299161, 2.3008318410979376, 2.300797459916172, 2.3007656381680417, 2.3007365852339654, 2.300709635274023, 2.3006840175033636, 2.3006619989362536, 2.3006396920253067, 2.300621325134212, 2.3006062008376813, 2.3005896353314066, 2.300574178369636, 2.300560247184884, 2.3005478652114544, 2.300537801705874, 2.3005253570711512, 2.3005156588350606, 2.3005051490588064, 2.300495114591387, 2.3004869798309784, 2.300477461937146, 2.3004703475878787, 2.300461588252304, 2.3004538050064673, 2.3004485628543754, 2.3004403200923886, 2.3004343392502546, 2.3004259283726034, 2.300420719334203, 2.3004152927643213, 2.3004100215740695, 2.300402752864055, 2.3003975234479985, 2.3003911951668243, 2.300387163447519, 2.300382232054686, 2.3003795019581785, 2.3003736265704164, 2.3003702066902423, 2.300362828450325, 2.300360122297564, 2.300353668184362, 2.300349994092925, 2.300343211899456, 2.3003437580206456, 2.3003359009058046, 2.3003331545071726, 2.300329473283556, 2.3003259642511353, 2.3003222132340455, 2.300319467854296, 2.300314321477189, 2.3003117207787995, 2.3003088566992016, 2.3003060155444675, 2.3002999002098017, 2.3002989801586184, 2.300295154763083, 2.3002919376405897, 2.300288326210446, 2.3002839495993066, 2.3002806295696487, 2.3002788292037115, 2.300275235094576, 2.3002726287923307, 2.3002693546123996, 2.300265716181861, 2.3002665384202943, 2.30026189231465, 2.3002597419624653, 2.3002548273811994, 2.300253068789458, 2.3002521762481103, 2.3002481501326604, 2.3002462218969297, 2.3002436268023954, 2.300239510006375, 2.3002359444259577, 2.300233910226414, 2.300230374193599, 2.3002277266266, 2.3002270383712573, 2.3002257275785136, 2.300221321419773, 2.300219278050284, 2.30021704465915, 2.300212067926032, 2.300211212064466, 2.3002113577647085], "test_loss": [2.2680453125, 2.240119290161133, 2.2179245666503906, 2.204180062866211, 2.195859265136719, 2.1894468505859375, 2.1841303588867187, 2.179069564819336, 2.1763252197265626, 2.1723917449951173, 2.170566458129883, 2.1662514099121095, 2.1628173553466796, 2.1610199798583984, 2.158842987060547, 2.1562598083496094, 2.1540875244140625, 2.152151657104492, 2.1505390075683595, 2.1497627563476565, 2.1472357635498045, 2.145476223754883, 2.1461918029785156, 2.145275601196289, 2.1424421173095705, 2.141742123413086, 2.142784671020508, 2.1401423980712893, 2.1395992156982424, 2.1380292144775392, 2.138828793334961, 2.1373399475097656, 2.137008041381836, 2.136562536621094, 2.1357193756103516, 2.1366112121582033, 2.1367472778320313, 2.1347062103271486, 2.133370056152344, 2.1346645629882812, 2.132504489135742, 2.133144430541992, 2.1323450286865233, 2.1330069122314455, 2.131407684326172, 2.131785223388672, 2.1307482574462893, 2.1309754516601562, 2.1299527954101563, 2.130648321533203, 2.1295184661865236, 2.12904455871582, 2.1297031829833983, 2.129269906616211, 2.1290662719726563, 2.128864245605469, 2.129249938964844, 2.128886569213867, 2.127917510986328, 2.1313018951416014, 2.1274025054931642, 2.1274704010009766, 2.125436340332031, 2.126186315917969, 2.1256898681640624, 2.1256028930664064, 2.1270512786865234, 2.1268462707519533, 2.1255484375, 2.1248218658447264, 2.1268752990722657, 2.1260583038330076, 2.125124624633789, 2.126328857421875, 2.124986862182617, 2.125013137817383, 2.124973062133789, 2.1231363891601562, 2.123116656494141, 2.1248713104248047, 2.123749935913086, 2.125482354736328, 2.1230298126220704, 2.1255666168212892, 2.1233747985839844, 2.125323782348633, 2.124501370239258, 2.1225532135009764, 2.1228235290527344, 2.124553952026367, 2.1225709686279295, 2.1227039642333985, 2.1232817504882813, 2.1217734924316405, 2.124019174194336, 2.122806887817383, 2.122372869873047, 2.1225243103027345, 2.1213498809814455, 2.120155969238281], "test_acc": [60.12, 74.81, 80.94, 83.83, 85.94, 86.89, 88.4, 88.7, 89.79, 90.61, 90.82, 90.95, 91.63, 92.0, 92.92, 92.8, 93.31, 93.35, 93.85, 93.93, 94.22, 94.28, 94.56, 94.28, 94.59, 94.79, 94.91, 94.98, 94.81, 95.25, 95.13, 95.45, 95.49, 95.62, 95.59, 95.87, 95.69, 95.71, 95.76, 95.85, 95.66, 96.19, 95.87, 96.0, 96.1, 96.25, 96.18, 95.94, 96.26, 96.19, 96.23, 96.04, 96.3, 96.27, 96.32, 96.41, 96.43, 96.14, 96.4, 96.61, 96.49, 96.53, 96.38, 96.64, 96.63, 96.56, 96.57, 96.55, 96.65, 96.6, 96.7, 96.61, 96.58, 96.6, 96.69, 96.84, 96.68, 96.84, 96.83, 96.84, 96.73, 96.8, 96.83, 96.86, 96.95, 96.91, 96.92, 97.04, 96.87, 96.92, 96.91, 96.9, 97.01, 97.0, 96.77, 96.97, 96.99, 97.01, 96.8, 97.0]}