{"train_loss": [2.302383231301593, 2.3019949269090962, 2.3017567416541596, 2.301609138647715, 2.301514897081587, 2.3014473283392753, 2.3013929296762514, 2.3013469719479227, 2.3013072604807014, 2.3012714396175156, 2.3012392913174424, 2.3012098053581695, 2.301183058665349, 2.301158205566243, 2.3011354686867476, 2.3011146223443184, 2.301095257966946, 2.3010776379169564, 2.3010613098103776, 2.301046199268765, 2.301032577824389, 2.3010198183548756, 2.301007874501057, 2.3009969001142387, 2.3009868865339165, 2.300977343168014, 2.300968686230162, 2.300960819945376, 2.300953099870274, 2.300946065503308, 2.300939410670191, 2.3009329428020706, 2.300927348116524, 2.300921638806661, 2.300916574959062, 2.300911500922635, 2.300906687720209, 2.3009021643899445, 2.3008978066281376, 2.300893761153914, 2.3008896907170615, 2.300885963643718, 2.300882177475171, 2.3008786674238677, 2.3008752434681625, 2.3008719733637624, 2.3008687139576316, 2.300865644063705, 2.300862690831861, 2.3008597936385717, 2.3008570813725138, 2.300854164820451, 2.3008515778769794, 2.3008488477804723, 2.3008464325187554, 2.300843783423432, 2.300841369180598, 2.3008391220345454, 2.300836767396356, 2.300834509042593, 2.300832405559018, 2.300830241961357, 2.300827948965578, 2.3008260619946017, 2.300824157193176, 2.300822116370894, 2.300820190172929, 2.3008183556744175, 2.3008166001393247, 2.300814823207692, 2.300812965274876, 2.3008112724010763, 2.3008096401508036, 2.3008079651074533, 2.3008064072356267, 2.3008046099263377, 2.3008031147158046, 2.3008015002959814, 2.300799975537846, 2.30079836723132, 2.3007970778351154, 2.300795437943222, 2.3007941694341154, 2.3007926558836913, 2.3007911290877905, 2.300789838163262, 2.300788517691131, 2.300787129972735, 2.300785857388097, 2.300784526217697, 2.300783220009926, 2.3007820702006674, 2.30078078335167, 2.300779533182454, 2.3007782728244095, 2.3007772029974523, 2.300775976771982, 2.3007746807530394, 2.300773588001219, 2.300772455512968], "test_loss": [2.2719802978515626, 2.2491221221923827, 2.2303819427490232, 2.2174459411621092, 2.2090779388427735, 2.202946240234375, 2.1981411529541015, 2.194201916503906, 2.190660095214844, 2.1875146087646486, 2.1846750152587893, 2.181962957763672, 2.1795273376464843, 2.177335467529297, 2.175283758544922, 2.173338687133789, 2.1714334899902346, 2.169583721923828, 2.1680015167236326, 2.1665821716308593, 2.1651897247314453, 2.1640371307373045, 2.16287880859375, 2.161911114501953, 2.160558776855469, 2.1595786254882814, 2.158777313232422, 2.157866748046875, 2.1572735473632814, 2.156516418457031, 2.1555987884521484, 2.154944842529297, 2.1546224548339845, 2.1538611236572267, 2.1534054290771483, 2.1529735382080077, 2.152502569580078, 2.1519605194091795, 2.1514869018554688, 2.15129758605957, 2.15089404296875, 2.150686767578125, 2.150158090209961, 2.1496579986572266, 2.1494797637939453, 2.149040444946289, 2.1488050537109373, 2.1487160552978515, 2.1482359008789063, 2.148119384765625, 2.147918655395508, 2.147495349121094, 2.147280661010742, 2.1471325622558592, 2.1468775970458984, 2.14668359375, 2.1463527282714843, 2.1463136779785157, 2.1459977569580078, 2.1459385406494143, 2.145836666870117, 2.145498693847656, 2.1452730438232424, 2.1451727264404297, 2.144995391845703, 2.144793472290039, 2.144574609375, 2.1446946533203124, 2.1441332580566406, 2.1440797332763673, 2.144178240966797, 2.1438255737304686, 2.143685629272461, 2.1436754791259767, 2.143454019165039, 2.1433883819580077, 2.143168923950195, 2.143121578979492, 2.1428536743164064, 2.143079525756836, 2.1425566680908203, 2.142533151245117, 2.142402624511719, 2.142501803588867, 2.142290704345703, 2.142274966430664, 2.141928842163086, 2.141602508544922, 2.1418624969482423, 2.141815270996094, 2.141369464111328, 2.1414436126708982, 2.1413376800537107, 2.141324545288086, 2.141161373901367, 2.1412708282470705, 2.141016778564453, 2.140791168212891, 2.140772671508789, 2.1407259704589845], "test_acc": [58.05, 73.14, 79.14, 83.15, 85.62, 87.09, 88.16, 88.84, 89.42, 90.0, 90.6, 91.11, 91.51, 92.0, 92.31, 92.7, 92.91, 93.21, 93.62, 93.81, 94.04, 94.18, 94.35, 94.44, 94.66, 94.75, 94.88, 94.99, 95.15, 95.2, 95.32, 95.47, 95.47, 95.56, 95.64, 95.65, 95.78, 95.86, 95.93, 95.96, 96.02, 96.04, 96.13, 96.2, 96.22, 96.23, 96.23, 96.28, 96.3, 96.34, 96.33, 96.33, 96.45, 96.55, 96.5, 96.58, 96.56, 96.6, 96.59, 96.64, 96.77, 96.77, 96.76, 96.78, 96.82, 96.79, 96.83, 96.85, 96.84, 96.91, 96.98, 96.89, 96.99, 96.99, 96.99, 97.02, 97.07, 97.07, 97.1, 97.09, 97.12, 97.11, 97.08, 97.18, 97.18, 97.2, 97.18, 97.16, 97.25, 97.24, 97.26, 97.23, 97.29, 97.29, 97.31, 97.29, 97.3, 97.32, 97.35, 97.4]}