{"train_loss": [2.26878882982792, 2.2354219703592806, 2.22392971546222, 2.218456915810577, 2.214338235366039, 2.211126018793155, 2.208382002818279, 2.205905868456914, 2.20360032768331, 2.2008427131889214, 2.198637840584812, 2.1956153104447913, 2.1932059704747973, 2.1897421362053633, 2.186729542720012, 2.1834371054274406, 2.1792078303475666, 2.175348354710473, 2.170767435660729, 2.165283155237508, 2.1593652912694163, 2.152280010219313, 2.145786630292224, 2.138424949768262, 2.1279214676628766, 2.1181819640163684, 2.106256714743427, 2.093486155200208, 2.0799516602459116, 2.0631946737949667, 2.0463013236339274, 2.029036701744438, 2.0066448317633734, 1.9834452900621626, 1.957718822436455, 1.931592844490312, 1.9028119956835723, 1.8687799544925363, 1.83565745012373, 1.7999786237875621, 1.763758237545307, 1.7249750691091912, 1.6824674822835841, 1.6399948642804072, 1.5987505711551406, 1.5567603941656585, 1.5141219731070037, 1.4716299341784582, 1.430874748617156, 1.3929247193866305, 1.3491358132953317, 1.3105841926020434, 1.277750042768625, 1.2390516199107864, 1.204287784986007, 1.1741601480887487, 1.1424483274802184, 1.120438237984975, 1.095051600255518, 1.071040779352188, 1.0487970857538729, 1.0311348479018252, 1.0163505711616614, 1.000725275048843, 0.9867654095093409, 0.9743222969974208, 0.9637553750449775, 0.9546421044147931, 0.9464918092275277, 0.9372449137716212, 0.9311115429696873, 0.9238832777636683, 0.9172886384603305, 0.9118361014586228, 0.9070468401042824, 0.9017321351501677, 0.896995577802006, 0.8929691263753124, 0.8882300880474922, 0.8838788855534333, 0.8812275848582259, 0.877016521544538, 0.873386770232111, 0.8707154233995665, 0.8676333376485058, 0.8645320578008635, 0.8621070592576622, 0.8588708134797903, 0.8563647381006143, 0.854226816413749, 0.8515884533651874, 0.8491350305386078, 0.8474341075644534, 0.8450392068196566, 0.8427696552796241, 0.8407716450528202, 0.8391418649345381, 0.8371996813350253, 0.8353565922404966, 0.8333669762071382], "test_loss": [1.7278150894165039, 1.5731002029418946, 1.5575750518798828, 1.4700133026123048, 1.4358254501342773, 1.4984425064086915, 1.442543475341797, 1.4601090469360352, 1.4863797622680663, 1.3772526473999023, 1.4701177993774415, 1.4909734970092774, 1.4660639724731446, 1.463101042175293, 1.4890617172241212, 1.5090506256103515, 1.4523613845825196, 1.4663280181884766, 1.4168432189941407, 1.426540379333496, 1.4328823165893554, 1.385394287109375, 1.4258794021606445, 1.4083304733276367, 1.4552638259887696, 1.4308439834594726, 1.4910791366577147, 1.4973280334472656, 1.511781785583496, 1.4507823440551757, 1.474087873840332, 1.387804850769043, 1.5026461929321289, 1.5441950454711915, 1.4946372344970704, 1.5009219955444335, 1.4837994522094726, 1.5361395858764648, 1.7036391036987304, 1.6605540802001952, 1.6329291961669923, 1.6982132095336915, 1.6679882400512696, 1.758546012878418, 1.7027056747436524, 1.922097804260254, 1.8982070343017579, 1.8295054931640624, 1.9676101837158204, 2.063367593383789, 2.0283673599243164, 2.11777438659668, 1.9908911743164062, 2.1380484191894533, 2.1744341232299806, 2.130813650512695, 2.1735309539794923, 2.112182684326172, 2.2066494064331055, 2.235392013549805, 2.2646576278686523, 2.3704657836914063, 2.222548945617676, 2.2379809387207033, 2.3573180236816405, 2.302045426940918, 2.3238876358032226, 2.319813896179199, 2.3591896270751955, 2.3175674880981445, 2.3684719970703125, 2.3429455825805663, 2.365506251525879, 2.3723491577148437, 2.4335957916259767, 2.3636982162475584, 2.343621798706055, 2.3835682250976564, 2.442485748291016, 2.4294746856689455, 2.4542226959228515, 2.4237338653564455, 2.4428465576171874, 2.4666169158935545, 2.461943069458008, 2.516895050048828, 2.513409759521484, 2.4803681579589845, 2.475722424316406, 2.4831454803466797, 2.4751369384765627, 2.4980304504394533, 2.4980857940673826, 2.505421420288086, 2.504940347290039, 2.502117138671875, 2.507286715698242, 2.501260949707031, 2.5416978576660156, 2.522468347167969], "test_acc": [79.73, 90.67, 92.86, 95.12, 95.73, 95.63, 96.33, 96.79, 96.93, 96.74, 96.83, 96.31, 97.07, 96.73, 96.06, 95.82, 96.15, 95.27, 95.09, 92.97, 93.05, 91.3, 91.15, 89.96, 85.41, 86.6, 80.72, 76.02, 71.39, 75.75, 71.95, 72.55, 64.71, 61.46, 64.18, 60.25, 61.18, 55.87, 46.85, 48.24, 48.27, 44.74, 47.66, 41.44, 44.35, 38.12, 40.77, 40.81, 36.84, 33.78, 33.96, 33.26, 38.02, 34.78, 33.63, 35.41, 34.78, 35.46, 32.27, 33.16, 32.6, 29.24, 33.03, 33.01, 30.32, 32.41, 30.45, 30.96, 29.51, 30.85, 30.75, 30.74, 30.36, 30.82, 28.0, 30.76, 30.78, 30.11, 29.08, 28.69, 28.14, 29.31, 28.25, 28.47, 28.23, 27.43, 26.99, 27.83, 27.89, 28.55, 28.22, 27.69, 27.92, 27.01, 27.59, 27.72, 27.59, 27.66, 27.04, 27.64]}