{"train_loss": [2.2194757843628907, 2.162244278141576, 2.1491176954701414, 2.143498909779084, 2.1395285898803644, 2.1360745903773184, 2.1335282361405525, 2.13127400375839, 2.129116230031364, 2.127101045388442, 2.1252158431925325, 2.123715085351569, 2.1215809573475113, 2.1196315400620813, 2.1175715831609874, 2.116010437154362, 2.113945364442646, 2.111840988580997, 2.1094786578263993, 2.1076480807402196, 2.1051491211112747, 2.1023089834767528, 2.1002844979620385, 2.0972430571022196, 2.094102155703765, 2.0915305759662237, 2.0878846854226203, 2.084261085742559, 2.080779312003372, 2.0770559313460293, 2.072341044743856, 2.068335053503004, 2.063557704544475, 2.0579449743287177, 2.0534974576061606, 2.047929762265621, 2.0409456417601333, 2.0344855507724304, 2.0281877046466894, 2.020978254130763, 2.013442167104819, 2.0051686068375907, 1.9971859885586634, 1.9869010089299617, 1.9807563655906253, 1.9700049572011344, 1.9606814781824748, 1.9502333387350426, 1.9403934738574884, 1.929054759761207, 1.918198241892024, 1.9075977511895008, 1.8962839594763568, 1.8837763718050768, 1.8721455526657593, 1.8609628450666738, 1.8499242237999909, 1.8364130126105414, 1.825687305540101, 1.8137948696429913, 1.8011060902196119, 1.7910887499650319, 1.7784026020612471, 1.765581357682872, 1.7559800919813988, 1.7464138080931118, 1.7348417303501031, 1.724154097911639, 1.7144298871867678, 1.7043040929696498, 1.6937623235405002, 1.6846433472939026, 1.6764182084136539, 1.6673403198902423, 1.6593135712493179, 1.6517291705832522, 1.6443319206054394, 1.636066811461734, 1.6297917124043164, 1.6234852090860024, 1.6162669610263956, 1.612333241181496, 1.604472809112989, 1.5979828131504548, 1.5935961244962153, 1.5878049558044498, 1.5823496760975602, 1.5789221795196207, 1.5727074171742823, 1.5689441327355866, 1.5639617659597316, 1.5602421533857656, 1.5568030514778235, 1.5526297219798095, 1.548974120718801, 1.5453480270683255, 1.542173890221832, 1.5396684357243726, 1.5368576920949495, 1.532943844795227], "test_loss": [1.473411376953125, 1.322829428100586, 1.2364613677978515, 1.2048959648132325, 1.2622656616210937, 1.225245620727539, 1.2034931625366212, 1.2473638748168945, 1.22467861328125, 1.2568469696044922, 1.2225880599975585, 1.2280802673339843, 1.2386717056274414, 1.2299292205810546, 1.2237351013183593, 1.1677233947753907, 1.215453663635254, 1.2088749862670898, 1.1891828689575195, 1.173174984741211, 1.2032915664672852, 1.1868023056030272, 1.1484335845947267, 1.169771353149414, 1.21082110748291, 1.192154559326172, 1.1631163986206055, 1.187533627319336, 1.2270813751220704, 1.2348014129638671, 1.2537256927490235, 1.20663712310791, 1.2522195098876954, 1.1867888397216797, 1.2141533615112305, 1.227780046081543, 1.211590232849121, 1.2834480834960937, 1.2499155609130859, 1.3191491790771483, 1.2676774307250978, 1.1801957443237305, 1.3193861450195312, 1.19489083404541, 1.2719048461914062, 1.2913888473510742, 1.270825897216797, 1.2493016189575195, 1.2847727874755859, 1.3033606018066406, 1.3367334442138672, 1.2949651794433594, 1.2737246383666991, 1.2541768814086913, 1.331174935913086, 1.3208931091308593, 1.3298639709472657, 1.3087526382446288, 1.2968643173217773, 1.3969357727050782, 1.3656943466186524, 1.360306723022461, 1.3764962860107421, 1.3794058990478515, 1.4674989959716798, 1.4587519775390625, 1.4104619049072267, 1.453591682434082, 1.3966262710571289, 1.3882532257080078, 1.4432348220825195, 1.3946794845581054, 1.4939659759521484, 1.4434407516479493, 1.5132092590332031, 1.5242775802612305, 1.4806250854492187, 1.505479135131836, 1.4207570617675782, 1.4604984725952148, 1.4557396102905273, 1.4526711181640626, 1.4339118850708008, 1.5507400115966796, 1.5029704925537108, 1.4822479217529296, 1.5324742752075196, 1.522991975402832, 1.542131427001953, 1.522459620666504, 1.5250406463623047, 1.5243573638916015, 1.582831884765625, 1.5590455627441406, 1.546905584716797, 1.5555087478637695, 1.542890106201172, 1.5871082763671875, 1.5290298675537108, 1.593361605834961], "test_acc": [88.62, 93.79, 95.52, 95.87, 96.94, 97.19, 97.53, 97.74, 97.6, 97.85, 98.0, 98.03, 98.04, 98.08, 98.02, 98.15, 97.78, 97.99, 98.07, 98.03, 98.17, 97.72, 97.9, 97.43, 97.46, 97.54, 97.48, 97.31, 97.12, 96.26, 95.31, 95.54, 93.2, 95.36, 94.07, 92.83, 93.56, 89.08, 89.13, 86.63, 88.08, 89.05, 83.18, 86.44, 82.7, 80.35, 80.68, 81.42, 78.11, 76.34, 72.14, 75.66, 74.01, 73.66, 70.03, 71.86, 68.52, 68.63, 69.66, 63.14, 64.74, 63.14, 63.75, 63.18, 58.4, 59.34, 60.06, 59.16, 61.12, 61.14, 58.72, 60.66, 56.25, 58.43, 55.16, 53.94, 55.0, 54.74, 58.49, 56.36, 56.54, 57.36, 57.51, 51.92, 54.72, 55.65, 53.11, 54.04, 52.71, 53.4, 51.63, 53.21, 50.68, 51.32, 52.39, 51.3, 52.28, 50.43, 52.83, 49.83]}