{"train_loss": [2.074164251741181, 1.9695081889119923, 1.95115894665066, 1.940676542174103, 1.9346450416960268, 1.92827124779041, 1.923503960809137, 1.9188917085655735, 1.915274764992233, 1.9106624100962255, 1.9068779624425447, 1.9022082564158318, 1.8981273485045147, 1.8936821273249438, 1.8891007487590497, 1.8832742444470398, 1.8778354933119228, 1.8710419731771843, 1.865146101030529, 1.8576626665571816, 1.850387926794525, 1.8413149001251938, 1.8324961924654806, 1.8225861291090648, 1.810774355617344, 1.79802126940499, 1.783786417582096, 1.7710731437063625, 1.753071497902911, 1.7362274932555664, 1.7174827048921177, 1.6954277111933782, 1.6732192278927207, 1.6481837632819119, 1.6220035112311697, 1.5956364989790142, 1.565271535490313, 1.5343961048329997, 1.5040494366588755, 1.4722175379084725, 1.4381520911159678, 1.404290189855119, 1.3695433651789641, 1.334238253088079, 1.2999039080917325, 1.2665389778777065, 1.2315252655082278, 1.1984391128405547, 1.1650221811400518, 1.1332204833499386, 1.10331177418558, 1.0754863901270761, 1.0492164288830554, 1.0226504457557304, 0.9987571761648879, 0.9807551829223959, 0.9585187771381476, 0.9410126011850487, 0.9246656902325459, 0.9096882028712167, 0.8971683581670126, 0.8852041186685236, 0.8758007988461063, 0.8657242462166355, 0.857083533054743, 0.8484885891278585, 0.8423402882539309, 0.8350851166452098, 0.8294807136313528, 0.8240000161095562, 0.8178143536942637, 0.8133110549205389, 0.8084539308761939, 0.8047553820487781, 0.8008214651774137, 0.7966560601678669, 0.7932136863724798, 0.7894664841075228, 0.7861156306969814, 0.7834060067295009, 0.7799465402833416, 0.7775959063034791, 0.7742459337171327, 0.771644853755959, 0.769149973224371, 0.7666783921229534, 0.7649727442070969, 0.7621020917963778, 0.760135924968964, 0.7581188140007166, 0.7560807922457018, 0.7540768759372907, 0.7517289594452605, 0.7496633844243156, 0.7485475312186103, 0.7460803395917273, 0.7447332486382916, 0.7432366357399867, 0.7413669534218617, 0.7406350947343386], "test_loss": [1.118837648010254, 0.9125785545349121, 0.9220998985290527, 0.942240771484375, 0.9686393943786621, 0.9840435890197754, 0.8558239402770996, 0.8767681289672852, 0.9122051414489746, 0.8886177749633789, 0.9166432556152344, 0.9447142288208008, 0.8722277847290039, 0.9552527114868165, 0.8472783996582032, 0.9444072410583496, 0.9495938102722168, 0.9547007301330567, 0.869091284942627, 0.8815516342163086, 0.8740554527282715, 0.897408415222168, 0.879483871459961, 0.9166197265625, 0.8451459976196289, 0.8623638671875, 0.9257982231140137, 0.9189329116821289, 0.8876038299560547, 0.8587788345336914, 0.9660399200439453, 0.9237754096984864, 0.9761383247375488, 0.9442486503601074, 0.9992882705688476, 1.0187117469787597, 1.055610637664795, 0.9014316543579102, 1.0259003273010254, 1.0629056365966796, 1.0555569305419923, 1.0844217102050782, 1.1038142265319824, 1.0475919464111327, 1.193948712158203, 1.0946801551818848, 1.122205707550049, 1.1992696807861327, 1.1461157890319824, 1.2655661231994628, 1.209005948638916, 1.2732537322998048, 1.1262064613342284, 1.3013095794677734, 1.2169965003967285, 1.2557649604797363, 1.328123332977295, 1.3130849548339845, 1.3477238357543946, 1.3917047775268554, 1.3641257217407226, 1.3693187805175782, 1.3194089828491211, 1.3288512237548828, 1.379930973815918, 1.3838666595458984, 1.3765132171630858, 1.4020141372680663, 1.414706704711914, 1.4089751388549805, 1.4729665924072266, 1.4468880081176758, 1.4222710845947266, 1.4818162490844726, 1.4494933670043946, 1.4679675659179687, 1.5250000366210938, 1.4825356582641602, 1.4322907623291015, 1.470633641052246, 1.5073296401977538, 1.5249501220703126, 1.4658451095581055, 1.5316136779785157, 1.482985107421875, 1.5019948364257814, 1.5007299392700195, 1.5108242889404297, 1.5121299514770508, 1.5016950408935548, 1.539359635925293, 1.5639279525756835, 1.5491405151367188, 1.5060301788330077, 1.5522310958862304, 1.5583967346191405, 1.51846124420166, 1.535807894897461, 1.5631075759887696, 1.588791258239746], "test_acc": [93.53, 95.96, 96.48, 96.99, 97.51, 97.81, 97.78, 97.81, 97.86, 98.09, 97.91, 97.62, 98.04, 97.89, 98.0, 97.9, 97.78, 97.74, 97.98, 97.55, 97.45, 97.3, 96.93, 96.42, 95.27, 95.68, 93.94, 93.01, 92.76, 93.27, 88.92, 88.51, 86.22, 85.57, 81.45, 79.14, 76.66, 80.37, 75.27, 72.53, 72.02, 71.1, 69.71, 71.09, 62.85, 67.48, 66.32, 63.56, 64.8, 60.59, 62.36, 59.65, 65.54, 59.86, 62.06, 60.32, 58.44, 57.93, 57.68, 55.65, 56.69, 56.34, 58.75, 58.08, 56.27, 56.28, 56.11, 56.1, 54.72, 55.75, 52.74, 54.28, 54.93, 52.27, 54.71, 53.87, 52.16, 53.06, 54.54, 53.31, 52.07, 51.41, 53.78, 51.49, 52.82, 52.58, 52.33, 52.29, 52.32, 52.78, 51.0, 50.43, 51.3, 52.27, 51.22, 50.04, 52.36, 51.57, 51.14, 49.97]}