{"train_loss": [2.2004780591043653, 2.1372439606576905, 2.1242629376232114, 2.118369085666461, 2.1141379939185247, 2.1113550515256376, 2.1088507547337785, 2.106624067848564, 2.1047819236404877, 2.1032627438887572, 2.1017146314311232, 2.100027936646062, 2.0987803452035303, 2.0973752706478805, 2.095767748152089, 2.0944627752670875, 2.0931911369164786, 2.0918141223936, 2.090535635112697, 2.0890853700474796, 2.0879415011304054, 2.0863591134548187, 2.084875076245039, 2.0833989954911747, 2.081822419523174, 2.080108496877882, 2.0783381171715565, 2.076685102067442, 2.075331954874544, 2.073039441791355, 2.0711522275566034, 2.069106745923686, 2.067150344196548, 2.0651290169638448, 2.0625746777424445, 2.0607866471649237, 2.0584576743790226, 2.055035706768688, 2.0529533148321333, 2.04988707945897, 2.0473389783476152, 2.043769115820909, 2.0408698190481234, 2.0377939781572065, 2.0344285847794294, 2.0305516811517568, 2.026878961131104, 2.023857244569012, 2.019579201936722, 2.015964721512591, 2.012443971175414, 2.0073840230958075, 2.003171792651853, 1.9984519005331218, 1.9943707562409914, 1.9894089306521618, 1.9846925024802868, 1.9801746464183188, 1.9756863196181436, 1.9693904850218031, 1.9649230616214948, 1.959661425433607, 1.9546513682247226, 1.9497264412223783, 1.9437129507716904, 1.9391758943724835, 1.9342537593637776, 1.9285577533082066, 1.92287963654241, 1.9178118769429688, 1.9127381787850306, 1.9072268014280205, 1.9035082230201135, 1.8969221436060393, 1.892086846451474, 1.8871733525879362, 1.8821376870330582, 1.876325323031499, 1.8725482946277683, 1.8667004187392373, 1.8625664830717266, 1.8583360263425062, 1.8531688866961715, 1.8489669726954565, 1.844419473511541, 1.840835803339624, 1.837329549412442, 1.8318995148198218, 1.8282837330276132, 1.8260006876582773, 1.8196018284712083, 1.8170268466839423, 1.8133429337261069, 1.8098345156918225, 1.8057588728574605, 1.8032407567032382, 1.8005103285496051, 1.7974789985734174, 1.79276645820365, 1.7904159021683228], "test_loss": [1.3656416366577149, 1.3029805648803712, 1.2323346755981446, 1.2116805793762206, 1.196247019958496, 1.1751243789672852, 1.2284230392456055, 1.162453207397461, 1.1879994415283204, 1.1948237274169922, 1.159868911743164, 1.195975698852539, 1.1495954193115234, 1.173007958984375, 1.1638070816040038, 1.1561735031127929, 1.1675888565063477, 1.170941453552246, 1.1896932250976562, 1.1692258117675782, 1.1126364471435546, 1.1576557327270507, 1.1706661514282226, 1.114982843017578, 1.1169412719726564, 1.1771657104492188, 1.1055650680541993, 1.1248805404663087, 1.1258050048828125, 1.082070329284668, 1.154556024169922, 1.147021127319336, 1.1083651321411132, 1.13786171875, 1.1449202941894532, 1.131430990600586, 1.1575933334350585, 1.193874362182617, 1.1167204833984374, 1.187491409301758, 1.1418917022705077, 1.17695673828125, 1.1529089981079101, 1.1820849243164062, 1.1270909469604493, 1.153936050415039, 1.1620058532714843, 1.155212710571289, 1.1845399978637696, 1.161249607849121, 1.2572400939941406, 1.0960772811889647, 1.165281544494629, 1.1008553604125977, 1.1464089279174805, 1.1586918365478516, 1.1625456268310548, 1.2121518585205078, 1.1727523681640626, 1.2005351608276367, 1.1872647888183594, 1.1474128967285155, 1.2043401092529298, 1.2139328567504883, 1.221131916809082, 1.1600820159912109, 1.1895063598632813, 1.1722550674438477, 1.2359252487182617, 1.1919565155029297, 1.1924189910888672, 1.26274415435791, 1.2057798370361328, 1.2162962997436524, 1.2160338317871093, 1.2323531646728516, 1.2409478851318358, 1.17061290435791, 1.349417512512207, 1.2765262802124024, 1.2729683273315429, 1.257778468322754, 1.2618176788330078, 1.2537619384765626, 1.2484714050292969, 1.2992979995727538, 1.271334228515625, 1.3043888458251953, 1.2802978958129883, 1.2877203094482421, 1.3076905349731445, 1.296246501159668, 1.3317201232910156, 1.327097119140625, 1.2387394134521483, 1.2620375381469726, 1.3235772277832032, 1.249116680908203, 1.261312091064453, 1.2471969268798828], "test_acc": [91.23, 94.61, 96.17, 96.95, 97.17, 97.6, 97.68, 97.83, 97.72, 98.12, 98.02, 98.24, 98.15, 98.37, 98.23, 98.35, 98.43, 98.45, 98.21, 98.32, 98.47, 98.3, 98.3, 98.53, 98.5, 98.5, 98.21, 98.32, 98.29, 98.46, 98.11, 98.2, 98.04, 98.11, 97.88, 97.81, 97.52, 97.67, 97.6, 96.99, 97.04, 95.88, 97.07, 95.45, 96.0, 95.19, 94.79, 94.18, 93.25, 94.14, 89.88, 93.83, 93.01, 93.05, 91.19, 91.29, 90.65, 89.76, 89.67, 86.55, 87.54, 87.7, 87.07, 86.36, 81.45, 82.85, 83.38, 82.82, 81.46, 81.64, 81.5, 78.76, 80.88, 80.04, 79.56, 78.25, 78.93, 81.14, 68.82, 75.78, 75.55, 75.46, 74.68, 75.54, 74.91, 71.92, 73.6, 71.03, 72.64, 71.79, 69.99, 70.93, 70.07, 70.17, 73.1, 71.8, 68.93, 72.94, 71.93, 72.45]}