{"train_loss": [2.301533139159537, 2.2996500954668746, 2.298765557953435, 2.298331539855044, 2.298017976121006, 2.297762739862132, 2.2975510975234528, 2.297366125461383, 2.2972140836919475, 2.2970887320673365, 2.2969736818574433, 2.29689039175327, 2.2968089891295147, 2.2967441234833155, 2.296678547675793, 2.296631565460792, 2.296574535532894, 2.2965318015497975, 2.2964939902990293, 2.296461172083504, 2.296422058191055, 2.296398871474796, 2.2963642101002555, 2.2963350634289603, 2.2963100951960964, 2.2962810626396766, 2.2962569304001637, 2.29622577652972, 2.2962138255437217, 2.2961946771695065, 2.296160733088469, 2.2961517908634286, 2.2961280014779835, 2.2961069151886506, 2.296090775575393, 2.2960762840050917, 2.296062345178718, 2.2960393622390227, 2.296024541569571, 2.296012525375073, 2.2959925231770573, 2.2959793138707805, 2.295959143047659, 2.2959564689897065, 2.2959306041399636, 2.2959192914840503, 2.295910990645743, 2.295891428605104, 2.2958855929537716, 2.2958703469007444, 2.295856474301754, 2.29584879701973, 2.2958315081066556, 2.2958238292963076, 2.2958051389099188, 2.29580585212789, 2.295789612664117, 2.295784001167004, 2.2957678773464303, 2.2957535544012346, 2.295739645631904, 2.2957372380118084, 2.2957209618682537, 2.2957088279927897, 2.2957086420466757, 2.2956888115304146, 2.295683543396811, 2.295675977682456, 2.2956653043755098, 2.2956589251501947, 2.295641829315414, 2.2956351179343004, 2.295625686645508, 2.295617330787528, 2.295611964841174, 2.295599907891363, 2.2955944150940986, 2.29558293075643, 2.2955727072862477, 2.2955615734442687, 2.295553667423053, 2.2955538131232953, 2.2955370886713014, 2.2955323320168715, 2.295521419781905, 2.295514564228873, 2.295501706437168, 2.2954934366747866, 2.2954822880590062, 2.295482286530682, 2.2954739551258903, 2.295462012800396, 2.2954515809686775, 2.2954463948551407, 2.295447821291084, 2.2954318676239405, 2.295423546917418, 2.29541547736551, 2.295406324741168, 2.295397626538562], "test_loss": [2.2301716857910154, 2.160210690307617, 2.1272105926513674, 2.1097006774902343, 2.0983008056640626, 2.0880772369384766, 2.0773265411376953, 2.0709714782714843, 2.0624746765136717, 2.0574440673828125, 2.0558447845458985, 2.050595164489746, 2.048384092712402, 2.043132504272461, 2.0386102905273438, 2.039454653930664, 2.035374282836914, 2.033888703918457, 2.0351069290161132, 2.0278711547851564, 2.0303591415405275, 2.0293080810546873, 2.026495544433594, 2.0231991119384767, 2.021003759765625, 2.0299737731933596, 2.0235394287109374, 2.0188255096435546, 2.0274452651977537, 2.0214942123413087, 2.023920375061035, 2.017471044921875, 2.019022979736328, 2.019937249755859, 2.01793165435791, 2.020221778869629, 2.0169506469726564, 2.0156422775268554, 2.0183305709838866, 2.013603831481934, 2.015423370361328, 2.0171625930786132, 2.0107249938964844, 2.018797906494141, 2.0112175354003905, 2.0116534103393553, 2.01143448638916, 2.012724072265625, 2.0123702697753907, 2.004976823425293, 2.007970559692383, 2.007117077636719, 2.008215670776367, 2.0050422271728516, 2.011807066345215, 2.004658222961426, 2.0109161712646486, 2.005942562866211, 2.0087182174682616, 2.0130908813476562, 2.0085690170288086, 2.0067157836914062, 2.0149619293212893, 2.0080573028564452, 2.010196955871582, 2.0053110763549804, 2.0125613037109376, 2.0090938522338866, 2.004937365722656, 2.0043442138671876, 2.00812596282959, 2.006997053527832, 2.006179914855957, 2.0034913818359374, 2.0057246658325196, 2.002839765930176, 2.0069579696655273, 2.003529446411133, 2.002916149902344, 2.0069771087646484, 2.0057393966674804, 2.0022081924438475, 2.006479902648926, 1.9973762191772462, 2.002390364074707, 2.003745428466797, 2.0025433151245116, 2.004615476989746, 1.9992590744018555, 2.004792074584961, 2.002313116455078, 1.9986699188232422, 2.0003175201416017, 2.0000718978881835, 1.9992411071777343, 1.9976527313232422, 1.9963405502319336, 2.001624443054199, 2.004265280151367, 1.9977821350097655], "test_acc": [69.29, 82.3, 86.07, 87.66, 89.97, 90.21, 91.71, 92.6, 93.08, 93.57, 94.02, 94.34, 95.09, 95.22, 94.93, 95.42, 95.67, 95.63, 95.73, 95.8, 96.12, 96.47, 96.43, 96.08, 96.44, 96.33, 96.56, 96.69, 96.62, 96.79, 96.85, 96.38, 96.87, 96.77, 97.01, 97.08, 96.98, 96.98, 97.04, 97.18, 97.12, 97.18, 97.15, 97.31, 97.41, 97.31, 97.07, 97.26, 97.3, 97.15, 97.15, 97.26, 97.52, 97.49, 97.54, 97.59, 97.52, 97.51, 97.63, 97.62, 97.69, 97.55, 97.69, 97.56, 97.64, 97.62, 97.62, 97.7, 97.79, 97.85, 97.77, 97.63, 97.81, 97.86, 97.83, 97.8, 97.9, 97.84, 97.8, 97.77, 97.84, 97.8, 97.85, 97.85, 97.83, 97.91, 97.88, 97.96, 97.85, 97.97, 97.99, 98.0, 97.98, 97.97, 97.89, 98.0, 97.98, 97.99, 98.02, 98.02]}