{"train_loss": [2.197117702064351, 2.1350041582034183, 2.1232813724085817, 2.1182709728550706, 2.115097715304448, 2.112933944433163, 2.111299111802354, 2.1100574589183188, 2.1090192560456757, 2.1080939881821985, 2.1073053295795736, 2.106757971466097, 2.106189087415353, 2.1056178227449074, 2.105214928969359, 2.104797755041693, 2.104357813158606, 2.103939537309174, 2.1036252552627497, 2.1033666572000227, 2.103131094549456, 2.1028796205153832, 2.102635313303043, 2.102325485812293, 2.1021624085230703, 2.1019441342761374, 2.101713841287499, 2.1015003323554993, 2.10137669245402, 2.10119661459556, 2.101051492568774, 2.100868720274705, 2.100694209082514, 2.100528898911598, 2.1004208657476635, 2.1002443310541983, 2.100141297548245, 2.1000212466614876, 2.0998705533834605, 2.0998196851493964, 2.099647948375115, 2.0995312771226606, 2.0994054603780437, 2.0993379772218885, 2.099225774789468, 2.0991330742836, 2.098990294158968, 2.0989048526837277, 2.098909102443956, 2.0987148244156795, 2.0986531305516887, 2.098575473850609, 2.098519993134034, 2.098390644432133, 2.098276123022422, 2.098253455426958, 2.0981373792020683, 2.0980895528426537, 2.0979858132509084, 2.097954831062219, 2.097861532472138, 2.097755909984947, 2.0977015260957246, 2.097657630076775, 2.097532742553287, 2.0975163915218453, 2.097463548183441, 2.097382514904707, 2.0973437097337513, 2.0972620518798504, 2.097131158551599, 2.0971319746767354, 2.097051937865396, 2.097006734110351, 2.0969622242145047, 2.096885137578361, 2.0968261340744476, 2.09676100504704, 2.096637134368603, 2.096678934036157, 2.0966028886982517, 2.0965050479285736, 2.096463477000212, 2.0964421395562653, 2.0963522812240143, 2.0963304547163157, 2.096202239012107, 2.0962640841801963, 2.0961933293913164, 2.0961619401589417, 2.096103245885963, 2.096055215749985, 2.0960236415903792, 2.095914245670677, 2.0959080666558356, 2.0958241219194527, 2.0957905099942136, 2.0957354730011053, 2.095707449138674, 2.095666414142674], "test_loss": [1.3695205062866211, 1.2530736755371095, 1.2178622421264649, 1.188167170715332, 1.1902862457275392, 1.191435676574707, 1.1792751098632812, 1.1661067016601563, 1.1741196655273438, 1.1590498657226562, 1.142815705871582, 1.1680063430786132, 1.143387530517578, 1.1316765869140626, 1.1495626190185546, 1.1417325073242188, 1.1517650344848633, 1.1577704376220703, 1.1540092330932616, 1.1394312561035156, 1.1215079711914062, 1.1122530609130858, 1.1191702713012694, 1.106253596496582, 1.1184153762817384, 1.1549405624389648, 1.1329302612304688, 1.1246188934326171, 1.1239702880859375, 1.1515404342651367, 1.1392278671264648, 1.11505029296875, 1.1181786758422851, 1.1292974227905272, 1.124693473815918, 1.1031122467041015, 1.1249399002075195, 1.1194931030273438, 1.1234656478881835, 1.1267444854736328, 1.13079013671875, 1.1114383560180665, 1.1005361068725585, 1.0884110153198243, 1.1002644821166991, 1.1084521377563477, 1.1286893478393554, 1.1116644638061524, 1.1109541427612304, 1.1265481567382813, 1.147741571044922, 1.113373988342285, 1.146535757446289, 1.139493002319336, 1.1084922744750976, 1.1194299865722657, 1.0859586669921875, 1.1038091827392578, 1.1390841888427734, 1.086556936645508, 1.1255357955932617, 1.1621332916259766, 1.1285313232421874, 1.1550760818481445, 1.1109056838989257, 1.131223307800293, 1.0954692672729491, 1.1336642074584962, 1.1228958984375, 1.1074249969482421, 1.112212014770508, 1.093015589904785, 1.1201331298828126, 1.1095821060180664, 1.1145621047973633, 1.0967686782836914, 1.1227466827392578, 1.1240850006103515, 1.1183112274169922, 1.1043989944458008, 1.135633055114746, 1.1184996459960939, 1.1136885498046876, 1.1203255294799805, 1.1163214660644531, 1.1218505920410156, 1.1195701553344726, 1.0917371002197265, 1.1395410842895508, 1.1191543960571289, 1.1374926025390626, 1.1274460861206055, 1.099516438293457, 1.1021583755493165, 1.1121165679931642, 1.0967513549804688, 1.1385999755859375, 1.1227681060791015, 1.1071245208740235, 1.0968070434570312], "test_acc": [91.57, 95.76, 96.74, 97.1, 97.48, 97.8, 97.98, 98.19, 98.21, 98.3, 98.42, 98.55, 98.5, 98.54, 98.69, 98.64, 98.68, 98.76, 98.73, 98.79, 98.76, 98.83, 98.77, 98.85, 98.75, 98.86, 98.88, 98.9, 98.87, 98.88, 98.89, 98.89, 98.88, 98.89, 98.94, 98.94, 98.92, 98.91, 98.93, 98.98, 98.96, 98.97, 98.95, 98.95, 98.95, 98.94, 98.98, 98.92, 98.99, 98.99, 99.01, 99.02, 99.01, 98.99, 99.01, 99.01, 99.02, 99.03, 99.11, 99.09, 99.06, 99.08, 99.02, 99.1, 99.08, 99.11, 99.06, 99.02, 99.09, 99.1, 99.15, 99.06, 99.05, 99.07, 99.1, 99.08, 99.11, 99.1, 99.09, 99.13, 99.09, 99.11, 99.07, 99.15, 99.07, 99.07, 99.15, 99.14, 99.1, 99.14, 99.17, 99.15, 99.15, 99.15, 99.05, 99.11, 99.17, 99.16, 99.15, 99.13]}