{"train_loss": [2.2981983565876627, 2.291575118007823, 2.2894968966133575, 2.288207017458402, 2.287258332101708, 2.286580441853939, 2.286128530644963, 2.285753999510382, 2.285509878753597, 2.2852906961726327, 2.285098508382455, 2.284956232095376, 2.2848060497870812, 2.2846902191129503, 2.284578499121544, 2.2844867889697733, 2.284390207029815, 2.2842998433316875, 2.284239119444138, 2.284158285866436, 2.284093021837055, 2.284031013647715, 2.2839725837748275, 2.2839192401649604, 2.283859015529991, 2.2838054503131118, 2.2837669044478326, 2.283720039913797, 2.283671893625178, 2.283634920914968, 2.283586793475681, 2.2835648864762397, 2.283521520276355, 2.2834789503333917, 2.2834428232959194, 2.2834172809225883, 2.2833789775514197, 2.283357378254589, 2.2833255738274665, 2.2832966192155824, 2.2832650104139605, 2.2832373645570545, 2.283219298745832, 2.283188328274295, 2.283162876072093, 2.283141987446027, 2.28311539766116, 2.2830922196054053, 2.2830673125055103, 2.2830524500618634, 2.283033518709688, 2.283009430791578, 2.2829750027412024, 2.2829685129671016, 2.2829364293660874, 2.282934011047722, 2.2829092802145543, 2.282886060894045, 2.282868594185919, 2.2828490290886316, 2.282838050626282, 2.2828196949428983, 2.282801690774086, 2.282790249738938, 2.282773036732633, 2.2827565629258113, 2.282732389930986, 2.282711487550002, 2.28270451278768, 2.282695753961547, 2.2826820474404554, 2.2826664269479933, 2.282656064400306, 2.2826306585572724, 2.2826303034766107, 2.282609724590921, 2.282588702491206, 2.2825847028667092, 2.2825700554073367, 2.282552902515118, 2.282537576989231, 2.282528058076516, 2.2825164932471056, 2.2824977743319974, 2.2824804237765126, 2.2824739900409665, 2.2824644344484706, 2.2824564795208793, 2.282442554958865, 2.2824322999033155, 2.2824130236593065, 2.2824019677618628, 2.2823921706941395, 2.282383921309414, 2.282372392140902, 2.282363414254963, 2.282348839645712, 2.2823293219264755, 2.282321556001647, 2.2823096269216294], "test_loss": [2.1062460083007815, 2.0040197631835936, 1.9627583999633789, 1.9394032684326172, 1.9182388916015625, 1.9056917556762696, 1.8916658966064452, 1.8839593627929687, 1.8821731170654297, 1.8704442001342774, 1.8653758316040039, 1.8630371887207031, 1.8607841201782227, 1.8603019287109375, 1.8598765426635742, 1.8607280410766602, 1.8583187072753906, 1.8570764068603516, 1.849698941040039, 1.8488582244873046, 1.8510407623291016, 1.852525506591797, 1.8472301422119142, 1.8419713745117188, 1.8441829025268555, 1.8412028701782226, 1.836890560913086, 1.8423750793457032, 1.8374228713989258, 1.8366660598754883, 1.834834671020508, 1.8321986953735352, 1.8379204803466798, 1.832009506225586, 1.82493349609375, 1.8372034133911133, 1.832903382873535, 1.8288855850219727, 1.8378742172241211, 1.8426340438842774, 1.82784132232666, 1.8272516357421875, 1.832514892578125, 1.8315858032226562, 1.8279942581176758, 1.8273307922363282, 1.8247918090820312, 1.8322751708984375, 1.8353540618896484, 1.826743502807617, 1.8332217239379882, 1.8269771469116212, 1.8274496994018554, 1.8273909439086915, 1.8274374496459962, 1.8204105697631836, 1.826881867980957, 1.8279167999267578, 1.8211649383544921, 1.8300128799438478, 1.8196024658203125, 1.8268478500366212, 1.8242282775878906, 1.8227025573730469, 1.8265268676757813, 1.8264938659667969, 1.8285294219970702, 1.8229039855957032, 1.8204171188354492, 1.8285674453735352, 1.8253427368164064, 1.82601016998291, 1.821094969177246, 1.8370831314086915, 1.821356687927246, 1.8225447326660156, 1.814799166870117, 1.8294045913696289, 1.8240182159423828, 1.8235932250976563, 1.8189378952026367, 1.8188135131835939, 1.8178934112548828, 1.8235659408569336, 1.8166473617553711, 1.8318377014160157, 1.8138137451171874, 1.8126012557983397, 1.8208265350341797, 1.8213829666137695, 1.8252793731689454, 1.8169645446777343, 1.8116258590698242, 1.8165802185058593, 1.8244804779052735, 1.8048145385742187, 1.8246441543579102, 1.8157335540771484, 1.8191778884887695, 1.8190326538085937], "test_acc": [77.82, 87.02, 90.04, 91.68, 93.58, 94.25, 94.92, 95.63, 95.8, 95.98, 96.38, 96.43, 96.58, 96.79, 96.83, 96.95, 97.18, 97.17, 97.26, 97.17, 97.18, 97.57, 97.59, 97.5, 97.48, 97.59, 97.65, 97.69, 97.75, 97.58, 97.78, 97.79, 97.81, 97.91, 97.86, 97.9, 97.82, 97.96, 97.94, 97.94, 97.97, 97.93, 98.04, 98.03, 98.16, 98.09, 98.07, 98.11, 98.26, 98.12, 98.22, 98.05, 98.05, 98.27, 98.22, 98.26, 98.31, 98.32, 98.35, 98.34, 98.34, 98.35, 98.3, 98.37, 98.44, 98.43, 98.37, 98.47, 98.43, 98.45, 98.44, 98.48, 98.42, 98.36, 98.49, 98.46, 98.38, 98.48, 98.43, 98.55, 98.48, 98.53, 98.52, 98.5, 98.56, 98.53, 98.62, 98.51, 98.58, 98.58, 98.55, 98.54, 98.57, 98.49, 98.54, 98.58, 98.57, 98.55, 98.6, 98.56]}