{"train_loss": [2.290510321784223, 2.274474946352152, 2.267764809804085, 2.2635586832323646, 2.260435744228526, 2.258031621447995, 2.255828673004085, 2.2542746540827627, 2.252132875287635, 2.250609829894498, 2.248472856150733, 2.2466549379193883, 2.244700975397713, 2.2426364559393663, 2.240342188085246, 2.2377415727346373, 2.235263835670602, 2.2318013478548098, 2.2283984881180983, 2.2245777656889367, 2.2207349156722045, 2.2156952048978233, 2.2106307255916104, 2.204700965147752, 2.197788992498675, 2.1903170260608706, 2.181712424143767, 2.1725972131786184, 2.1622401195713596, 2.1506080688574376, 2.1367416203531446, 2.122301597371061, 2.1069063546820583, 2.0877573688824973, 2.0663325919045343, 2.045686012914038, 2.0218309780471344, 1.9951146797746675, 1.967025140921275, 1.9393805489580855, 1.9047209554248385, 1.8707658969438994, 1.8331167542526865, 1.796800482731599, 1.7588970597483153, 1.7165632472079024, 1.678850841573161, 1.6365041885620508, 1.5938247467717555, 1.5558788157426393, 1.51142993900511, 1.4705197166683328, 1.435697328331124, 1.3980243351214972, 1.3610549286389961, 1.3267730433716733, 1.2960983726203952, 1.2645713582507565, 1.2355708179310856, 1.2093401051994064, 1.1853788719218001, 1.1624058395878882, 1.1410652549348326, 1.1247358434220665, 1.1083341360601604, 1.092541656942449, 1.0784145392413833, 1.0675967098810735, 1.0558108854242878, 1.0446130072968638, 1.0364087129759991, 1.0283217039118466, 1.0204743232227798, 1.0122873176876297, 1.0065264812646768, 1.0009208624688988, 0.9950326532125473, 0.9897602843677896, 0.984484072169687, 0.9803182108279986, 0.9758190878181376, 0.9711801934446025, 0.9690235653239437, 0.963660028627795, 0.9606220593564531, 0.9566723792216717, 0.954302703213488, 0.9513388977855699, 0.9476775087607212, 0.9455325916791574, 0.9430605826469568, 0.9403385223231764, 0.9377700955185115, 0.9354242952460916, 0.9330567562172556, 0.930865037899751, 0.9284566528776772, 0.9267622716406472, 0.9243852614592283, 0.9227315853548865], "test_loss": [1.9636116256713867, 1.8446307174682617, 1.8281215301513671, 1.7431924545288087, 1.698729426574707, 1.7088345031738281, 1.6959475326538085, 1.6633289413452148, 1.6995690536499024, 1.6587472702026367, 1.6538697204589843, 1.6536413314819336, 1.6275701889038086, 1.700316128540039, 1.6421776000976562, 1.6832731826782226, 1.6548052673339844, 1.6456319976806641, 1.6003985885620118, 1.6182791076660157, 1.6404767059326173, 1.621580386352539, 1.6807773193359374, 1.65913338470459, 1.6558085205078126, 1.6639123031616212, 1.6553858001708985, 1.6398866790771485, 1.7039671585083007, 1.7271656723022462, 1.6257731719970703, 1.7197211303710938, 1.7604580184936522, 1.7329165237426758, 1.7286516479492187, 1.7878317031860351, 1.8030619781494142, 1.833991276550293, 1.7948361557006836, 1.8855695571899413, 1.7995788345336914, 1.9433472549438477, 1.8960258163452148, 2.0039313400268557, 1.904290020751953, 2.0414371292114257, 1.9932244125366212, 2.147739436340332, 2.061181286621094, 2.138674884033203, 2.164335986328125, 2.281530339050293, 2.1950653366088866, 2.2620414489746095, 2.3668650482177735, 2.3789846740722655, 2.417866603088379, 2.472696243286133, 2.5092530548095704, 2.5218675354003905, 2.494403063964844, 2.4941192779541015, 2.5561625686645506, 2.53233720703125, 2.586189416503906, 2.635541262817383, 2.65534501953125, 2.6231629943847654, 2.6435124298095705, 2.6528638793945314, 2.683256607055664, 2.6371354156494142, 2.6994763580322267, 2.6782108428955076, 2.717519192504883, 2.6854673919677734, 2.672541571044922, 2.683959036254883, 2.6857570098876953, 2.6975043060302735, 2.6367348693847656, 2.7353703216552736, 2.708465512084961, 2.762347152709961, 2.7497261901855468, 2.778627914428711, 2.707472903442383, 2.723936361694336, 2.698729946899414, 2.7287070251464844, 2.7972406463623045, 2.753210983276367, 2.7603620849609376, 2.7683422149658203, 2.7929426208496095, 2.720530404663086, 2.7604939270019533, 2.7721055023193357, 2.7816549591064454, 2.7900755096435548], "test_acc": [75.89, 81.12, 91.23, 92.71, 94.21, 93.64, 94.81, 95.19, 95.19, 95.89, 95.33, 94.5, 94.56, 94.84, 94.46, 94.89, 93.44, 91.12, 92.95, 92.45, 89.13, 88.78, 80.59, 78.89, 76.75, 79.37, 75.33, 74.52, 67.63, 61.77, 67.45, 57.94, 54.59, 54.98, 52.68, 47.68, 45.91, 42.0, 42.78, 37.21, 40.84, 36.39, 35.83, 34.16, 37.24, 32.63, 33.13, 27.14, 31.86, 31.38, 28.48, 26.73, 30.7, 27.64, 27.13, 27.26, 26.41, 24.93, 23.69, 24.38, 24.41, 25.13, 23.86, 25.37, 23.41, 23.73, 22.95, 24.92, 22.6, 23.19, 22.48, 23.48, 22.61, 23.3, 21.91, 22.46, 23.59, 22.9, 22.71, 22.56, 23.82, 21.59, 22.56, 21.33, 21.32, 20.72, 22.77, 22.27, 22.24, 22.56, 20.09, 21.36, 21.48, 21.41, 20.91, 22.35, 21.43, 21.46, 21.15, 21.14]}