{"train_loss": [2.2968757631432295, 2.2889017620657244, 2.286376513986506, 2.284739346585722, 2.2835858209520326, 2.282796823570871, 2.282171850021069, 2.2817606370673222, 2.28141767397905, 2.2811130652060876, 2.2808973860536885, 2.2806543244255915, 2.280464729692182, 2.2802634259574432, 2.280111557398087, 2.279968620874943, 2.279820398387746, 2.2796775698661804, 2.2795416274641314, 2.279398791300945, 2.27927536994983, 2.279186581953978, 2.2791018837537522, 2.2789861391752195, 2.278897875904018, 2.2787971654508867, 2.2787107713202124, 2.2786045064274063, 2.278522644796942, 2.2784489398328667, 2.2783619129759636, 2.2782730312428923, 2.2781840939807076, 2.278075934984745, 2.278028789239052, 2.277923803553622, 2.2778651627719912, 2.277786020030323, 2.2777138754852815, 2.2776014728423877, 2.2775620008126283, 2.2774775216722083, 2.2774003952996345, 2.2773153241882977, 2.2772560145100975, 2.2771737325904717, 2.2771031780120654, 2.2770409252908497, 2.2769471870528326, 2.276874911071908, 2.276787353377057, 2.2767148129960413, 2.2766569577730618, 2.276585027193412, 2.2764989957850204, 2.2764300174183316, 2.2763511808509502, 2.276269420599326, 2.276160472478622, 2.2761033951726732, 2.276035586483458, 2.2759862858006077, 2.275860017690903, 2.2757831348313227, 2.275696466111729, 2.275617316747323, 2.2755590218764086, 2.2754789208754516, 2.2753907915873404, 2.275298129289578, 2.275219088436192, 2.2751613824795456, 2.275043418774238, 2.2749599513844547, 2.274875621510367, 2.27480015438846, 2.2747377406837592, 2.2746173072065043, 2.274528016901424, 2.274469997638311, 2.274403691291809, 2.2742691727784963, 2.2742214467790394, 2.274106663516444, 2.2739949338456507, 2.2739146632007046, 2.2738465901113982, 2.273700017704923, 2.2736613541586785, 2.2735036234570365, 2.2734416025316615, 2.273312650175176, 2.2732670383575635, 2.273149719095638, 2.27309190411853, 2.2729963176270838, 2.2728663086891174, 2.2727573758516555, 2.272677386418367, 2.272544461947221], "test_loss": [2.0695784912109376, 1.973702230834961, 1.9205686325073241, 1.9040242767333984, 1.872766845703125, 1.863109864807129, 1.8495110717773438, 1.8506764282226562, 1.8380518203735352, 1.8322975143432618, 1.8284162216186524, 1.829354295349121, 1.8197180419921875, 1.8167901153564454, 1.8163665924072265, 1.8056404525756835, 1.8078946243286134, 1.820105290222168, 1.8088916046142578, 1.8034668518066406, 1.8005684005737306, 1.8085810806274414, 1.8055225814819336, 1.7931596588134766, 1.816792057800293, 1.7990702102661134, 1.8013190307617188, 1.7948951644897462, 1.8028710083007813, 1.7987053573608398, 1.793034782409668, 1.7892455551147461, 1.795299917602539, 1.7882319168090821, 1.7827582580566406, 1.7846357208251953, 1.7943144500732422, 1.7875486114501953, 1.7911845291137696, 1.797097267150879, 1.7849385025024413, 1.7886002136230468, 1.8016624938964845, 1.7859046096801758, 1.7988388198852538, 1.7890948013305663, 1.7851978393554688, 1.778543295288086, 1.7767205474853516, 1.7785981399536133, 1.7745845779418945, 1.7920120101928712, 1.7782850494384765, 1.7933707122802733, 1.7750010162353516, 1.7819405166625977, 1.7811933868408203, 1.7806289733886718, 1.771440690612793, 1.783262905883789, 1.7721084091186523, 1.773106365966797, 1.780471954345703, 1.773827197265625, 1.7848743896484376, 1.7789407028198243, 1.7769513458251953, 1.7751659255981445, 1.7863606155395508, 1.7886162109375, 1.7821564483642578, 1.7767707427978516, 1.7877759140014648, 1.7695143798828126, 1.7786109451293945, 1.7850928329467775, 1.7932692474365235, 1.8029809051513672, 1.7791036514282226, 1.781304202270508, 1.7653581970214844, 1.7880145950317383, 1.7733983489990235, 1.7815541748046875, 1.7849385772705078, 1.7683772705078125, 1.7857856872558593, 1.7681037536621094, 1.7602098388671874, 1.7861377182006837, 1.7749630798339844, 1.7834316040039062, 1.755524758911133, 1.77372138671875, 1.7654982345581054, 1.7585834396362305, 1.7712316268920898, 1.77853857421875, 1.7738654388427735, 1.7857837875366211], "test_acc": [75.53, 86.5, 90.49, 91.87, 93.34, 94.48, 94.66, 95.6, 95.67, 95.83, 96.34, 96.16, 96.54, 96.74, 96.86, 96.93, 96.99, 97.11, 97.04, 97.16, 97.24, 97.32, 97.35, 97.44, 97.53, 97.44, 97.62, 97.74, 97.59, 97.66, 97.61, 97.74, 97.87, 97.54, 97.72, 97.79, 97.89, 97.8, 97.86, 97.97, 97.81, 97.87, 97.99, 98.06, 98.02, 98.0, 98.12, 97.89, 98.17, 97.88, 98.08, 98.06, 98.23, 97.97, 98.06, 98.2, 98.13, 98.22, 98.07, 98.03, 97.98, 98.22, 97.76, 97.87, 98.16, 98.09, 98.1, 98.01, 98.23, 98.04, 98.0, 97.94, 98.05, 97.95, 97.9, 97.99, 98.1, 97.9, 98.03, 97.84, 97.95, 97.97, 98.18, 98.07, 98.02, 97.94, 97.93, 97.73, 97.76, 97.8, 97.73, 97.78, 97.88, 97.94, 97.83, 97.7, 97.89, 97.86, 97.82, 97.78]}