{"train_loss": [2.2929354233619494, 2.2813420611569004, 2.2778706576070213, 2.275716393931299, 2.2743361189834075, 2.273483993151249, 2.2728095502934904, 2.2723628868404617, 2.2719725762676988, 2.271651071870429, 2.271390932238, 2.27114118470086, 2.2709131459904532, 2.2707389898789234, 2.2705791811657767, 2.270408157100025, 2.2702553149981375, 2.270130585401486, 2.269984688514318, 2.269866439521822, 2.269773282047011, 2.269685501216823, 2.26955506281975, 2.269512296741844, 2.269414330140138, 2.2693098834437184, 2.2692446107538338, 2.2691672006223955, 2.2691103459423423, 2.269034933840108, 2.2689705735597854, 2.2689227482192535, 2.2688354411695757, 2.2687817603094964, 2.2687257828875484, 2.268685586941548, 2.2686163411181197, 2.268552232501853, 2.2685268409231787, 2.268471346451686, 2.268419930568108, 2.2683608903844132, 2.268330906191443, 2.2682837915216756, 2.2682282405021863, 2.268175031384851, 2.268146423702566, 2.268072929137792, 2.2680523028740516, 2.2680122831947784, 2.2679700036334176, 2.267929403190939, 2.2679050152118387, 2.267850420413873, 2.2678214688586373, 2.267783647419041, 2.2677475045888853, 2.26771306940633, 2.2676811141845508, 2.2676330621425924, 2.2676016780046315, 2.26756729835119, 2.2675272205955963, 2.2675271411227365, 2.267493378912282, 2.267448911300072, 2.2674099048997602, 2.2673652426809325, 2.2673535107547402, 2.267308528606708, 2.2672962087851305, 2.2672602019758306, 2.2672118982698164, 2.2671875067246265, 2.267167505545494, 2.2671173515482845, 2.2670995807036376, 2.267046455644135, 2.2670136221453676, 2.2670200563903546, 2.266970816840473, 2.2669361371260424, 2.266920773901491, 2.2668801403453207, 2.266861980287438, 2.266839052367414, 2.2668163429977546, 2.266742758771293, 2.266715733923464, 2.26670152356482, 2.266682282472268, 2.2666497556572285, 2.266621542792035, 2.266567340773395, 2.2665558060010276, 2.2665144490380573, 2.2665093586995053, 2.266472914789477, 2.2664695320985255, 2.2664120564093957], "test_loss": [1.9818356872558593, 1.8886776092529296, 1.8400005722045898, 1.8081449127197267, 1.7966392471313477, 1.776745979309082, 1.759403889465332, 1.761199102783203, 1.7462238250732423, 1.7461723083496095, 1.7312639877319336, 1.74863173828125, 1.7335608139038086, 1.7247649169921875, 1.739345979309082, 1.7321392913818359, 1.7332785522460938, 1.7250048950195314, 1.7219693023681641, 1.7129792602539062, 1.711572787475586, 1.7137055725097656, 1.72556279296875, 1.7226163757324218, 1.7199721328735351, 1.7201511032104493, 1.7138149154663085, 1.7076029678344726, 1.7224619323730468, 1.7135564559936522, 1.7135077865600585, 1.707408544921875, 1.7116946914672853, 1.707650050354004, 1.7118533630371093, 1.7023837677001954, 1.710850032043457, 1.7051424072265624, 1.7099173599243165, 1.7114778732299805, 1.6974062591552734, 1.7055241943359376, 1.6991354537963868, 1.701364714050293, 1.7067196701049805, 1.7082383255004883, 1.7008136657714843, 1.721679446411133, 1.7087597961425782, 1.7050029373168945, 1.68522511138916, 1.694646223449707, 1.6991354873657227, 1.6873483673095704, 1.6948430465698243, 1.7031633575439453, 1.6995414505004882, 1.7082621536254883, 1.70854317779541, 1.6930827514648437, 1.70671083984375, 1.7113219451904298, 1.7029107467651368, 1.719061799621582, 1.6939226135253906, 1.6901395736694336, 1.6938172653198242, 1.698875729370117, 1.6983230224609376, 1.701111637878418, 1.7007396255493163, 1.6888711181640625, 1.6852084014892579, 1.7036237014770508, 1.7129451385498047, 1.6936034774780273, 1.7114068145751953, 1.684413557434082, 1.694358709716797, 1.7121187896728516, 1.700902897644043, 1.6933029388427734, 1.6968321044921875, 1.6852779342651367, 1.6855820343017578, 1.7000578567504883, 1.7192326736450196, 1.6984639465332032, 1.6800439910888672, 1.6959593460083007, 1.6802339645385742, 1.7004935333251954, 1.7008610229492187, 1.687898895263672, 1.6824818237304688, 1.6758090896606446, 1.6942113983154297, 1.6972359390258789, 1.679264483642578, 1.6909287185668946], "test_acc": [80.35, 88.61, 91.35, 93.31, 94.9, 95.66, 96.08, 96.25, 96.44, 96.95, 96.87, 97.08, 97.28, 97.25, 97.57, 97.52, 97.63, 97.61, 97.72, 97.8, 97.77, 97.89, 97.91, 98.03, 98.01, 98.08, 98.06, 98.06, 98.1, 98.16, 98.1, 97.99, 98.25, 98.29, 98.21, 98.2, 98.21, 98.22, 98.35, 98.39, 98.26, 98.5, 98.44, 98.36, 98.4, 98.5, 98.29, 98.54, 98.44, 98.51, 98.51, 98.44, 98.52, 98.56, 98.46, 98.58, 98.48, 98.52, 98.56, 98.59, 98.6, 98.58, 98.53, 98.6, 98.6, 98.55, 98.62, 98.59, 98.53, 98.68, 98.64, 98.64, 98.62, 98.56, 98.57, 98.67, 98.69, 98.74, 98.62, 98.66, 98.68, 98.78, 98.67, 98.7, 98.72, 98.7, 98.76, 98.68, 98.79, 98.7, 98.73, 98.72, 98.72, 98.75, 98.71, 98.76, 98.77, 98.69, 98.71, 98.66]}