{"train_loss": [2.3006735225009103, 2.2962062185646124, 2.2938096156487098, 2.292434514587761, 2.291074983075134, 2.2897673305283246, 2.288563473102374, 2.2875745958752103, 2.2864124993992667, 2.2853779731652675, 2.2843319804240494, 2.283114009942764, 2.281796479327047, 2.28066260030127, 2.278967182860415, 2.27722459165459, 2.2755620122974753, 2.2732186526314826, 2.270999690406343, 2.2687494174028053, 2.265298535171737, 2.262786036882645, 2.2587573940937338, 2.254527278435536, 2.2501873241530523, 2.2445870622610435, 2.238892667313926, 2.232958584259718, 2.224823422411568, 2.2176748993050337, 2.2080085216424403, 2.1982931265464196, 2.185897778751504, 2.1720187679315224, 2.1581142091343546, 2.1404983442053838, 2.122778766685062, 2.1019579564404283, 2.0793619642400336, 2.0562616110357466, 2.028376066022449, 1.996960928806892, 1.9676976952797327, 1.9314445590871012, 1.8945263173335638, 1.8531090619727077, 1.817283847138413, 1.774825222726561, 1.7320202196765149, 1.6867369963572576, 1.6419480985555894, 1.5979639337613032, 1.547972050232765, 1.5067314620201404, 1.4631073194691258, 1.4204056881941283, 1.3778261883645995, 1.3381525871590672, 1.3009470265645247, 1.2614241471657386, 1.2244952438224075, 1.1975627546636467, 1.1639193915403807, 1.136527857464603, 1.1116418074338863, 1.0927028130007606, 1.0716195297546875, 1.0540279087602582, 1.0388594635276713, 1.0241538836405828, 1.012896971952202, 1.002082803310492, 0.993327979858105, 0.9843650790106537, 0.9769637200058016, 0.9686756694418752, 0.9624865134047647, 0.9562854405142304, 0.9502678354326476, 0.9451376879826571, 0.9399520181692563, 0.9348586790072613, 0.9297938383797295, 0.9259996782255988, 0.9222141930944899, 0.919141655931106, 0.9151408423980077, 0.9116604952221243, 0.9085631993336555, 0.9054359086813071, 0.9019865927278486, 0.8995287091049373, 0.8967027825932218, 0.8935889065520376, 0.8914057193403571, 0.8887943057422965, 0.8865150492160748, 0.8845712774329715, 0.8818120863447841, 0.8797303806258063], "test_loss": [2.1930272369384767, 2.0962437957763673, 2.064351448059082, 2.0342359878540037, 2.0156042922973634, 2.015178840637207, 1.986663948059082, 1.989732078552246, 1.9585415939331055, 1.9320407836914062, 1.9138267822265624, 1.9428892364501953, 1.9243548934936523, 1.907069790649414, 1.9084610565185547, 1.9148894165039063, 1.8841542343139648, 1.9124013259887696, 1.9117343139648437, 1.8930617782592774, 1.926118995666504, 1.8892899993896484, 1.9105616287231446, 1.9190615524291992, 1.867303044128418, 1.9642762039184571, 1.9319656906127929, 1.900040690612793, 1.927697380065918, 1.920816014099121, 1.903678582763672, 1.908455419921875, 1.956614810180664, 1.9643076980590821, 1.959415785217285, 1.9528787170410156, 1.8915640213012694, 2.0132594482421875, 1.986360173034668, 2.015570603942871, 1.991364744567871, 2.057504493713379, 2.1565396484375, 2.2024268981933592, 2.103994985961914, 2.2635436798095703, 2.2789178955078127, 2.2227019378662107, 2.388052798461914, 2.4243294219970704, 2.51224176940918, 2.5127203552246096, 2.6554471954345704, 2.425013818359375, 2.6074879028320312, 2.7010421112060548, 2.7817233947753905, 2.7858612182617186, 2.844116955566406, 2.914702429199219, 2.917363275146484, 2.9816173950195313, 2.875159356689453, 2.934898876953125, 2.99869987487793, 3.0189535186767578, 3.0159561950683593, 3.0993569732666018, 3.0862573364257813, 3.059832958984375, 3.073497906494141, 3.053867156982422, 3.097547039794922, 3.163389245605469, 3.1065976470947265, 3.1205290802001953, 3.136711065673828, 3.1536882110595705, 3.1278941650390624, 3.090151754760742, 3.186811779785156, 3.131488055419922, 3.126384014892578, 3.1430930419921874, 3.1061357666015623, 3.226914077758789, 3.1372141998291014, 3.1266481994628905, 3.16871357421875, 3.1740823364257813, 3.1562508544921877, 3.134494775390625, 3.141580798339844, 3.1691198150634765, 3.139146664428711, 3.1675220428466795, 3.157710629272461, 3.1456803009033205, 3.2041920196533202, 3.2392504791259764], "test_acc": [58.56, 65.35, 78.62, 79.89, 86.9, 86.1, 88.88, 87.83, 91.03, 91.96, 92.04, 89.39, 91.43, 88.86, 89.59, 87.63, 88.98, 86.02, 82.36, 80.12, 76.3, 78.1, 74.28, 68.47, 71.05, 53.9, 57.64, 56.8, 49.94, 48.27, 48.13, 47.23, 41.06, 37.48, 38.07, 35.51, 41.86, 30.28, 34.25, 30.72, 30.99, 26.38, 24.29, 21.17, 27.26, 19.93, 20.61, 22.4, 19.41, 20.27, 16.89, 18.28, 18.07, 21.94, 20.64, 16.61, 17.88, 18.44, 15.85, 18.3, 17.13, 16.34, 18.81, 18.25, 16.41, 16.67, 17.41, 16.82, 16.56, 16.37, 15.77, 16.66, 16.46, 14.82, 16.1, 15.79, 15.52, 15.59, 15.81, 16.33, 14.66, 16.05, 16.13, 15.57, 16.77, 14.54, 16.06, 16.03, 16.01, 15.31, 16.21, 16.65, 16.15, 15.92, 17.13, 16.62, 16.05, 16.36, 15.7, 15.15]}