{"train_loss": [2.2851131583890343, 2.2658458596620803, 2.25883859090316, 2.2546065801229234, 2.252111481805133, 2.2503916514225497, 2.2487756971620088, 2.2475797737765517, 2.2464733648503947, 2.24531763435429, 2.244527643052941, 2.2433099048769374, 2.242244069902306, 2.2412375481719646, 2.240214165968773, 2.239265779654185, 2.23805250469436, 2.236758905598241, 2.2358427001879764, 2.234370304987981, 2.233241157654004, 2.2315817037199297, 2.230161942477919, 2.228201194706126, 2.2265246780509624, 2.225151024822496, 2.2229795180834255, 2.2207192136691165, 2.2182878867173805, 2.21618487030013, 2.213756369219886, 2.2107648472500663, 2.2077694224496174, 2.2044489179920945, 2.201354110852266, 2.1980455538146515, 2.194160061004834, 2.1901719035246434, 2.185255686442057, 2.1814948931718483, 2.175725896134336, 2.170733712677263, 2.1654873352784376, 2.1587837781661596, 2.1531902409007406, 2.147272649483803, 2.1399205520621734, 2.13179428760822, 2.123452317510915, 2.116142552632552, 2.1082694948229017, 2.0988116177738223, 2.0895007655151887, 2.079846231855898, 2.070083497171728, 2.0610931413805385, 2.0496304778971224, 2.0398862318605437, 2.0285046233071222, 2.0177937580479517, 2.0071212598401256, 1.9948289325604072, 1.9841393189043062, 1.9736991078935118, 1.96099776106003, 1.9516642256679697, 1.9394712685010371, 1.9282818566530178, 1.917402577960593, 1.9067275832351456, 1.8958278137903948, 1.8844805410784533, 1.8762707873287363, 1.8652853527639666, 1.8567322686187222, 1.8449543936130328, 1.8373634262472136, 1.8307424956916745, 1.8188383897655032, 1.8127125654465113, 1.8037905721073477, 1.797376979365308, 1.7895544917664976, 1.7811476254565084, 1.7741646965344746, 1.7680115562218885, 1.7617725049838042, 1.7555076609819362, 1.7494482128029196, 1.744767671976334, 1.7385221416624184, 1.7342453950490706, 1.7290503497307117, 1.7230775277329307, 1.7198495691658084, 1.714642106467842, 1.7109757885973678, 1.707539670742475, 1.7042300028678699, 1.6992723592835615], "test_loss": [1.8765165161132813, 1.7440524398803712, 1.7156292236328126, 1.6402888809204101, 1.6453896057128907, 1.6534169708251953, 1.6180536315917968, 1.626617805480957, 1.636596371459961, 1.6297922409057617, 1.6135309524536132, 1.6019138870239258, 1.5963530563354493, 1.5712880630493165, 1.5798694519042968, 1.5788066421508788, 1.5727510467529298, 1.5756390060424805, 1.5928512939453126, 1.6088704208374023, 1.641331608581543, 1.6209494140625, 1.5498344924926757, 1.5347711990356445, 1.5508423248291017, 1.5971090484619141, 1.5982267135620116, 1.5669870742797851, 1.5996095581054688, 1.561178562927246, 1.6116597686767578, 1.5351538619995118, 1.6081075576782227, 1.5648490814208984, 1.575369760131836, 1.5565968170166016, 1.5359839630126952, 1.590819841003418, 1.5705877151489258, 1.5652286193847655, 1.5544864273071288, 1.6555764389038086, 1.5218687866210938, 1.6458115798950195, 1.6317941452026368, 1.6088515411376954, 1.5843775054931641, 1.628014515686035, 1.7434009689331054, 1.660944139099121, 1.6388634155273438, 1.688892042541504, 1.7224169464111327, 1.7495455963134765, 1.6471429992675781, 1.719210562133789, 1.6237991836547851, 1.7019585083007813, 1.704081317138672, 1.6556814849853516, 1.683993879699707, 1.703606037902832, 1.7768590911865234, 1.8022938293457031, 1.7217301971435548, 1.7588110107421875, 1.7389575424194337, 1.7717677032470702, 1.8045024459838868, 1.7863852935791016, 1.8451029159545898, 1.8423252700805663, 1.777245408630371, 1.8613204818725586, 1.8583609481811523, 1.7803039016723632, 1.7824103103637696, 1.8176490051269532, 1.90052618560791, 1.9211185424804686, 1.8868433837890626, 1.9906016067504884, 1.9291848022460938, 1.8607139205932617, 1.9668670043945313, 1.8857351791381836, 1.9205973312377929, 1.9183857742309571, 2.026979649353027, 1.906928338623047, 1.9830571868896485, 1.973151498413086, 2.0197223175048826, 1.9887701187133788, 1.9948615386962891, 2.042817793273926, 1.9829826690673829, 1.9917417358398437, 2.0161770751953125, 1.9803288925170899], "test_acc": [83.85, 89.45, 93.13, 92.78, 94.51, 95.45, 95.58, 96.39, 96.51, 96.68, 96.55, 97.05, 96.69, 96.25, 96.47, 96.55, 97.0, 97.01, 96.73, 96.56, 96.67, 96.8, 96.63, 96.63, 95.59, 94.62, 95.38, 95.58, 94.39, 94.25, 91.44, 93.04, 92.01, 91.0, 86.36, 88.48, 87.34, 86.42, 85.57, 85.48, 81.83, 71.93, 80.09, 72.67, 72.66, 70.87, 73.45, 67.95, 57.14, 61.81, 64.78, 55.86, 56.1, 50.93, 57.66, 52.76, 58.27, 52.67, 51.84, 54.4, 53.61, 50.1, 45.7, 44.98, 48.4, 45.79, 46.04, 45.7, 43.0, 42.2, 40.33, 41.64, 44.65, 38.72, 37.31, 43.53, 43.07, 39.82, 38.12, 35.18, 36.74, 34.88, 35.73, 38.7, 31.79, 37.0, 35.48, 37.13, 31.4, 35.78, 33.51, 34.48, 32.96, 34.07, 31.84, 31.23, 33.13, 33.95, 32.26, 34.15]}