{"train_loss": [2.3020984831019344, 2.3008987985105596, 2.300129777345902, 2.29972807617269, 2.2993589553058658, 2.2990288347260566, 2.2987474315186853, 2.2985046587438664, 2.298216685270652, 2.297974146838881, 2.297740214400821, 2.297478220401666, 2.2972177292546654, 2.297011064667987, 2.2967276975639863, 2.296422210514036, 2.2962051833796706, 2.295903824842893, 2.2956632650815525, 2.295367259755094, 2.295022318505833, 2.2948223581680884, 2.2943886523572807, 2.2939927455706473, 2.293693948505271, 2.2932542822299857, 2.2928063492489676, 2.292405174838172, 2.2918275849432006, 2.2915256313788586, 2.2909291636230598, 2.2904291310880938, 2.2897584754177647, 2.289047598838806, 2.2884255438788323, 2.287602377243531, 2.2868600299215722, 2.2859129095688844, 2.284988456302219, 2.284448267557682, 2.2833845218022666, 2.282167543203403, 2.281239847342173, 2.279952069123586, 2.278663443194495, 2.2771686575351615, 2.2761862761953955, 2.274779297857203, 2.2734165843735394, 2.2717535643496065, 2.2700628373357983, 2.268289467208406, 2.2659866519463367, 2.264286920046195, 2.2624010351987986, 2.2598221082972665, 2.258148853085999, 2.2557340626023774, 2.2529126833646727, 2.250280650762411, 2.2471577479289127, 2.24399813118144, 2.2412615392962074, 2.2382898264461093, 2.2346814274787903, 2.231540629496941, 2.2278739142621684, 2.223615745703379, 2.219490823073265, 2.215984049006405, 2.2113259302245245, 2.2075276614254356, 2.20185136438435, 2.197280784447988, 2.19248218414111, 2.1869452473444815, 2.181794079959902, 2.176553902972458, 2.1705694657105665, 2.166049060658512, 2.16019621415016, 2.152923481586652, 2.1486905390380793, 2.140880264278151, 2.1344997093208833, 2.1286657335411787, 2.12285359038247, 2.116741889562362, 2.1107790582200403, 2.102389142044589, 2.096415097387428, 2.0898567509447408, 2.084359155760871, 2.07835010636566, 2.0707064021346917, 2.0647801889313593, 2.058399791900928, 2.052676583202476, 2.045607164884225, 2.0401961100407138], "test_loss": [2.253183630371094, 2.209207666015625, 2.1797582611083985, 2.1625688079833982, 2.152614849853516, 2.1469860260009765, 2.135394567871094, 2.1299952758789065, 2.1198971954345702, 2.1052204956054688, 2.101987060546875, 2.1034891693115236, 2.0960426025390624, 2.0835737487792967, 2.081453012084961, 2.079415548706055, 2.0722401245117186, 2.0766169921875, 2.0753471008300783, 2.062884819030762, 2.0685143310546876, 2.062719009399414, 2.071829330444336, 2.0649483489990232, 2.0511129364013674, 2.070533740234375, 2.0603389068603515, 2.0487439865112305, 2.0560667205810548, 2.0438373428344727, 2.0387840896606444, 2.0428672149658205, 2.04659405670166, 2.059161276245117, 2.0503930938720702, 2.054123159790039, 2.0424302490234374, 2.0689808197021486, 2.042681497192383, 2.047150390625, 2.04240703125, 2.0406276473999023, 2.065203060913086, 2.072032760620117, 2.0344713943481447, 2.0713265380859376, 2.0467038635253907, 2.038777178955078, 2.0803820159912108, 2.035409729003906, 2.078750924682617, 2.0656900390625, 2.0667569396972656, 2.0365011917114257, 2.03746091003418, 2.085185333251953, 2.091811474609375, 2.067702117919922, 2.0827033111572266, 2.086078890991211, 2.0779695556640627, 2.105858120727539, 2.02760955657959, 2.090868713378906, 2.0753613128662107, 2.0965009460449218, 2.0879756378173826, 2.1172955169677734, 2.081580017089844, 2.1067399353027345, 2.100509217834473, 2.1320284912109373, 2.1551011932373045, 2.1418927124023437, 2.0565247848510744, 2.0541096145629885, 2.140899963378906, 2.153251892089844, 2.1215271484375, 2.0872827682495116, 2.1761517303466795, 2.145160479736328, 2.1058775024414063, 2.1475738830566407, 2.186008963012695, 2.211390060424805, 2.176321911621094, 2.1236647689819335, 2.178767776489258, 2.189433938598633, 2.1976259521484374, 2.151382730102539, 2.196888003540039, 2.2280726165771485, 2.212861575317383, 2.210034457397461, 2.171445513916016, 2.221425085449219, 2.2397149841308592, 2.2590518829345703], "test_acc": [54.8, 59.47, 70.81, 76.47, 80.71, 78.38, 86.29, 83.6, 87.73, 89.27, 89.68, 88.75, 90.94, 90.03, 90.02, 90.3, 90.03, 90.67, 90.19, 90.28, 90.29, 90.25, 89.57, 86.68, 88.89, 87.14, 86.58, 88.35, 83.73, 82.56, 82.7, 82.36, 77.57, 72.88, 78.21, 76.12, 78.61, 68.47, 72.89, 72.4, 69.08, 67.77, 63.0, 59.18, 60.23, 54.31, 55.35, 57.11, 49.43, 52.83, 44.47, 44.56, 45.08, 47.43, 48.92, 38.99, 36.7, 42.09, 36.65, 36.78, 34.2, 31.17, 41.89, 35.6, 34.72, 31.39, 31.83, 29.72, 30.89, 28.96, 28.89, 25.38, 25.75, 24.27, 31.55, 31.78, 25.87, 22.72, 25.12, 26.28, 21.54, 23.97, 26.99, 23.89, 19.98, 21.22, 21.73, 23.82, 22.6, 23.52, 23.59, 24.01, 22.01, 21.82, 23.61, 19.52, 22.08, 21.28, 21.81, 18.92]}