{"train_loss": [2.302733633762751, 2.3019546020744195, 2.301402885689695, 2.300855776693067, 2.300494504790021, 2.3000972928144994, 2.2996346665243816, 2.2993288743190274, 2.298837463570456, 2.2984447249999413, 2.297855800543076, 2.297414769474258, 2.296637883043697, 2.296089758220901, 2.295360099046658, 2.294528561270135, 2.2933781962109427, 2.2925208317927823, 2.291282501485613, 2.289890595480927, 2.2886089927110915, 2.2867055494561153, 2.284621198462625, 2.2828537118740573, 2.2805188400113683, 2.277408227451846, 2.274541229264349, 2.2712512153845568, 2.2677730408489194, 2.262853581681211, 2.2582179735868406, 2.2528609129098744, 2.2477052186289406, 2.240902237403087, 2.233721006629813, 2.2253277311977158, 2.2166461491177225, 2.206764981787429, 2.19544155169756, 2.1825739440754948, 2.1701484460097094, 2.153160229197934, 2.1367877981601615, 2.1189594228043513, 2.0971819524072175, 2.0747247529335513, 2.0512717083478584, 2.0244545073081284, 1.9980440575342913, 1.9665202921272342, 1.935911768522018, 1.9029246660379262, 1.8661737276448145, 1.8327525051740499, 1.794985346050344, 1.756211195491318, 1.721629319537399, 1.682666706478494, 1.6455015142758687, 1.6101409841297019, 1.5711767991893313, 1.5407978775154831, 1.504578865491427, 1.4727460456709576, 1.4429073152888534, 1.4106222943872468, 1.387767932863317, 1.3603078730595417, 1.3354514959530952, 1.3151973340755854, 1.2967974887444422, 1.2792250664315672, 1.2657358404408154, 1.2495768419188311, 1.2374562391868005, 1.227093315532065, 1.2156455221339169, 1.2057049134348192, 1.1997916316374755, 1.1912439811942923, 1.1832244408945751, 1.1767393495791998, 1.1717032604237907, 1.1658809666450207, 1.1600864914237943, 1.1544924976988735, 1.1507265662026203, 1.1463480013557987, 1.1417390029145102, 1.1381979406389415, 1.1353279293602347, 1.1317113385750697, 1.1288809865458398, 1.1253366531469884, 1.1220169317009103, 1.1193190596551976, 1.1170405755695114, 1.1143257279171903, 1.1113658259567032, 1.1086831441801837], "test_loss": [2.27859150390625, 2.2581817749023436, 2.2378167755126954, 2.2192806243896483, 2.209824786376953, 2.1953835021972656, 2.189309310913086, 2.1831999084472655, 2.173827685546875, 2.1713147766113283, 2.1675586517333985, 2.1616184295654297, 2.155162094116211, 2.15506669921875, 2.1518257598876955, 2.132380612182617, 2.1333000427246094, 2.1312375, 2.1166284393310546, 2.118498873901367, 2.139843688964844, 2.134567938232422, 2.1282981506347656, 2.116174417114258, 2.142182229614258, 2.128462109375, 2.106382061767578, 2.1437800201416017, 2.1511184356689452, 2.151932406616211, 2.1316486755371096, 2.120732797241211, 2.0947137634277344, 2.156568475341797, 2.127509649658203, 2.095211166381836, 2.172408172607422, 2.158914907836914, 2.1709767974853516, 2.152999517822266, 2.190852670288086, 2.2303053955078127, 2.293534423828125, 2.2606713439941406, 2.341649124145508, 2.3561513427734373, 2.3393188354492187, 2.2560226776123047, 2.353702130126953, 2.3623830902099607, 2.482581143188477, 2.4480673095703125, 2.473171112060547, 2.561408041381836, 2.591320947265625, 2.5710745697021484, 2.536835772705078, 2.662734036254883, 2.759500588989258, 2.720030972290039, 2.722247430419922, 2.8973870574951173, 2.9234670806884764, 2.965563803100586, 2.9114327056884766, 2.936034280395508, 2.948464031982422, 3.111904232788086, 2.994500521850586, 3.1003544403076173, 3.0195512786865235, 3.0552854766845705, 3.1070270874023436, 3.0536745178222655, 2.981348583984375, 3.026624728393555, 3.04130927734375, 3.078050567626953, 3.0746547943115234, 3.059366748046875, 3.0140101257324217, 3.0742690185546877, 3.1258175476074217, 3.0721266876220703, 3.1024397430419923, 3.1007861206054685, 3.0738381103515624, 3.0702184051513672, 3.1160689849853513, 3.1267572357177733, 3.140269989013672, 3.104530352783203, 3.1124511169433595, 3.120675582885742, 3.1087725311279297, 3.1213548400878905, 3.0918025115966796, 3.1271273651123046, 3.1371541351318357, 3.120089724731445], "test_acc": [40.75, 43.17, 49.4, 48.57, 67.73, 67.04, 69.96, 69.4, 72.96, 69.81, 67.33, 67.96, 67.11, 63.83, 66.78, 67.94, 65.21, 58.31, 64.55, 58.56, 43.18, 51.71, 50.96, 47.74, 35.93, 35.69, 39.18, 35.51, 30.1, 25.47, 28.96, 28.58, 34.6, 26.16, 26.58, 30.4, 21.59, 22.25, 23.79, 21.81, 19.81, 18.29, 16.62, 17.52, 15.28, 12.54, 15.47, 17.45, 15.74, 14.43, 12.45, 14.13, 14.21, 11.85, 13.67, 15.42, 15.77, 13.46, 12.35, 14.78, 13.45, 13.12, 12.7, 12.83, 13.11, 12.35, 13.62, 11.39, 13.56, 11.73, 12.4, 12.41, 11.48, 12.58, 13.99, 13.21, 12.59, 12.38, 12.95, 12.58, 13.43, 12.89, 11.84, 12.86, 12.25, 12.37, 12.6, 13.0, 11.69, 11.67, 11.79, 12.19, 12.14, 12.06, 12.76, 12.06, 12.68, 12.03, 11.8, 12.54]}