{"train_loss": [2.302680428720947, 2.3026175040465136, 2.302591490949321, 2.3025674631452966, 2.3025617574015236, 2.3025496332054463, 2.302536082063985, 2.3025252783400383, 2.302515641746358, 2.3025065446511292, 2.3025003829572954, 2.302491499318017, 2.3024810914300446, 2.3024765247972603, 2.3024658092066774, 2.3024594804160614, 2.302454883726234, 2.3024435501832228, 2.3024369488414536, 2.302429893077948, 2.302419263582963, 2.3024176883901286, 2.302404534103524, 2.3023963489084163, 2.30239222294245, 2.3023793493580613, 2.3023702853765244, 2.3023670718201203, 2.302354964945051, 2.302346358441899, 2.3023409079282713, 2.302328793411581, 2.3023189622112827, 2.3023141622543335, 2.3023024843289304, 2.3022934371589594, 2.302283861188807, 2.3022794606339216, 2.3022622904206953, 2.3022493307407084, 2.3022434044088054, 2.302233486603468, 2.302221125517136, 2.3022067714960146, 2.302202995516296, 2.3021849928758082, 2.302169866541512, 2.302165720707331, 2.3021524869478664, 2.302140063709683, 2.302128694505773, 2.3021123475498624, 2.302102321742946, 2.3020861128456573, 2.3020741048022213, 2.3020611756887193, 2.302051319525792, 2.302036677670275, 2.3020170784404135, 2.3020012256426687, 2.3019868094696956, 2.301963096500462, 2.3019547156798534, 2.3019350435998707, 2.3019197277533703, 2.3019036411220193, 2.3018867964418526, 2.301861351881272, 2.301848056988838, 2.301828722668509, 2.3018086730924425, 2.3017854023183513, 2.301766832160135, 2.3017419586833725, 2.30173116005384, 2.301702951773619, 2.3016790880097284, 2.3016650651255226, 2.301637299040444, 2.3016180166831384, 2.301592445271647, 2.3015735327688036, 2.3015497586666007, 2.301515371371538, 2.3014964272833276, 2.3014647354427566, 2.301434071145506, 2.301413712338505, 2.301384727669577, 2.301354414377457, 2.3013188635182176, 2.301292520302993, 2.3012663742415924, 2.3012397019272175, 2.3012094884856134, 2.301163124732482, 2.301136472286322, 2.3011017502882543, 2.3010774025550256, 2.3010388974450593], "test_loss": [2.296931463623047, 2.2955327423095704, 2.294511981201172, 2.2942292724609374, 2.293471954345703, 2.292879458618164, 2.29256591796875, 2.2921240264892577, 2.291630288696289, 2.291340219116211, 2.291044302368164, 2.290838882446289, 2.2904109558105468, 2.290587811279297, 2.29023779296875, 2.28982138671875, 2.2896013061523437, 2.2893416748046875, 2.289084625244141, 2.2894031860351562, 2.289265466308594, 2.2887254547119142, 2.2886912170410154, 2.2885477081298826, 2.2883606719970704, 2.2877567962646483, 2.287749658203125, 2.2876935974121095, 2.2873893402099608, 2.2871774139404297, 2.287740689086914, 2.2873593048095704, 2.2869083892822264, 2.286644027709961, 2.2867065948486327, 2.2867197845458986, 2.286968325805664, 2.2867300598144533, 2.286461737060547, 2.2861945709228517, 2.286514682006836, 2.286625799560547, 2.2868168884277345, 2.286310595703125, 2.286193685913086, 2.2860586669921874, 2.285647229003906, 2.2863796875, 2.286064242553711, 2.285922689819336, 2.2856056915283203, 2.2854454498291017, 2.2857753540039063, 2.284925924682617, 2.285060516357422, 2.284914703369141, 2.284645849609375, 2.285589474487305, 2.2853836547851563, 2.2854850494384764, 2.284782321166992, 2.2852888610839845, 2.285216213989258, 2.2852686126708983, 2.2845542877197267, 2.285678631591797, 2.2842196716308596, 2.28437116394043, 2.2848742004394533, 2.285895718383789, 2.284184606933594, 2.2841173034667968, 2.2835963470458984, 2.285138912963867, 2.283862353515625, 2.2842391326904297, 2.2835057006835937, 2.284282336425781, 2.285154071044922, 2.2827079132080077, 2.2836296813964845, 2.2839084899902344, 2.2835968658447268, 2.2835130554199217, 2.2843004760742187, 2.2836400787353517, 2.2835591552734376, 2.2844675842285156, 2.284725860595703, 2.281990707397461, 2.2855476531982424, 2.2824492034912107, 2.2844104400634766, 2.2862613830566407, 2.285273373413086, 2.282513653564453, 2.283498919677734, 2.2844705261230467, 2.2847403381347657, 2.2822092651367187], "test_acc": [14.85, 13.77, 23.52, 24.48, 25.07, 22.27, 29.36, 23.64, 25.65, 31.95, 30.6, 33.74, 23.59, 35.69, 28.09, 31.15, 31.73, 34.97, 29.32, 29.69, 26.0, 33.97, 36.73, 26.24, 28.53, 32.1, 28.18, 37.44, 27.35, 33.32, 36.64, 33.91, 32.64, 37.97, 29.81, 29.06, 29.04, 33.36, 31.67, 30.79, 31.77, 32.07, 31.21, 29.37, 27.88, 32.24, 25.36, 29.52, 32.47, 29.87, 30.56, 30.13, 28.66, 28.09, 25.33, 24.76, 29.59, 27.45, 31.12, 27.56, 31.13, 27.14, 25.62, 24.3, 27.04, 25.24, 27.89, 23.96, 24.31, 21.32, 24.62, 25.67, 24.07, 23.16, 25.5, 25.58, 22.9, 25.18, 23.42, 25.77, 22.12, 21.76, 23.59, 23.7, 20.66, 20.94, 21.85, 22.3, 18.88, 22.28, 19.9, 20.37, 20.67, 17.21, 18.77, 20.07, 19.23, 18.98, 17.66, 21.33]}