{"train_loss": [1.42828603903962, 1.2110764590593486, 1.1802022812458186, 1.1636196709850914, 1.1505542728636, 1.139502401662688, 1.1304947426940641, 1.1216599565540624, 1.1140090604113717, 1.105898387539081, 1.0992057849454064, 1.090269939130188, 1.082312205917815, 1.0742743127366416, 1.0653060790565279, 1.054656965737669, 1.0445201446612675, 1.0327134285217676, 1.0207129471067689, 1.008585712975926, 0.9928449761663747, 0.9776625876498019, 0.9594875170379622, 0.9409909052217108, 0.919973865406126, 0.8978770661812562, 0.8719186543399452, 0.8452669449596324, 0.8175310536454885, 0.7863180883165098, 0.7569305902490249, 0.7227670927333016, 0.6853936231161795, 0.6492782763054228, 0.6110275385853572, 0.5751768367794844, 0.5361359343569503, 0.498110617009493, 0.46540705350219697, 0.42830357923466933, 0.39808028535201, 0.3635415074089144, 0.3314528973757202, 0.30951632336418855, 0.28107676803110504, 0.2568747325776479, 0.24602756125486305, 0.22694164528869665, 0.1982395062621078, 0.1912369664169402, 0.17548752116023475, 0.157432414440072, 0.1592976816285115, 0.149235132508553, 0.15511875269281813, 0.14517813868438587, 0.14684579320029062, 0.12546743606973407, 0.10596969863399863, 0.11100307180999945, 0.11359620383646116, 0.10656202430080654, 0.10088855832910691, 0.10844384831113693, 0.1185790233584678, 0.10588717422026217, 0.10433570725015467, 0.08509469295764326, 0.07009259551668014, 0.05865695520152903, 0.059614055917367466, 0.05591815107494083, 0.040244287293818265, 0.04227218664704989, 0.03819116823072744, 0.031009380514614094, 0.034268154082103416, 0.037025752087306775, 0.13342209487882817, 0.1599191969149133, 0.11121100736941156, 0.06976240413645521, 0.044477431971229546, 0.030799821918655153, 0.017150283409043763, 0.006529087451501534, 0.004352575824715388, 0.0030136240455202567, 0.0024508719738477315, 0.0020679779486077973, 0.0017534887784311913, 0.0015677171162305735, 0.0014159110271268422, 0.0013147690850827429, 0.001214927261392785, 0.0011160828762202181, 0.0010484267169466386, 0.0009916613324203042, 0.0009283864488586402, 0.0008859728407273944], "test_loss": [0.44816950225830077, 0.341133141708374, 0.40871286754608155, 0.377287442779541, 0.36995947399139406, 0.3003318483352661, 0.3594948516845703, 0.35538390102386475, 0.3658505031585693, 0.2767432804107666, 0.30535737495422366, 0.31059451999664306, 0.32829027404785155, 0.31120783252716067, 0.28259908752441404, 0.2541472040176392, 0.33514090080261233, 0.3034115842819214, 0.34487019805908203, 0.4163822380065918, 0.42161727027893064, 0.3184087760925293, 0.340486336517334, 0.36078334465026857, 0.37332776260375977, 0.42508335189819335, 0.33129729328155516, 0.32960229682922365, 0.4429432052612305, 0.35057119274139403, 0.3639356132507324, 0.459395198059082, 0.37281136722564695, 0.3788176118850708, 0.4443170051574707, 0.3478916667938232, 0.3932008769989014, 0.46183549613952635, 0.41758849067687986, 0.46767321643829346, 0.45043802871704103, 0.43589107284545897, 0.5297419853210449, 0.5391988513946533, 0.5798840435028076, 0.6195678577423096, 0.6158634319305419, 0.6490476905822754, 0.6957255218505859, 0.6343086204528808, 0.6095211071014405, 0.6825345012664795, 0.6147212907791137, 0.7694325109481811, 0.8053090919494629, 0.798669743347168, 0.7213007944107056, 0.8264086189270019, 0.8580316284179688, 0.6885864154815674, 0.7298263004302978, 0.8158951988220214, 0.927075394821167, 0.9070050834655762, 0.8494932804107665, 0.8261993061065673, 0.8260798509597779, 0.9590919322967529, 0.8331924083709716, 0.9007463550567627, 0.9144050567626953, 0.8881822217941284, 0.8871177314758301, 0.9387611946105957, 0.8647334617614746, 0.8595777294158936, 0.958768017578125, 1.0429739933013915, 1.027722992324829, 1.1430609733581543, 0.9447141483306885, 1.0262606147766113, 1.0131347869873046, 0.9333579814910888, 0.9109404666900635, 0.8869167869567871, 0.8670902751922608, 0.8577817794799805, 0.8640248710632324, 0.8724916557312011, 0.8780046691894531, 0.877756018447876, 0.8803941463470459, 0.8908763507843017, 0.892723265838623, 0.9017414287567138, 0.9022671421051025, 0.9052249137878418, 0.9134349678039551, 0.9178180934906006], "test_acc": [96.43, 97.33, 97.92, 98.13, 98.26, 98.49, 98.41, 98.62, 98.56, 98.59, 98.68, 98.43, 98.65, 98.72, 98.53, 98.58, 98.59, 98.45, 98.33, 98.02, 97.94, 97.9, 97.66, 97.13, 96.97, 95.01, 95.39, 95.6, 92.04, 93.43, 92.87, 88.96, 91.82, 90.84, 88.29, 91.0, 88.82, 86.43, 87.31, 86.03, 86.59, 87.49, 84.62, 84.16, 83.89, 82.7, 82.86, 82.16, 81.8, 83.51, 84.28, 82.5, 84.79, 81.02, 80.22, 80.55, 82.91, 80.16, 80.58, 84.35, 83.45, 82.04, 79.95, 80.25, 81.63, 81.72, 82.51, 79.84, 82.53, 82.14, 81.66, 81.37, 83.03, 82.66, 83.2, 83.48, 82.26, 80.21, 80.6, 77.99, 81.54, 81.1, 81.32, 82.91, 83.6, 84.15, 84.9, 85.38, 85.35, 85.35, 85.23, 85.4, 85.59, 85.44, 85.53, 85.38, 85.52, 85.61, 85.39, 85.47]}