{"train_loss": [2.3002539241415825, 2.2962717189748063, 2.2947218688125286, 2.293801573606638, 2.293019743047209, 2.2923996723615208, 2.2918920267341485, 2.291478610955752, 2.2911398298720007, 2.290809425533327, 2.290592443229806, 2.2903416661115794, 2.290172587093125, 2.289930924391135, 2.289759034784431, 2.289591394428514, 2.289415335553324, 2.289255647577791, 2.2891139362612343, 2.2889498681084723, 2.2887911674303885, 2.2886067730748754, 2.2884843247568507, 2.288365109354003, 2.2881315686763863, 2.287986353931264, 2.28780698012083, 2.2876426888327313, 2.287513310073787, 2.2873520178672595, 2.2871708829178767, 2.2870167152494445, 2.286847953612988, 2.2866649989388947, 2.2864918255398416, 2.2863389294371648, 2.2861765801397143, 2.2859534539728084, 2.285723984750927, 2.285609081769601, 2.285426183643504, 2.2851926485697427, 2.284884882788373, 2.2847169663152123, 2.2845122574741006, 2.2842573039552088, 2.284084389861832, 2.28378081576437, 2.2835240313130565, 2.283246910979605, 2.283057559759189, 2.2828110110046516, 2.282525859327398, 2.282098758424449, 2.2819193188960734, 2.281495150847313, 2.2813823987276125, 2.281013010404049, 2.2806160174883328, 2.280322276119493, 2.2799358851889258, 2.2796526434075117, 2.279296536730905, 2.278859521079267, 2.278463296401195, 2.2781097756491766, 2.277720233823499, 2.2773207634942145, 2.276916208430233, 2.276469478749821, 2.275904836308243, 2.2755062060478406, 2.274984553328946, 2.2746187733788776, 2.2741374347963905, 2.27363459371094, 2.2730775587579126, 2.272550257352682, 2.2720069014109097, 2.271525831813486, 2.2709612790335956, 2.270399913828597, 2.269822411557548, 2.2691466466993346, 2.2685368076348915, 2.267978792007153, 2.2672608540608334, 2.2665843153611207, 2.265965570241977, 2.2654350868657103, 2.264413025134649, 2.2638117156477056, 2.2632676979415436, 2.2624907758500843, 2.2617391689210877, 2.2610168864584375, 2.2602193722358117, 2.2595874473579927, 2.2586994537940392, 2.257568818381709], "test_loss": [2.177767468261719, 2.0843321014404297, 2.0484871994018556, 2.024402651977539, 2.0043931533813475, 1.9982538269042969, 1.9789287384033203, 1.9771483139038086, 1.9564626556396485, 1.95289736328125, 1.9560687271118165, 1.955763673400879, 1.9453943054199219, 1.9349483184814453, 1.9380178329467774, 1.950748779296875, 1.9345328475952148, 1.9372962142944337, 1.9306290008544922, 1.9223361770629883, 1.9193624679565429, 1.9162650192260742, 1.9167211334228516, 1.9216675567626953, 1.9111340560913086, 1.9134525451660156, 1.9261368377685546, 1.909368034362793, 1.917469415283203, 1.9110112228393554, 1.9260826721191406, 1.880708332824707, 1.9263632934570312, 1.8962259552001952, 1.891038998413086, 1.893986166381836, 1.8959669296264647, 1.8976567825317383, 1.9297900817871094, 1.8877134643554687, 1.903618634033203, 1.8995634567260742, 1.8891434677124024, 1.9123690505981445, 1.8857254730224609, 1.901328958129883, 1.9058883499145507, 1.9022283325195313, 1.899284117126465, 1.9290037155151367, 1.9086011199951172, 1.9014918121337891, 1.8926562896728516, 1.8837670059204101, 1.9122043670654296, 1.8927034744262696, 1.8932411026000977, 1.8842140838623047, 1.9121627395629883, 1.8843010665893554, 1.8850064025878905, 1.9162972412109376, 1.8674870086669921, 1.8676171890258788, 1.8955820678710937, 1.8738523513793945, 1.89259033203125, 1.9098024475097657, 1.8862520935058593, 1.893487727355957, 1.897236602783203, 1.9075866180419923, 1.907189454650879, 1.9006476303100586, 1.9035846771240235, 1.8997395278930664, 1.8559706985473632, 1.8653538970947265, 1.886122900390625, 1.9202794876098632, 1.8946978286743164, 1.8825078567504883, 1.89388837890625, 1.9209124557495116, 1.8953026336669923, 1.8959463150024414, 1.9103890213012695, 1.910554054260254, 1.876933285522461, 1.907649055480957, 1.9121113891601562, 1.8984607360839845, 1.9243317260742188, 1.9300372787475586, 1.884369204711914, 1.9067023178100586, 1.8864308395385743, 1.895273580932617, 1.9369384506225586, 1.8579324996948243], "test_acc": [69.03, 80.55, 87.28, 89.28, 91.05, 91.12, 92.87, 93.58, 94.37, 94.46, 94.47, 94.45, 95.0, 95.69, 94.54, 95.81, 96.25, 95.74, 96.35, 96.08, 96.2, 95.84, 96.24, 96.55, 96.54, 96.64, 96.42, 96.54, 96.66, 96.7, 96.44, 96.7, 96.55, 96.77, 96.41, 96.32, 96.63, 96.25, 96.07, 95.39, 96.63, 96.38, 95.62, 96.44, 96.1, 95.72, 96.01, 94.39, 95.03, 95.36, 93.95, 94.02, 93.57, 92.79, 90.94, 93.48, 93.83, 92.39, 92.7, 92.56, 93.39, 89.04, 92.81, 92.91, 91.25, 90.39, 89.72, 87.06, 89.55, 88.85, 87.59, 85.53, 86.97, 82.21, 85.88, 85.61, 84.54, 86.78, 84.46, 79.15, 80.15, 81.74, 82.25, 76.38, 78.46, 76.91, 77.72, 72.32, 77.52, 73.32, 71.98, 75.29, 63.9, 63.02, 76.22, 69.78, 71.1, 71.84, 61.7, 71.85]}