{"train_loss": [2.2722674287282505, 2.2401633221878963, 2.229090301399557, 2.223496906268291, 2.219988534083733, 2.21657752022784, 2.2140939984566126, 2.2113465712620664, 2.208933098703368, 2.206515194513859, 2.203821050815093, 2.201422726496672, 2.1988959399044004, 2.1951306080206847, 2.1923307868150563, 2.1882957760085406, 2.1846233402561936, 2.180609059130025, 2.175484406132983, 2.1706297876488447, 2.164577322637933, 2.15751885705524, 2.15047461202002, 2.1421320410365734, 2.1337938374943204, 2.123147484074291, 2.1109455462194915, 2.099053179861134, 2.0844626212731385, 2.068700726725097, 2.050444554059933, 2.031271243452007, 2.0088373797062116, 1.985537067692504, 1.9581668672398624, 1.9324618771544888, 1.9010736147562664, 1.8675839758326864, 1.8320411349463666, 1.7970651092692318, 1.759319299306625, 1.7180950723142705, 1.6771045036804981, 1.6359411343040628, 1.5920191404656467, 1.5498065028944585, 1.5042089241692143, 1.4624286235397697, 1.4218752460602002, 1.380492472495788, 1.338186211565621, 1.2992687141283965, 1.2596611141139626, 1.221068538661696, 1.1878537293682752, 1.1573475708818843, 1.1279239653267412, 1.0968114499352937, 1.070627069626099, 1.0479738041121736, 1.0260870905003996, 1.0050609391978664, 0.9894982412075385, 0.9744163247255179, 0.9608719746271769, 0.9479439878820354, 0.9377731943232381, 0.9281455952132869, 0.9185946874129467, 0.9106188705589018, 0.9025984763080238, 0.895877765921446, 0.8889630165619727, 0.8838770971593694, 0.8782249806273696, 0.8733532576479464, 0.8684479978858916, 0.863411948721633, 0.8594980060290067, 0.855292255552406, 0.8516249582808242, 0.8477959587023809, 0.8450902672404916, 0.8412380380253507, 0.8382707914480796, 0.8348869463572135, 0.8325642114266371, 0.8289910626207662, 0.8266916981874368, 0.8240378364029094, 0.8213471884910877, 0.8192049221605318, 0.817178644813024, 0.8140857860318615, 0.8118661228153441, 0.8099064708520205, 0.8080744812121758, 0.806064444856766, 0.8044184461618081, 0.8018032601501188], "test_loss": [1.7517565795898438, 1.6261496841430665, 1.5617801849365234, 1.504941717529297, 1.5262273941040039, 1.4853095565795897, 1.4858940704345702, 1.514264714050293, 1.50017576751709, 1.403312481689453, 1.4971755004882812, 1.4923827026367187, 1.478037252807617, 1.3898382751464844, 1.4724112579345703, 1.4223203155517579, 1.4359779098510743, 1.4266000396728515, 1.4479390701293946, 1.4438834091186523, 1.5030492233276367, 1.433914111328125, 1.4754553253173828, 1.4577175918579102, 1.4685453506469726, 1.4442836395263672, 1.5292845565795898, 1.5086958129882813, 1.466833757019043, 1.4566925079345703, 1.4639598907470703, 1.5089148559570313, 1.4861822052001954, 1.6180975708007812, 1.5734177078247071, 1.4706915771484375, 1.6784439666748048, 1.576923796081543, 1.7513697784423827, 1.7416298873901368, 1.672711343383789, 1.7531749938964845, 1.8713371704101562, 1.9299174591064454, 1.9462209503173828, 1.8564630981445311, 1.9563583389282226, 1.9566985382080078, 2.0397725997924803, 2.026093797302246, 2.048595524597168, 2.06420157623291, 2.217226951599121, 2.3215644317626953, 2.295728225708008, 2.286488055419922, 2.205732014465332, 2.290667481994629, 2.3277412399291992, 2.3395424514770506, 2.3327619216918944, 2.3409271560668947, 2.3944254470825195, 2.3658332748413087, 2.4171249404907225, 2.4485674774169923, 2.3947694061279297, 2.497822525024414, 2.4696672058105467, 2.481474383544922, 2.438153680419922, 2.4079047271728515, 2.45849404296875, 2.466941000366211, 2.4732150970458986, 2.5347347900390624, 2.508353744506836, 2.4939208770751953, 2.5398132141113283, 2.584317202758789, 2.5595264465332033, 2.598983511352539, 2.5511748260498046, 2.5564056732177733, 2.5696076263427736, 2.620191931152344, 2.581394091796875, 2.5531489349365235, 2.6213936431884766, 2.6231763916015627, 2.613374676513672, 2.59468112487793, 2.6103640716552734, 2.6268782104492185, 2.616880987548828, 2.6255590362548826, 2.6230409576416016, 2.6004898956298828, 2.6504928894042967, 2.646302816772461], "test_acc": [79.91, 89.92, 94.09, 94.52, 95.03, 95.67, 95.81, 96.2, 96.66, 96.28, 96.86, 96.6, 95.69, 96.54, 95.87, 96.23, 95.66, 95.82, 93.74, 92.41, 89.67, 91.01, 90.52, 88.71, 85.9, 85.42, 77.15, 73.38, 75.33, 74.16, 72.12, 66.61, 68.02, 57.84, 58.09, 62.15, 49.81, 53.16, 43.95, 45.24, 48.59, 44.65, 39.54, 37.25, 37.94, 38.04, 38.91, 36.71, 36.18, 37.38, 35.89, 35.15, 32.2, 30.38, 30.2, 31.37, 34.05, 31.73, 31.24, 31.61, 31.2, 30.79, 30.35, 31.07, 30.31, 28.07, 29.95, 27.6, 28.59, 29.3, 29.76, 30.73, 29.16, 29.39, 29.85, 26.91, 28.59, 28.24, 27.6, 25.49, 26.73, 25.55, 26.83, 27.36, 26.35, 25.85, 26.73, 27.49, 25.99, 25.56, 26.17, 26.03, 26.37, 26.03, 26.46, 25.31, 25.93, 26.91, 25.19, 25.64]}