{"train_loss": [2.2982826981789026, 2.2907427916159997, 2.287618499026339, 2.285447922527281, 2.283787597448398, 2.2822828985686994, 2.2810741688451195, 2.2800659333538804, 2.2791983612582216, 2.2782602401880117, 2.2773575298806543, 2.2765766484105687, 2.275537252935589, 2.2745700743463306, 2.273767507993258, 2.272623593990619, 2.2713523252397523, 2.270366926987966, 2.2688932485050626, 2.267564219287318, 2.266124708020789, 2.2645632329150143, 2.262722212534684, 2.260706881682078, 2.2586433897670517, 2.256091379202329, 2.2539580051715555, 2.2509943460806823, 2.2479067587444925, 2.2450665123442297, 2.24125715249624, 2.2369296448862452, 2.2327733248726935, 2.2289083044753117, 2.2232852241931815, 2.21739708358406, 2.211656047238244, 2.206003206917363, 2.1980457428174143, 2.1903696162068944, 2.182335179585677, 2.1732438812907944, 2.16252456821947, 2.1516917643384037, 2.141065823726165, 2.128670397477272, 2.1158470162469096, 2.1020744223879952, 2.086634568679027, 2.0706150381483583, 2.053997072144451, 2.037135967077353, 2.019098638724058, 2.001075672542947, 1.9814533647309003, 1.960854895094521, 1.9398606855135698, 1.9211756869768486, 1.9010002381271787, 1.8772161312592335, 1.8589197252041254, 1.836491243706809, 1.8169319346929207, 1.7976886281090925, 1.7773347919822757, 1.7605259161219637, 1.74281279118652, 1.7240927952986498, 1.7042429546515148, 1.688169471728496, 1.6713543987681723, 1.6541019693399086, 1.6412633866326423, 1.6285394379216382, 1.6137180514315255, 1.6022796465290918, 1.5903831389215257, 1.5798423137420263, 1.569788864025703, 1.557528320286009, 1.5496377173142555, 1.5415062512088025, 1.5320782180015857, 1.524567846304331, 1.5182535449663799, 1.5111881812922976, 1.5042731968256144, 1.4978770374232888, 1.4920297952798696, 1.4858623050216935, 1.4812070024319184, 1.4758201292437365, 1.4719453983836703, 1.4679600619352782, 1.463020361896254, 1.4593597617414262, 1.456903621681735, 1.4518597630354075, 1.4482381539976494, 1.4450585954209678], "test_loss": [2.116418344116211, 2.012509765625, 1.938833999633789, 1.926645231628418, 1.9048921447753906, 1.8778755584716798, 1.822797331237793, 1.8422106491088868, 1.8504398056030273, 1.8306357421875, 1.8334346298217774, 1.8153932373046875, 1.8188989181518556, 1.8187263168334962, 1.7863715637207032, 1.8073815887451172, 1.818763833618164, 1.827590998840332, 1.8115870529174805, 1.802181689453125, 1.8110348220825194, 1.793541387939453, 1.819594171142578, 1.8253354293823243, 1.7782479904174804, 1.7766759048461913, 1.7796723953247071, 1.8680982635498047, 1.8622824890136718, 1.8253203536987304, 1.792613316345215, 1.8006134078979492, 1.85272889251709, 1.8079070098876953, 1.797648422241211, 1.824359016418457, 1.8003866455078126, 1.808626319885254, 1.814948779296875, 1.87206270904541, 1.8038847244262695, 1.8968505340576172, 1.8680211639404296, 1.814603485107422, 1.866578269958496, 1.8939326919555663, 1.9179381942749023, 1.9308169296264648, 1.9143408218383788, 1.9035205505371093, 1.9578086669921875, 1.9898501098632813, 1.9405530670166016, 1.9684373718261718, 1.9835660202026366, 1.9654601928710937, 1.9613049758911132, 2.159211920166016, 2.082178695678711, 2.1958147430419923, 2.1469464080810545, 2.0432986724853515, 2.322686233520508, 2.154155342102051, 2.1267529052734373, 2.253004153442383, 2.092403776550293, 2.135191749572754, 2.2262475646972657, 2.176576318359375, 2.2818591400146486, 2.304814389038086, 2.367196841430664, 2.3302533782958985, 2.355094760131836, 2.2358464721679687, 2.2330751739501955, 2.3106470794677736, 2.3403102722167968, 2.373037777709961, 2.3807704284667968, 2.3443902770996092, 2.443281512451172, 2.3450827392578124, 2.383889910888672, 2.3979235656738283, 2.3702931854248046, 2.4043296630859374, 2.3652712493896484, 2.389079391479492, 2.4727551849365232, 2.423780072021484, 2.478496136474609, 2.4567538543701173, 2.4460491912841795, 2.4566794647216796, 2.564601379394531, 2.4950069244384765, 2.4805374206542967, 2.491225146484375], "test_acc": [76.8, 83.16, 87.93, 90.56, 91.92, 92.01, 92.34, 93.77, 94.4, 93.44, 94.56, 94.52, 94.57, 94.49, 94.17, 94.41, 94.4, 94.54, 92.08, 93.79, 92.39, 93.26, 90.34, 90.73, 90.1, 88.12, 86.04, 79.26, 72.88, 74.39, 77.47, 70.21, 68.64, 69.33, 67.9, 62.3, 64.7, 62.81, 59.73, 48.13, 57.69, 46.74, 49.19, 51.74, 45.74, 43.81, 39.71, 36.44, 40.86, 38.26, 34.61, 34.19, 34.65, 35.39, 32.43, 33.85, 34.64, 25.81, 29.87, 24.74, 27.12, 30.69, 21.02, 26.04, 26.63, 25.04, 29.54, 27.37, 24.36, 26.24, 23.34, 23.48, 21.99, 23.04, 21.18, 27.52, 27.54, 25.39, 22.81, 21.97, 22.46, 24.96, 21.5, 23.23, 22.24, 21.94, 23.43, 21.47, 24.46, 23.3, 21.29, 21.92, 20.27, 21.54, 21.33, 21.34, 17.81, 20.5, 19.63, 20.66]}