{"train_loss": [2.132214292501792, 2.0477900729220138, 2.033876215800261, 2.027138988686423, 2.0226833127502704, 2.0197580298806868, 2.017109737946437, 2.015037920230474, 2.0133616781642294, 2.011693280731511, 2.010404365694421, 2.0092947964484873, 2.0078260806890635, 2.0068649132537026, 2.005829471298772, 2.004787128705245, 2.0038279491102595, 2.002716524478717, 2.002041322298539, 2.00091106005204, 2.0000608678047476, 1.9991580838831062, 1.998302093683145, 1.9974171552393172, 1.9965680389322786, 1.995760013659795, 1.9946916974507845, 1.9937446738919642, 1.993093981447383, 1.992220195185425, 1.991358838784389, 1.9905970837825384, 1.9896449502716718, 1.988585533749344, 1.9879015964320583, 1.9863610453585274, 1.985759620483105, 1.9847975941295297, 1.9839576852117848, 1.9828533428347008, 1.981979822501158, 1.9810098511540992, 1.979854759752241, 1.9787285483291006, 1.9775948794479044, 1.9766237088757703, 1.9751535419724946, 1.9742789772840648, 1.9730297199681275, 1.9717807644962246, 1.970738577282327, 1.969302143296625, 1.9683872430752485, 1.9672085360074654, 1.9657571338690245, 1.9646235495551019, 1.9632739488385682, 1.9618518120712705, 1.9603370680258825, 1.959461607484736, 1.9578185012707343, 1.956490489662203, 1.954714146689472, 1.9532188115975795, 1.9517498535987658, 1.950652775601444, 1.9489815288629286, 1.9479043101653075, 1.9457897457302127, 1.9446672545029566, 1.9426662763978682, 1.941085686541011, 1.9396514716820838, 1.9382939812464592, 1.9359935127262375, 1.935274065305025, 1.933577770096624, 1.9323706527551014, 1.9303143595018957, 1.928610690129109, 1.9271451234817505, 1.9251796081025376, 1.9238444877485943, 1.9224657857010508, 1.9205166715332584, 1.9194160895979302, 1.917748022537965, 1.915873021651537, 1.9146301244568622, 1.912641641166475, 1.9114222651363437, 1.9098156275402787, 1.9079164299699995, 1.9062027393752694, 1.9053806698220408, 1.9036687490267632, 1.9018688403133652, 1.9004142541661222, 1.8986993528838851, 1.897514282892912], "test_loss": [1.1646375793457031, 1.056124836730957, 1.0441973289489745, 1.0369790382385253, 1.0389867782592774, 1.0192117134094238, 1.0009378303527832, 1.0891999397277832, 1.0021228866577148, 0.9726707939147949, 0.9613348251342774, 0.9988120223999023, 1.0143951210021973, 0.9643300193786621, 0.9954987205505371, 0.9963494171142578, 1.0237097137451172, 0.9718000556945801, 0.9927506896972657, 0.9822182830810546, 1.0128371719360352, 0.9832227645874023, 0.97592919921875, 0.9865138442993164, 0.954566056060791, 0.9943346435546875, 0.961715714263916, 0.9575106193542481, 0.9828843307495118, 0.9914510543823242, 0.9938163215637207, 0.940890486907959, 0.9454009918212891, 1.013527555847168, 0.953834001159668, 0.990965495300293, 0.9772228584289551, 0.933116635131836, 0.9521016777038575, 0.9979581825256347, 0.9750312629699707, 0.9597323669433594, 0.9898545234680176, 0.9557495826721192, 1.041060952758789, 0.9599187355041504, 0.9853812026977539, 0.9743605880737305, 0.9437677597045898, 0.9546348045349121, 0.9519696525573731, 0.9935911087036133, 1.0096793281555176, 0.9963096343994141, 0.9948222969055176, 0.9456183883666992, 0.9438611640930176, 0.9851920623779297, 0.9633643295288086, 0.9718193817138672, 1.0156602897644043, 0.9449289543151855, 0.9632844337463379, 0.9488550247192383, 0.9133353538513184, 1.0000831764221192, 0.9997555877685547, 0.9821091903686523, 1.0064636512756349, 0.9538124298095703, 0.923083277130127, 1.0432293479919434, 1.0024014587402343, 0.9256337432861328, 1.0407261184692382, 0.9854486511230469, 0.9954970001220703, 0.9825561515808106, 0.992507447052002, 0.9716361213684082, 0.9746400215148926, 1.0012699478149414, 0.9813440727233886, 0.9827683410644531, 1.016035492706299, 1.0040525566101075, 0.9339135986328125, 1.001758194732666, 1.0130277893066406, 0.9888781135559082, 0.9736199806213379, 0.9432569580078125, 1.0018092407226562, 0.9973340225219727, 1.0164555824279786, 1.0114684707641601, 0.9869005897521973, 1.0122720802307128, 1.012379867553711, 0.9985860504150391], "test_acc": [93.52, 96.03, 96.86, 97.54, 97.44, 97.76, 97.93, 98.2, 98.37, 98.41, 98.34, 98.43, 98.57, 98.57, 98.65, 98.69, 98.74, 98.76, 98.76, 98.69, 98.66, 98.63, 98.69, 98.76, 98.79, 98.72, 98.87, 98.84, 98.89, 98.78, 98.58, 98.74, 98.83, 98.62, 98.79, 98.69, 98.61, 98.7, 98.79, 98.73, 98.66, 98.62, 98.65, 98.79, 98.41, 98.64, 98.46, 98.69, 98.64, 98.46, 98.58, 98.41, 98.45, 98.62, 98.41, 98.54, 98.28, 98.5, 98.37, 98.29, 98.21, 98.41, 98.23, 98.12, 98.12, 97.96, 97.76, 97.92, 96.88, 97.89, 97.55, 97.1, 97.5, 97.68, 96.48, 97.32, 96.77, 97.3, 97.0, 96.8, 97.03, 96.55, 95.91, 96.58, 95.73, 96.5, 96.75, 95.24, 96.26, 96.04, 96.05, 96.41, 95.52, 94.19, 95.25, 95.52, 95.53, 93.59, 93.49, 94.6]}