{"train_loss": [1.8838467312674236, 1.7378322061819909, 1.7159681289623945, 1.7026864483825161, 1.6937613935552092, 1.6878255791643746, 1.680553531799561, 1.6758246989841135, 1.669907674066022, 1.6644377876550724, 1.6596555248794393, 1.6549174408627372, 1.6482682090539198, 1.6431497587607458, 1.6375565505944765, 1.629953926954514, 1.6244846312408774, 1.6159417766791124, 1.6094049951459608, 1.5997651415502923, 1.590799876767346, 1.5798796794862828, 1.5692822054410591, 1.5555601242261055, 1.5439495755057049, 1.5283962062790863, 1.5119553921569107, 1.4948430331344278, 1.4761285753841074, 1.4547664477274969, 1.4333968847735314, 1.4108549733447213, 1.3844125640188527, 1.356953703949594, 1.3300179171765971, 1.2997676154487154, 1.268257674625796, 1.235745651090247, 1.2036225999522412, 1.1699450013474522, 1.1392428978131368, 1.1036101451032183, 1.0711644710893304, 1.0387237851436322, 1.0038050153316596, 0.9748389091756609, 0.9471492204401228, 0.9172164595279938, 0.8896043438177842, 0.8667541269817923, 0.8424373640973344, 0.819378502221189, 0.7999289813968871, 0.7842208953239979, 0.769616637347091, 0.755980835765855, 0.7419873897591208, 0.7310893712644904, 0.7200720427382705, 0.7122456619882176, 0.7037423661886117, 0.6964399782765625, 0.6899011889074602, 0.6837003917520882, 0.6777868193184209, 0.6732809097848387, 0.6676753237206712, 0.6635470483292881, 0.6595308928408175, 0.6555471206322695, 0.652411604538942, 0.6481365027845415, 0.6445253937162905, 0.642750931219158, 0.6389418209974582, 0.6356002624727722, 0.6332305738559136, 0.6299830252288753, 0.6277765970454257, 0.6256140225972885, 0.6234199768967099, 0.6205928348577939, 0.6186784877736344, 0.6165400975280337, 0.6144711622315594, 0.6129309526111326, 0.6109893632750226, 0.608841117630657, 0.6070673046713202, 0.6053918021866399, 0.603964758097616, 0.6021047566945736, 0.6001887888225734, 0.598649335722638, 0.5972423405728788, 0.5957526019495777, 0.5942226245871975, 0.59284817510181, 0.5918420577405864, 0.5909138225082659], "test_loss": [0.8022113616943359, 0.6866559711456299, 0.7378826210021973, 0.6603007423400878, 0.6687115219116211, 0.6873784484863281, 0.6610203720092773, 0.6739016357421875, 0.6982190475463868, 0.5946206115722656, 0.663097989654541, 0.5901331169128418, 0.5991634330749511, 0.6740316116333008, 0.6451800148010254, 0.689233911895752, 0.6948833129882812, 0.7056542610168457, 0.7435763946533203, 0.6398508811950684, 0.6192545387268067, 0.691826262664795, 0.7105612159729003, 0.6125074451446533, 0.6942511283874512, 0.6968848396301269, 0.6929530731201172, 0.6454328414916992, 0.7450499557495117, 0.7628169387817383, 0.6678653839111328, 0.7079859771728516, 0.7478325309753417, 0.726617301940918, 0.7214557296752929, 0.7374105674743653, 0.805245775604248, 0.7107637290954589, 0.8232904998779297, 0.738767008972168, 0.757416958618164, 0.7973586387634277, 0.8184890937805176, 0.8309937553405762, 0.8790702842712402, 0.8992505744934082, 0.8966367965698242, 0.9680035270690918, 0.8901992149353027, 0.9319146652221679, 0.926155786895752, 0.8943715400695801, 0.9021540657043458, 0.9751381278991699, 0.9052845855712891, 0.8948014152526855, 0.9660311401367188, 0.9727751869201661, 0.9416427551269532, 0.984236018371582, 1.0032529266357422, 1.0053664077758788, 0.9842806182861328, 1.0185490135192872, 1.0017577201843262, 1.0254994705200196, 1.0318919219970704, 1.0111702423095703, 1.0237650459289551, 1.0499863304138184, 1.0914007011413573, 1.0460958297729492, 1.0632406021118164, 1.0826640953063964, 1.0626878562927247, 1.0952243301391602, 1.0719649864196776, 1.0823760612487794, 1.0912744331359863, 1.09328212890625, 1.0937066955566406, 1.1060972763061523, 1.0890881340026854, 1.105306605529785, 1.1067787818908692, 1.1150465980529785, 1.1335474517822266, 1.125596443939209, 1.106284253692627, 1.140952926635742, 1.0997701599121095, 1.1424798934936524, 1.154802532196045, 1.104305744934082, 1.150010671234131, 1.1519018035888673, 1.1541340133666993, 1.1455498748779296, 1.1329641311645509, 1.1687351181030274], "test_acc": [93.45, 96.89, 97.44, 97.86, 97.8, 98.27, 98.28, 98.29, 98.38, 98.48, 98.48, 98.63, 98.5, 98.55, 98.28, 98.52, 98.37, 98.19, 98.14, 98.01, 97.99, 97.81, 97.26, 97.42, 96.81, 96.34, 95.2, 94.92, 93.83, 91.44, 93.2, 91.09, 89.12, 88.8, 86.29, 86.44, 82.88, 85.65, 80.64, 82.69, 80.92, 78.9, 78.13, 76.8, 75.05, 73.08, 73.46, 70.81, 73.87, 71.41, 71.72, 72.89, 72.05, 69.57, 72.75, 72.75, 70.29, 69.87, 71.5, 69.98, 68.86, 68.93, 69.51, 68.26, 68.85, 68.21, 67.68, 68.43, 68.07, 66.9, 65.48, 67.27, 66.97, 66.15, 66.87, 65.44, 66.44, 65.95, 65.77, 65.85, 65.74, 65.59, 65.95, 65.43, 65.21, 65.0, 64.67, 64.79, 65.22, 64.17, 65.7, 64.1, 63.72, 65.4, 63.72, 63.82, 63.57, 63.82, 64.66, 62.9]}