{"train_loss": [1.0929759719178207, 0.8437775080530052, 0.8153186942267622, 0.800940448911781, 0.7900413697601384, 0.7824966777593662, 0.7763380477061639, 0.7714772810283889, 0.7655388760006326, 0.7618547537897387, 0.7572215238952229, 0.7533061196151961, 0.7502147555351257, 0.7466553745106754, 0.7438218938743967, 0.7395980076657401, 0.7362676628379741, 0.73288361231486, 0.729673012581646, 0.7264307048330959, 0.7231900740383018, 0.719654404454761, 0.7167556954500003, 0.712990443293865, 0.7095874547958374, 0.7055720024638705, 0.7021173437436422, 0.6980427293441235, 0.6943194365654236, 0.6910646019073633, 0.6869948901172377, 0.6818029265373181, 0.678797815217931, 0.6749806532747725, 0.6704857164723241, 0.6668172094047579, 0.6626403623411798, 0.6584501128930312, 0.654762494385752, 0.6505452312974849, 0.645620312446203, 0.6420989828741449, 0.6381095967486373, 0.6340845697201215, 0.6305244812089154, 0.6265187406132364, 0.6231021779215234, 0.6186717813595747, 0.6151637685859305, 0.6121857066949209, 0.6088366514851904, 0.6061102195173247, 0.6032883030736548, 0.5996978033302177, 0.5972958475860775, 0.5946755488204141, 0.5914266496642023, 0.5901502621734244, 0.5874722240827023, 0.5850848041029058, 0.5830567960555737, 0.5809969011789713, 0.5791497341333292, 0.5773798288443149, 0.5750470240401406, 0.5734313568498335, 0.5719550165355715, 0.5705872881106842, 0.5687962466070795, 0.567797359238323, 0.5660556147241185, 0.56501929092611, 0.5636896441380183, 0.5621329582909234, 0.5612652694058214, 0.5603573117245976, 0.5591741452614466, 0.5582889517148336, 0.5569781015316645, 0.5563354254023641, 0.555512065306688, 0.5547671818580383, 0.5539295621152617, 0.5530205546026556, 0.5520040906137891, 0.5511723723676469, 0.5505957743550978, 0.549713533403527, 0.549097861107598, 0.5484315360713209, 0.5478188265592624, 0.54728865215921, 0.5463841753637689, 0.5460631280628025, 0.5452323484624553, 0.544745436973042, 0.5442652553319931, 0.5436159448745923, 0.5432418091939046, 0.5426653744573267], "test_loss": [0.26674046115875244, 0.23314745235443116, 0.22882248315811157, 0.2553337614059448, 0.22507457599639893, 0.20322595462799073, 0.21692574558258057, 0.18775379838943482, 0.21350709285736083, 0.21061091957092284, 0.19442362413406372, 0.203095281791687, 0.1800083694458008, 0.18407437381744385, 0.17353477821350097, 0.1879093532562256, 0.19628680629730225, 0.2098832456588745, 0.2026718521118164, 0.225556817817688, 0.1945290964126587, 0.19864076919555665, 0.18978721675872803, 0.1884514139175415, 0.24154606304168702, 0.2503688077926636, 0.17659921522140504, 0.22135128803253173, 0.1991114179611206, 0.20267741203308107, 0.18263481636047363, 0.19755224628448487, 0.18713760652542114, 0.19339113388061524, 0.1842595863342285, 0.20257129096984863, 0.17540053577423095, 0.16446935367584228, 0.18218983325958252, 0.19206241226196288, 0.20340561828613282, 0.2184163398742676, 0.2133394371032715, 0.22771152267456055, 0.19988606986999513, 0.21021725826263427, 0.1701201742172241, 0.20075492324829103, 0.21003418827056886, 0.21211376266479492, 0.18445808668136596, 0.2180015441894531, 0.1914603609085083, 0.19038204669952394, 0.19726342029571534, 0.2053496929168701, 0.2157357006072998, 0.1910116912841797, 0.17674601497650147, 0.1833701844215393, 0.19774768390655517, 0.19434920444488527, 0.22882683525085448, 0.19058276481628417, 0.18334225940704346, 0.1993427927017212, 0.19081886043548585, 0.19717686023712158, 0.21060631713867187, 0.1817663598060608, 0.18184799480438232, 0.21489260387420656, 0.20394452533721924, 0.20353766498565673, 0.19117869701385498, 0.1887766611099243, 0.19553237590789796, 0.18986876907348632, 0.19647653522491454, 0.18191291103363036, 0.18880760517120362, 0.19897772369384767, 0.20028837280273437, 0.1909569896697998, 0.19767739238739013, 0.19156487636566163, 0.19432108192443848, 0.21450309143066407, 0.1981253496170044, 0.2051268527984619, 0.21036861057281495, 0.20133286437988282, 0.18930323390960693, 0.21256178531646727, 0.20045482540130616, 0.21275785446166992, 0.20233923149108887, 0.2004088171005249, 0.20639202861785888, 0.19960863513946533], "test_acc": [97.08, 98.16, 98.44, 98.4, 98.55, 98.83, 98.8, 99.0, 98.9, 99.04, 99.07, 99.09, 98.98, 99.07, 99.06, 99.03, 99.04, 99.08, 98.99, 99.02, 99.08, 99.0, 99.0, 99.01, 98.92, 98.94, 99.11, 98.99, 98.99, 98.81, 99.02, 98.82, 98.87, 98.77, 98.76, 98.83, 98.87, 98.83, 98.79, 98.74, 98.61, 98.65, 98.62, 98.34, 98.53, 98.5, 98.7, 98.57, 98.54, 98.49, 98.52, 98.41, 98.59, 98.61, 98.39, 98.48, 98.21, 98.51, 98.6, 98.51, 98.46, 98.49, 98.24, 98.58, 98.44, 98.44, 98.47, 98.35, 98.42, 98.38, 98.51, 98.16, 98.38, 98.39, 98.37, 98.55, 98.53, 98.46, 98.4, 98.45, 98.41, 98.51, 98.37, 98.38, 98.31, 98.41, 98.42, 98.27, 98.3, 98.42, 98.39, 98.34, 98.45, 98.33, 98.36, 98.3, 98.29, 98.37, 98.44, 98.32]}