{"train_loss": [2.225895779255109, 2.1743016115620604, 2.1631319762295127, 2.158230399983561, 2.155167713124528, 2.1530414233859787, 2.1512376818901453, 2.14992518710275, 2.1487828493118286, 2.1476223356703406, 2.1466139223840504, 2.1456883682145014, 2.144882241884867, 2.1443085028575015, 2.1434245807492833, 2.1428539365784736, 2.1422306345059323, 2.14146441526902, 2.1408209337128534, 2.140282429691054, 2.1396876772244773, 2.1391035680078034, 2.138634488113925, 2.138138845945016, 2.137423382865058, 2.13668785798244, 2.1362702291235967, 2.1356211783539534, 2.1352298855781555, 2.134738210938935, 2.13407017226912, 2.1334565011864033, 2.132716846262288, 2.132081130121508, 2.131559224719675, 2.1310562134807944, 2.1304085952603917, 2.1296504883684664, 2.1292264711143623, 2.128464009007837, 2.1277742131143556, 2.127048711491446, 2.1262327468293343, 2.125674934978159, 2.1249721091017766, 2.1242886781692505, 2.1232147288118672, 2.1228530157325616, 2.121990720940451, 2.121243551755563, 2.1204185124136443, 2.119479662842221, 2.118514789475335, 2.117773906287984, 2.1170478167696896, 2.1161750412394857, 2.1151103514891405, 2.1144997640552683, 2.113230405200241, 2.112383835336082, 2.111569619076884, 2.1104203783548794, 2.1093753387785363, 2.1082730053836465, 2.107118330959581, 2.106197341894492, 2.1050922595537624, 2.1038793712599664, 2.1031937054079823, 2.101873737624568, 2.1005163819361954, 2.099797610543732, 2.0984296472663555, 2.097325731546451, 2.0961279089634237, 2.095057831870185, 2.0936652228363557, 2.0925456061322465, 2.0912432711348576, 2.0901139118732552, 2.0889177648430195, 2.0875653711139646, 2.0864402850468955, 2.084723244874905, 2.0835830895309773, 2.082385117172176, 2.080833965896541, 2.079807732349787, 2.0785991549491882, 2.077053472527072, 2.075989419578487, 2.074442891483633, 2.0730838225438046, 2.071915303540026, 2.070119200099228, 2.069128752264202, 2.068101550778772, 2.0664691542967772, 2.0654896355082846, 2.06419193591827], "test_loss": [1.486122006225586, 1.3605554412841796, 1.3384934799194337, 1.2985162796020508, 1.2881004776000977, 1.2798983840942382, 1.2787279449462892, 1.316015461730957, 1.2672195983886718, 1.2486562194824218, 1.2765362075805664, 1.2317366241455079, 1.2432442520141602, 1.2287645111083985, 1.222250160217285, 1.2474165740966796, 1.2275548309326172, 1.2069079727172851, 1.266872134399414, 1.2296854400634765, 1.2080975494384765, 1.1928729766845703, 1.2486082305908204, 1.2123607772827147, 1.235221076965332, 1.2620958938598632, 1.1783967727661133, 1.1984112091064454, 1.2433399566650392, 1.1977598419189452, 1.2380391067504883, 1.2070477676391602, 1.250935888671875, 1.2095540771484374, 1.1933177261352539, 1.2387998825073243, 1.2461531051635741, 1.1930962432861327, 1.2148132720947267, 1.2381061126708985, 1.2016553039550781, 1.2386152252197267, 1.2204499038696288, 1.2515928283691407, 1.239387873840332, 1.2051882583618163, 1.2285370407104492, 1.2558741424560547, 1.2420101181030274, 1.1718683227539062, 1.2301644577026367, 1.2571925628662108, 1.2372997848510743, 1.2454935302734376, 1.201232164001465, 1.252106315612793, 1.2683844696044921, 1.2223267471313477, 1.2482257247924804, 1.2085654067993163, 1.2426452178955079, 1.245938557434082, 1.1861342681884766, 1.226313766479492, 1.2240753173828125, 1.2878608703613281, 1.2511915252685546, 1.2312079360961914, 1.271353594970703, 1.2636685775756835, 1.1916431259155273, 1.2425913650512694, 1.2354225967407226, 1.231030940246582, 1.2107107772827148, 1.21478193359375, 1.2203706924438475, 1.2442268447875977, 1.269972018432617, 1.2421000167846679, 1.2233777618408204, 1.2527643798828125, 1.239736116027832, 1.2445379364013671, 1.2539441192626952, 1.2451067230224608, 1.257047100830078, 1.1986217376708985, 1.2236227157592774, 1.2610832321166991, 1.2664712631225585, 1.232577505493164, 1.2138750701904297, 1.2598438186645509, 1.2263399765014649, 1.2856201828002929, 1.201615788269043, 1.2838327713012696, 1.250687599182129, 1.2375529846191407], "test_acc": [86.57, 94.82, 96.25, 96.14, 97.15, 97.37, 97.56, 97.74, 97.91, 97.82, 98.12, 97.99, 98.08, 98.18, 98.42, 98.4, 98.4, 98.42, 98.39, 98.44, 98.52, 98.45, 98.51, 98.45, 98.44, 98.51, 98.43, 98.5, 98.61, 98.58, 98.66, 98.42, 98.51, 98.54, 98.62, 98.51, 98.5, 98.45, 98.5, 98.51, 98.48, 98.48, 98.31, 98.39, 98.46, 98.37, 98.44, 98.46, 98.47, 98.46, 98.33, 98.23, 98.33, 98.18, 98.27, 98.27, 97.57, 98.0, 98.0, 98.0, 97.91, 97.93, 98.04, 97.45, 97.78, 97.18, 97.21, 97.32, 97.0, 97.23, 97.47, 96.32, 96.77, 96.93, 97.09, 96.95, 96.59, 95.9, 96.04, 96.23, 96.46, 96.16, 95.15, 95.82, 95.27, 94.5, 94.72, 95.24, 94.62, 94.16, 93.67, 94.66, 94.75, 92.43, 92.68, 91.45, 93.76, 89.04, 92.46, 91.77]}