{"train_loss": [2.3017277997783108, 2.300160212394519, 2.299345591638842, 2.29895383068639, 2.2986775127231565, 2.2984194215546307, 2.298231083103734, 2.2980527755541678, 2.297897829968705, 2.2977560152355423, 2.29763514160091, 2.2975098607886553, 2.2974220662035494, 2.297345626557994, 2.2972454158668842, 2.2971864179668264, 2.2971056618242183, 2.2970586908169284, 2.296986101529537, 2.2969386236280456, 2.296894536059127, 2.2968283361858792, 2.296788843269022, 2.296757921194419, 2.2966989655779977, 2.2966640061802335, 2.296625991152902, 2.2965801037274876, 2.296542191097879, 2.296502934052394, 2.2964716436516524, 2.2964271317180405, 2.296384671814421, 2.2963551950250936, 2.2963060145704155, 2.2962851483597713, 2.29623609679377, 2.2962128958131514, 2.296168120498331, 2.2961382234198418, 2.2961075132728643, 2.296049832788288, 2.296031369612767, 2.2960056672748337, 2.2959542885804787, 2.2959158705849934, 2.295873772384774, 2.2958523243920417, 2.295829869233645, 2.2957736482987037, 2.2957531687540884, 2.2957071473455835, 2.295687468133421, 2.2956285828199143, 2.2955936371770678, 2.295563312167795, 2.2955101417680073, 2.295477302155943, 2.29542670188806, 2.2954053033111443, 2.295358570722433, 2.2953279996529603, 2.295285087874812, 2.295254642637367, 2.295198203661503, 2.295180048698034, 2.295119685495002, 2.295088220355857, 2.2950321950464168, 2.29500287058007, 2.294937459831564, 2.2948982618812823, 2.2948681864982996, 2.2948141510670004, 2.294777748421726, 2.294721759792067, 2.2946903394837666, 2.2946335388045025, 2.2945763937428465, 2.2945487820185146, 2.29449516789526, 2.294436502151, 2.294413200300983, 2.2943331099982953, 2.2942865276948, 2.29423404758812, 2.2941853490650144, 2.2941305683209348, 2.2940695581273136, 2.294019312940092, 2.2939670539309835, 2.29391563957573, 2.293859224543612, 2.293840355343289, 2.293711011735802, 2.2936925505980468, 2.293617453330602, 2.293549216201163, 2.293468587928348, 2.2934438107360124], "test_loss": [2.239895120239258, 2.175633920288086, 2.14649358215332, 2.126559976196289, 2.117274331665039, 2.1058006103515625, 2.096573892211914, 2.088732522583008, 2.079992971801758, 2.075895947265625, 2.0725953979492187, 2.07116357421875, 2.063761396789551, 2.061242579650879, 2.057968458557129, 2.057702696228027, 2.0565879943847656, 2.053986477661133, 2.0463486068725585, 2.050328713989258, 2.0465747634887697, 2.0463616760253904, 2.0397293243408203, 2.0405301223754884, 2.0378467712402344, 2.034079766845703, 2.0376523071289063, 2.040633003234863, 2.0368293914794924, 2.034256965637207, 2.033453468322754, 2.0335796020507813, 2.0308501602172853, 2.0279206741333007, 2.031130908203125, 2.033738317871094, 2.0247341903686524, 2.036478854370117, 2.033348374938965, 2.030876692199707, 2.0283903091430666, 2.0268089462280274, 2.034263023376465, 2.0306934814453124, 2.0253390884399414, 2.0322584396362307, 2.027718070983887, 2.019185298156738, 2.0254920761108397, 2.0257191024780274, 2.029013804626465, 2.0276795639038085, 2.0223089416503908, 2.0306679336547853, 2.027245233154297, 2.017782476806641, 2.0148436767578124, 2.017991108703613, 2.021179440307617, 2.0196467239379885, 2.0201451446533203, 2.019506285095215, 2.0212963806152344, 2.0214968627929686, 2.0217081161499024, 2.0198891464233397, 2.0263038986206054, 2.0105082565307617, 2.016742970275879, 2.013600555419922, 2.0215735107421877, 2.021358233642578, 2.017477262878418, 2.0111118240356447, 2.013499383544922, 2.0146817764282225, 2.014431051635742, 2.020880157470703, 2.0163068267822264, 2.014978681945801, 2.0227215255737305, 2.008872445678711, 2.009789462280273, 2.0285592315673826, 2.0185906509399416, 2.0117091613769533, 2.0208201583862304, 2.014088526916504, 2.0211285598754882, 2.0236352630615233, 2.017398515319824, 2.023633592224121, 2.0164597396850588, 2.0079201248168945, 2.02872492980957, 2.0093111923217775, 2.016086236572266, 2.003224478149414, 2.006847166442871, 2.0168218109130858], "test_acc": [64.58, 82.1, 83.77, 87.24, 89.75, 90.14, 89.85, 91.7, 91.86, 92.5, 93.47, 93.59, 93.97, 94.17, 94.19, 94.15, 94.78, 95.04, 94.7, 95.23, 95.58, 95.4, 95.58, 95.58, 95.52, 95.77, 95.65, 95.89, 95.62, 95.7, 95.99, 96.1, 95.62, 96.02, 95.92, 96.04, 95.91, 96.05, 96.16, 96.24, 96.22, 96.23, 95.94, 96.4, 96.17, 96.45, 96.28, 96.39, 96.05, 96.28, 96.63, 96.44, 96.06, 96.34, 96.33, 96.53, 96.3, 96.37, 96.37, 96.36, 96.49, 96.38, 96.49, 96.33, 96.32, 96.37, 96.27, 96.58, 96.49, 96.34, 96.46, 96.32, 95.49, 96.27, 96.16, 96.37, 96.52, 96.31, 96.63, 95.84, 95.79, 96.08, 95.4, 95.97, 95.25, 95.92, 95.45, 95.3, 95.74, 95.35, 95.57, 95.16, 94.62, 95.79, 95.61, 95.48, 95.48, 95.46, 94.91, 94.76]}