{"train_loss": [2.301915687373561, 2.300699989000956, 2.3000522159103656, 2.2997112391341448, 2.299484554519001, 2.299297240554777, 2.2991217028381477, 2.298992522761353, 2.2988460364504757, 2.2987159526246224, 2.2985977296136384, 2.298500099752703, 2.2984052748761625, 2.2983046194427033, 2.2982313332394657, 2.298145111809429, 2.2980866814270997, 2.2980032165845237, 2.2979366331018953, 2.297888081297915, 2.2978262799417872, 2.2977699143254857, 2.2976945832244353, 2.297679315265427, 2.297618731474265, 2.2975726494422326, 2.297523098114209, 2.2974540901999188, 2.2974134994368267, 2.297359572516547, 2.2973203592830234, 2.297265157230899, 2.297209301056006, 2.2971664091460724, 2.2971133482761874, 2.2970875883713746, 2.297028023463029, 2.2969666892646723, 2.29691935196901, 2.2968794061587405, 2.296829409069485, 2.296771246143895, 2.2967402181054792, 2.296687066045582, 2.2966241795792537, 2.2965557233900085, 2.2965393524903517, 2.2964444262349706, 2.2964091214359317, 2.296363177971962, 2.2963196828834014, 2.2962464252088823, 2.2961968570692926, 2.2961298431086745, 2.296066117592347, 2.296018258628682, 2.2959483194554973, 2.295894614651672, 2.2958195764794307, 2.295742209141071, 2.29567965788719, 2.2956484041662297, 2.2955512857844687, 2.29547744581842, 2.295406746558654, 2.295368345374735, 2.295287472060603, 2.295202425402454, 2.2951374624529457, 2.295048080957853, 2.2949732603170934, 2.294893660606482, 2.294864575577597, 2.294739788414067, 2.294655970019153, 2.2945725591773662, 2.2944947954935904, 2.2944342539860654, 2.2942989106871123, 2.2941996501042294, 2.2941110536583467, 2.294083690031981, 2.293951155283512, 2.2938380429887366, 2.293769280115763, 2.2936931930036626, 2.2935942895392065, 2.293434245973571, 2.293404534841195, 2.2932861065253234, 2.2931672278632464, 2.293056639850649, 2.292924902887426, 2.2928313460105505, 2.292724147821084, 2.2926446652819967, 2.2925313441162434, 2.2923804440050044, 2.292217263808617, 2.2921421599184346], "test_loss": [2.2476287536621093, 2.1948125091552733, 2.165054840087891, 2.1508128479003905, 2.1390324951171875, 2.1342688385009767, 2.12177717590332, 2.1147975189208985, 2.114017855834961, 2.106096157836914, 2.0990656799316407, 2.0961614166259768, 2.0959484924316407, 2.0913054809570313, 2.0866051879882814, 2.087063949584961, 2.082656805419922, 2.0766560363769533, 2.0796799713134764, 2.0784743682861326, 2.071368020629883, 2.074020455932617, 2.070991091918945, 2.0753944610595703, 2.0678783782958985, 2.064851193237305, 2.0617822265625, 2.066945883178711, 2.0683806549072266, 2.0632065856933592, 2.060276193237305, 2.062382263183594, 2.055030352783203, 2.056842077636719, 2.062927554321289, 2.0569974822998045, 2.0523233276367185, 2.056446618652344, 2.0538617736816405, 2.050855490112305, 2.056873229980469, 2.057937744140625, 2.0421573013305663, 2.058768438720703, 2.0410700408935547, 2.0529565521240234, 2.0549628814697267, 2.050042559814453, 2.0540230255126954, 2.05950690612793, 2.053733773803711, 2.0414096878051757, 2.046802035522461, 2.04119796295166, 2.0489014923095703, 2.0479501129150393, 2.0469121856689454, 2.046579574584961, 2.044658755493164, 2.052805191040039, 2.048087139892578, 2.039010205078125, 2.044983026123047, 2.046165979003906, 2.0377119750976562, 2.0373284286499023, 2.0368221252441407, 2.0410835266113283, 2.0431028686523436, 2.045656674194336, 2.050522085571289, 2.0513050903320313, 2.043059777832031, 2.0341030670166016, 2.0450525634765624, 2.043009924316406, 2.047434747314453, 2.0403482666015624, 2.0432490173339843, 2.0624974212646485, 2.037470034790039, 2.0386409912109373, 2.036629083251953, 2.048737322998047, 2.042291149902344, 2.0484653778076174, 2.03741676940918, 2.0545735290527345, 2.0454617614746096, 2.0426257263183594, 2.050039761352539, 2.0456990600585936, 2.0408341827392578, 2.020395185852051, 2.037664157104492, 2.047183673095703, 2.0386146484375, 2.03957428894043, 2.0232111434936524, 2.047773956298828], "test_acc": [64.15, 75.78, 82.59, 86.03, 87.82, 88.46, 88.61, 91.07, 91.78, 90.47, 91.65, 92.43, 91.96, 93.74, 93.48, 94.25, 94.35, 93.77, 94.69, 94.92, 94.79, 95.2, 94.67, 94.94, 94.95, 95.18, 95.56, 95.83, 94.78, 95.62, 95.62, 95.62, 95.81, 95.57, 96.0, 95.97, 95.81, 95.88, 95.76, 95.6, 95.98, 95.01, 96.06, 96.09, 96.19, 96.08, 96.02, 95.76, 95.96, 94.57, 95.85, 95.83, 95.94, 96.12, 96.23, 95.17, 95.72, 95.68, 95.91, 95.71, 95.17, 95.75, 94.85, 94.65, 95.13, 95.25, 94.49, 93.59, 93.73, 93.97, 93.71, 93.71, 94.15, 94.5, 94.5, 92.44, 93.32, 92.97, 92.84, 92.42, 93.3, 91.79, 91.23, 90.83, 90.29, 90.05, 90.62, 89.57, 90.63, 90.65, 88.61, 89.52, 88.1, 91.39, 87.6, 87.5, 89.41, 87.76, 89.51, 85.57]}