{"train_loss": [0.802009174011202, 0.5214821710927874, 0.49248799200878185, 0.47463155614259916, 0.4634756169831141, 0.4542915277565137, 0.4475286394102961, 0.4419386824990949, 0.4351248293159864, 0.4301926239560812, 0.4248165846762494, 0.42053774919392717, 0.41471039226804024, 0.4110204643991768, 0.4058369111874674, 0.4016100910739002, 0.39595196867345744, 0.39078154497676426, 0.3868842538541708, 0.3809988931712941, 0.37580231258757096, 0.3706279012700941, 0.3638402627319352, 0.3586571683995744, 0.3533432698275289, 0.3460373516138802, 0.3391774524417188, 0.3332923299863807, 0.3256026743314205, 0.3176447050884748, 0.3114368568500902, 0.30425107065174317, 0.29631036268467575, 0.29013900398316544, 0.282550887324107, 0.2757027336420157, 0.2688838992681768, 0.26076988528808975, 0.25548032843149626, 0.2487743814340514, 0.2425764591520668, 0.236525373135367, 0.23128443039380586, 0.22758472503887284, 0.22210857593733022, 0.21943637738243127, 0.21535657250728363, 0.21159098622126457, 0.20847602831756967, 0.2058067555165189, 0.20357331171886534, 0.20074897616082787, 0.19912255332510695, 0.19699371469199148, 0.1953183422422307, 0.19413165057189444, 0.19252025507963622, 0.19060749009761035, 0.1902210530307558, 0.18836847664071962, 0.1872882662165878, 0.18594134255097464, 0.18494550332936466, 0.18390883979761702, 0.18273257059801337, 0.1822769215219041, 0.1812214744078298, 0.1805508557675231, 0.1798824112957869, 0.1789748087270647, 0.17827245675855213, 0.17778109265570965, 0.17709800543693396, 0.17646814074017045, 0.1757303593505142, 0.17504319446718591, 0.17454359263309047, 0.1738767752535323, 0.1735200158551208, 0.17277090888247532, 0.1726502084579223, 0.17206623373378035, 0.1716258854119696, 0.1711342396835486, 0.17055505116143796, 0.170202538689487, 0.16981928257478607, 0.1695461786773979, 0.1688427210936689, 0.16852529604847616, 0.16830159784254864, 0.1681099597714905, 0.16737544463358373, 0.16718400307954887, 0.16690923324507526, 0.16635660075733805, 0.16639240812032652, 0.16598361287998337, 0.16558833646341267, 0.16530938252297223], "test_loss": [0.22525289673805238, 0.13873998775482177, 0.12341271796226501, 0.1147024498462677, 0.11419892520904541, 0.11862703909873962, 0.10896654872894287, 0.11819373464584351, 0.09594767150878906, 0.10860601387023926, 0.11281812114715577, 0.08666937065124512, 0.12256274452209473, 0.09574605832099914, 0.10801166062355042, 0.11059269618988037, 0.09592302813529968, 0.10759328708648681, 0.09124075202941895, 0.1082783763408661, 0.10196518297195435, 0.10695938048362733, 0.11776086235046387, 0.08774759030342102, 0.11507355937957764, 0.14426530570983886, 0.09548396172523499, 0.103119904088974, 0.10855760722160339, 0.12663630657196046, 0.10071566915512085, 0.09645416522026062, 0.09763060703277587, 0.11795274963378906, 0.1320036720275879, 0.11339202842712402, 0.12066424608230591, 0.10096116242408752, 0.11557131834030152, 0.10883708696365356, 0.1091570297241211, 0.12355072488784791, 0.1079481966495514, 0.11309738764762878, 0.109043394613266, 0.10554300780296326, 0.09577940559387207, 0.09123842105865479, 0.10956336717605591, 0.10283978137969971, 0.10904148688316345, 0.10374561891555786, 0.10999195337295532, 0.1023520107269287, 0.10280708436965942, 0.12055101776123046, 0.09911028437614441, 0.09987496852874755, 0.10221740555763245, 0.09966037511825561, 0.10253898696899415, 0.10467070927619934, 0.10039537448883057, 0.10050254912376404, 0.09627396082878113, 0.1003846797466278, 0.09933537034988403, 0.10076212048530579, 0.10027321381568909, 0.10449442539215088, 0.11285098242759704, 0.09617667632102966, 0.09672747855186463, 0.102609770154953, 0.10100662217140198, 0.09638727021217346, 0.09919514360427857, 0.09966567182540893, 0.10281548352241517, 0.11505101065635681, 0.10286096715927125, 0.09603211855888366, 0.10243824043273926, 0.10197305583953857, 0.10632483882904052, 0.10323983368873596, 0.0990708562374115, 0.11247894420623779, 0.104651269197464, 0.10032290992736817, 0.10386045713424683, 0.10855762271881103, 0.10077566876411438, 0.10188267579078675, 0.10537758779525756, 0.10475859832763672, 0.1007512363910675, 0.10195125074386596, 0.1019766420841217, 0.10087522959709168], "test_acc": [97.18, 98.1, 98.56, 98.73, 98.66, 98.7, 98.83, 98.79, 98.86, 98.84, 98.83, 98.93, 98.88, 99.01, 98.98, 98.95, 99.04, 98.93, 98.94, 98.77, 98.69, 98.82, 98.75, 98.78, 98.8, 98.67, 98.75, 98.61, 98.69, 98.51, 98.58, 98.2, 98.6, 98.36, 97.94, 97.97, 98.17, 98.08, 97.91, 98.09, 98.15, 97.94, 98.11, 97.88, 97.86, 98.02, 98.18, 98.15, 97.89, 98.08, 98.02, 98.17, 97.79, 98.01, 97.94, 97.5, 98.03, 98.08, 98.13, 97.93, 98.02, 98.08, 98.22, 98.06, 98.16, 98.09, 98.11, 97.92, 98.13, 97.98, 97.94, 98.25, 98.19, 98.15, 98.14, 98.16, 98.02, 98.22, 98.1, 97.92, 98.11, 98.18, 98.09, 98.1, 98.07, 98.08, 98.12, 97.93, 98.07, 98.17, 98.16, 97.99, 98.15, 98.14, 98.06, 98.01, 98.05, 98.13, 98.14, 98.19]}