{"train_loss": [1.3955696338517034, 1.1789149515903914, 1.1512512014462397, 1.1351168686762834, 1.123963538907532, 1.1138618813875394, 1.1074378787197618, 1.1000044354770937, 1.0936343452105155, 1.0881060374598217, 1.082623939610954, 1.0769353554799006, 1.071440475491377, 1.065551738963168, 1.0594017016582, 1.052834907403359, 1.0465696029938185, 1.0405809602931015, 1.0327355203210797, 1.025464000610205, 1.0166615749526227, 1.0094557819712875, 0.9995255359472373, 0.9887959222253572, 0.9780038602841206, 0.9676473219679971, 0.9534654157538699, 0.9406133758970815, 0.9274329573680193, 0.9123843845903364, 0.8976801567607455, 0.8816677110317426, 0.8645301890424174, 0.8470229538332703, 0.8280758573713466, 0.810589630379636, 0.7894017043022009, 0.770883727277446, 0.7497535568271947, 0.7306773260108426, 0.7093816985431899, 0.6909648379963688, 0.6732906146436675, 0.6519746677233622, 0.6353181623495542, 0.6173585054711399, 0.6021199664499006, 0.5871444744432074, 0.5733014240733578, 0.5603886286799724, 0.5495244057005287, 0.5390655604692606, 0.529820060182331, 0.521534678964024, 0.513802753108689, 0.5077943536970351, 0.5011371108583915, 0.4946922464375822, 0.49002499560005647, 0.48596968826575154, 0.4819603254779791, 0.4781897024721162, 0.47354581888414854, 0.4708961912582063, 0.4678546669773566, 0.46438612604243124, 0.4618221108730023, 0.4594565266345301, 0.4568991664255786, 0.45428488231622255, 0.4518603104302007, 0.44970547089464646, 0.44767733338551646, 0.44596866524627066, 0.4444494910347156, 0.44210796765027904, 0.4402711102977777, 0.43893762938996667, 0.43728780383482957, 0.43571991823677325, 0.4342340676066203, 0.43284836245907676, 0.43134190963628966, 0.43044116742845273, 0.4287241606885551, 0.4276372505686222, 0.42651571702753377, 0.42530551278947765, 0.42389504082946694, 0.42325608763429856, 0.4222278382278915, 0.42134685948109013, 0.42021841396633375, 0.4190051037276912, 0.4182596706554421, 0.417549535823174, 0.4170163231145622, 0.4158172524637646, 0.4150634604768875, 0.4144446089481696], "test_loss": [0.42774348831176756, 0.4088201133728027, 0.35749225940704343, 0.4609907871246338, 0.3912723039627075, 0.37096257858276366, 0.36418670196533204, 0.372124621963501, 0.29493075256347656, 0.35437013931274414, 0.3082614265441895, 0.3417689876556396, 0.29396969585418703, 0.30180024852752685, 0.33120664749145506, 0.32208009357452394, 0.2939474452972412, 0.36880059356689454, 0.32569136695861817, 0.33828371391296386, 0.30020204010009766, 0.26274510917663574, 0.3076976463317871, 0.3659535499572754, 0.36109319229125975, 0.3212425174713135, 0.37724798583984376, 0.39151233673095703, 0.29890949745178225, 0.30942795696258546, 0.29030421466827394, 0.3205988220214844, 0.3450684410095215, 0.3218148542404175, 0.32458154754638674, 0.3384419002532959, 0.35724913787841794, 0.34524687938690185, 0.31012359313964843, 0.3304294660568237, 0.3733581985473633, 0.37429938087463377, 0.3770776210784912, 0.35664915180206297, 0.39277340717315673, 0.3652853670120239, 0.3414471458435059, 0.4021487602233887, 0.42940502700805666, 0.3875274703979492, 0.4036755752563477, 0.38340766620635985, 0.37702814025878906, 0.4181065410614014, 0.37189597187042234, 0.40061875171661376, 0.4042736814498901, 0.4130482070922852, 0.40889754219055174, 0.38156772689819335, 0.41628754806518553, 0.390650385093689, 0.4000429248809814, 0.39723434696197507, 0.399498846244812, 0.4333728485107422, 0.4178324514389038, 0.4148940065383911, 0.395595182800293, 0.4200033266067505, 0.42962598838806154, 0.41760744819641116, 0.42839766540527346, 0.4192046913146973, 0.43402196617126465, 0.43990699653625487, 0.4339935375213623, 0.4195450054168701, 0.4268349067687988, 0.4167172552108765, 0.42831305351257326, 0.44153249549865725, 0.4547922134399414, 0.44091507606506347, 0.4331552169799805, 0.44634896659851075, 0.4520601634979248, 0.434667356300354, 0.4413526763916016, 0.4540285011291504, 0.4500435054779053, 0.4513830078125, 0.449068529510498, 0.4601529712677002, 0.44811440353393556, 0.4560457904815674, 0.460790503692627, 0.4691742221832275, 0.4428005950927734, 0.46862062568664553], "test_acc": [96.39, 97.55, 98.17, 98.32, 98.46, 98.58, 98.62, 98.67, 98.68, 98.79, 98.82, 98.74, 98.63, 98.86, 98.73, 98.84, 98.78, 98.81, 98.89, 98.74, 98.68, 98.64, 98.57, 98.3, 98.44, 98.5, 97.99, 97.42, 97.82, 97.44, 97.49, 97.02, 96.7, 96.61, 95.54, 94.95, 95.04, 94.32, 94.7, 94.13, 92.91, 93.18, 92.23, 92.57, 91.13, 92.13, 92.67, 90.53, 89.59, 91.08, 90.46, 90.67, 91.38, 89.61, 91.29, 90.4, 90.14, 89.82, 90.1, 90.75, 89.89, 90.54, 90.4, 90.55, 90.19, 89.12, 89.79, 89.93, 90.12, 89.29, 89.5, 89.47, 89.48, 89.5, 88.97, 88.75, 89.19, 89.74, 89.31, 89.56, 89.58, 88.77, 88.77, 88.77, 89.02, 88.81, 88.66, 88.93, 89.13, 88.46, 88.52, 88.62, 88.44, 88.22, 88.56, 88.4, 88.36, 87.95, 88.8, 88.01]}