{"train_loss": [2.295686788029141, 2.2863657041492624, 2.283402883598947, 2.2815051114457283, 2.2801665633152695, 2.2792749899065394, 2.2786077317009625, 2.278143598483159, 2.2777717449726205, 2.2774605328201227, 2.277138757909465, 2.276869790166871, 2.2766470078729157, 2.2764727503825455, 2.276249777048062, 2.2760452719835134, 2.275838733738304, 2.2757326043569126, 2.275538674277118, 2.275408263899322, 2.275235765000694, 2.27509818219731, 2.2749545665887685, 2.274840822077205, 2.274701164318965, 2.274590974689549, 2.2744480789217176, 2.2743149700327816, 2.2741854837817006, 2.2740635764904513, 2.273936226327195, 2.2738304871779222, 2.2737328939967685, 2.273574557569292, 2.2734356216895275, 2.273370488586589, 2.2732534046865935, 2.2731270250092206, 2.2730701331399445, 2.272913140618903, 2.2727742062674627, 2.2727226747406855, 2.272518506926349, 2.2724250743531775, 2.2723041421327834, 2.272182516562633, 2.2720223599010043, 2.271915950326838, 2.2718154568957467, 2.2716657570284657, 2.2715515805105877, 2.271502510095254, 2.271281582168025, 2.271222377434755, 2.2710945733592043, 2.2709266253006763, 2.2707774409881005, 2.2706350088119507, 2.2704683267153225, 2.2703202377017746, 2.2702283966235624, 2.270093965734172, 2.26991957018518, 2.2698601453732223, 2.2696159303697767, 2.269511993624206, 2.2694059141680727, 2.2692664800546107, 2.269040409825806, 2.268919472001557, 2.268715232355982, 2.2685754146331396, 2.2684301474155526, 2.2682419898163557, 2.2681061182266626, 2.267929704270811, 2.2677455274467793, 2.2675823034384313, 2.267450175733648, 2.2672001597208853, 2.2670742456729593, 2.2668411278317118, 2.26665223408968, 2.2664893575203724, 2.2663413184320826, 2.2661118257758965, 2.266005025969611, 2.265667615283249, 2.2655716395785666, 2.265290204785828, 2.2650974250247335, 2.265011804226117, 2.2646509796126275, 2.264403311105875, 2.2643184998096566, 2.264032763293666, 2.26389720195379, 2.2635518541702857, 2.2633843737789707, 2.2632909447718887], "test_loss": [2.0456931716918945, 1.9363135864257812, 1.891780030822754, 1.8748271820068358, 1.834414027404785, 1.826840315246582, 1.8201848175048827, 1.8041296813964844, 1.8092507263183595, 1.79867013092041, 1.7942020034790038, 1.786289567565918, 1.7801864486694337, 1.7894372833251952, 1.7856905838012695, 1.7779493240356445, 1.7689798538208008, 1.7772663146972656, 1.763910903930664, 1.7567367858886718, 1.7728498458862305, 1.7789073059082032, 1.7704244277954102, 1.761829833984375, 1.7669399093627929, 1.7778951217651366, 1.7414401947021485, 1.7542574157714843, 1.7611824325561523, 1.7679479553222657, 1.7721655899047852, 1.7637388610839844, 1.7642105087280273, 1.7582491287231445, 1.7435826477050782, 1.7549397781372071, 1.765957731628418, 1.7763441146850585, 1.7572530929565429, 1.763544024658203, 1.761406170654297, 1.7633829528808593, 1.7554328079223633, 1.7528565200805664, 1.7502915557861327, 1.7631515228271484, 1.7320353088378906, 1.7562065139770509, 1.7502333099365235, 1.7453815811157227, 1.744340461730957, 1.742502066040039, 1.740644743347168, 1.743730778503418, 1.7575416030883788, 1.7527072387695313, 1.7503553298950196, 1.7517748016357422, 1.754373570251465, 1.7683248168945314, 1.7366218963623048, 1.7429208190917969, 1.774661488342285, 1.747202345275879, 1.7402856552124024, 1.7461343795776367, 1.765167477416992, 1.7693154983520507, 1.7434234924316405, 1.7299806579589845, 1.7602880966186523, 1.7596742279052735, 1.7484015228271483, 1.7556029006958007, 1.7432052764892578, 1.7397571823120117, 1.7414220809936523, 1.7363890838623046, 1.747643733215332, 1.7615324523925782, 1.7835920272827148, 1.752815185546875, 1.727896533203125, 1.7240062927246094, 1.756961750793457, 1.7488994689941406, 1.7485699417114258, 1.7398883071899414, 1.7410125396728515, 1.7210397994995117, 1.7859785614013672, 1.7485998611450195, 1.7537773727416992, 1.7429938598632813, 1.773258203125, 1.7484939453125, 1.7656845611572265, 1.7355472946166992, 1.7455156448364257, 1.7467602416992187], "test_acc": [79.9, 85.24, 90.98, 92.16, 93.58, 94.81, 95.06, 95.86, 95.76, 96.28, 96.53, 96.7, 96.72, 97.1, 97.04, 97.03, 97.13, 97.14, 97.34, 96.9, 97.48, 97.25, 97.4, 97.61, 97.59, 97.76, 97.44, 97.65, 97.74, 97.74, 97.68, 97.8, 97.84, 97.8, 97.69, 97.75, 97.83, 97.87, 97.78, 97.88, 97.89, 98.07, 97.83, 97.93, 98.07, 97.99, 98.0, 98.1, 98.03, 97.75, 97.98, 98.07, 97.92, 97.99, 98.01, 98.05, 97.99, 97.77, 98.02, 98.06, 97.97, 98.11, 97.85, 98.0, 97.89, 97.79, 98.02, 97.54, 97.5, 98.01, 97.77, 97.45, 97.77, 97.51, 97.78, 97.39, 97.45, 97.55, 97.26, 97.43, 97.43, 97.3, 97.49, 97.22, 96.84, 96.99, 97.22, 96.73, 97.16, 97.23, 96.32, 95.96, 95.32, 94.09, 95.88, 95.59, 95.95, 96.55, 96.22, 95.97]}