{"train_loss": [2.045734438121828, 1.9352988977717538, 1.9175072819249244, 1.9083202336079035, 1.902297565060803, 1.8979176896759586, 1.8935720989337335, 1.8902501387473865, 1.8872017862959805, 1.8845666096760676, 1.8815123899879618, 1.8792238148868594, 1.8767825752241998, 1.8742648760477703, 1.8716570984604013, 1.869232689213549, 1.8666694943721478, 1.8642847346953857, 1.8619884512363336, 1.8590064932647934, 1.8556750941480327, 1.8532814368223534, 1.8501308934810834, 1.847606044039767, 1.8441249588106432, 1.8404207102253907, 1.8370453358715415, 1.8333438522795327, 1.829567736030644, 1.8254255372234898, 1.8215626592819507, 1.8161368094957793, 1.8118552692934997, 1.8074775636196136, 1.802177928451799, 1.7968787846402225, 1.7916047366765828, 1.7853199674023523, 1.7788002781378918, 1.7730403015246758, 1.7658597926298778, 1.7583988301264935, 1.7516173998005369, 1.7440035781289778, 1.7372314547881103, 1.7295744345228896, 1.720797655928848, 1.7137866509266388, 1.7037942531781318, 1.696609201339575, 1.687476846906874, 1.6780356400542789, 1.6696972897929003, 1.6607406743061848, 1.6527331619181185, 1.643875602983002, 1.6339206089321365, 1.6264019455665197, 1.6168797026332626, 1.6104002612778263, 1.6023618400606334, 1.591905864640179, 1.5857405491873748, 1.5761292316974738, 1.5692214099769919, 1.5622609665251186, 1.5539660102281816, 1.5470852266010056, 1.5407655267124503, 1.5334539864307795, 1.5269528255503402, 1.520294658648662, 1.5149952945036766, 1.5084502162077489, 1.503046101739264, 1.496408398844238, 1.4937515755494435, 1.4867908789051905, 1.4823714273098187, 1.4783741001389985, 1.474571128686269, 1.4697255795328026, 1.4654331281144395, 1.4607263579327836, 1.4570502294943883, 1.4539344598594894, 1.4496551071986175, 1.4472603367434607, 1.4430085553063288, 1.440513643444094, 1.4379279307830029, 1.4338379614373558, 1.4319334773935823, 1.4288717054913187, 1.4263951900677803, 1.4235719814259782, 1.4215100901758568, 1.4185542321612692, 1.4169245588983226, 1.414203729130264], "test_loss": [1.0497247352600099, 0.9170195915222168, 0.8941189002990723, 0.8785982543945312, 0.9028231674194336, 0.8602742172241211, 0.8815919845581055, 0.8023719085693359, 0.8564163757324219, 0.8819925933837891, 0.8570700401306153, 0.8726111419677735, 0.8416806121826171, 0.8000605567932129, 0.7707313095092774, 0.8777608772277832, 0.9051317253112793, 0.817773021697998, 0.8410765647888183, 0.9257239128112793, 0.7768552146911621, 0.8539310012817383, 0.8488188453674317, 0.8185309608459472, 0.7912099220275879, 0.8052961296081543, 0.8459402770996094, 0.8166213203430176, 0.8895473587036132, 0.8369593147277832, 0.8473437820434571, 0.8658407348632813, 0.7898008132934571, 0.8274581031799316, 0.8305276992797852, 0.8478911247253418, 0.7553555519104004, 0.81637671585083, 0.8250317321777344, 0.8678051551818847, 0.8441323272705078, 0.8198756309509277, 0.8703525573730468, 0.8223676094055176, 0.9035957084655761, 0.8319367172241211, 0.7990204750061035, 0.9122361045837403, 0.8938695266723633, 0.9055841621398926, 0.8750322189331055, 0.8793902648925781, 0.9282056739807129, 0.883423648071289, 0.910913345336914, 0.8873749198913574, 0.8867957160949707, 0.9104061065673829, 0.9611416763305664, 0.9283310157775879, 0.8957295372009277, 0.9319553878784179, 0.9309632484436036, 0.8942925369262695, 0.9062109001159668, 0.9628665580749511, 0.9519351577758789, 0.9488745208740235, 0.9721051521301269, 0.9070381507873535, 0.9482742477416992, 0.9590193267822266, 1.0019784172058106, 0.9125113616943359, 0.9443104499816894, 1.010038037109375, 1.016718994140625, 0.9966857460021973, 0.9480320289611817, 1.0110946754455565, 1.0142318527221679, 0.9620096443176269, 0.9864593490600586, 1.0137028373718262, 0.9850929740905762, 1.0095218315124512, 1.0804823974609374, 1.0091011627197266, 0.9801502494812012, 0.9764671752929688, 1.014628189086914, 0.986308814239502, 1.0260865692138672, 1.057419115447998, 1.0307935150146483, 1.0334153022766113, 1.007517790222168, 1.0402646125793458, 1.0011125885009766, 1.0426229675292968], "test_acc": [94.15, 96.19, 97.32, 97.61, 97.85, 98.09, 98.28, 98.29, 98.39, 98.38, 98.49, 98.6, 98.49, 98.6, 98.73, 98.48, 98.61, 98.74, 98.62, 98.59, 98.71, 98.58, 98.38, 98.43, 98.49, 98.36, 98.44, 98.32, 98.01, 97.93, 98.05, 97.76, 97.83, 97.87, 97.37, 97.36, 97.57, 97.37, 96.71, 96.04, 96.18, 95.69, 94.68, 95.01, 93.91, 94.7, 94.27, 90.56, 91.93, 91.64, 91.64, 89.85, 88.55, 90.48, 89.56, 87.64, 89.46, 87.41, 84.06, 85.8, 86.77, 84.45, 84.58, 85.5, 85.5, 83.38, 82.81, 82.69, 81.15, 84.59, 82.94, 82.44, 79.66, 82.96, 81.55, 78.83, 78.19, 78.98, 81.71, 77.87, 77.61, 80.14, 79.36, 78.42, 78.83, 77.67, 74.42, 77.87, 78.58, 78.58, 77.38, 78.53, 76.69, 75.76, 76.49, 76.47, 77.15, 76.35, 76.4, 75.93]}