{"train_loss": [2.301274150864691, 2.2989380833430166, 2.2979110499732514, 2.297402421123961, 2.2970258099401097, 2.2967169254254074, 2.296450127903213, 2.296239690393464, 2.2960766956337495, 2.2959236161321654, 2.2958076407766748, 2.295705828911219, 2.295622643751976, 2.2955444337975264, 2.2954784988338113, 2.2954227104146256, 2.2953655862400675, 2.2953242883723006, 2.2952713105413647, 2.295231065179548, 2.2951991833173313, 2.2951578390903964, 2.2951245807174945, 2.295089351825225, 2.295066041314704, 2.2950338517498765, 2.2950102977263622, 2.2949832453686967, 2.2949581548698945, 2.294934117895925, 2.294909663180001, 2.294881063648778, 2.2948621817124195, 2.2948444470381126, 2.2948257240474734, 2.294805218011905, 2.2947812401331387, 2.294767343590402, 2.2947433285224133, 2.294733687853202, 2.2947074256391606, 2.294701472306863, 2.2946860173828583, 2.2946720561410627, 2.2946475948024, 2.294636049331763, 2.294623172690726, 2.294608879293132, 2.2945910381455707, 2.2945825167191334, 2.294565582377279, 2.2945516353998427, 2.2945398999075604, 2.2945230883410854, 2.2945114022646194, 2.294504039817386, 2.294492435251546, 2.294480259092445, 2.2944629915759096, 2.294450439958491, 2.294452966787876, 2.294428014857137, 2.2944249408876796, 2.294406433390756, 2.2943923743362102, 2.2943903650992956, 2.294373461833367, 2.2943615867541385, 2.2943568097220526, 2.2943522272965846, 2.294330824134696, 2.294321037765242, 2.2943195012899547, 2.2943065253078427, 2.2942899440088844, 2.294291802451142, 2.29427836695288, 2.2942657368814845, 2.29425555620438, 2.294247077571021, 2.2942457392684417, 2.29423128030239, 2.2942123983660316, 2.294210651491442, 2.2942026181098742, 2.2941899528870215, 2.2941774236850248, 2.2941753196920085, 2.294163080362173, 2.2941568743469367, 2.29414021765065, 2.2941382369424543, 2.2941312565762773, 2.2941223591820807, 2.294116329943013, 2.294109981793624, 2.2940987608371635, 2.294085458303109, 2.29408137462078, 2.294071592326857], "test_loss": [2.218988543701172, 2.1411746307373045, 2.107499478149414, 2.0902762420654297, 2.0776036682128907, 2.065367768859863, 2.0541409576416014, 2.045439422607422, 2.039035037231445, 2.0322215850830077, 2.0269582366943357, 2.023826564025879, 2.0208793914794922, 2.0204061645507814, 2.0155599105834963, 2.009428077697754, 2.0081427597045898, 2.0086095428466795, 2.0037903915405275, 2.006778256225586, 1.9988270767211913, 2.0051131393432615, 2.0017700454711913, 2.0017229873657225, 2.001712205505371, 1.9966873260498046, 2.0019797012329104, 1.9962393814086914, 1.9976495010375976, 1.9951860305786133, 1.9969535583496094, 1.996318522644043, 1.9905297424316406, 1.989748599243164, 1.995105599975586, 1.9911340011596679, 1.9879458587646484, 1.9843072784423827, 1.9945067153930665, 1.9906997833251954, 1.9911824996948242, 1.9927134231567383, 1.9900410186767579, 1.9863015625, 1.9880045043945314, 1.9828525512695312, 1.9910348693847657, 1.9827453079223634, 1.9835849700927735, 1.985191911315918, 1.9885800521850585, 1.9862899291992187, 1.9886583450317383, 1.985517674255371, 1.9823909744262695, 1.9930164840698241, 1.983946742248535, 1.98643046875, 1.9861644943237304, 1.984762370300293, 1.9862177032470703, 1.984268914794922, 1.981931315612793, 1.9815868667602539, 1.9857161270141601, 1.983371809387207, 1.9826819259643556, 1.9791788528442382, 1.9792124465942382, 1.9778608505249022, 1.9855444763183594, 1.9809435424804687, 1.9778700073242188, 1.9839098937988282, 1.9827969161987304, 1.9811866760253907, 1.9809892913818359, 1.976888508605957, 1.973619857788086, 1.977926823425293, 1.980697476196289, 1.9766496780395508, 1.9763778564453125, 1.9799523635864258, 1.9765012908935546, 1.9745291015625, 1.9753097152709962, 1.9732152725219727, 1.974072328186035, 1.9770085083007813, 1.9785573532104492, 1.975627604675293, 1.9820130935668945, 1.9767249221801757, 1.9771723236083985, 1.977879817199707, 1.9782046920776368, 1.9667005386352538, 1.9701817138671875, 1.9777842849731446], "test_acc": [72.02, 83.27, 86.9, 88.99, 90.35, 91.42, 92.37, 92.97, 93.77, 94.15, 94.42, 94.93, 94.87, 95.18, 95.57, 95.68, 95.73, 96.16, 96.26, 96.19, 96.41, 96.42, 96.62, 96.44, 96.69, 96.74, 96.69, 96.71, 96.71, 96.94, 96.99, 97.14, 97.07, 97.22, 97.18, 97.26, 97.23, 97.24, 97.28, 97.24, 97.39, 97.45, 97.51, 97.3, 97.39, 97.61, 97.56, 97.37, 97.43, 97.59, 97.56, 97.57, 97.56, 97.56, 97.52, 97.67, 97.66, 97.65, 97.66, 97.74, 97.62, 97.74, 97.69, 97.66, 97.68, 97.75, 97.8, 97.77, 97.71, 97.67, 97.79, 97.71, 97.84, 97.81, 97.79, 97.92, 97.85, 97.74, 97.84, 97.81, 97.89, 97.93, 97.89, 97.91, 97.95, 97.86, 97.9, 97.91, 97.94, 98.05, 97.9, 98.02, 97.98, 97.98, 97.98, 97.93, 97.97, 97.98, 97.96, 97.94]}