{"train_loss": [2.1105462330528812, 2.0205660154167404, 2.0059930919072566, 1.9992150325550992, 1.995099500203744, 1.9917390341432686, 1.989191990886998, 1.9871438025918782, 1.9854754043949976, 1.9839086433251698, 1.982449806908257, 1.9814390705691443, 1.9803105014511662, 1.9792257063409202, 1.978397272590898, 1.9772075852777204, 1.9764946202437084, 1.9754883117145963, 1.97478023578978, 1.9739961333763905, 1.9730544597165198, 1.9723604410632043, 1.971866176678584, 1.9711321159305735, 1.9702089311730149, 1.969656545127559, 1.9689530042501597, 1.9681098955309289, 1.967478278101, 1.9669549523765206, 1.9661553349250402, 1.9652978202216647, 1.9648774627946382, 1.9639418588744268, 1.9633686379489736, 1.9623666319072757, 1.961765262306246, 1.9612245103742323, 1.9604952839704661, 1.9596367506389945, 1.958754903740353, 1.9580964779751933, 1.9573698642416897, 1.9566024422136128, 1.9559437551050105, 1.9551052181129782, 1.9542256772008717, 1.9535658833308098, 1.9529388294770167, 1.9520203878736904, 1.95101565708462, 1.9499350854983697, 1.9492928408659422, 1.948617638176323, 1.9476986163192325, 1.946576530097896, 1.9456424027936072, 1.9452046795278533, 1.9440314644931729, 1.9430470443688905, 1.9424012555525854, 1.941017801180864, 1.9401410835930424, 1.939083732600905, 1.9383958170556614, 1.9374216524963705, 1.9362200205652123, 1.9349792199766533, 1.9340032843443065, 1.9329085102957537, 1.9321502396184156, 1.9312213109089778, 1.930096345834243, 1.929301225222074, 1.9277855741162586, 1.9273221665977414, 1.9258377923924699, 1.9249073959823348, 1.923892150577317, 1.9225489357088366, 1.9215496353104584, 1.9205142109312563, 1.9195871157014472, 1.918995161851247, 1.9174290467531254, 1.9163699267256973, 1.9150018872868302, 1.9143020635486667, 1.9129758703912425, 1.9118146111822536, 1.9105460315178602, 1.9097777620340004, 1.9088692545381367, 1.907292562417495, 1.9061003811339028, 1.9057775707835825, 1.903870950651984, 1.9033716896660307, 1.9021696231813512, 1.9012300721091082], "test_loss": [1.1231281364440917, 1.0425591186523437, 1.0061531967163087, 0.9933481262207031, 0.9880831748962402, 0.9733508544921875, 1.0041685272216796, 0.9373977958679199, 0.984817448425293, 0.9952992324829102, 0.9500387145996094, 0.9404466590881347, 0.885449250793457, 0.9693764106750489, 0.9453658103942871, 0.9591771194458008, 0.8980001365661621, 0.9289485290527344, 0.9256964210510253, 0.947690453338623, 0.9339838294982911, 0.8865237113952636, 0.951709595489502, 0.9013471397399903, 0.954666692352295, 0.9906059318542481, 0.9062167884826661, 0.9758292976379395, 0.9379195068359375, 0.9228911582946777, 0.9461048118591309, 0.9188704406738282, 0.910754094696045, 0.8636165054321289, 0.9061619979858399, 0.9053742790222168, 0.9191430435180664, 0.9337871864318847, 0.948911092376709, 0.8920922187805176, 0.9037175170898437, 0.9199983879089355, 0.9838944526672363, 0.9435428024291992, 0.9154324729919434, 0.9364176689147949, 1.003313452911377, 0.9414817047119141, 0.9361281387329101, 0.9667548736572266, 0.9908010765075683, 0.9373285377502442, 0.9799377426147461, 0.9243602897644043, 0.9587317512512207, 0.9435241401672363, 0.93343335647583, 0.9401460960388184, 0.991082169342041, 0.9325802711486817, 0.9438278129577636, 0.9428326705932617, 0.9003550979614258, 0.8679674095153809, 0.8938185279846191, 0.946283895111084, 0.9721235321044922, 0.9399720031738281, 0.9407841873168945, 0.959322299194336, 0.9416140258789063, 0.9539262977600098, 0.9548271087646485, 0.9542556205749512, 0.9983111320495606, 0.8992066917419433, 0.9466637786865234, 0.9497455520629883, 0.9491735275268555, 0.9488297721862793, 0.9364229454040527, 0.935215054321289, 0.9217363151550293, 0.9456137481689453, 1.0222087646484375, 0.9831711219787598, 0.9230704696655273, 0.8986231513977051, 0.9468770278930664, 0.9186786407470703, 1.008940982055664, 0.9919679321289062, 0.9035310752868653, 0.9250022430419922, 0.9893807174682617, 0.9538886116027832, 0.9363232360839844, 0.9596213478088379, 0.9898198204040527, 0.9805466026306152], "test_acc": [93.15, 96.48, 97.32, 97.71, 97.95, 98.02, 98.19, 98.33, 98.51, 98.56, 98.49, 98.69, 98.65, 98.77, 98.81, 98.7, 98.8, 98.76, 98.78, 98.86, 98.91, 98.91, 98.9, 98.92, 98.87, 98.95, 98.9, 98.87, 98.8, 98.89, 99.01, 98.98, 98.9, 98.89, 99.03, 98.92, 98.98, 98.98, 98.97, 99.0, 98.98, 99.01, 98.88, 98.86, 98.92, 98.89, 98.94, 98.91, 98.87, 98.92, 98.96, 98.93, 98.95, 98.85, 98.81, 98.74, 98.74, 98.86, 98.79, 98.75, 98.74, 98.62, 98.86, 98.7, 98.68, 98.64, 98.5, 98.61, 98.63, 98.5, 98.47, 98.4, 98.57, 98.29, 98.13, 98.44, 98.37, 98.13, 98.19, 98.3, 98.19, 97.91, 97.97, 97.63, 97.97, 97.77, 97.98, 97.98, 98.0, 97.87, 97.29, 97.55, 97.98, 97.76, 96.96, 97.7, 97.49, 97.4, 97.36, 97.25]}