{"train_loss": [2.302654321886535, 2.3026217171269603, 2.3026140979212575, 2.302609955143725, 2.3026072260661, 2.302605246886229, 2.302603741996309, 2.302602506091452, 2.30260144186835, 2.302600519779401, 2.3025997759949446, 2.3025990958906646, 2.302598473862705, 2.3025979389492264, 2.3025974086207204, 2.302596982727703, 2.3025965593818927, 2.3025961691497736, 2.302595793691456, 2.302595462045099, 2.3025951482291913, 2.3025948502059674, 2.302594551163861, 2.302594297971481, 2.3025940478357496, 2.3025938109454946, 2.302593569979708, 2.302593376391973, 2.3025931242184763, 2.3025929652727566, 2.302592751816807, 2.3025925668895755, 2.3025923850189924, 2.3025922051861754, 2.302592063561464, 2.302591878124791, 2.3025917365000796, 2.3025915806110087, 2.3025914323635592, 2.3025912718895154, 2.30259115777464, 2.3025910334709363, 2.3025909050917015, 2.302590778750232, 2.3025906829752474, 2.3025905495015984, 2.302590472575946, 2.3025903299323516, 2.3025902392517805, 2.3025901164764013, 2.3025900578906393, 2.3025899427568812, 2.3025898597179313, 2.3025897807545133, 2.3025896997533293, 2.30258960601611, 2.302589508712801, 2.302589447579832, 2.30258939256016, 2.3025893120684175, 2.3025892448221517, 2.302589165858733, 2.3025890986124673, 2.302589039517264, 2.302589008441338, 2.3025889177607675, 2.3025888668166266, 2.3025888112875132, 2.302588738946833, 2.3025886671155944, 2.302588630945255, 2.302588566755637, 2.302588534151387, 2.3025884684334454, 2.302588409338242, 2.3025883548280115, 2.302588323752085, 2.3025882855439797, 2.302588228486542, 2.3025881836556983, 2.302588144938151, 2.3025881011261897, 2.3025880608803186, 2.302588040502662, 2.3025879931246114, 2.302587941671029, 2.302587911613986, 2.3025878698397904, 2.3025878132917943, 2.3025877791592197, 2.3025877429888797, 2.3025877073279815, 2.3025876752331724, 2.3025876441572466, 2.302587607477465, 2.3025875631560626, 2.3025875290234885, 2.3025874857209687, 2.3025874719660506, 2.3025874444562144], "test_loss": [2.2987012481689453, 2.2986681732177736, 2.2986470123291016, 2.298602487182617, 2.298576995849609, 2.2985378845214846, 2.298509460449219, 2.29849333190918, 2.29843642578125, 2.2984131072998046, 2.298367300415039, 2.2983401184082033, 2.2983185180664063, 2.298288592529297, 2.2982620147705077, 2.29824123840332, 2.298221484375, 2.2982169342041017, 2.298195098876953, 2.2981851135253906, 2.298160385131836, 2.2981435546875, 2.2981261688232424, 2.2981220794677735, 2.2981054046630858, 2.2981005767822267, 2.298092776489258, 2.298075164794922, 2.298074673461914, 2.2980622161865236, 2.2980537872314453, 2.2980371398925783, 2.298033038330078, 2.2980369049072267, 2.2980270111083985, 2.2980212829589846, 2.2980134155273437, 2.298006658935547, 2.2979961639404296, 2.2979837524414064, 2.2979899871826173, 2.2979743255615235, 2.2979898193359376, 2.2979779235839843, 2.2979706115722656, 2.2979569091796876, 2.297955645751953, 2.297949264526367, 2.297933200073242, 2.297926220703125, 2.297923541259766, 2.2979205596923826, 2.2979190979003907, 2.2979141204833984, 2.297908624267578, 2.2979018920898437, 2.2979071380615235, 2.297890957641602, 2.2978855194091796, 2.2978815216064454, 2.297873956298828, 2.297873208618164, 2.2978647857666017, 2.2978551971435546, 2.297851647949219, 2.2978539978027346, 2.297836706542969, 2.2978394897460936, 2.297831286621094, 2.297822622680664, 2.2978245666503905, 2.297826513671875, 2.297818908691406, 2.297804751586914, 2.2978038543701174, 2.2978000396728517, 2.297797021484375, 2.29780325012207, 2.297782632446289, 2.2977942077636717, 2.2977950103759768, 2.297784942626953, 2.2977806060791015, 2.297780285644531, 2.297765548706055, 2.297771237182617, 2.2977632720947265, 2.2977568084716795, 2.297761526489258, 2.297754339599609, 2.297754586791992, 2.297747378540039, 2.297752392578125, 2.297755569458008, 2.297748141479492, 2.297748474121094, 2.2977400390625, 2.297736569213867, 2.297730419921875, 2.2977250030517578], "test_acc": [15.0, 13.51, 12.59, 11.78, 11.53, 11.13, 11.47, 11.67, 11.68, 12.15, 12.01, 12.28, 12.73, 12.63, 12.95, 13.21, 13.24, 13.63, 13.57, 13.38, 13.29, 13.41, 13.76, 13.85, 13.72, 13.91, 14.08, 14.12, 14.57, 14.54, 14.53, 14.56, 15.06, 14.62, 14.72, 14.62, 14.47, 14.76, 15.04, 14.84, 15.36, 14.98, 14.88, 15.37, 15.03, 15.23, 15.44, 15.56, 15.81, 16.07, 15.79, 15.93, 15.88, 15.81, 15.93, 16.22, 16.58, 15.66, 16.22, 16.62, 16.69, 16.8, 17.07, 16.71, 16.53, 17.29, 16.91, 17.34, 16.98, 17.32, 17.68, 17.81, 17.43, 17.6, 17.44, 17.47, 17.67, 18.26, 17.95, 18.05, 17.76, 18.37, 17.85, 18.04, 18.37, 17.64, 18.41, 18.58, 18.27, 18.75, 18.44, 18.57, 18.66, 18.58, 18.18, 18.69, 18.67, 18.47, 18.69, 18.91]}