{"train_loss": [1.5983584467162433, 1.40529530781966, 1.3774318048077772, 1.3610047216598804, 1.349792036235842, 1.3414391961872068, 1.3320949538650675, 1.3256703765473814, 1.3192247175253355, 1.3128527582455904, 1.3066432917984123, 1.300177110438673, 1.2925197371305563, 1.286480539629602, 1.2790455387698278, 1.2706237300338907, 1.2624563145586567, 1.2530369000811863, 1.2429569006985068, 1.2309565319974198, 1.2202687915573773, 1.2090139336820342, 1.1934994377641597, 1.1801045345954406, 1.1620964011830142, 1.1453348729345534, 1.124318847289452, 1.1046186646080425, 1.0838352316974575, 1.0605641718094165, 1.0344321665346112, 1.009642696278727, 0.9785285411227462, 0.9484283748345498, 0.917221029726868, 0.8857957319571421, 0.8542883408884717, 0.8173681761209781, 0.7878668407599131, 0.749252951807446, 0.7163590238644526, 0.6871408227926645, 0.6572698035046586, 0.6240752255942068, 0.5926586226520375, 0.5660593321180751, 0.5398947146967945, 0.5156007084326867, 0.49448151746366775, 0.47589707973166406, 0.4585018530488014, 0.44575524113626563, 0.4345332899918923, 0.42519729196006417, 0.4167797315197113, 0.4104258178008927, 0.4029317205278283, 0.39751483066978616, 0.3926947757474378, 0.38802520854350847, 0.38246841690479183, 0.37985214011536705, 0.3754340019236263, 0.3725383118686513, 0.3691236482471482, 0.3668837596972783, 0.3630247882161385, 0.36075797931760806, 0.35810775908394754, 0.3552652705046866, 0.3530732030924569, 0.35071823701389837, 0.3487372259553681, 0.3464504758644308, 0.34485553262325436, 0.3428814642322369, 0.3410786276953852, 0.3390955730126454, 0.33746291919905913, 0.3357300496636293, 0.3344889851844209, 0.3326538423569793, 0.33153178377283943, 0.3299159094945997, 0.32874495077591676, 0.3269492897213015, 0.3259248211979866, 0.32460939922393894, 0.32326772006658405, 0.32183376979878825, 0.32120227278807223, 0.319683224026464, 0.318868230869118, 0.3176529156601327, 0.3169665081888183, 0.31611158202091855, 0.31496117760737735, 0.3140554430647793, 0.31343005584855366, 0.3122433383877461], "test_loss": [0.5155016544342041, 0.48670306510925293, 0.5779648719787598, 0.45726746406555174, 0.5550424915313721, 0.45060061492919923, 0.418165966796875, 0.4835770538330078, 0.4393344013214111, 0.46152532997131346, 0.4358600257873535, 0.46979356575012204, 0.390653092956543, 0.37507431983947753, 0.48769761390686034, 0.48294349632263184, 0.42937010955810545, 0.47032064323425293, 0.41192413177490234, 0.40838922119140625, 0.40062210006713866, 0.4425480213165283, 0.4822500114440918, 0.45477309379577635, 0.48564512367248536, 0.45830761489868166, 0.43709919700622557, 0.4605049777984619, 0.5004608039855957, 0.4596434844970703, 0.541854397201538, 0.47827415809631346, 0.5197620063781738, 0.47695361518859863, 0.5497170188903808, 0.4473599277496338, 0.562673046875, 0.5650705177307129, 0.5722921451568603, 0.5437778663635254, 0.5047655826568603, 0.605874641418457, 0.5843900047302246, 0.5664721336364746, 0.5968250003814697, 0.6213494354248047, 0.5703651390075684, 0.5917080535888671, 0.6702595314025879, 0.5628789485931397, 0.5516739849090576, 0.599365246963501, 0.6078435333251954, 0.6126193210601807, 0.6007787834167481, 0.5969373012542725, 0.594934428024292, 0.6264648204803467, 0.656015954208374, 0.6064261627197266, 0.6449772270202637, 0.6610349437713623, 0.6606600936889648, 0.6704258541107178, 0.6569015377044678, 0.6667751899719239, 0.6563191223144531, 0.6839396640777587, 0.6620691379547119, 0.6497750312805176, 0.6850838798522949, 0.6808308017730713, 0.6910873603820801, 0.6890093437194824, 0.7221005432128906, 0.6876411018371582, 0.708131294631958, 0.6898473045349122, 0.7224899482727051, 0.7164782974243165, 0.709295832824707, 0.7529160766601563, 0.7063984169006348, 0.7247264064788819, 0.7144380729675293, 0.7225934055328369, 0.7464177314758301, 0.7544897220611573, 0.7266202857971191, 0.7472789455413819, 0.7474507537841797, 0.7558693180084228, 0.7443600006103516, 0.720758931350708, 0.7504139389038086, 0.7382527397155761, 0.7638256973266602, 0.7623950424194336, 0.7662393409729004, 0.7547554641723633], "test_acc": [95.76, 97.29, 97.85, 98.23, 98.42, 98.52, 98.55, 98.58, 98.63, 98.78, 98.64, 98.68, 98.73, 98.62, 98.77, 98.54, 98.55, 98.39, 98.37, 98.34, 98.13, 98.04, 97.18, 97.55, 96.89, 96.55, 96.32, 95.74, 94.59, 93.11, 91.24, 92.43, 90.39, 91.11, 87.36, 90.62, 86.73, 85.42, 84.68, 85.11, 86.38, 82.62, 83.34, 83.53, 81.7, 81.01, 83.09, 82.24, 78.54, 82.33, 83.21, 81.73, 81.36, 81.2, 81.85, 81.6, 81.72, 80.82, 79.68, 81.63, 80.01, 79.64, 79.72, 79.36, 79.8, 79.82, 79.78, 78.93, 79.58, 79.83, 78.76, 78.89, 78.82, 78.88, 77.94, 79.05, 78.08, 78.63, 78.02, 77.86, 78.2, 76.69, 78.04, 77.5, 77.88, 78.0, 76.97, 76.44, 77.59, 77.12, 77.04, 76.72, 77.27, 78.01, 76.84, 77.45, 76.5, 76.49, 76.35, 76.75]}