{"train_loss": [1.5469434959256751, 1.3524833871768072, 1.329573073448279, 1.3174346412858393, 1.3096169989842634, 1.30381594483669, 1.2995507666188428, 1.2962363843734448, 1.292651942652515, 1.2902186281151242, 1.2876979713765984, 1.2857673124879854, 1.2834011346865923, 1.2817749426915095, 1.2800625776633239, 1.2786099090535417, 1.2769791924545908, 1.2754544164889898, 1.274450704582736, 1.2729389881476378, 1.2718221606352391, 1.270605358812544, 1.2694258246666346, 1.2683657659934118, 1.2674179550928948, 1.2661047083699806, 1.264850323780989, 1.2641735907293792, 1.2628406179256928, 1.2615889315931206, 1.2608424073610551, 1.2597917486459782, 1.2586889379044883, 1.257935028300326, 1.2569033661459246, 1.2559731220587707, 1.2551170266591585, 1.253784041119437, 1.2529040946919694, 1.251966210002573, 1.2508176264599857, 1.2499692834850051, 1.2489017535988083, 1.247992172709897, 1.24713979776089, 1.2460032548659887, 1.2451610621224103, 1.2445299536244483, 1.2432500121430454, 1.242314336136875, 1.2411545402983315, 1.2404109043443305, 1.239570724658477, 1.238440145794143, 1.2375736794410608, 1.2367941579248152, 1.2357006067903633, 1.234641247580194, 1.2343710895277495, 1.233089979387756, 1.232231434339132, 1.2313629353148305, 1.2302999165323045, 1.229291508340428, 1.22858971510178, 1.227920529169914, 1.2264958538560786, 1.2256550816898673, 1.2250051699642441, 1.223878547676608, 1.2233511459114206, 1.2221643356685965, 1.2217919630372627, 1.2206192049715254, 1.219828448489181, 1.2191838344447634, 1.2179778867807143, 1.2175893241014235, 1.2168180698003523, 1.215934295175422, 1.2151746828841348, 1.2144066319506392, 1.2136723034911685, 1.2131746859631987, 1.212140223154655, 1.2115677898256187, 1.2110793728094835, 1.2101828980649638, 1.2093359265062544, 1.208635062743456, 1.207807323616794, 1.2074485966283033, 1.2068207488100753, 1.2060476401422777, 1.2054086997468247, 1.2051352282874606, 1.2041527180590181, 1.2038370849739792, 1.2032060926286583, 1.2024279626516194], "test_loss": [0.5629446647644043, 0.4351750968933105, 0.42599135513305664, 0.3992158737182617, 0.40467399520874026, 0.40782450561523437, 0.3981774768829346, 0.40630197410583496, 0.377028246307373, 0.3973686496734619, 0.41161303977966307, 0.3769127475738525, 0.4027971229553223, 0.35629160690307615, 0.40691379852294923, 0.38920845756530764, 0.3980598472595215, 0.4007298942565918, 0.3763262348175049, 0.4099392120361328, 0.37244220046997073, 0.41852645606994626, 0.39469998207092283, 0.3509867942810059, 0.38614528045654295, 0.4353195808410645, 0.34512564315795896, 0.38073362121582033, 0.379533532333374, 0.41227905921936037, 0.3749758087158203, 0.3503857795715332, 0.3872129592895508, 0.3926200038909912, 0.43417912063598635, 0.42009085350036623, 0.4219532180786133, 0.38196961479187014, 0.40068896560668943, 0.41120339126586913, 0.41841764717102053, 0.4354167297363281, 0.37820371398925784, 0.3736245964050293, 0.3923346408843994, 0.39050206336975096, 0.3633258487701416, 0.3672257911682129, 0.41259858512878417, 0.40698810272216795, 0.38206474800109863, 0.3815040901184082, 0.40637592391967775, 0.38638898811340333, 0.40832875061035157, 0.39222635078430174, 0.38105758628845215, 0.4119217586517334, 0.39524545707702635, 0.3535469917297363, 0.39676858520507813, 0.4048671947479248, 0.3765146343231201, 0.38200234298706054, 0.3993688362121582, 0.4006588321685791, 0.4154761825561523, 0.392438219833374, 0.3868112846374512, 0.39623668174743654, 0.44671447830200195, 0.4018845211029053, 0.3887794605255127, 0.42639893646240234, 0.3973126575469971, 0.39518059005737305, 0.408251416015625, 0.38648332595825197, 0.3963937683105469, 0.4304215129852295, 0.36663663291931153, 0.3688863906860352, 0.4226034488677978, 0.40872499771118165, 0.4222223358154297, 0.40509072532653806, 0.36803911476135254, 0.4067469009399414, 0.36863020629882814, 0.3788521297454834, 0.4144067844390869, 0.41022124824523926, 0.3585568820953369, 0.4042752159118652, 0.4151136276245117, 0.40700796737670897, 0.4103717067718506, 0.3949400897979736, 0.4041463573455811, 0.3947525524139404], "test_acc": [96.64, 97.84, 98.26, 98.48, 98.48, 98.71, 98.83, 98.79, 98.96, 98.98, 98.98, 99.05, 98.93, 99.02, 99.09, 99.07, 99.13, 99.11, 99.07, 99.07, 99.06, 99.15, 99.01, 99.12, 99.15, 99.21, 99.15, 99.1, 99.19, 99.19, 99.15, 99.17, 99.18, 99.15, 99.19, 99.13, 99.2, 99.13, 99.21, 99.12, 99.21, 99.11, 99.17, 99.24, 99.24, 99.15, 99.11, 99.19, 99.19, 99.17, 99.15, 99.11, 99.16, 99.19, 99.17, 99.18, 99.19, 99.15, 99.17, 99.21, 99.18, 99.19, 99.21, 99.16, 99.28, 99.14, 99.04, 99.06, 99.21, 99.12, 99.12, 99.15, 99.11, 99.1, 99.16, 99.11, 99.07, 99.14, 99.04, 99.2, 99.11, 99.15, 99.11, 99.15, 99.06, 99.14, 99.09, 99.12, 99.12, 99.14, 99.1, 99.05, 99.2, 99.14, 99.06, 99.06, 99.06, 99.15, 99.13, 99.04]}