{"train_loss": [2.235015217055622, 2.1841483095772247, 2.1704904712163486, 2.163246014688769, 2.157946729252481, 2.154363957480488, 2.150516641445649, 2.1477666757045646, 2.1440632682070775, 2.140958883314051, 2.138192766242557, 2.1344083020320306, 2.131129283935596, 2.1276528529631786, 2.124463070661594, 2.12015191382832, 2.1149372575629473, 2.1103915816698318, 2.1047493155695434, 2.0987394011428213, 2.091636396626122, 2.0845448015592036, 2.0756841202576957, 2.067135463667731, 2.0558691203084765, 2.0452872545291214, 2.0323015953231063, 2.019238985501803, 2.002729748049353, 1.9855361978212993, 1.9649004869990878, 1.9456412950132647, 1.922380090269268, 1.8982068682328248, 1.8718708081123157, 1.8421110248463786, 1.811160719802237, 1.77812262554454, 1.7436658062486567, 1.7062598240171742, 1.668148356370437, 1.6296206081015432, 1.590181385859465, 1.5482307924674108, 1.5069300506868932, 1.4651222516838303, 1.426066858900918, 1.3898422114360027, 1.3458215451648092, 1.3067931061626499, 1.2688038056222801, 1.2343116690460434, 1.1989112931948442, 1.1672208869559133, 1.1346236281415336, 1.1052754804109917, 1.0831077815885217, 1.0561636060985744, 1.032735847000383, 1.0136459776733675, 0.9936152126035119, 0.9779354075336049, 0.9633357682798662, 0.9496605034567352, 0.938022640780506, 0.928867635054466, 0.9170904693185774, 0.9085223622556425, 0.9014019776358564, 0.8939772673651704, 0.8873730616437064, 0.881429151719452, 0.8757596997878491, 0.8689111813775494, 0.8643943359199752, 0.8601413681211635, 0.8549025778332328, 0.8509012383018804, 0.84688914879265, 0.8430938378103778, 0.8395610284856242, 0.8362312738457297, 0.8334258035716847, 0.8298490330194815, 0.8269878698465152, 0.8235098987053602, 0.8212451836746982, 0.8184586066720833, 0.8156885006743618, 0.813378728989862, 0.8111273292292897, 0.8092994100262976, 0.806891698231045, 0.8043622527367029, 0.802257427929813, 0.800451839199433, 0.7982817350799202, 0.7963642050058414, 0.7945326683867691, 0.7927780189575293], "test_loss": [1.502561376953125, 1.3258027450561523, 1.3185220077514648, 1.324352505493164, 1.3263480880737304, 1.2815096267700194, 1.2633156295776367, 1.2876968322753906, 1.2401089126586915, 1.3321660797119141, 1.2517133666992188, 1.2889090530395508, 1.2456056381225586, 1.2739663482666015, 1.313738101196289, 1.2337910354614259, 1.2267578903198242, 1.2519102005004883, 1.23513025970459, 1.2973629760742187, 1.2752919631958008, 1.2264018188476562, 1.2990898010253906, 1.282744204711914, 1.3387865264892578, 1.2756097595214844, 1.2505069458007811, 1.2761503402709962, 1.2873822402954103, 1.2228278182983399, 1.3033124603271484, 1.2983928863525391, 1.3670839019775392, 1.3229303848266603, 1.421511637878418, 1.4115474563598633, 1.3595870147705078, 1.4608690856933593, 1.4315693008422852, 1.4303606018066406, 1.5245787078857422, 1.4827101654052735, 1.6676807968139649, 1.512061134338379, 1.5859695175170898, 1.5468261505126952, 1.7007417037963868, 1.7587558242797852, 1.6728692672729493, 1.7060386428833008, 1.7397941864013673, 1.8184514572143555, 1.8516440521240234, 1.9080703079223633, 1.9524340042114259, 1.8954306777954102, 2.000479817199707, 2.0126295791625974, 1.9438035263061524, 1.965828923034668, 1.9911872451782227, 2.0560449172973634, 2.046815238952637, 2.052828894042969, 2.0404889541625977, 2.050568751525879, 2.1244888259887693, 2.0922006088256837, 2.0294833541870116, 2.128634617614746, 2.080155696105957, 2.1623081771850585, 2.1664750015258787, 2.1512607009887694, 2.1452564834594727, 2.200994789123535, 2.188720945739746, 2.136801007080078, 2.1947897094726563, 2.2013740234375, 2.180228187561035, 2.1975986938476564, 2.2033696548461914, 2.2337469772338867, 2.2308541534423827, 2.221104312133789, 2.218078059387207, 2.267530288696289, 2.241065002441406, 2.253327944946289, 2.2526921798706057, 2.2536645568847655, 2.250861785888672, 2.2930018142700197, 2.263963871765137, 2.2832142486572264, 2.287688882446289, 2.265874642944336, 2.316881741333008, 2.27999501953125], "test_acc": [88.72, 92.44, 94.82, 95.95, 96.76, 96.72, 96.82, 96.93, 96.3, 96.53, 97.43, 97.12, 97.13, 96.98, 97.16, 97.11, 96.21, 96.69, 96.19, 95.86, 94.34, 94.69, 93.17, 92.2, 87.41, 89.13, 86.0, 85.9, 83.72, 82.68, 77.93, 75.0, 71.16, 69.79, 65.24, 62.95, 64.72, 58.05, 59.38, 59.15, 51.88, 54.33, 46.87, 51.96, 50.05, 51.69, 45.79, 43.11, 46.04, 47.2, 44.66, 42.79, 41.54, 40.56, 38.99, 41.21, 38.58, 36.96, 40.91, 40.22, 38.79, 37.23, 37.86, 37.59, 37.95, 37.61, 36.33, 36.92, 37.78, 35.93, 38.09, 34.41, 34.46, 35.86, 34.97, 33.86, 34.41, 36.52, 33.78, 32.97, 34.88, 34.13, 34.07, 33.04, 33.52, 33.31, 33.28, 32.54, 33.12, 32.72, 32.65, 32.35, 32.68, 31.99, 32.49, 32.42, 32.13, 33.05, 31.34, 32.41]}