{"train_loss": [2.2684417927367058, 2.23305584783228, 2.221203070929927, 2.2152389522291656, 2.211458089514675, 2.207714260643364, 2.205049277880253, 2.2020000958035135, 2.199267850472377, 2.1965005188925653, 2.1934154278192763, 2.190605393332294, 2.1876752050513897, 2.183466670350132, 2.1799279059100356, 2.175301410194136, 2.1708642478682036, 2.1656499464287715, 2.159342418878506, 2.153090705219497, 2.1457783717375536, 2.136965011429583, 2.127809070623838, 2.1171958685940147, 2.1067340842679014, 2.0925452074943443, 2.0773524476422205, 2.060773064183374, 2.0424937738312616, 2.021842327892271, 1.997386900278238, 1.9714321702973456, 1.9412344332434173, 1.9110195481369638, 1.874408835783983, 1.8400784506757035, 1.7984444901474521, 1.7568912343082266, 1.711669667918458, 1.6635648427356002, 1.6148073196920574, 1.5614982285560706, 1.5143886585520883, 1.465390428263917, 1.409346919029187, 1.3610258385156975, 1.3092284464938009, 1.2604207381224022, 1.2158448237639208, 1.1675842255353928, 1.1214050095305483, 1.0758118610351513, 1.0331142947205112, 0.9985860258850277, 0.9600367700187569, 0.9273190700855011, 0.8960995681774921, 0.8660483111937841, 0.8435574694831147, 0.8229545787868336, 0.8036884949502782, 0.7859539015170856, 0.7732308122337374, 0.7597011599021081, 0.7495148711734347, 0.7405061135944139, 0.7309949330539784, 0.7230753154836149, 0.7171276095840666, 0.7099608638857164, 0.7039061858613267, 0.6987494128382105, 0.693070226500177, 0.6889017071479406, 0.6847559376659557, 0.6799410559937485, 0.6763961105010449, 0.6718440958832064, 0.6684615373866171, 0.6652741623230469, 0.6614205895835518, 0.6582689403723447, 0.65562571088473, 0.6521453128920661, 0.6495476577781204, 0.6462627998274616, 0.6439196809998944, 0.6411830207221528, 0.6390133907652309, 0.6362218697611083, 0.634229485423137, 0.6314656167712986, 0.629108122526071, 0.6268260375811503, 0.6251607770339037, 0.6231280413703022, 0.6219442928703423, 0.6193269283598305, 0.6179236720005671, 0.6158677050445833], "test_loss": [1.7171809204101562, 1.593427345275879, 1.5391411987304688, 1.4724811080932618, 1.4959163711547852, 1.4514890716552735, 1.4540777252197266, 1.487905485534668, 1.4699561569213868, 1.3712243850708008, 1.4696395248413086, 1.4685496795654296, 1.4484156356811524, 1.3598860931396484, 1.4419964920043946, 1.3900006698608398, 1.4134656875610352, 1.3951500747680665, 1.4187302108764648, 1.41529716796875, 1.469293930053711, 1.3986245834350586, 1.4638700744628905, 1.42594072265625, 1.4416399932861328, 1.416828353881836, 1.5085608642578126, 1.4984737350463868, 1.4622089385986328, 1.4420718383789062, 1.4192043029785155, 1.5019784790039064, 1.4871665832519532, 1.596439503479004, 1.5795473373413087, 1.4457922454833985, 1.7051427459716797, 1.6613523193359374, 1.7370560943603515, 1.7839224151611328, 1.7043059646606444, 1.7903846313476564, 1.946588690185547, 2.027662240600586, 2.092592990112305, 2.1440313369750976, 2.1407370819091796, 2.1294420349121093, 2.266435777282715, 2.291276593017578, 2.2865177291870116, 2.364469412231445, 2.4197485366821287, 2.4674581222534178, 2.3487386001586916, 2.468489926147461, 2.4854080596923827, 2.4748070755004883, 2.494021957397461, 2.5447391815185547, 2.6471413177490235, 2.5125809463500977, 2.602941857910156, 2.552555923461914, 2.6074661590576174, 2.5962738067626954, 2.574510525512695, 2.6440620941162107, 2.6326738830566407, 2.6981718872070313, 2.6630696197509764, 2.6694945892333983, 2.7052706604003904, 2.700849694824219, 2.7059226135253907, 2.727068423461914, 2.712528323364258, 2.6912261138916014, 2.791686831665039, 2.755584097290039, 2.753367706298828, 2.7796833984375, 2.7695747863769533, 2.7893290893554687, 2.8099159301757815, 2.796429183959961, 2.7641834533691405, 2.770176156616211, 2.7883890747070312, 2.8090214752197267, 2.8055484466552736, 2.8682730010986326, 2.8066476959228517, 2.806566931152344, 2.828952688598633, 2.846429180908203, 2.828341174316406, 2.833303009033203, 2.8795149505615236, 2.8405658996582033], "test_acc": [80.74, 90.34, 94.22, 94.72, 95.14, 95.72, 95.75, 96.22, 96.58, 96.3, 96.9, 96.48, 95.77, 96.44, 95.75, 95.94, 95.19, 95.19, 92.66, 91.35, 88.05, 89.74, 88.04, 86.01, 83.32, 82.27, 73.89, 70.33, 71.02, 70.75, 70.22, 63.59, 62.88, 55.67, 53.48, 60.2, 47.1, 48.16, 43.57, 42.39, 46.15, 43.29, 37.41, 35.81, 35.5, 31.61, 35.12, 35.22, 34.29, 33.63, 33.83, 31.45, 30.79, 31.77, 32.27, 31.51, 31.33, 32.05, 31.5, 30.8, 27.76, 31.07, 29.62, 30.83, 28.58, 29.18, 30.0, 28.54, 28.62, 27.93, 28.81, 28.61, 27.54, 28.45, 28.2, 27.07, 27.99, 28.43, 26.36, 26.73, 26.95, 26.13, 26.14, 26.4, 26.13, 26.39, 27.05, 26.85, 26.43, 26.76, 26.88, 24.99, 26.66, 26.32, 26.05, 25.02, 26.59, 26.17, 25.34, 25.85]}