{"train_loss": [2.3026935351200595, 2.3025851713286505, 2.302523363349784, 2.302488441650684, 2.3024488519399595, 2.302409333551032, 2.3023905616540175, 2.3023637084879427, 2.3023276970936704, 2.302293197212056, 2.302275239911854, 2.302248052552215, 2.3022175441440353, 2.302198377939371, 2.3021627644188385, 2.3021259119368005, 2.302099355775067, 2.302075638730302, 2.3020582117586055, 2.3020137925433297, 2.3019871961357246, 2.3019542525976133, 2.3019076101800318, 2.3018800071162038, 2.3018552885096297, 2.3018097444477243, 2.3017732225931606, 2.301731759156936, 2.301680270423237, 2.3016466381203413, 2.3015919658872814, 2.3015444614948373, 2.3015000499211826, 2.3014387600442285, 2.301391275010557, 2.3013333265598, 2.3012668633053446, 2.3012135405825753, 2.3011617166364293, 2.301060137076256, 2.3010060980788665, 2.30094640631961, 2.3008440661634135, 2.300778852059291, 2.3007033166722355, 2.3006072426453614, 2.3005460714682555, 2.300415175083356, 2.3003259785154944, 2.3002421214030337, 2.3001635334430595, 2.300026597120823, 2.2999273477456508, 2.2998201923492627, 2.299703923555521, 2.2995503157631965, 2.299419078052553, 2.2992992054702888, 2.299166736439762, 2.2990069618591895, 2.2988835608857308, 2.2986942030425763, 2.2985644763351507, 2.29837451225672, 2.2982239656978183, 2.298014209820674, 2.2978612108108325, 2.2976878326163335, 2.2974346733500814, 2.297181679142846, 2.297042013742985, 2.296747386455536, 2.296659898044717, 2.296406234940912, 2.296158447734311, 2.2958319885099034, 2.2956294850406485, 2.295356081591712, 2.295152975453271, 2.2948484593986445, 2.2945700868582115, 2.294325491302034, 2.2940156994721828, 2.2937143934078708, 2.2934109741805964, 2.293129275497208, 2.2928112806418004, 2.292416435531062, 2.292079177677122, 2.2916741096056423, 2.291423658020476, 2.2910250639304137, 2.2906433578230376, 2.2901333071227765, 2.289784129868206, 2.289406692879832, 2.2888706183841085, 2.2884515722592673, 2.2881041979178405, 2.2876082668956528], "test_loss": [2.2921368377685547, 2.2889400787353518, 2.286832763671875, 2.284585464477539, 2.283058377075195, 2.281771078491211, 2.2803461547851565, 2.279769155883789, 2.2778521057128907, 2.276994317626953, 2.2751809692382814, 2.2742523468017577, 2.2731568267822264, 2.271845486450195, 2.2713083312988283, 2.270403793334961, 2.270182116699219, 2.269775405883789, 2.269440203857422, 2.268651974487305, 2.2679209228515624, 2.267593621826172, 2.266614453125, 2.2662002166748048, 2.265128283691406, 2.2657921447753906, 2.2650505340576172, 2.2636686157226564, 2.263031066894531, 2.263474334716797, 2.26222243347168, 2.2611831298828124, 2.2608495697021485, 2.2625275146484376, 2.2605000549316405, 2.259737872314453, 2.259840219116211, 2.2589902740478514, 2.257452795410156, 2.2594494110107424, 2.258393862915039, 2.258586578369141, 2.2589412048339845, 2.258262545776367, 2.2593551177978517, 2.2574955657958986, 2.255533483886719, 2.2511020233154295, 2.255031658935547, 2.2558756408691405, 2.2567809814453126, 2.2553185791015626, 2.255358856201172, 2.255077847290039, 2.2561792846679687, 2.249766165161133, 2.251815628051758, 2.2534662200927733, 2.261313314819336, 2.2538540161132814, 2.2575138824462893, 2.25810908203125, 2.2566338592529296, 2.2668954956054685, 2.263526055908203, 2.25794045715332, 2.2541113586425783, 2.2481665649414064, 2.253673532104492, 2.25473498840332, 2.258746484375, 2.2495454040527343, 2.254801852416992, 2.251441818237305, 2.253595004272461, 2.250221447753906, 2.2593179565429686, 2.259252227783203, 2.250302667236328, 2.2561448822021486, 2.256607632446289, 2.264730935668945, 2.264918276977539, 2.252964791870117, 2.2507120452880858, 2.2689715270996094, 2.262702825927734, 2.244483917236328, 2.2740536041259767, 2.249712316894531, 2.2719972320556643, 2.260144714355469, 2.268742904663086, 2.2586117462158204, 2.268010971069336, 2.255875540161133, 2.2644453125, 2.255598580932617, 2.2620193664550783, 2.2565069427490236], "test_acc": [22.82, 15.82, 37.14, 38.35, 43.93, 27.41, 40.96, 36.02, 49.86, 50.92, 43.28, 53.3, 48.08, 51.42, 57.63, 52.14, 57.53, 52.46, 55.27, 54.01, 55.65, 54.31, 51.61, 53.17, 52.83, 48.38, 45.65, 49.2, 47.19, 49.08, 50.43, 49.62, 44.74, 43.47, 46.45, 40.3, 38.37, 44.85, 45.5, 33.06, 42.64, 44.04, 30.26, 33.87, 38.08, 33.31, 37.39, 40.84, 37.85, 35.71, 35.94, 32.98, 35.22, 32.09, 32.35, 33.01, 33.45, 31.56, 27.07, 29.58, 27.36, 27.53, 26.34, 22.73, 23.11, 24.38, 24.53, 28.28, 24.42, 25.51, 22.33, 24.73, 23.25, 24.65, 24.33, 23.47, 19.53, 22.41, 21.84, 23.19, 19.75, 19.2, 18.83, 21.8, 19.92, 17.08, 18.47, 20.9, 15.61, 20.71, 15.91, 17.77, 16.5, 17.37, 15.22, 19.66, 16.73, 18.41, 18.32, 17.37]}