{"train_loss": [2.2712148636834235, 2.244472556644016, 2.2368617597808185, 2.2333621408185387, 2.2314146920147104, 2.2300441927380033, 2.2290790773864484, 2.2282845097729282, 2.2276443069816656, 2.2270936145741715, 2.2266490464536552, 2.2262212792013445, 2.2258879598389325, 2.2255768281781774, 2.2252519573920813, 2.224979906510084, 2.2247437187749095, 2.224564826896048, 2.22432430789002, 2.2241490457811928, 2.2239389883147345, 2.2238148593495035, 2.223615138958662, 2.223468124357044, 2.223303398005983, 2.2231941763152423, 2.22301483918459, 2.222897481205117, 2.222796304613097, 2.2226352655989494, 2.222554241999602, 2.2224306005697985, 2.222333401696295, 2.2222001226539287, 2.222134646187481, 2.2220407663247523, 2.2219481422350955, 2.2218297882976694, 2.221749872733385, 2.22167360324126, 2.221564600100884, 2.221488163002536, 2.2214039992063475, 2.221316118525644, 2.2212296357521644, 2.221125149828756, 2.2210616255417848, 2.2210001843607325, 2.2209353553943143, 2.220862143060081, 2.220817261781448, 2.220647679434882, 2.220657332840129, 2.2205584426211495, 2.2204737082505837, 2.2204442620277405, 2.220386184178866, 2.2202751962547627, 2.220203483206594, 2.2201402202630653, 2.2200738130471644, 2.2200063461931343, 2.219942183066637, 2.219899467423431, 2.2197718273880134, 2.21976770600702, 2.2196679181522794, 2.2195975428972488, 2.2195943247558723, 2.2194868973177724, 2.219478328513284, 2.2193998460076814, 2.219304570275494, 2.219253026522123, 2.219212660422692, 2.219127014152005, 2.2190954868610087, 2.2190084961744456, 2.2189751939895825, 2.2188655759534264, 2.218829524313283, 2.2187805308236017, 2.2187064432690287, 2.218688500742627, 2.2186179971083617, 2.218551830858247, 2.218487538333632, 2.2184140121834908, 2.2184099106707125, 2.2182966822232957, 2.2182466087178287, 2.218229602035294, 2.2181399892538023, 2.218082191597702, 2.2180443161573167, 2.2179724655599675, 2.217900127936632, 2.2178523061621904, 2.217830666110047, 2.2177828458639293], "test_loss": [1.7395282180786134, 1.6224013229370118, 1.5818830780029296, 1.5712883346557618, 1.5437553695678712, 1.5350683639526368, 1.511715003967285, 1.522471649169922, 1.4915659378051758, 1.4991684188842773, 1.48603701171875, 1.491413655090332, 1.467447752380371, 1.4715558776855469, 1.4870063217163085, 1.486761721801758, 1.4658289825439452, 1.489796208190918, 1.4795355941772461, 1.4846667907714843, 1.4645346282958984, 1.4545429733276367, 1.4694378143310547, 1.4950848388671876, 1.4844574172973632, 1.468290202331543, 1.4849087219238282, 1.4777766021728516, 1.4456791778564453, 1.450375471496582, 1.4445190200805664, 1.4592496170043945, 1.4684138763427734, 1.4566129425048828, 1.4471453994750976, 1.439957667541504, 1.473884228515625, 1.4636027786254884, 1.4530137313842773, 1.440803729248047, 1.4564761978149414, 1.4656916152954103, 1.455169384765625, 1.4459020919799805, 1.478437158203125, 1.4561851425170897, 1.4381262634277343, 1.4580031372070312, 1.4762135757446289, 1.4776780899047852, 1.4704701446533204, 1.4567467208862304, 1.4586627960205079, 1.4702183212280273, 1.430580421447754, 1.4542820129394531, 1.468232749938965, 1.4697146865844726, 1.4596050140380858, 1.4509238723754883, 1.4646109649658203, 1.4377680160522461, 1.4410801162719726, 1.4540572418212891, 1.4503496398925781, 1.4743121032714843, 1.4675749649047851, 1.4624916519165039, 1.4673877685546874, 1.4587268264770508, 1.4603831237792968, 1.4507049911499024, 1.4475943603515624, 1.440217581176758, 1.465137940979004, 1.4531823120117187, 1.4409435104370116, 1.4226959381103517, 1.4487908584594726, 1.445801661682129, 1.4438198104858397, 1.4535889511108397, 1.4424719985961914, 1.4542174057006836, 1.4506283798217774, 1.4536569793701173, 1.449547686767578, 1.4342211318969726, 1.4503840042114258, 1.4414707229614259, 1.4253909942626952, 1.4293002319335937, 1.4257342041015626, 1.4702244400024413, 1.451272216796875, 1.4493365982055664, 1.4568481491088867, 1.4753196472167969, 1.4470235885620117, 1.4598864395141602], "test_acc": [86.55, 92.3, 95.09, 96.12, 96.57, 96.86, 97.14, 97.11, 97.48, 97.67, 97.71, 97.87, 97.75, 97.93, 98.06, 98.06, 98.26, 98.12, 98.23, 98.28, 98.2, 98.24, 98.34, 98.46, 98.37, 98.35, 98.37, 98.54, 98.45, 98.5, 98.45, 98.48, 98.53, 98.56, 98.57, 98.56, 98.59, 98.5, 98.68, 98.65, 98.64, 98.66, 98.61, 98.64, 98.74, 98.65, 98.62, 98.69, 98.73, 98.69, 98.71, 98.73, 98.71, 98.73, 98.76, 98.68, 98.7, 98.82, 98.76, 98.77, 98.88, 98.76, 98.73, 98.81, 98.89, 98.81, 98.82, 98.79, 98.8, 98.81, 98.8, 98.78, 98.79, 98.81, 98.89, 98.85, 98.84, 98.88, 98.9, 98.8, 98.84, 98.85, 98.84, 98.89, 98.8, 98.94, 98.82, 98.89, 98.85, 98.88, 98.86, 98.91, 98.91, 98.88, 98.9, 98.87, 98.81, 98.79, 98.84, 98.9]}