{"train_loss": [2.2820615814282346, 2.2617698734642095, 2.2553248807915254, 2.252062405276502, 2.250052239650335, 2.2488414522929068, 2.247852540933169, 2.247040982939239, 2.24642291232052, 2.2458431511862664, 2.245314198681432, 2.2449232767789793, 2.2443976876063223, 2.244128268498641, 2.2437172954917974, 2.2433547163620973, 2.2431061553139973, 2.24277644789117, 2.2425730666543684, 2.24235251163825, 2.241998987320142, 2.2418112540856385, 2.2415409673992386, 2.2413349161800156, 2.241028866197309, 2.2408678353342237, 2.2405510183073516, 2.240385204808325, 2.240071135198968, 2.2399036400338526, 2.2397259422856517, 2.2394743164380393, 2.2392434121197105, 2.2390718368383555, 2.238811305954925, 2.2385461763439016, 2.2383813241608124, 2.238165360230666, 2.2378748308899055, 2.2376988912240052, 2.2374142963662105, 2.2372168256686282, 2.236994754554879, 2.2367517229838247, 2.2365435377145424, 2.2362108561727734, 2.236048211908748, 2.2357728348837957, 2.2355174264337263, 2.2352306934503408, 2.2349881580752187, 2.2347607210151152, 2.2344118010284553, 2.2341148608770127, 2.233906982291458, 2.2335813325694485, 2.23327032623128, 2.2330125575391655, 2.2326501271663566, 2.232487907776466, 2.232113299206791, 2.231770965278658, 2.2315143672829, 2.2312178947986703, 2.2308265836829815, 2.230363756672949, 2.230040265963628, 2.229656612261748, 2.229484766976446, 2.22914078959033, 2.2287083685907545, 2.2283109579330835, 2.2280499858733935, 2.2276208288649206, 2.2272776864532733, 2.22686893461097, 2.226449058096633, 2.226191247630323, 2.2258191108703613, 2.2252847649093366, 2.2248792475105352, 2.224549162082183, 2.2242241012744413, 2.2235840615044293, 2.2232820564865046, 2.2227198884018464, 2.2225183783433375, 2.221994393911117, 2.2214420616117296, 2.2209802687677564, 2.220554099123702, 2.220222995831416, 2.219479606192336, 2.2193253152390833, 2.2186295385034676, 2.218140489525265, 2.217710949926295, 2.2174209284986186, 2.2167299242101164, 2.216265187304244], "test_loss": [1.842720785522461, 1.7224364654541016, 1.6691532043457031, 1.644815818786621, 1.6636365966796876, 1.589150875854492, 1.6112127380371093, 1.6143597549438478, 1.5719929748535155, 1.6027385360717774, 1.5732691940307617, 1.5947904541015625, 1.5872587524414064, 1.580997137451172, 1.5797314575195311, 1.5566278030395508, 1.5698639556884766, 1.5442887115478516, 1.5363067352294921, 1.5821832626342773, 1.5456224365234374, 1.5759308135986327, 1.5672905639648438, 1.5519278121948241, 1.550514401245117, 1.5721950729370118, 1.5715377655029297, 1.5528374694824219, 1.563655307006836, 1.5371535385131836, 1.576866943359375, 1.5404602249145507, 1.585028660583496, 1.5576811294555664, 1.5345809051513672, 1.5604980087280274, 1.5333738891601563, 1.5203867950439454, 1.5464694564819337, 1.5450214645385743, 1.5545949996948243, 1.5477226455688478, 1.5375352111816407, 1.5517897186279297, 1.529186489868164, 1.5387761245727538, 1.5474449081420898, 1.5342930114746094, 1.5615873046875, 1.5519418869018555, 1.5231919830322265, 1.5252648330688476, 1.5397317947387694, 1.5468436248779296, 1.5208627334594726, 1.5557887329101563, 1.5548944366455077, 1.5378708923339843, 1.5554047805786133, 1.5402436141967772, 1.5119295867919922, 1.5405001556396485, 1.5537219863891603, 1.5540833297729493, 1.5332791412353515, 1.5235587890625, 1.539467105102539, 1.5804566024780273, 1.5709499816894532, 1.5374033981323243, 1.5168592849731446, 1.5560641128540038, 1.5196514739990234, 1.5489912567138673, 1.563632534790039, 1.5879718368530273, 1.5621624542236328, 1.597444938659668, 1.5290753921508788, 1.56700626373291, 1.534146304321289, 1.5351341430664063, 1.5623425415039063, 1.5362869125366212, 1.5722804748535155, 1.5678955154418945, 1.5220593627929688, 1.5308379364013671, 1.5698882263183593, 1.526788653564453, 1.5336969711303712, 1.5829904479980468, 1.576067449951172, 1.5413173324584961, 1.5325921768188477, 1.5705652633666993, 1.5380223068237304, 1.5184144668579103, 1.5417723251342774, 1.537774006652832], "test_acc": [84.89, 90.82, 93.4, 94.41, 96.1, 96.22, 96.52, 96.88, 97.09, 97.25, 97.33, 97.5, 97.51, 97.42, 97.7, 97.6, 97.94, 97.84, 97.73, 97.74, 97.86, 97.81, 97.86, 97.91, 98.03, 97.98, 97.98, 98.16, 98.27, 98.01, 98.09, 98.25, 98.18, 98.3, 98.15, 98.2, 98.31, 98.16, 98.22, 98.25, 98.26, 98.25, 98.28, 98.21, 98.37, 98.22, 98.22, 98.27, 98.3, 98.28, 98.17, 98.37, 98.27, 98.32, 98.25, 98.3, 98.11, 98.04, 98.19, 97.94, 98.32, 98.0, 97.98, 97.74, 97.85, 97.91, 97.87, 97.73, 97.51, 97.88, 97.97, 97.65, 97.9, 96.91, 97.35, 97.42, 96.93, 96.58, 97.46, 96.09, 97.42, 97.36, 97.03, 96.91, 95.79, 96.63, 96.64, 96.02, 95.12, 95.68, 95.93, 95.89, 95.75, 96.12, 95.6, 94.09, 95.48, 95.31, 94.82, 94.92]}