{"train_loss": [1.9302751116263561, 1.796331125446874, 1.7757354467852502, 1.7654835648006864, 1.758296092096557, 1.752633783297661, 1.7482423033469763, 1.7447643781829083, 1.7407083322859218, 1.737511827904954, 1.7344048644742396, 1.731181015825679, 1.728257286752391, 1.7257831435427706, 1.7224032349056668, 1.7192906263547065, 1.7166967995655842, 1.714339265966008, 1.7105781830783584, 1.707122510824448, 1.7039929546861567, 1.700607508675665, 1.6970077312400198, 1.693149401846095, 1.689232370028129, 1.6848043702606461, 1.6797261806125314, 1.6756649544605842, 1.6708455177453847, 1.6654016874794266, 1.66112493755471, 1.654989066796425, 1.6494279358631525, 1.6428513368989668, 1.635981195502811, 1.629833721452289, 1.6226597043693576, 1.6158872914110494, 1.6078334588270922, 1.6002953974609702, 1.5917191528356993, 1.584093509066818, 1.5755444123194768, 1.566368490202814, 1.5576014541662657, 1.547783465976389, 1.538500181120685, 1.528721007781151, 1.5187991658846538, 1.50885009765625, 1.4989153411653307, 1.4899135002723107, 1.4784278171694176, 1.4696014413976262, 1.461254039636025, 1.4500130409868355, 1.441213528569947, 1.4315475131201947, 1.4240598984253712, 1.414283892028352, 1.406359153170871, 1.3962523356462135, 1.3873331238571396, 1.3802321942952962, 1.3735434063988874, 1.3660601186446655, 1.3591117239915407, 1.3513173076332126, 1.3448549547256567, 1.3379449136236794, 1.3332494540601714, 1.3276636144544325, 1.3216197136630359, 1.3171662079472828, 1.3110106111082256, 1.3071867258120806, 1.3005586190101428, 1.2974945024037972, 1.2929226776473544, 1.2882723933101718, 1.2846849048748994, 1.2811125855670016, 1.2769272793561985, 1.2747386016397395, 1.2724070836845627, 1.2676562376511402, 1.2649083412610567, 1.263012510843766, 1.2585295734242496, 1.25682083154336, 1.2546356190473607, 1.2512113543657155, 1.2498710573229015, 1.246995113344274, 1.2454035292323837, 1.2429850180434365, 1.2413237515168312, 1.2387222102564623, 1.2362716078248799, 1.235071033748806], "test_loss": [0.8256316398620606, 0.7517320991516113, 0.7721057464599609, 0.7312344886779785, 0.720201123046875, 0.7105942077636719, 0.7000322715759277, 0.7532425666809082, 0.6783840919494629, 0.7101499320983887, 0.6538864456176757, 0.7553802124023438, 0.6908826805114746, 0.65834404296875, 0.6492227310180664, 0.72735562210083, 0.6601139762878417, 0.6686506958007813, 0.716937043762207, 0.6635378471374511, 0.7321070304870605, 0.6571660430908203, 0.6261233825683594, 0.6622530456542969, 0.6469455101013184, 0.7548390701293946, 0.6877522956848144, 0.6949511276245117, 0.6754075477600098, 0.628824195098877, 0.7053784439086914, 0.6228285766601562, 0.7060042304992675, 0.685130850982666, 0.6951298271179199, 0.6858604919433594, 0.6676400390625, 0.7443794227600098, 0.7220187950134277, 0.6914108001708984, 0.7649782455444336, 0.681502400970459, 0.6640901054382324, 0.7000785743713379, 0.7214048484802246, 0.6911158241271973, 0.7301378578186035, 0.7369199928283692, 0.7464815406799317, 0.7111570114135742, 0.6960032485961914, 0.7129296051025391, 0.7464520080566406, 0.8173403030395507, 0.7676538780212402, 0.7913053367614746, 0.7432943389892578, 0.7452129768371583, 0.8023328422546386, 0.742076683807373, 0.7701677879333496, 0.7469164779663086, 0.7410953285217285, 0.8238401596069336, 0.8527017471313476, 0.8249472984313965, 0.7402635925292969, 0.788691064453125, 0.7853840942382813, 0.7558356384277344, 0.8673893600463867, 0.841823583984375, 0.8494244110107422, 0.7931218879699707, 0.8071913566589356, 0.8180991973876953, 0.7752232925415039, 0.7790998008728027, 0.8745178268432617, 0.8360090080261231, 0.8286769874572754, 0.851076602935791, 0.8025465049743652, 0.9094548820495606, 0.802602587890625, 0.855426904296875, 0.8542044937133789, 0.8654565467834473, 0.8053138191223145, 0.848671346282959, 0.8296942695617676, 0.8274707466125488, 0.8522482513427735, 0.8564206230163575, 0.8277314994812012, 0.8735893386840821, 0.8502009078979492, 0.8727875564575195, 0.8509038932800292, 0.8852461540222168], "test_acc": [95.03, 97.09, 97.11, 97.94, 98.25, 98.2, 98.32, 98.62, 98.55, 98.49, 98.6, 98.6, 98.66, 98.76, 98.78, 98.71, 98.76, 98.67, 98.8, 98.76, 98.71, 98.47, 98.63, 98.53, 98.69, 98.55, 98.55, 98.48, 98.34, 98.28, 98.26, 98.34, 97.97, 97.65, 97.39, 97.73, 97.29, 97.43, 97.01, 96.45, 95.42, 96.09, 96.23, 95.16, 94.27, 94.55, 94.04, 92.74, 93.01, 93.93, 92.36, 92.86, 91.81, 87.76, 90.02, 89.0, 89.2, 89.57, 88.7, 88.38, 88.59, 88.77, 88.28, 84.86, 85.13, 85.82, 87.91, 85.27, 85.58, 86.12, 82.54, 83.79, 82.99, 84.8, 84.85, 84.27, 84.71, 85.23, 80.77, 82.89, 83.64, 81.69, 84.0, 80.52, 83.8, 81.69, 82.57, 81.83, 83.44, 82.4, 82.64, 82.59, 81.72, 81.14, 82.21, 80.36, 81.21, 81.08, 81.74, 80.24]}