{"train_loss": [2.2651926054913774, 2.2333770282248144, 2.224428905890538, 2.2205370435347924, 2.2178902636226425, 2.216260909015297, 2.2148754729164972, 2.2137408307474904, 2.2128775593562002, 2.2120377355151706, 2.2112649123892827, 2.210696740537627, 2.209915750556522, 2.2095191387029796, 2.208870925455012, 2.2083056253245754, 2.2079272509640098, 2.2073920578019233, 2.2070575325916977, 2.206686898174449, 2.2061072919103832, 2.2057831486066184, 2.2053058014975653, 2.204918098755372, 2.2043822820370016, 2.204051054441012, 2.2034495615551615, 2.2031454826012635, 2.2025445704786186, 2.2021792490258174, 2.2017782335607414, 2.2012832404201865, 2.200802368995471, 2.2004087562234993, 2.199863071625049, 2.199280651206644, 2.198868104025849, 2.1984055566991496, 2.1977825990090003, 2.197304907008114, 2.1966757922091036, 2.1962131552207165, 2.1956786966731405, 2.1950757722569327, 2.1945532748841834, 2.1937838706195865, 2.193330691410945, 2.192655078875713, 2.192008009323707, 2.1912954643241362, 2.1907081680420117, 2.19000783486244, 2.1892320564669423, 2.1883872732138023, 2.187828109305129, 2.1870268491598277, 2.1861370210973625, 2.185517761951838, 2.1845996542873545, 2.183935214311649, 2.183064505075797, 2.1822114556263656, 2.181457727892786, 2.1805498350379815, 2.179538459349901, 2.178380661540561, 2.1774237976114974, 2.1763862075968685, 2.175790429624737, 2.1749324401219687, 2.173698383518773, 2.1725703111061683, 2.1716791498355374, 2.1704970073496175, 2.1696696790874515, 2.168385955513033, 2.1673780124411626, 2.166332374780606, 2.165280905034807, 2.1639720369607973, 2.1626727260076084, 2.1615806522532406, 2.1606967861835775, 2.15903883612054, 2.158080066880609, 2.156591410310859, 2.156035997928717, 2.1543626372630778, 2.1527053255301256, 2.1517762653848047, 2.150628743518112, 2.1492706088938265, 2.1474742914876366, 2.1466825721610308, 2.1451981923519035, 2.143654774906289, 2.1423503282742624, 2.1414818381651854, 2.139953172614432, 2.13847423516787], "test_loss": [1.7045670425415038, 1.5606336486816406, 1.5138791061401367, 1.49903738861084, 1.5311119430541993, 1.4301730529785157, 1.4718504669189454, 1.4683348648071288, 1.4173639282226562, 1.4666459335327149, 1.4271816314697265, 1.4546501495361328, 1.4463943252563476, 1.4372467086791991, 1.4342818557739259, 1.4131966873168946, 1.4276221908569335, 1.399227767944336, 1.3787029663085937, 1.445035009765625, 1.4068880294799804, 1.449272930908203, 1.4267311462402343, 1.4088446502685548, 1.4103118576049805, 1.4403688323974608, 1.4432181381225586, 1.4125542709350587, 1.4214108825683593, 1.3990543411254883, 1.439699234008789, 1.391372248840332, 1.443505876159668, 1.4173235931396484, 1.381663542175293, 1.4193263046264648, 1.3911800521850586, 1.3732717681884765, 1.4089869201660157, 1.4103490295410157, 1.4199605270385742, 1.3997974227905274, 1.3896718353271484, 1.4130375061035156, 1.392946337890625, 1.4031262283325194, 1.4076005264282228, 1.3836295135498047, 1.4279280517578126, 1.4265246368408202, 1.3779340896606445, 1.3822340957641601, 1.3970281021118165, 1.413685139465332, 1.3772718521118164, 1.4350134521484375, 1.427946337890625, 1.4123834045410155, 1.4251162231445313, 1.4072929428100587, 1.3685620910644531, 1.4032061553955077, 1.4132966354370118, 1.4312360946655274, 1.3989198501586915, 1.3870414276123046, 1.4060963760375977, 1.4738495574951171, 1.4573830490112305, 1.401948031616211, 1.3998188735961914, 1.426669160461426, 1.3828374649047852, 1.430177392578125, 1.4388685424804688, 1.466186750793457, 1.4468192779541016, 1.4791331649780273, 1.405446923828125, 1.4693618286132812, 1.40380450592041, 1.4214468719482423, 1.444370509338379, 1.400218601989746, 1.46000859375, 1.454252229309082, 1.3927166961669921, 1.4151943008422851, 1.4554442977905273, 1.4085161514282227, 1.4375324295043945, 1.4721882507324218, 1.4717481384277344, 1.4287937042236327, 1.4210679122924805, 1.4660330703735351, 1.4168051101684571, 1.415368977355957, 1.4375035034179688, 1.4251658294677734], "test_acc": [87.69, 92.51, 94.73, 95.33, 96.74, 96.6, 97.04, 97.28, 97.48, 97.64, 97.62, 97.78, 97.7, 97.66, 97.85, 97.86, 97.98, 98.01, 97.88, 97.95, 98.0, 98.06, 97.96, 98.03, 98.24, 98.14, 98.2, 98.3, 98.3, 98.18, 98.14, 98.23, 98.28, 98.27, 98.33, 98.35, 98.22, 98.25, 98.21, 98.26, 98.25, 98.07, 98.31, 98.09, 97.94, 97.91, 97.99, 98.13, 98.08, 97.77, 97.94, 98.1, 97.86, 97.68, 97.83, 97.77, 97.53, 97.2, 97.55, 96.86, 97.68, 97.02, 96.72, 96.16, 96.52, 96.94, 96.41, 95.73, 95.29, 96.3, 96.52, 95.47, 96.22, 94.25, 94.79, 93.77, 93.31, 93.04, 94.85, 89.21, 93.93, 93.79, 93.87, 93.17, 90.89, 91.04, 92.66, 89.55, 88.05, 88.8, 89.81, 89.52, 88.92, 89.86, 90.06, 86.34, 88.08, 89.14, 86.95, 88.09]}