{"train_loss": [2.1428822808795505, 2.0584081497966733, 2.0430425433521595, 2.0345943190603175, 2.029758898366211, 2.025109007063075, 2.021596611564995, 2.0183251176634407, 2.0157226250212417, 2.0125584864718284, 2.010105392871759, 2.0070769435320144, 2.004434170631262, 2.001975995098424, 1.9992271424868169, 1.9958232595370367, 1.9928772082695594, 1.9892629168481908, 1.9858833722069733, 1.9820977864611862, 1.9785491712072976, 1.9739212335174918, 1.969856735987541, 1.965145828632208, 1.9592177455241864, 1.9535578960536892, 1.947219625242755, 1.9415881218563797, 1.9341675040558872, 1.9269531883745112, 1.9183599821522705, 1.9092347621917725, 1.9005257874472528, 1.8899095606090677, 1.879357438821059, 1.8685405613520207, 1.8555844820972183, 1.84256318033251, 1.8289859475743058, 1.8166371731676607, 1.8003223777836204, 1.786390718486574, 1.7700013681354685, 1.7536919878588781, 1.7355171411465375, 1.718879245285295, 1.7023062711088066, 1.6845925875708587, 1.6651412508426569, 1.647099257279665, 1.629479867270869, 1.6111143126956418, 1.5926655444324527, 1.5759222527854464, 1.5578702443685286, 1.54152685454768, 1.5224626092319815, 1.5097632094835625, 1.490970638827381, 1.4766372243563335, 1.4635736735967488, 1.4481000991968007, 1.4349674162192223, 1.421612565079306, 1.411172261604896, 1.3971490567056541, 1.3877331382698483, 1.3775382625241566, 1.3674677569642026, 1.357665032403082, 1.3500172798959618, 1.341040060051486, 1.3339141184448178, 1.326363863853308, 1.3187554944784214, 1.3125157353715, 1.3066860269277523, 1.3012000439513443, 1.2964047292868297, 1.2911034228964748, 1.2864649917325404, 1.2809987901112971, 1.276379015455898, 1.272330244636943, 1.2679769750843701, 1.2642008499202566, 1.260764001781105, 1.256912482345206, 1.2542312066269736, 1.251263094254029, 1.2475285553015196, 1.2452247481570284, 1.242664611237681, 1.2393792332747045, 1.23678549258118, 1.23409557953859, 1.2322558735170934, 1.2297547607340364, 1.2274318452064807, 1.2258912857271667], "test_loss": [1.258283016204834, 1.0527513618469237, 1.052776121520996, 1.0683048057556153, 1.0902268882751465, 1.104996686553955, 0.9833313468933106, 1.005751915740967, 1.0306422538757325, 1.0156677597045898, 1.0367739631652833, 1.0634598640441895, 0.9970490142822266, 1.0775448997497559, 0.9691836326599121, 1.0564290092468263, 1.0606702911376953, 1.0718494430541992, 0.9979305839538575, 0.9999703979492187, 1.0002865760803223, 1.0112441497802733, 0.9994291519165039, 1.0272391540527344, 0.9627693145751953, 0.9647934059143066, 1.0272035232543946, 1.0465222663879394, 0.9931915283203125, 0.9586601440429687, 1.0313275466918945, 1.0283901321411133, 1.0605080856323241, 1.0398398162841798, 1.0674966728210449, 1.1219529495239258, 1.1166333686828613, 0.9793940048217773, 1.047287255859375, 1.1308555839538574, 1.0799062759399414, 1.1037252532958985, 1.087588158416748, 1.0267916877746581, 1.14061884765625, 1.1066753578186035, 1.1043557907104493, 1.1327494186401368, 1.1007744918823241, 1.2201288208007812, 1.0936392631530762, 1.1892031616210939, 1.054655422973633, 1.2292933135986328, 1.2182821258544922, 1.1891091506958007, 1.2282070114135741, 1.2540200637817382, 1.2644722549438476, 1.284926586151123, 1.2827982513427734, 1.288335383605957, 1.2590079193115233, 1.2422627349853517, 1.304540151977539, 1.2382108184814453, 1.2651276329040528, 1.3034629913330078, 1.346851303100586, 1.288871869659424, 1.3598659072875976, 1.3908078552246095, 1.3420392501831055, 1.369588963317871, 1.3423172653198243, 1.3661025451660156, 1.4499182556152344, 1.3676861434936523, 1.355774494934082, 1.4359086441040039, 1.3961015487670898, 1.395954556274414, 1.4149388702392578, 1.4529116333007812, 1.438634765625, 1.415211247253418, 1.3907159225463868, 1.4249392501831055, 1.4527761291503907, 1.4145183700561523, 1.4816027450561524, 1.4800352264404297, 1.4348654678344726, 1.417685903930664, 1.4961595703125, 1.4759765380859375, 1.4425232513427735, 1.4610836639404297, 1.4411796325683595, 1.4613229248046875], "test_acc": [93.07, 95.39, 96.29, 96.79, 97.45, 97.69, 97.63, 97.71, 97.76, 98.05, 98.05, 97.62, 97.89, 97.99, 97.98, 98.06, 97.95, 98.02, 98.05, 97.97, 97.95, 97.84, 97.72, 97.65, 97.2, 97.19, 96.56, 96.29, 96.4, 96.37, 95.05, 93.8, 93.3, 92.73, 90.62, 88.41, 86.82, 89.68, 85.56, 83.8, 83.82, 81.96, 82.46, 83.52, 76.13, 77.19, 77.6, 75.89, 75.92, 69.94, 74.94, 69.83, 75.0, 67.85, 67.46, 68.06, 65.5, 64.93, 63.13, 62.27, 62.8, 61.72, 63.55, 63.82, 60.97, 63.86, 62.38, 60.59, 58.5, 61.47, 58.54, 56.99, 59.1, 56.91, 59.04, 57.58, 54.69, 57.58, 58.54, 55.18, 56.21, 56.98, 56.08, 53.87, 54.71, 55.86, 56.63, 55.13, 53.98, 56.38, 52.65, 52.82, 54.72, 55.66, 52.32, 52.8, 54.99, 53.68, 54.73, 53.81]}