{"train_loss": [2.256645986667046, 2.2154807922167654, 2.203048809980735, 2.1968274585202208, 2.19294091167613, 2.1890185021946573, 2.186687017098451, 2.1839438350791607, 2.181132964598827, 2.1787401442853813, 2.176285263310131, 2.173167401399368, 2.170587450520605, 2.167754996026683, 2.16413411217877, 2.16105584660147, 2.1573470978655367, 2.152941279941135, 2.148470582615616, 2.143056642295968, 2.1378784072704806, 2.1313642464641833, 2.1239780185059605, 2.117225978873734, 2.107624953119164, 2.0987160035178194, 2.0881973038881254, 2.0773104375753646, 2.063370960135745, 2.050259891228798, 2.0333045181046185, 2.0158548839071875, 1.9951124275342011, 1.9743086700765495, 1.95228847148072, 1.9269683325392568, 1.8994315867750053, 1.8718375097482631, 1.841942815699129, 1.8088663920887516, 1.776514077033752, 1.741212895538053, 1.7033987529257424, 1.6697851294635708, 1.6326538067088168, 1.5922466124224866, 1.5549677722474449, 1.519679330353044, 1.4848713589529705, 1.4448492695123722, 1.4133992704570804, 1.3755096431471343, 1.3421971331804226, 1.3130497901867597, 1.283909548806329, 1.255295062931175, 1.225406625586697, 1.2017991033374753, 1.1795370522727313, 1.1607856814168458, 1.1413539981740153, 1.1240116806111784, 1.1084892897524385, 1.092817599956806, 1.0803694765791934, 1.069120880885002, 1.0578323512250543, 1.0479935573207007, 1.0394056477607825, 1.0305783659474463, 1.0232123200200562, 1.01642297144629, 1.0093531306737509, 1.0029702867962356, 0.9980784570559477, 0.9929382422795663, 0.9874255028035905, 0.9826640085532115, 0.9790791141935903, 0.9751204391065825, 0.9713326967679538, 0.9674689004309157, 0.9640723834944587, 0.9605681865643232, 0.9576694483940418, 0.9542526973363681, 0.9517861442942904, 0.9481115362837783, 0.945242408121753, 0.9430021042497749, 0.9413380762960157, 0.9383745348861074, 0.9365570289202225, 0.9339134084363269, 0.9311846448824956, 0.9292107797586001, 0.9277305432364472, 0.9254172181981242, 0.9231341655692483, 0.9216188548976539], "test_loss": [1.6991601165771484, 1.4637490768432617, 1.4756643264770508, 1.430389569091797, 1.4264732376098632, 1.4149352355957032, 1.3619386169433594, 1.3619358459472657, 1.3764678985595704, 1.3644458923339844, 1.388205499267578, 1.3750934906005858, 1.3669951904296875, 1.3605300567626952, 1.367181150817871, 1.392934439086914, 1.3552603393554687, 1.3383007064819337, 1.307286067199707, 1.4081812606811523, 1.3691154739379883, 1.3808049682617187, 1.3099158645629883, 1.3155678421020507, 1.3514117156982421, 1.3767015258789062, 1.4015742218017577, 1.3809018661499024, 1.4522728485107421, 1.4589716690063477, 1.391933023071289, 1.357096435546875, 1.4654344543457032, 1.4584226669311524, 1.4763912307739258, 1.4667680206298828, 1.4219188507080078, 1.5970079132080077, 1.5410498840332032, 1.5967096374511718, 1.5251006759643555, 1.572647216796875, 1.722423829650879, 1.6682801895141601, 1.6712909896850585, 1.7402709426879883, 1.6828007583618163, 1.7776380981445312, 1.7505612106323243, 1.8527488586425782, 1.8283405532836914, 1.9759399978637695, 1.8529093215942383, 1.9622446029663085, 1.9410252075195313, 2.0264731872558595, 2.0596733428955076, 1.9759151885986328, 2.0506507385253907, 2.0311120376586915, 2.054359916687012, 2.049859214782715, 2.0913990356445313, 2.105839239501953, 2.0468186157226564, 2.2030656494140626, 2.141071336364746, 2.1800036026000975, 2.1852605087280272, 2.113989288330078, 2.2505516510009764, 2.209067509460449, 2.2282137603759766, 2.1626993927001954, 2.205703433227539, 2.1757093795776368, 2.172374559020996, 2.269772966003418, 2.230366081237793, 2.2592774993896483, 2.18341222076416, 2.260006669616699, 2.2697822647094728, 2.3375435348510742, 2.2498371627807616, 2.243350845336914, 2.338167872619629, 2.2399086959838868, 2.2737113372802735, 2.3044876220703125, 2.276628483581543, 2.352406797790527, 2.3044960861206056, 2.3235653213500975, 2.3120318313598633, 2.3265070907592773, 2.328424705505371, 2.331799102783203, 2.391630810546875, 2.357234063720703], "test_acc": [81.58, 93.0, 94.67, 95.11, 96.23, 96.29, 96.33, 96.81, 96.29, 96.61, 97.03, 96.92, 96.79, 96.27, 96.54, 96.14, 96.5, 96.04, 95.66, 94.7, 93.82, 93.16, 93.34, 91.32, 88.66, 88.84, 84.08, 83.14, 77.12, 75.75, 77.57, 75.86, 67.42, 67.37, 65.21, 63.06, 63.84, 53.54, 57.8, 51.82, 55.69, 52.22, 45.92, 46.49, 46.05, 45.05, 46.86, 43.31, 43.64, 40.69, 42.25, 37.1, 40.72, 37.14, 39.81, 36.03, 36.25, 38.75, 36.52, 36.39, 36.18, 36.53, 35.17, 34.94, 36.35, 31.44, 33.07, 33.67, 32.57, 34.61, 30.7, 32.52, 31.76, 33.72, 31.62, 32.45, 33.73, 30.66, 32.08, 30.89, 33.58, 31.37, 31.71, 29.22, 31.68, 32.77, 29.93, 33.58, 31.33, 30.22, 31.27, 29.05, 31.0, 30.22, 29.89, 29.83, 30.38, 29.81, 28.53, 29.45]}