{"train_loss": [2.2443262552603698, 2.20298533867567, 2.1929355029366975, 2.1888044028200655, 2.1862546949305086, 2.1845403532696586, 2.183198319031642, 2.1821391022103462, 2.1813301337070956, 2.180609286340893, 2.1800207378517866, 2.1793891191482544, 2.178913238721016, 2.178436028651702, 2.178032557169596, 2.1776660094913254, 2.177280546253563, 2.177030994851365, 2.176629801081796, 2.1764957711227937, 2.176138453503959, 2.1759767511970978, 2.175740692860041, 2.1754795557413344, 2.175255583392249, 2.1750180614300265, 2.1749049904000044, 2.174571089255504, 2.1744993716223626, 2.174273183203151, 2.1741546341496654, 2.1738440526856317, 2.1737474116504703, 2.1735872127052045, 2.1734346385694976, 2.173240038574251, 2.173151609225151, 2.1730529925762077, 2.1728637911315656, 2.172712854340545, 2.1725300876503315, 2.172432559677678, 2.17220506657902, 2.1721536196195164, 2.172039528687795, 2.1718527883545966, 2.1717919855036287, 2.171584131880703, 2.1714784345056257, 2.1713449012519965, 2.1711703044736486, 2.171104492794754, 2.1709714379066076, 2.1708903287211037, 2.170730370741624, 2.1706550809053273, 2.170521869109227, 2.1703572527975097, 2.170228540387928, 2.170191916135641, 2.1700135046600275, 2.1699018228767266, 2.1698135662282634, 2.1696400010687675, 2.169552380712623, 2.1694607057123103, 2.1693238554856715, 2.169188797983349, 2.1690922557798205, 2.1690020938204904, 2.168915147964771, 2.16878881617489, 2.168658616196396, 2.168575491151239, 2.1684410378464265, 2.168285108020163, 2.168168498410119, 2.1681159750009193, 2.1679810968219724, 2.1679145388114147, 2.167713055243859, 2.167606646179134, 2.1675472397070665, 2.1674709269124217, 2.167275666171669, 2.1671415908723817, 2.167074609516013, 2.1669966736410418, 2.1668652667958512, 2.1667024590011335, 2.166610747321039, 2.1664751324898157, 2.1663758540764833, 2.166217983787895, 2.16617217940143, 2.166079967449873, 2.165937985619928, 2.1658864637725372, 2.1657404461477556, 2.1656311943999724], "test_loss": [1.5658350006103516, 1.451815350341797, 1.4081411819458007, 1.3768570297241212, 1.3631516387939453, 1.3678368789672852, 1.3466586517333985, 1.3628248428344727, 1.3369293579101562, 1.321106834411621, 1.3472330062866211, 1.3602186233520508, 1.3165853515625, 1.3188075653076172, 1.3241029190063476, 1.3101501541137694, 1.3245143615722657, 1.3099681655883788, 1.2836265747070312, 1.2912356231689452, 1.2920097793579102, 1.3046189102172852, 1.2946881988525392, 1.299394790649414, 1.3071449966430664, 1.334994123840332, 1.2897709106445312, 1.3039934783935547, 1.3126660736083984, 1.3049877807617187, 1.3000886932373046, 1.3250601943969726, 1.2887859909057617, 1.275199528503418, 1.3384525650024415, 1.289603108215332, 1.313134344482422, 1.2758509017944335, 1.3119229217529298, 1.3025708465576171, 1.2991022323608399, 1.2833853363037109, 1.2907146728515626, 1.2843060699462892, 1.2655904434204102, 1.2787100387573243, 1.314208753967285, 1.306175323486328, 1.3168998596191406, 1.2807061080932618, 1.3031430145263672, 1.2857445724487304, 1.3055139175415038, 1.3159098571777343, 1.2954004684448241, 1.2969903579711914, 1.2689429077148437, 1.2925356643676758, 1.282397772216797, 1.3019303161621094, 1.3279971252441407, 1.3064807174682618, 1.289972755432129, 1.28641788482666, 1.2821220397949218, 1.309448243713379, 1.316586456298828, 1.2810132537841796, 1.3019519912719726, 1.2692664184570313, 1.2640943969726564, 1.2704609405517577, 1.2599793869018554, 1.2520568756103516, 1.2911716049194335, 1.2848297149658203, 1.2692948532104493, 1.2840610168457032, 1.2635917510986328, 1.2768827499389648, 1.2787764846801757, 1.2821078918457032, 1.271468458557129, 1.299730975341797, 1.2701018112182618, 1.2721098526000976, 1.264583853149414, 1.283490151977539, 1.2747854843139648, 1.2777972137451172, 1.2940856796264648, 1.2671872009277343, 1.3102542572021485, 1.2981430145263673, 1.2857616409301758, 1.2797532180786133, 1.2826843215942383, 1.2908324020385742, 1.2582571029663085, 1.295463006591797], "test_acc": [89.03, 94.27, 96.02, 96.44, 97.09, 97.25, 97.38, 97.87, 97.94, 97.74, 97.95, 97.97, 98.21, 98.18, 98.28, 98.23, 98.38, 98.48, 98.35, 98.53, 98.4, 98.62, 98.6, 98.51, 98.57, 98.64, 98.55, 98.56, 98.75, 98.6, 98.65, 98.75, 98.71, 98.7, 98.81, 98.74, 98.79, 98.75, 98.78, 98.72, 98.81, 98.76, 98.81, 98.86, 98.83, 98.78, 98.82, 98.89, 98.94, 98.88, 98.86, 98.98, 98.94, 98.92, 98.96, 98.92, 98.93, 98.91, 98.87, 98.93, 98.92, 98.88, 98.97, 98.94, 99.0, 99.04, 98.98, 98.88, 98.92, 98.84, 98.93, 98.98, 98.94, 98.97, 98.95, 99.0, 98.85, 98.93, 98.9, 98.99, 98.98, 98.91, 98.93, 98.96, 98.93, 98.92, 98.93, 98.92, 98.99, 98.94, 98.96, 98.88, 98.96, 98.99, 99.02, 98.91, 98.92, 98.95, 98.94, 98.91]}