{"train_loss": [1.7269407796044636, 1.5549279591466627, 1.5299803581502702, 1.5149561556485982, 1.5041502966330602, 1.495351404715807, 1.4888206368837602, 1.4807942764371889, 1.475371478459774, 1.4685250322024028, 1.4622560726781177, 1.4567603578424861, 1.449909856940946, 1.4437297707439487, 1.436533453118088, 1.42957908144364, 1.4204419810547788, 1.4118354244109912, 1.4023480015432732, 1.393394489828338, 1.3825454047093024, 1.370432610440458, 1.3571583012230375, 1.3450102360330076, 1.3283482448667543, 1.3124642153071542, 1.2940596642657223, 1.2732455674399676, 1.2516242306456606, 1.2282878864779432, 1.2028029688403137, 1.1764757859910655, 1.1469826350609462, 1.117647316848111, 1.0832122640732007, 1.052662263186569, 1.0169134411292198, 0.9793950433914478, 0.9453904493751689, 0.9084566147663654, 0.8710437478163303, 0.8349405423952982, 0.8015499649903713, 0.7642808421554729, 0.7317019685720786, 0.6984718397387073, 0.6678063394422205, 0.6376453610057504, 0.6121958371283661, 0.5860397220931501, 0.5651030429026, 0.5457027785671063, 0.5315167183677355, 0.516750833290255, 0.5045766761669745, 0.4938750586703292, 0.48514913270870846, 0.4774385394576268, 0.47059806729229087, 0.4643351506983113, 0.45873085040057826, 0.45393237700829137, 0.4489983353349898, 0.4447760618267915, 0.44038917162479496, 0.4365543787423362, 0.4332603174142348, 0.4290000312348716, 0.4264553994195074, 0.4233885048928424, 0.4204272341906515, 0.41829410462807387, 0.41455675094810307, 0.41279179284460527, 0.4100773912719172, 0.4081106607475851, 0.4059645052776377, 0.4038911919690605, 0.40204012209278905, 0.3996390729633152, 0.39771174722247654, 0.39640629469838917, 0.39425936112037074, 0.39302294745913935, 0.39097405976464605, 0.3896467363477772, 0.3878798112910018, 0.386722636464824, 0.38501832576898426, 0.3835136141532507, 0.382476605156548, 0.38116107441675967, 0.3798104181376278, 0.3784631837764357, 0.37764059051743937, 0.37675253085346305, 0.37545920634626323, 0.3746566159220842, 0.3734520772456104, 0.372420791313689], "test_loss": [0.6652760887145996, 0.5780157649993897, 0.5759995693206788, 0.5027050327301026, 0.5677762050628662, 0.5548164611816406, 0.5276798027038574, 0.5593053085327149, 0.5438470329284668, 0.5635626686096191, 0.4873114204406738, 0.5237629219055175, 0.5234924488067627, 0.4976901496887207, 0.4763234550476074, 0.4774915439605713, 0.4811707820892334, 0.5075790298461914, 0.43272546310424803, 0.5078633930206299, 0.5382686130523682, 0.5255198558807374, 0.5333574481964112, 0.4993975402832031, 0.5682708366394043, 0.5507212036132813, 0.5711814571380616, 0.6129323673248291, 0.5061462547302246, 0.5740015193939209, 0.5294876609802246, 0.55695263671875, 0.556940315246582, 0.5204563789367675, 0.574978295135498, 0.617637727355957, 0.5468174259185791, 0.5761755023956299, 0.5777713459014893, 0.6731837764739991, 0.6986587059020997, 0.7397847450256347, 0.6410593936920166, 0.6392245941162109, 0.6929988403320313, 0.7206473930358887, 0.6767540565490723, 0.7028341938018798, 0.6957735210418701, 0.8169772319793701, 0.7405744323730469, 0.7719406673431396, 0.7515399387359619, 0.6926749382019043, 0.7981641914367675, 0.7422386932373047, 0.8361488731384278, 0.7746536933898925, 0.813215284729004, 0.8202115711212158, 0.8088517166137695, 0.8036753326416015, 0.8211528663635254, 0.8053593757629395, 0.825070788192749, 0.8536250877380371, 0.8534107940673828, 0.8471086654663086, 0.8395898010253906, 0.8523563247680664, 0.8628886611938477, 0.8734760856628419, 0.8827098564147949, 0.8675829811096192, 0.8947496871948242, 0.8724909126281738, 0.9140780563354493, 0.9050503677368164, 0.9049918380737305, 0.9017086753845215, 0.8883456832885742, 0.8817979042053222, 0.8823377723693848, 0.9258558921813965, 0.9001906379699707, 0.9035911483764648, 0.9334252197265624, 0.8891956604003907, 0.9336834312438965, 0.9215151161193847, 0.9451010696411133, 0.9311174240112304, 0.9555570610046387, 0.9434207878112792, 0.9330419921875, 0.9579788017272949, 0.9534276893615723, 0.9584435531616211, 0.9602298103332519, 0.9763209129333497], "test_acc": [95.99, 97.02, 97.74, 97.99, 98.16, 98.21, 98.37, 98.46, 98.5, 98.75, 98.6, 98.52, 98.6, 98.8, 98.54, 98.7, 98.39, 98.44, 98.44, 97.96, 97.93, 97.84, 97.47, 97.54, 96.44, 96.63, 95.68, 94.81, 95.24, 93.52, 92.6, 92.2, 91.02, 91.63, 88.98, 87.27, 88.66, 86.71, 85.87, 81.6, 80.67, 78.96, 82.32, 82.16, 79.64, 78.87, 79.69, 78.92, 78.76, 74.49, 77.09, 76.01, 76.88, 79.33, 75.3, 76.87, 73.75, 76.48, 75.19, 74.58, 74.76, 74.99, 74.5, 74.98, 74.08, 73.36, 73.03, 73.55, 73.87, 73.62, 73.11, 72.68, 72.4, 72.77, 71.99, 72.92, 71.22, 71.27, 71.0, 71.57, 72.04, 72.21, 72.26, 70.83, 71.69, 71.25, 70.4, 72.0, 70.53, 71.06, 70.17, 70.36, 69.78, 70.16, 70.58, 69.48, 69.91, 70.08, 69.9, 69.38]}