{"train_loss": [1.9317614634831746, 1.8011737814825823, 1.7821769477465215, 1.7727598830675468, 1.7671116911447966, 1.7619853508778107, 1.7581987375887032, 1.755012076634627, 1.7522659625253107, 1.7496658148419144, 1.7471632593207889, 1.745411368771496, 1.7433013763183203, 1.7413826630665705, 1.739833766578609, 1.7375641661322014, 1.736081139399455, 1.7340198689036899, 1.7324629074487932, 1.7308413811728485, 1.7287490375531025, 1.727193924606356, 1.7259457378815382, 1.7241962995284643, 1.7219669798500516, 1.7204660933751326, 1.7185857321462061, 1.7164266012672684, 1.7146942345505087, 1.713159246322436, 1.7106582502014616, 1.7084487931341188, 1.7068395787834103, 1.7041934453524077, 1.7023356383682315, 1.6994350259630089, 1.6971765945100377, 1.6952146222958198, 1.6929760478500626, 1.690185957484775, 1.6872785982922611, 1.6846790655046446, 1.682186929333923, 1.6793891993852763, 1.6771100158365364, 1.6735822892087138, 1.6707207698088427, 1.6681604041503026, 1.665230231662082, 1.6621162302983112, 1.6586753183450453, 1.655158852919554, 1.652057801811104, 1.6491877322013562, 1.6461288689548135, 1.642092504307755, 1.6388274535664127, 1.63635951331538, 1.6323208482856424, 1.628712678821678, 1.6252601246039073, 1.6216441405634594, 1.6185524998567042, 1.614456585329822, 1.6116502738406515, 1.6086413427295847, 1.6044437314710047, 1.6004508491764722, 1.597906813916997, 1.5940710245034633, 1.5912910834846334, 1.5884184406863318, 1.5848853593198662, 1.582014771608206, 1.5785317285957499, 1.5766651062374442, 1.5725352076383738, 1.5700802566149297, 1.566525121529897, 1.563524369500641, 1.56074911610693, 1.558190878894594, 1.5555360887804601, 1.5535393968606606, 1.550598823871368, 1.547653699787254, 1.5448656927826059, 1.5431479057695112, 1.5406606459719503, 1.537827567412303, 1.5357720385759304, 1.5338751701717703, 1.5320939029383862, 1.529506712897211, 1.527159571647644, 1.5262622400226755, 1.523032238595506, 1.5220931926344194, 1.5196680755187304, 1.518049998415841], "test_loss": [0.839703857421875, 0.7786718627929687, 0.7511278694152832, 0.7394185974121094, 0.7425079147338867, 0.7277750953674317, 0.7645888847351074, 0.6859354499816894, 0.739200505065918, 0.7522810684204102, 0.7067608055114746, 0.6957819526672363, 0.6325290618896484, 0.7210369361877441, 0.7043616577148437, 0.7110562828063964, 0.6466566459655761, 0.6796043754577636, 0.6839592338562012, 0.7109873817443848, 0.6870234596252441, 0.6403381820678711, 0.7121861450195313, 0.6553259757995605, 0.7080569641113281, 0.7536655952453614, 0.6622836357116699, 0.747385304260254, 0.6966543174743652, 0.668875099182129, 0.7040128524780274, 0.6748676498413086, 0.6610618530273438, 0.6120044418334961, 0.6634575592041015, 0.662447868347168, 0.6787413627624511, 0.6983853065490723, 0.7123391250610351, 0.6549908752441407, 0.6689536842346191, 0.683382706451416, 0.7442044120788575, 0.7085302207946778, 0.6822942726135254, 0.690168244934082, 0.7897119789123536, 0.7113786781311036, 0.7101774192810059, 0.7229286796569824, 0.7525169059753418, 0.7273932380676269, 0.7385386154174804, 0.6612795219421387, 0.7062743118286133, 0.7066606582641601, 0.704615901184082, 0.7177921165466309, 0.7464215522766113, 0.7174219375610351, 0.7102127502441407, 0.7168379966735839, 0.6838421913146973, 0.6403571220397949, 0.6608315834045411, 0.7245152297973633, 0.7704376327514648, 0.7234892837524414, 0.7206324699401856, 0.7392787490844727, 0.7036924697875977, 0.7435467445373535, 0.7277794281005859, 0.7302790107727051, 0.7610752723693848, 0.7082338218688965, 0.6961271347045899, 0.7463414054870605, 0.7472821556091308, 0.7212091453552246, 0.7343052040100098, 0.7303211639404297, 0.7384222991943359, 0.7355733070373535, 0.7889703811645508, 0.7346117713928223, 0.7023075225830078, 0.7109893188476563, 0.7745430618286133, 0.7278215919494629, 0.7729486389160156, 0.8004095176696777, 0.7263173416137695, 0.777782600402832, 0.7835899238586426, 0.7155868804931641, 0.7247963134765625, 0.7281367065429688, 0.7892964569091797, 0.7555898193359375], "test_acc": [94.92, 96.95, 97.77, 98.03, 98.21, 98.19, 98.62, 98.52, 98.69, 98.79, 98.68, 98.8, 98.82, 98.82, 98.89, 98.85, 98.87, 98.94, 98.76, 98.92, 98.88, 98.95, 98.99, 99.0, 98.91, 98.99, 98.97, 98.95, 98.89, 98.93, 98.94, 98.86, 98.88, 98.87, 99.0, 98.87, 98.9, 98.93, 98.83, 98.84, 98.77, 98.79, 98.51, 98.59, 98.67, 98.58, 98.14, 98.25, 98.33, 98.36, 98.22, 98.15, 98.11, 98.16, 98.05, 97.88, 97.68, 97.48, 97.34, 96.88, 97.39, 96.87, 97.48, 97.17, 97.0, 96.91, 94.9, 96.86, 96.57, 96.33, 95.86, 95.9, 96.04, 95.35, 94.43, 95.51, 95.99, 94.86, 94.2, 95.24, 95.15, 94.91, 94.15, 94.05, 93.93, 94.52, 94.55, 94.36, 93.7, 94.16, 92.94, 92.48, 94.05, 92.17, 92.05, 94.61, 94.06, 93.47, 93.28, 93.39]}