{"train_loss": [2.168105762738448, 2.0924565254623055, 2.0776395925089846, 2.071281873772287, 2.0662904086275997, 2.0626950880401154, 2.0598700072011376, 2.056807586779961, 2.054662016976593, 2.0521497851253576, 2.05029800406888, 2.0478814598332105, 2.0462713544694786, 2.0440722349871936, 2.041854471987129, 2.0404157343073788, 2.0377894792801294, 2.035738147986241, 2.0332597616391306, 2.0307556067267036, 2.028564969443867, 2.025768754573969, 2.022991380885116, 2.0202772344788933, 2.016919473552296, 2.013855586449305, 2.010408235156638, 2.006665469234825, 2.0027239778612413, 1.9988584941268985, 1.9946788585084116, 1.9900473549834683, 1.985514645393078, 1.9797747394977472, 1.974787211061543, 1.9696800665468233, 1.96274017676329, 1.9563846926913302, 1.950054586188406, 1.943021602355517, 1.935995478151191, 1.9281626720713754, 1.9193672894412637, 1.9109411634441116, 1.9026822755988846, 1.8929727627680852, 1.8834200139738555, 1.8736305985695276, 1.8624195754528046, 1.8534638621868231, 1.842739562702994, 1.8315663210347168, 1.820909781079007, 1.8101588622627096, 1.7978461863648179, 1.7891279380036216, 1.7772345596399062, 1.7658941911326513, 1.7551803779907715, 1.744304734417516, 1.7336802049579783, 1.7223113864405541, 1.7126185450798426, 1.701651895402843, 1.6913775488352165, 1.6815569390598526, 1.6734475388995602, 1.6620287429063747, 1.6542943629444156, 1.6436345187517314, 1.636204452596159, 1.628257478404249, 1.6194663050337734, 1.6134367246403654, 1.6050089192696106, 1.5979335315716572, 1.5914116150293596, 1.5841790381659808, 1.578391673982653, 1.5720580036823566, 1.565789090262519, 1.5603854699522002, 1.5541078677544227, 1.5502781506277556, 1.5457516674302583, 1.5413395770085163, 1.5378108829514594, 1.5321402073415935, 1.5285817252265081, 1.524525136519701, 1.5207652778197558, 1.5167103463258498, 1.513034971860739, 1.5097177879423158, 1.506932524534372, 1.5044470966881156, 1.5009868091497667, 1.4988305693508213, 1.4955967267354329, 1.4927112391361823], "test_loss": [1.2785511032104493, 1.2357213012695312, 1.1956745643615723, 1.1361818840026856, 1.0960541450500487, 1.0837918342590331, 1.0792373123168946, 1.1047060722351074, 1.1210403259277344, 1.0542413871765137, 1.0460102264404296, 1.0758764030456542, 1.0742648941040038, 1.0930119834899903, 1.0559527893066407, 1.0521063339233399, 1.0714809799194336, 1.0795761573791505, 1.0166727752685547, 1.0897235931396485, 1.0107687553405762, 1.0541415687561035, 1.0761789688110353, 1.0004300399780273, 1.0161153617858887, 1.0271845825195312, 1.0388966506958008, 1.0203891738891602, 1.0924736389160157, 1.091943309020996, 1.0856862678527832, 1.0905182556152344, 1.0875792289733888, 1.065547836303711, 1.070558090209961, 1.049932152557373, 1.0974564834594727, 1.1075951950073242, 1.041298183441162, 1.0971408500671387, 1.0005557502746583, 1.0987286987304687, 1.1164662643432617, 1.0392414665222167, 1.0974271926879884, 1.0895371315002442, 1.0862914337158203, 1.0935755165100098, 1.1168224151611328, 1.1086007690429687, 1.1130948837280275, 1.0992292732238769, 1.1530674240112304, 1.0885121520996093, 1.1912615264892579, 1.0964867477416993, 1.1802243698120116, 1.1513591629028321, 1.1435972259521485, 1.1790180206298828, 1.1559184860229492, 1.1834735458374024, 1.1843691299438477, 1.2341229736328125, 1.1890496932983399, 1.2283347793579102, 1.2189664764404298, 1.3015888549804688, 1.2231438720703125, 1.220797116088867, 1.2070525581359863, 1.2371269027709961, 1.2648597106933595, 1.2043738792419434, 1.2864354385375976, 1.3151720962524414, 1.2830537292480468, 1.274355517578125, 1.28537431640625, 1.317670082092285, 1.2901282760620116, 1.279889877319336, 1.3156007415771485, 1.2549371841430663, 1.2896500198364258, 1.3225442779541015, 1.3312360809326171, 1.3177973846435547, 1.2721153564453125, 1.3366646713256836, 1.3466973846435546, 1.351162870788574, 1.3534533737182617, 1.3589196914672852, 1.3565461517333985, 1.3690918090820312, 1.3210972503662108, 1.3508594680786132, 1.3485828765869141, 1.3965113815307617], "test_acc": [90.83, 94.48, 96.07, 97.22, 97.38, 97.66, 97.72, 97.76, 98.09, 98.16, 98.32, 98.21, 98.17, 98.29, 98.38, 98.26, 98.28, 98.2, 98.29, 98.26, 98.25, 98.18, 98.16, 98.34, 98.06, 98.4, 98.2, 98.04, 97.66, 96.83, 97.5, 96.87, 96.58, 96.85, 95.87, 95.57, 94.31, 94.69, 94.47, 93.47, 93.97, 90.29, 90.57, 91.28, 90.69, 88.89, 88.73, 86.45, 84.3, 85.87, 83.41, 83.06, 80.23, 82.05, 77.39, 81.09, 76.62, 77.13, 75.68, 74.92, 75.47, 72.69, 73.39, 70.5, 71.64, 70.08, 70.27, 64.93, 69.13, 69.43, 70.05, 67.91, 66.53, 68.91, 64.25, 62.22, 64.83, 64.72, 65.34, 62.75, 64.39, 64.97, 62.89, 65.21, 63.84, 61.34, 62.22, 62.11, 64.64, 61.89, 61.7, 60.93, 61.11, 60.44, 60.63, 59.3, 61.94, 60.4, 60.58, 59.19]}