{"train_loss": [2.243869299562568, 2.1983187045806494, 2.186490216316321, 2.181122353953174, 2.1776627291980972, 2.1745173166959715, 2.1721903330240493, 2.170186826815972, 2.168465564903031, 2.1665932704240847, 2.164845355046101, 2.1631781056395964, 2.1614622382017283, 2.1596487373368354, 2.1578922444938593, 2.1563407437414184, 2.15395760587138, 2.152403770858406, 2.150421290825575, 2.148139222055419, 2.145362198862255, 2.1432542342406053, 2.1405913254134674, 2.1372364514913316, 2.134764143034943, 2.130971618187733, 2.127270483563089, 2.124035218842009, 2.1200397870479484, 2.115175877626126, 2.1107040816902094, 2.1058553594809313, 2.100222280647001, 2.0947680921636076, 2.0883899585813537, 2.082476773323157, 2.07518275680705, 2.0679528412655888, 2.06011732470276, 2.0518997189326162, 2.0426424140604134, 2.0336591807695537, 2.023325618260946, 2.013516887385621, 2.001968004509934, 1.990733080694818, 1.9800274175965888, 1.9664649950642872, 1.9549564882221384, 1.9411245250803792, 1.929292398130792, 1.9140052237571814, 1.901221168346894, 1.8864347422734284, 1.8714279568093455, 1.857917026322112, 1.843756305356311, 1.8298033784087906, 1.8173654718786223, 1.802232621317236, 1.78800395080167, 1.7754586932496128, 1.7597969574296577, 1.7472003800237281, 1.7362181768458114, 1.7234078421551957, 1.7119758141855907, 1.6996945631809723, 1.6892036790521736, 1.6778824008428133, 1.667194036846487, 1.6573101778825123, 1.6488691120066195, 1.6385811524004, 1.629590819279353, 1.621410212200931, 1.6150877750836885, 1.6050474437383504, 1.5986063523679717, 1.590761373185704, 1.5829553107420604, 1.5788648462193644, 1.5714988010561364, 1.5655907820432613, 1.5608028354298356, 1.555438526165791, 1.5509970911547668, 1.5457929795623844, 1.5409328440825145, 1.5362955805582879, 1.5325280257269867, 1.527069276214665, 1.524454434458007, 1.5191894051356194, 1.5166037457111554, 1.5128765758286176, 1.5099276856988924, 1.5068116447864435, 1.5037704448924105, 1.5011124345991347], "test_loss": [1.5447611877441407, 1.4140074478149414, 1.3823498245239259, 1.377795477294922, 1.3345865829467773, 1.3344656860351563, 1.3845834335327147, 1.313653286743164, 1.3480321716308594, 1.3186304000854492, 1.295013836669922, 1.3135568969726563, 1.2690258178710938, 1.36609912109375, 1.2936013580322265, 1.2478686645507813, 1.3152067886352539, 1.2955961181640625, 1.2898532669067382, 1.3189104431152343, 1.253537173461914, 1.2932193664550782, 1.251217156982422, 1.2754879821777343, 1.324656541442871, 1.2996521835327148, 1.2757249404907227, 1.3072927169799804, 1.2665719604492187, 1.2860934265136719, 1.3471480514526366, 1.3293913436889648, 1.3736015991210937, 1.3008908645629882, 1.3471299667358398, 1.3500207534790039, 1.3594041198730469, 1.283516944885254, 1.2537344436645508, 1.3540195846557617, 1.3476809677124024, 1.3552069137573242, 1.3753515747070313, 1.349401416015625, 1.367186050415039, 1.4060513153076173, 1.4116823745727538, 1.4689664978027344, 1.4517449172973633, 1.4539164657592774, 1.4194290481567382, 1.5120041610717774, 1.4215393646240235, 1.4766602447509765, 1.438925096130371, 1.5036327056884766, 1.493982015991211, 1.498890983581543, 1.4830825759887696, 1.5643778244018556, 1.634138214111328, 1.5379725189208984, 1.494679655456543, 1.4994988815307617, 1.4817915817260743, 1.5786958068847656, 1.5679056900024415, 1.520429574584961, 1.5805308990478515, 1.5998290802001953, 1.6269535461425781, 1.6509946304321288, 1.5972404754638672, 1.6279906219482423, 1.6585700256347655, 1.5657424728393554, 1.6035749130249024, 1.6455909530639647, 1.6083467529296875, 1.693930143737793, 1.6839756256103515, 1.6635908340454102, 1.6918222106933594, 1.7003852096557617, 1.76945, 1.7793014221191406, 1.7169279846191405, 1.6993593292236329, 1.7023917388916017, 1.7216857528686524, 1.7242712814331054, 1.7225466094970703, 1.7555806686401367, 1.7879630905151367, 1.7751918548583985, 1.7438509384155274, 1.769868064880371, 1.731001676940918, 1.7481805603027343, 1.7724244415283203], "test_acc": [82.96, 93.91, 94.93, 95.77, 96.49, 96.56, 97.26, 97.34, 97.26, 97.45, 97.5, 97.85, 97.99, 97.68, 97.55, 97.58, 97.73, 97.78, 97.72, 97.54, 97.58, 97.56, 97.46, 97.24, 96.3, 96.67, 96.34, 95.74, 96.01, 95.28, 94.13, 93.48, 91.39, 92.22, 89.3, 88.3, 87.02, 88.19, 87.73, 84.35, 83.59, 81.84, 77.75, 79.12, 76.88, 73.8, 72.75, 67.7, 65.77, 65.35, 67.44, 61.51, 64.3, 61.55, 62.97, 59.64, 58.49, 58.42, 59.33, 53.92, 49.57, 54.5, 56.51, 56.3, 56.93, 52.17, 51.49, 53.34, 52.03, 50.85, 49.55, 48.21, 49.68, 48.97, 47.04, 51.34, 50.15, 47.99, 50.62, 46.7, 46.65, 47.05, 45.47, 45.76, 41.94, 41.55, 44.28, 45.61, 46.06, 44.37, 44.08, 45.53, 44.34, 42.4, 42.09, 43.55, 42.81, 44.07, 44.03, 42.47]}