{"train_loss": [2.296950342818203, 2.289043563043969, 2.2864700183909163, 2.284690246113345, 2.283423368747418, 2.282539042142721, 2.2819458439818816, 2.2814859370900016, 2.2810251030147586, 2.280738946209606, 2.2804627082286735, 2.280236657358642, 2.2799620954399433, 2.279804108489273, 2.279555229549734, 2.2793688651842947, 2.2792101288453126, 2.2790484993885727, 2.2788715744629884, 2.278726608834715, 2.278570936785804, 2.2783867655656276, 2.2783394191000195, 2.278154046107561, 2.27801783879598, 2.2779005343078547, 2.2777577918818874, 2.2776719046454144, 2.2775254636748223, 2.2773816661956983, 2.277269974223569, 2.277128637346447, 2.277010402108869, 2.2768844625888724, 2.2767911655271154, 2.2766523376489296, 2.2765780779031606, 2.276400619592422, 2.2762841006629486, 2.2761507992051606, 2.2760072004081855, 2.2759102093867765, 2.2757379927186885, 2.275592343420045, 2.275530224172478, 2.275354211147015, 2.2752279858303885, 2.275084504714379, 2.27498588959376, 2.2748352406371355, 2.2746722168392606, 2.274505473100222, 2.274379746017293, 2.2741963537330303, 2.2740544544325934, 2.273919209965274, 2.2738041531326423, 2.2735651201672025, 2.273468727739448, 2.273280563008072, 2.2730951798267856, 2.273016131331778, 2.2728651430871754, 2.2726530188169236, 2.272415167755551, 2.2723233597910304, 2.272175462836893, 2.271902162295121, 2.27180804248549, 2.27160162701566, 2.2714029469041743, 2.271132496177641, 2.271022399266561, 2.270821775126661, 2.2705888885718126, 2.2704446198593855, 2.2701478564841118, 2.269936760266622, 2.26979592977426, 2.269562871537657, 2.269412057012574, 2.2691168245087323, 2.268871668567005, 2.268739938735962, 2.268458580868876, 2.2681920151425223, 2.2680537873863154, 2.267697383195926, 2.267483731110891, 2.267231922373812, 2.267006042676094, 2.266720516049964, 2.26658426085089, 2.2661806609895496, 2.2660201981536345, 2.265728903631879, 2.2653579640592265, 2.265155564006577, 2.2649038805920854, 2.264554891830836], "test_loss": [2.0673315826416014, 1.9753880828857422, 1.9324849731445313, 1.9033648010253905, 1.8804121948242187, 1.8673985916137694, 1.8546007919311522, 1.8576217651367188, 1.8276242370605469, 1.8226444244384765, 1.8330734359741212, 1.8415904983520508, 1.8013150588989257, 1.8267237335205078, 1.8087710006713866, 1.8161410934448243, 1.8236562942504884, 1.8058452865600585, 1.7909462631225586, 1.7843012619018555, 1.8027964065551758, 1.8049120025634766, 1.7916937423706054, 1.7919743743896484, 1.7977570571899415, 1.8031748840332031, 1.7740099319458007, 1.8044427947998047, 1.7915127807617188, 1.7946071151733398, 1.7832266876220704, 1.8052718215942383, 1.8120750122070313, 1.7763926513671875, 1.788122817993164, 1.7978885040283203, 1.8164099060058594, 1.7841355575561524, 1.7788850067138673, 1.766976530456543, 1.7996186996459962, 1.7810708862304687, 1.7969462478637694, 1.7865254379272462, 1.7739911422729493, 1.7756913864135742, 1.7771856048583985, 1.7887035720825195, 1.793518244934082, 1.7781674285888671, 1.7781903091430664, 1.7887558319091796, 1.7996745849609375, 1.782414503479004, 1.7882213775634765, 1.776119206237793, 1.7850825866699218, 1.7618910720825196, 1.7931090744018554, 1.7902102615356446, 1.785615199279785, 1.7854585494995117, 1.7567227767944336, 1.774308740234375, 1.7982744064331055, 1.7812935348510741, 1.7581496978759765, 1.7652724945068359, 1.7855907073974608, 1.7699311340332031, 1.772516062927246, 1.7656031997680663, 1.7949968887329102, 1.777603141784668, 1.793827461242676, 1.768749591064453, 1.7806549774169922, 1.7604276138305663, 1.794031753540039, 1.7844205047607422, 1.7618272262573242, 1.7689138061523437, 1.792156509399414, 1.7853285598754882, 1.7786396041870116, 1.799371090698242, 1.7679279846191407, 1.7592498336791993, 1.7854193679809571, 1.7934809143066406, 1.7682425750732422, 1.7654283416748047, 1.7779243911743163, 1.784544448852539, 1.8050260055541991, 1.7711185150146485, 1.7608870071411133, 1.7895046966552735, 1.7844688201904297, 1.7701097885131836], "test_acc": [77.09, 86.27, 89.42, 92.61, 93.77, 94.4, 94.93, 95.64, 95.81, 96.01, 96.59, 96.69, 96.76, 96.66, 96.81, 97.25, 97.35, 97.41, 97.28, 97.15, 97.37, 97.28, 97.65, 97.29, 97.66, 97.9, 97.51, 97.89, 97.79, 97.61, 97.69, 97.9, 97.91, 98.02, 97.69, 97.82, 98.01, 97.67, 97.88, 97.76, 97.97, 97.76, 97.52, 97.92, 97.85, 97.97, 97.89, 97.58, 97.88, 97.76, 97.97, 97.85, 97.99, 98.06, 97.96, 97.84, 97.88, 97.94, 97.88, 97.78, 97.93, 97.74, 97.76, 97.73, 97.14, 97.88, 97.68, 97.65, 97.62, 97.59, 97.17, 97.59, 97.27, 97.09, 96.95, 97.57, 97.24, 97.27, 96.62, 96.49, 96.91, 96.74, 96.25, 96.53, 95.68, 95.88, 95.6, 96.32, 94.14, 94.5, 95.5, 95.79, 95.37, 95.32, 92.55, 95.55, 94.61, 94.58, 93.61, 93.71]}