{"train_loss": [0.7950570973702985, 0.5147430826074038, 0.48783877167182094, 0.47434945156176883, 0.4652105209409681, 0.4595898879516838, 0.45431740174436164, 0.4509350158847295, 0.4473620574189048, 0.4446332081515565, 0.44216938017525226, 0.44033624028038776, 0.43846214352509916, 0.4367390676186635, 0.4352955968461485, 0.4338242937611718, 0.4326233416158929, 0.4317443093173524, 0.4306979424551002, 0.42972773676499343, 0.42877849637188464, 0.42796658450721675, 0.42724108224750584, 0.4266529391464005, 0.42595917623267215, 0.4250748175968472, 0.42446355687247384, 0.424291778769758, 0.42368468947899646, 0.4230507373427733, 0.42262563217654187, 0.4222881775508579, 0.42188210874541193, 0.4216138870160804, 0.4210370424338895, 0.42102667797579724, 0.4206349940126778, 0.4202318715616169, 0.41998954429330987, 0.4197137127192611, 0.4193146959201902, 0.4191359878859968, 0.41881318205696905, 0.4186122342944145, 0.41834802689970046, 0.4180604979141146, 0.41788868192169404, 0.41777494728055775, 0.41749418482311773, 0.41737701425440293, 0.4172100502456355, 0.41697167159400433, 0.41685097257041526, 0.41673410085276663, 0.416602114517974, 0.41644412393753344, 0.416158358574423, 0.41605299800379664, 0.41598902069605315, 0.41579243566235924, 0.4157298585543266, 0.4155945285008504, 0.41542273103936106, 0.41534785569733024, 0.41520849723591763, 0.4150697148253775, 0.41498130846482056, 0.4150853824411702, 0.41489806930478823, 0.41471626991644883, 0.41455588024905604, 0.4144790952022259, 0.4145123694951718, 0.41440196086963016, 0.4143247877558072, 0.414219510797252, 0.4141713516452374, 0.41406493512993187, 0.41397073661160266, 0.41395364434291154, 0.4138261387363458, 0.4137867780832144, 0.4136855877999567, 0.4136477258597684, 0.41356746241068226, 0.4134608036559871, 0.41342908456030053, 0.41335898516779274, 0.41333982730523133, 0.41335446177384794, 0.41325856821659285, 0.41314491151999205, 0.4130865581269957, 0.4130409984634473, 0.4129730657252491, 0.41292244902788067, 0.41290515158166236, 0.4128686971644051, 0.41281613879478896, 0.4127481806482005], "test_loss": [0.17656273398399353, 0.13879670715332032, 0.12380078454017639, 0.11906614909172059, 0.11706753830909729, 0.11784488563537597, 0.10593576517105102, 0.11930286321640014, 0.10396598858833313, 0.11096950740814208, 0.10676052904129028, 0.11564092445373535, 0.10281902585029602, 0.10524619054794311, 0.10877954168319702, 0.09997946219444274, 0.10264488554000854, 0.11652603549957276, 0.0982917085647583, 0.10641102476119996, 0.09270554604530334, 0.10036516418457031, 0.0922894649028778, 0.10046110200881958, 0.11000493927001953, 0.10517612714767456, 0.09551821870803832, 0.09905922203063965, 0.10526847085952759, 0.10263631343841553, 0.08921870341300964, 0.09679589757919312, 0.1003862795829773, 0.092104545211792, 0.1133860743522644, 0.09566881093978882, 0.09671461019515991, 0.09426010332107544, 0.10149633798599243, 0.10323239974975586, 0.105447984790802, 0.09476960678100586, 0.10176024913787841, 0.09656782999038696, 0.10277088117599488, 0.10053021392822266, 0.09465762853622436, 0.10241295690536499, 0.09151770558357239, 0.10078647546768188, 0.09541757345199585, 0.0996313886642456, 0.10030157890319824, 0.1057443099975586, 0.09716652593612671, 0.09920687484741211, 0.09648684844970704, 0.1002197241783142, 0.09042019109725952, 0.09331422681808471, 0.10282411670684814, 0.09258836555480957, 0.09718289499282837, 0.09716554565429687, 0.10208562240600585, 0.09767218074798584, 0.0978057538986206, 0.10605138263702392, 0.09846628389358521, 0.09798839702606202, 0.09997838983535767, 0.10004874067306518, 0.0997534562110901, 0.09911274423599244, 0.09850909433364868, 0.08994333066940308, 0.09454512100219727, 0.09881758193969727, 0.09780447454452515, 0.09841425905227662, 0.09712177009582519, 0.10084530448913574, 0.09903975419998169, 0.09564172153472901, 0.09827503070831299, 0.09280067834854126, 0.10041560010910035, 0.09648277406692504, 0.09425615797042847, 0.09931944589614868, 0.1004328372001648, 0.09619428777694702, 0.09505814819335938, 0.10425178289413452, 0.10366528854370118, 0.09656617021560669, 0.1012534140586853, 0.08888248643875123, 0.09461831073760986, 0.09729834499359132], "test_acc": [97.35, 98.26, 98.68, 98.82, 98.79, 98.99, 99.01, 99.06, 99.07, 99.12, 99.14, 99.08, 99.12, 99.17, 99.14, 99.2, 99.16, 98.95, 99.18, 99.16, 99.19, 99.14, 99.07, 99.17, 99.16, 99.18, 99.2, 99.18, 99.2, 99.16, 99.18, 99.22, 99.18, 99.22, 99.23, 99.17, 99.27, 99.2, 99.19, 99.26, 99.21, 99.23, 99.22, 99.24, 99.25, 99.26, 99.24, 99.23, 99.21, 99.25, 99.23, 99.29, 99.26, 99.23, 99.25, 99.26, 99.24, 99.26, 99.25, 99.23, 99.24, 99.24, 99.25, 99.23, 99.27, 99.26, 99.25, 99.25, 99.26, 99.24, 99.25, 99.29, 99.25, 99.28, 99.26, 99.26, 99.29, 99.29, 99.29, 99.26, 99.24, 99.27, 99.27, 99.27, 99.26, 99.25, 99.28, 99.25, 99.26, 99.25, 99.28, 99.27, 99.29, 99.26, 99.29, 99.26, 99.29, 99.27, 99.27, 99.26]}