{"train_loss": [2.134287123496716, 2.049649063848023, 2.035691898602706, 2.028806912083911, 2.0242782652887525, 2.021190678462004, 2.0186774470867257, 2.016509785101964, 2.01464723292579, 2.012989021774031, 2.0117070593385615, 2.0104034489546065, 2.009010733702244, 2.0080962677796683, 2.006809171193685, 2.0057498089268675, 2.004572427425629, 2.0035599923541403, 2.002419504090252, 2.0015639700950723, 2.0007550777533116, 1.999598210183983, 1.998392157575004, 1.9973257966021187, 1.9962142777239156, 1.99515387084749, 1.9942297657840273, 1.9933042847193205, 1.9922032025125291, 1.9910128842561672, 1.9895716762950277, 1.988633446713798, 1.9877735450227036, 1.9864082005288866, 1.9852509745675275, 1.983982598170256, 1.9829140514390082, 1.9813498528594644, 1.980233349606522, 1.9788397293314974, 1.9772889667596572, 1.9761533421328945, 1.9747703801362941, 1.9731626006273122, 1.971656496453489, 1.9698970007081318, 1.968334258112133, 1.9669840911514738, 1.9655834454247074, 1.964043045655275, 1.9619647626183991, 1.9605097704463534, 1.9587175130334675, 1.9566504983311026, 1.9547521194331667, 1.953682083859403, 1.9516397251023188, 1.9492140532049358, 1.9475649180065873, 1.9455700631325061, 1.9434083766407437, 1.9419236662041428, 1.9393617024279048, 1.9372297955883875, 1.9351992994292169, 1.933010678515475, 1.931293397377699, 1.9285834378156907, 1.9270081489514082, 1.924707853895986, 1.9222147036821415, 1.9202030010712452, 1.9181394913257697, 1.9159947883369577, 1.9140546472154112, 1.911730042889587, 1.9095582931469648, 1.9070667163429098, 1.905103554073562, 1.9024035706479325, 1.8997672544075892, 1.8979158414225292, 1.8963849511411455, 1.893572158793099, 1.8918693949524155, 1.889382246722523, 1.886820753924867, 1.8854132001726036, 1.8835598024038167, 1.8816011591344817, 1.8792595504186091, 1.8773764206303492, 1.8749940644981515, 1.8727571579635653, 1.8703696271802626, 1.8691794778037274, 1.8666714422213726, 1.8646597480162597, 1.863298773765564, 1.8610297968754401], "test_loss": [1.1912930503845214, 1.0556601333618163, 1.0345502075195312, 0.9906923828125, 1.0331498878479004, 1.03455018157959, 1.0064200904846192, 1.0135606666564942, 1.001705394744873, 1.0084604721069337, 0.9716393157958985, 1.0120815734863282, 1.0212848220825195, 0.9844207168579101, 1.0276468620300292, 0.9685145477294922, 0.9319636276245117, 0.9627334289550781, 1.0122324470520019, 0.9986640411376954, 0.9842313194274902, 0.9674677551269532, 0.9794375755310059, 0.9301735900878906, 0.9464282150268555, 0.965519051361084, 0.9642861968994141, 0.9567486396789551, 0.9885870544433594, 1.0079773948669433, 1.0470847770690919, 0.9965172348022461, 1.0126082641601561, 0.9157308853149414, 0.9842191566467285, 1.0123202766418458, 0.9607854011535645, 1.0028105117797852, 0.9897632278442383, 0.9752580543518067, 0.9796881950378418, 0.9199165451049804, 0.9264543235778808, 1.0257242080688476, 0.9966498397827148, 0.9185378158569336, 0.9903990058898926, 0.9822107246398926, 0.9646731018066407, 0.9779029090881348, 0.9912345542907715, 0.9072032333374024, 0.990264249420166, 1.0112758346557618, 0.9982288734436036, 0.9906260925292969, 0.9590176765441895, 0.9447713180541992, 0.9679037536621093, 0.9662579574584961, 0.9839881530761718, 0.9358400688171387, 1.0386836288452148, 1.030895050048828, 0.9746018379211426, 0.936526244354248, 0.9463476119995117, 1.0240725189208983, 0.9614325874328613, 0.9577229179382324, 0.9678867263793945, 1.029365087890625, 1.00476948928833, 1.01386748046875, 1.0530213973999023, 0.972213949584961, 1.024207724761963, 1.0706749992370606, 1.0221789817810059, 0.9778887359619141, 0.9895180702209473, 1.027307495880127, 0.955374560546875, 1.0809704902648927, 1.0465284622192383, 1.0854582054138184, 1.062433679962158, 1.002467872619629, 1.0731230697631835, 1.0961574111938477, 1.0551163497924805, 1.0581779182434081, 0.9975573143005371, 1.0511833488464355, 1.0412826667785644, 1.071687338256836, 1.0138813186645508, 1.0110177726745606, 1.0145291450500489, 1.0405405303955078], "test_acc": [93.56, 96.07, 97.15, 97.44, 97.87, 97.88, 98.08, 98.22, 98.31, 98.47, 98.46, 98.46, 98.58, 98.64, 98.67, 98.7, 98.61, 98.75, 98.61, 98.69, 98.78, 98.78, 98.7, 98.68, 98.87, 98.86, 98.93, 98.73, 98.81, 98.79, 98.79, 98.83, 98.77, 98.56, 98.78, 98.62, 98.72, 98.69, 98.73, 98.65, 98.6, 98.68, 98.74, 98.49, 98.63, 98.64, 98.53, 98.37, 98.53, 98.15, 98.36, 98.42, 98.04, 97.95, 97.79, 98.05, 97.98, 97.89, 97.9, 97.75, 97.75, 97.76, 96.92, 96.79, 97.44, 97.45, 97.36, 95.8, 96.02, 96.57, 96.94, 96.06, 95.83, 95.87, 94.84, 96.08, 94.49, 93.27, 94.59, 95.03, 94.74, 93.49, 95.4, 92.08, 93.26, 92.7, 92.41, 92.07, 92.38, 90.82, 92.13, 91.87, 92.91, 90.35, 92.4, 90.4, 91.76, 92.03, 91.68, 90.34]}