{"train_loss": [2.263259939148895, 2.2251552995453534, 2.213069051758856, 2.20593628873173, 2.2017947720666218, 2.1976857475745373, 2.1937387152614756, 2.1908941085521993, 2.187647452721229, 2.183285781970391, 2.1796624033879013, 2.1758221876926913, 2.1714098601259737, 2.1664322609575386, 2.161153340441549, 2.155094560904381, 2.1478447774027147, 2.140523166483284, 2.130665557252036, 2.120537072674841, 2.1095068273890734, 2.0962117665853257, 2.0809831433316583, 2.063794125349094, 2.0428991411995683, 2.0205602913330765, 1.995672419285163, 1.9656975496019053, 1.9305200113190546, 1.8944807528940022, 1.8522164839455204, 1.8070705107644074, 1.756178260104269, 1.6997061626523988, 1.6412465396599891, 1.5779377448762584, 1.5110796017524524, 1.4413502919368255, 1.3658156853455763, 1.2974627294346817, 1.2242640353675582, 1.1454520152929502, 1.0751205855964596, 1.0089832754471364, 0.9371805314579581, 0.8769459816125723, 0.820729900820133, 0.7638945822150279, 0.7139260614784355, 0.6676511741601504, 0.6249356343068628, 0.589285013321628, 0.5501057468036301, 0.5164358723494742, 0.4834054338180611, 0.4698524301887577, 0.4512427157889574, 0.4322076508313672, 0.39830304774591047, 0.3817796588389792, 0.3679084840238604, 0.34799632726189417, 0.3273453949990436, 0.3164499732227916, 0.30484421293322855, 0.3034895317485699, 0.29809001463855433, 0.29169374561080563, 0.28005991543396414, 0.2649349745235637, 0.24957957316158164, 0.258762457415971, 0.25417145693467724, 0.24856246423581216, 0.22769818728805608, 0.22467951467021918, 0.2150554451136253, 0.20367084324168852, 0.2069323005106969, 0.20047176083247376, 0.220351843131531, 0.23360138513848314, 0.21507548196957663, 0.19778679543708125, 0.16351825500336978, 0.1720060285451448, 0.15062965840324122, 0.14859370411270195, 0.15629954469732493, 0.14515472722486553, 0.14397685713747627, 0.17382390945592624, 0.209195287221581, 0.20552458976291949, 0.20065865012952405, 0.13954141024802613, 0.10683558244481046, 0.07308741508481595, 0.05331446930495465, 0.03952787362007249], "test_loss": [1.721778106689453, 1.5436728103637696, 1.4863447555541993, 1.4879300033569336, 1.4456813034057616, 1.4122307479858398, 1.4883429809570312, 1.422387612915039, 1.4418222122192383, 1.3948915756225586, 1.385570393371582, 1.4268203247070312, 1.419809489440918, 1.4366203826904298, 1.391521501159668, 1.4210117446899415, 1.377576348876953, 1.410029475402832, 1.3576394622802734, 1.3705606216430664, 1.3825422607421876, 1.400467315673828, 1.4106111907958985, 1.355896095275879, 1.477250308227539, 1.4584341201782227, 1.5423636917114258, 1.4393764175415038, 1.5251926483154297, 1.548655465698242, 1.5925257461547853, 1.433048731994629, 1.5829962142944336, 1.6702261535644531, 1.7079133377075195, 1.8290259826660156, 1.7994844787597657, 1.919968962097168, 2.04410866394043, 2.000932716369629, 2.101896260070801, 2.1705328826904298, 2.409902484130859, 2.458625326538086, 2.5699913482666017, 2.6616882476806643, 2.7013259368896483, 2.899963702392578, 3.0471553375244143, 3.3744117614746094, 3.342737548828125, 3.415449856567383, 3.4359664215087893, 3.959940444946289, 3.8000452178955078, 4.337743734741211, 3.9940342529296875, 4.250541177368164, 4.42880830078125, 4.343895767211914, 4.826098745727539, 4.886589526367188, 5.259753393554687, 5.106612832641601, 5.482952319335937, 5.342251797485352, 5.382488586425781, 5.292769268798828, 5.451267733764649, 5.484034487915039, 5.8913380859375, 5.907685577392578, 6.2060865173339845, 6.199126153564453, 6.111565716552734, 6.270188854980469, 6.557242291259765, 6.481951611328125, 6.548673297119141, 6.371485565185547, 6.603710925292969, 6.58914833984375, 6.693925939941407, 6.855097943115235, 6.815007446289062, 7.109039263916015, 7.392925671386719, 7.187341815185547, 7.841873999023438, 7.624951068115235, 7.509745727539062, 7.5863388000488285, 7.644001354980468, 7.470519763183594, 7.728047918701172, 7.833664477539062, 8.047783044433594, 8.147165045166016, 8.213075170898437, 8.100157885742188], "test_acc": [82.13, 92.48, 94.2, 94.37, 95.35, 95.78, 94.88, 96.64, 96.58, 96.43, 96.29, 95.64, 95.07, 95.4, 95.56, 93.47, 93.06, 92.21, 90.14, 89.75, 88.2, 83.32, 82.16, 79.95, 72.25, 72.54, 60.93, 65.14, 60.14, 55.02, 53.53, 59.09, 51.49, 47.33, 44.8, 41.55, 42.28, 40.21, 34.99, 40.1, 36.45, 37.44, 32.55, 33.06, 33.59, 32.33, 34.99, 31.44, 30.42, 28.93, 30.61, 31.27, 32.43, 29.51, 31.69, 28.87, 30.97, 29.54, 28.84, 31.77, 28.74, 28.88, 26.4, 29.13, 26.8, 29.76, 29.16, 29.4, 29.69, 29.6, 29.06, 27.99, 27.15, 28.02, 29.36, 28.2, 27.93, 28.39, 28.32, 29.33, 27.92, 28.28, 28.83, 27.78, 28.9, 26.81, 27.88, 29.13, 25.72, 27.86, 29.0, 28.17, 27.97, 27.45, 27.0, 28.3, 27.44, 27.98, 29.62, 30.43]}