{"train_loss": [2.2523027062416077, 2.2111781315925794, 2.1992748914620814, 2.193162326119904, 2.1894868006054153, 2.1863100447206416, 2.1836182622828035, 2.18124999704524, 2.1792303965641904, 2.1771367946241655, 2.1749705682452927, 2.172725328013428, 2.170850056868333, 2.168641146941063, 2.166422024751321, 2.163779203198914, 2.1614804018257012, 2.159129691939069, 2.156355305105193, 2.1528388699914656, 2.150023528143891, 2.1467844578954907, 2.142878075950166, 2.1386621242914443, 2.1346120808878517, 2.1300135871284027, 2.124827180662726, 2.11919480893347, 2.1136735102050324, 2.1069654791783066, 2.1005717676419478, 2.0923324696019163, 2.08496264489288, 2.076564579947382, 2.06712486448451, 2.0572985436162377, 2.0453128959888067, 2.0357623097733555, 2.022012644343906, 2.008718062924524, 1.9951491926470373, 1.9803817149920342, 1.9648301917263584, 1.9489079319004319, 1.9305326673719618, 1.9135185013978908, 1.8946863802579732, 1.8767051220449626, 1.857886663868896, 1.8387697354341164, 1.8186491638676734, 1.7982277877819843, 1.7768686551314135, 1.7598813644841187, 1.738427858831536, 1.7195273540977738, 1.7017935720773845, 1.6815936904177706, 1.6636973191530278, 1.6473882404657512, 1.6299151075191987, 1.6138172903631487, 1.597092165142043, 1.5829639658968673, 1.56853872206476, 1.5535627835326724, 1.5397827146399734, 1.5260779182625632, 1.5143959257337782, 1.5049904314880698, 1.493021318800429, 1.4827057059504027, 1.4718132184611425, 1.4640091955661774, 1.4545374769940336, 1.447459776686807, 1.4392677891967642, 1.431770280130908, 1.4260739462497907, 1.4192018857878497, 1.4121212668907948, 1.40670340667423, 1.4015169620004475, 1.3961561408817258, 1.391101634145802, 1.3868165138440254, 1.3822526440151737, 1.3773303526079552, 1.3747862261584682, 1.3706334284228137, 1.3659559569807134, 1.3627405398421817, 1.3595850419284952, 1.3568503943263974, 1.3543273562040083, 1.3512529144939194, 1.3477601765567422, 1.3452179179741786, 1.3417938835600502, 1.3405574784319625], "test_loss": [1.6154049255371095, 1.4452213500976563, 1.4002570480346679, 1.395152798461914, 1.4011571807861327, 1.3450165832519532, 1.3532914260864257, 1.3868860397338867, 1.3526698318481445, 1.339513626098633, 1.3138245025634765, 1.331853419494629, 1.3552369506835937, 1.3171022613525392, 1.3451896179199219, 1.350507112121582, 1.3374718368530274, 1.3180095458984376, 1.3120998611450196, 1.3466412338256837, 1.3145073501586915, 1.3244263946533203, 1.3371459259033203, 1.370316619873047, 1.286322947692871, 1.3443449447631837, 1.362641291809082, 1.3798858154296876, 1.3353061141967772, 1.3293431747436524, 1.3561219528198243, 1.3430156265258788, 1.4091890991210938, 1.3697757415771485, 1.372367610168457, 1.4530433959960938, 1.3657859725952148, 1.4124372817993165, 1.3563540893554686, 1.3965217163085937, 1.4428442749023438, 1.4810298950195313, 1.4779566146850587, 1.4752937545776368, 1.494149772644043, 1.4558013641357421, 1.466218116760254, 1.444087335205078, 1.4998926239013672, 1.4458858261108398, 1.6018977661132812, 1.5803790008544922, 1.5692548904418946, 1.5313283920288085, 1.6708749542236327, 1.5726952575683595, 1.6007188415527345, 1.6548492645263673, 1.5752410507202148, 1.69199412689209, 1.6758992553710939, 1.6266202484130858, 1.6641876968383789, 1.759583773803711, 1.644203858947754, 1.6408233108520507, 1.7571232238769532, 1.7731390060424805, 1.7476786193847655, 1.7721589813232421, 1.8279855682373047, 1.850168634033203, 1.769498358154297, 1.7656466934204103, 1.7396005142211914, 1.8536463012695312, 1.8876997589111328, 1.8290666748046875, 1.8413664306640625, 1.7798902694702148, 1.8816373428344726, 1.8272528488159179, 1.8712528396606445, 1.8943898056030273, 1.87564962310791, 1.8258511993408204, 1.9172307083129883, 1.9170824310302734, 1.9215845672607421, 1.9848389999389648, 1.9658428833007813, 1.9143914749145508, 1.940133447265625, 1.9028611190795899, 1.8714723754882812, 1.9367615524291992, 1.9516327743530273, 1.9410258270263672, 1.9744193267822265, 1.9792872665405274], "test_acc": [85.22, 92.03, 94.4, 95.57, 95.82, 96.55, 96.8, 97.13, 97.18, 97.25, 97.3, 97.73, 97.53, 97.11, 97.38, 97.36, 97.46, 97.13, 97.11, 97.09, 97.07, 96.34, 96.4, 95.2, 95.26, 94.91, 93.4, 91.28, 92.59, 92.23, 90.47, 88.34, 81.63, 83.92, 82.16, 77.76, 80.46, 78.21, 79.5, 74.47, 67.68, 66.84, 64.79, 63.58, 63.63, 63.92, 61.03, 62.0, 58.45, 60.97, 52.28, 53.78, 53.33, 53.54, 47.34, 52.95, 50.18, 46.59, 51.34, 46.66, 47.82, 48.43, 46.62, 43.74, 48.33, 48.48, 44.19, 42.3, 44.57, 42.2, 40.27, 39.6, 42.74, 42.55, 44.72, 40.11, 38.27, 41.0, 40.0, 42.18, 39.45, 40.15, 37.83, 39.07, 38.4, 41.73, 37.5, 37.69, 37.94, 35.52, 35.75, 37.9, 37.86, 37.99, 39.71, 37.11, 36.62, 37.11, 36.47, 35.65]}