{"train_loss": [2.279457966996054, 2.2534817559087377, 2.243781819812253, 2.238044252762428, 2.234360989342388, 2.23143337526892, 2.2283639434056406, 2.225899517026722, 2.222769254293197, 2.2210225340647574, 2.2178370672413426, 2.2151952711944904, 2.212177469689622, 2.2083267482936892, 2.2046955227851868, 2.201043885997218, 2.1955084953552637, 2.1906781166027756, 2.184372356814197, 2.1785171857246985, 2.1700955165757074, 2.160678071853442, 2.1516753282302465, 2.140012854694301, 2.1265969969268537, 2.1123704286212597, 2.0965303455153084, 2.0778144256681457, 2.05768900956863, 2.033233026918183, 2.0056601054648047, 1.977839400880357, 1.9433594939545689, 1.9092152819164798, 1.8706936018589215, 1.824316364322972, 1.7835405063934815, 1.733153238765195, 1.6825116987411792, 1.6253639260927837, 1.5719606998639228, 1.5152585465683897, 1.4568693472279444, 1.3959665772242424, 1.3377638701190295, 1.279866335228977, 1.2198989835814533, 1.1597012552695396, 1.1062081826803012, 1.056212846794699, 1.0071361552701037, 0.9518671914553031, 0.9007322957627794, 0.860327460954332, 0.814448091846246, 0.7715496669212977, 0.7310119170663704, 0.7003690735397176, 0.6702773037374529, 0.6468869908752605, 0.6256473595515276, 0.6099264665037138, 0.596968683676842, 0.5846684646402669, 0.5768196389843256, 0.5671624663548592, 0.5599136182512993, 0.5523362885683011, 0.5468534103188759, 0.5411068336703838, 0.5355524137998239, 0.5309472660987805, 0.5260553414750303, 0.5209534347184703, 0.5165520751068735, 0.5130584213214043, 0.5099903773675617, 0.5056188921643119, 0.50172374671341, 0.49904406134389406, 0.49525417814142686, 0.4928576024169596, 0.48976933465808886, 0.48632153836835146, 0.4842846845077653, 0.48119271310985595, 0.47850144609936285, 0.47653167376406175, 0.47381270587699026, 0.47167720556513876, 0.46979935677387774, 0.46695958046067476, 0.46531957731797147, 0.4629487962040127, 0.4614048292621588, 0.45951236109448296, 0.45757421469077086, 0.45633164602212417, 0.45426321590048635, 0.4522228887957385], "test_loss": [1.8351892120361328, 1.7130200775146485, 1.607091665649414, 1.5901488098144532, 1.5463664093017577, 1.599946092224121, 1.5724159896850587, 1.5466543960571288, 1.5277916625976562, 1.4815052307128906, 1.530423991394043, 1.542119352722168, 1.5018803726196288, 1.5454773208618164, 1.5800557907104493, 1.521878695678711, 1.4903138168334962, 1.5793817398071288, 1.5041496322631835, 1.5304638946533202, 1.5005432235717773, 1.5232294326782228, 1.5357536331176758, 1.5178558883666993, 1.5057791198730468, 1.501310610961914, 1.4979907638549805, 1.582652456665039, 1.614937434387207, 1.5263239044189454, 1.6315466079711913, 1.6354851882934571, 1.5833656631469726, 1.6378259246826172, 1.708121647644043, 1.733749806213379, 1.7359061721801758, 1.767980972290039, 1.838341555786133, 1.8562184173583984, 1.9269674621582031, 1.9534120025634765, 2.0194561660766603, 2.0551817977905276, 2.146045930480957, 2.261317256164551, 2.3414284393310547, 2.388453811645508, 2.3393369766235352, 2.707106851196289, 2.5716509552001954, 2.8002960205078127, 2.7609922302246095, 2.8669422943115235, 2.876357684326172, 2.8888769897460937, 2.9836587585449217, 3.095791421508789, 2.994282223510742, 3.0090709106445312, 3.071695217895508, 3.0702853546142577, 3.0299373321533203, 3.1210474243164064, 3.110275732421875, 3.119764013671875, 3.0709336944580077, 3.115116372680664, 3.1314799285888673, 3.1185266021728517, 3.1273877685546876, 3.171654348754883, 3.1496934326171875, 3.1747162414550782, 3.1646094604492188, 3.1909818420410154, 3.2000775146484375, 3.20819489440918, 3.250325833129883, 3.2390150787353518, 3.208924530029297, 3.2733343017578127, 3.227622866821289, 3.2012111083984376, 3.210950329589844, 3.239003988647461, 3.251381945800781, 3.257883706665039, 3.2702447174072264, 3.2637072540283203, 3.261037057495117, 3.2488175994873045, 3.3289714813232423, 3.264492349243164, 3.3423018280029297, 3.3001860046386717, 3.3117823638916017, 3.2768470642089844, 3.312018182373047, 3.360140930175781], "test_acc": [82.43, 89.35, 91.66, 93.82, 94.78, 94.71, 94.81, 94.48, 95.9, 95.76, 95.5, 95.58, 95.88, 94.99, 93.48, 94.7, 94.82, 93.44, 92.05, 89.34, 87.95, 85.43, 83.73, 79.73, 79.23, 75.74, 74.14, 66.06, 59.45, 64.67, 54.63, 52.35, 56.01, 50.49, 45.44, 44.1, 42.54, 41.54, 38.34, 39.7, 36.71, 36.93, 33.7, 35.14, 32.36, 32.6, 28.54, 28.81, 31.82, 26.5, 29.78, 27.9, 28.25, 26.82, 28.0, 28.34, 26.21, 25.57, 26.94, 26.68, 25.21, 25.52, 25.91, 24.62, 24.64, 25.01, 26.32, 25.03, 24.7, 24.81, 24.44, 24.43, 25.05, 24.27, 24.33, 23.71, 24.03, 23.74, 23.05, 23.43, 23.32, 23.35, 23.58, 24.31, 23.57, 23.13, 23.13, 23.05, 22.73, 23.36, 22.87, 23.46, 22.5, 23.43, 21.75, 22.51, 22.4, 23.28, 22.83, 21.5]}