{"train_loss": [2.2153117763690457, 2.1603768243748918, 2.149272349655119, 2.144640038665543, 2.1417443910215654, 2.1397379993373513, 2.1382077591032043, 2.137052938978896, 2.1361019402487664, 2.135246312006926, 2.1345304255811577, 2.134025461653359, 2.1335001012198944, 2.132980585607708, 2.1326079551990214, 2.132233898863833, 2.1318385545005145, 2.1314583400375824, 2.131177048397879, 2.1309387678773994, 2.1307238590004096, 2.1304990842811065, 2.1302784314522376, 2.1300033626393375, 2.129846709406274, 2.129647723120502, 2.129448859100668, 2.1292586917551155, 2.1291371487144732, 2.1289792575387874, 2.1288502532192783, 2.128682513522287, 2.128530509960957, 2.1283751670111957, 2.128283119099772, 2.1281254352667394, 2.1280321962813025, 2.127925139716548, 2.1277819622276177, 2.127739698968382, 2.127587636311849, 2.127483380146516, 2.1273750897146697, 2.1273106662636128, 2.1272117719691024, 2.127129449803605, 2.1269989777833986, 2.1269252616116123, 2.1269335099774547, 2.126757056794615, 2.126708455574818, 2.126641366726313, 2.1265894872510533, 2.1264794102081885, 2.1263824079790687, 2.1263586899154205, 2.126257926480383, 2.126206077571608, 2.126116569735046, 2.1260924940435295, 2.1260087525742684, 2.125920360414391, 2.1258755784768324, 2.1258236516235223, 2.1257268618314695, 2.1257117008551574, 2.1256631969386697, 2.1255920488610225, 2.125565322036417, 2.1254871192141476, 2.1253702660911102, 2.1253692492460594, 2.1253082258069615, 2.1252673039069543, 2.125228753966144, 2.1251658832924996, 2.125113769983634, 2.125054995728354, 2.12494972271797, 2.124984285260877, 2.124915178514953, 2.1248334595280833, 2.1247935539636855, 2.1247739888663983, 2.12469420932297, 2.1246752733858223, 2.1245636970568924, 2.1246205787373404, 2.124555167479393, 2.1245276525489287, 2.12448693646325, 2.1244379679361978, 2.1244144888005705, 2.124329416670351, 2.1243140213509912, 2.1242428798960824, 2.1242164281698375, 2.1241664733642187, 2.1241444568348746, 2.124111968737382], "test_loss": [1.4369066787719726, 1.3172489395141602, 1.2794790985107423, 1.2497064697265625, 1.2514875900268554, 1.250108755493164, 1.2381393966674805, 1.226499626159668, 1.2341967910766602, 1.2163944152832031, 1.203161962890625, 1.2235973602294923, 1.2016172576904296, 1.192180613708496, 1.2078221725463867, 1.202984066772461, 1.2092922714233398, 1.213937484741211, 1.2098132980346679, 1.1946080871582032, 1.1819894317626953, 1.172596076965332, 1.1800273315429688, 1.1653020034790038, 1.1765625610351562, 1.2099547805786133, 1.1909426895141602, 1.184038328552246, 1.1833973602294923, 1.206526904296875, 1.1968306564331055, 1.1722075073242189, 1.1806945236206055, 1.184725030517578, 1.1812290008544921, 1.1625883132934571, 1.18013046875, 1.1767745239257812, 1.1813004333496093, 1.1832699356079102, 1.1889782348632814, 1.170000845336914, 1.159407814025879, 1.1493152725219726, 1.1601334228515625, 1.1666456756591796, 1.1851260131835937, 1.1710039703369142, 1.1727015991210938, 1.181847007751465, 1.2032623565673828, 1.173858757019043, 1.200593928527832, 1.1947847930908204, 1.1711519332885743, 1.1755056686401366, 1.149384700012207, 1.1622423736572265, 1.1987693801879882, 1.1477057525634766, 1.183482942199707, 1.2169048599243164, 1.1858263610839843, 1.2137428421020509, 1.1721496444702149, 1.1865622207641602, 1.1562508819580077, 1.1927812957763673, 1.1783107635498047, 1.1674337280273437, 1.1722307266235352, 1.1533148971557616, 1.177594483947754, 1.170699139404297, 1.1737303039550782, 1.1550818130493163, 1.1853948806762695, 1.182032861328125, 1.1753477432250976, 1.1627827911376953, 1.192703402709961, 1.1758061325073241, 1.1708970031738282, 1.175397721862793, 1.1730518173217774, 1.1795789794921876, 1.1776400634765625, 1.1515572052001952, 1.1905325790405274, 1.1763361419677734, 1.1918852828979491, 1.1876793655395508, 1.160929183959961, 1.156030807495117, 1.1702057098388672, 1.1550055770874024, 1.1955617919921875, 1.1816747192382813, 1.165444383239746, 1.155067141723633], "test_acc": [90.86, 95.35, 96.54, 96.99, 97.43, 97.71, 97.86, 98.08, 98.13, 98.15, 98.34, 98.49, 98.41, 98.45, 98.56, 98.55, 98.64, 98.69, 98.69, 98.72, 98.69, 98.74, 98.74, 98.77, 98.74, 98.85, 98.86, 98.87, 98.83, 98.81, 98.85, 98.87, 98.87, 98.79, 98.9, 98.91, 98.93, 98.91, 98.88, 98.92, 98.95, 98.92, 98.9, 98.9, 98.92, 98.93, 98.96, 98.96, 98.95, 98.97, 99.01, 99.0, 99.03, 98.99, 98.97, 99.0, 99.02, 98.98, 99.01, 98.99, 99.03, 99.04, 99.01, 99.06, 99.05, 99.03, 99.02, 99.04, 99.07, 99.05, 99.1, 99.03, 99.04, 99.05, 99.05, 99.04, 99.06, 99.07, 99.06, 99.08, 99.09, 99.08, 99.07, 99.1, 99.08, 99.11, 99.08, 99.12, 99.04, 99.11, 99.12, 99.14, 99.13, 99.1, 99.02, 99.15, 99.07, 99.11, 99.08, 99.05]}