{"train_loss": [2.1051830804755545, 2.01070651335594, 1.994963543027894, 1.986969007895543, 1.981878931960489, 1.9782350965035267, 1.974714180852613, 1.9719537280054174, 1.969530015419691, 1.9674664654283442, 1.9650771620436611, 1.963319690309019, 1.9614734089272654, 1.9595290470836508, 1.9576390067226865, 1.955950545704263, 1.9540694783895443, 1.9524486780676067, 1.9509104543771498, 1.9488216085821135, 1.94662606716156, 1.944991813510911, 1.943084295743551, 1.941388887982083, 1.9391515723660462, 1.9370093394039023, 1.9348044769886212, 1.9326057324552128, 1.9303413504718716, 1.9280042548974354, 1.9257417866307447, 1.9223756013262985, 1.9200593347732837, 1.9175350049622037, 1.914324501895497, 1.9118052402622678, 1.9087550049154167, 1.9048169988852282, 1.901585180280555, 1.8985065443393512, 1.8945175136765864, 1.890714709320639, 1.8868301684020932, 1.8829595548474891, 1.879196493034689, 1.8751368397830899, 1.8701143147598984, 1.8663575667091923, 1.8608181889240558, 1.856532006436943, 1.8519275496658096, 1.8466013631759546, 1.841842904050126, 1.836908334850246, 1.8319145874080496, 1.8265405990119674, 1.8207393459275238, 1.816060926924404, 1.8105988128063006, 1.8065668140721118, 1.8002673127712348, 1.7943334472485077, 1.7908247166719191, 1.7837875839482007, 1.7788824163950407, 1.7732178607048132, 1.767520062179647, 1.762587250297905, 1.757444465262258, 1.7521486022533515, 1.7466001941098108, 1.7416228799738436, 1.7363096304938324, 1.7314877532995665, 1.7267624409789712, 1.7215109536281, 1.7184344820487194, 1.712695732840106, 1.7080512854278598, 1.7038950367361052, 1.699669634939259, 1.696550762042021, 1.6920730953033154, 1.6870893405543432, 1.6830109011413705, 1.6807583947466989, 1.6762112305205092, 1.6734820153468695, 1.6695204377174377, 1.6661922748272235, 1.663027490560825, 1.6600327654781504, 1.65695636623945, 1.6531819706289177, 1.651209889823555, 1.6473060994066744, 1.6445124100925577, 1.641822096119579, 1.6394939916765587, 1.6367082822526622], "test_loss": [1.151853620147705, 1.0154300819396973, 0.9984661674499512, 0.9774814498901367, 0.996366293334961, 0.9616681999206543, 0.9775921783447266, 0.904630542755127, 0.9525308174133301, 0.9752580787658691, 0.9571247123718262, 0.9686376708984376, 0.9399518356323242, 0.8963291412353516, 0.8716687355041504, 0.9676461975097657, 1.0000341682434082, 0.9122338836669922, 0.930282746887207, 1.0123649528503418, 0.876911572265625, 0.9443703926086425, 0.9471560997009277, 0.9081737884521485, 0.8936550354003906, 0.9106641967773438, 0.9366952857971191, 0.9183350059509278, 0.9789627326965332, 0.937481396484375, 0.9380171546936035, 0.9503896461486816, 0.892414761352539, 0.9302611068725586, 0.9176083923339844, 0.9393086975097656, 0.8492473854064941, 0.9035790031433105, 0.9161412796020508, 0.9486950325012207, 0.9253546798706055, 0.9164034660339355, 0.9467199897766113, 0.9144475227355957, 0.981029695892334, 0.91767294921875, 0.8941295112609863, 0.9775075592041016, 0.9616761428833008, 1.0040758369445801, 0.9430655586242676, 0.9472151176452637, 0.9800620849609375, 0.9865153327941895, 1.0067787239074708, 0.945303239440918, 0.9420992050170899, 1.003557633972168, 1.0361061637878417, 0.9891923271179199, 0.9469135047912598, 0.9596871231079102, 0.9985553855895997, 0.9476482490539551, 0.9680561134338379, 1.0265683448791505, 1.0223764022827149, 0.9982460838317871, 1.058886566925049, 0.9720915069580078, 1.0343507400512695, 1.028393970489502, 1.0587229904174804, 0.9765425849914551, 0.9772034004211426, 1.023952947998047, 1.093353907775879, 1.0366542625427246, 1.0123380500793457, 1.046770174407959, 1.0587848579406738, 1.0035518676757813, 1.0308112915039063, 1.0213866523742676, 0.9834756965637207, 1.0536910758972169, 1.0831138931274413, 1.0155742835998536, 1.0091923965454102, 1.0153187637329102, 1.0591060089111328, 1.0134315971374512, 1.0521698486328126, 1.0824167045593263, 1.076870484161377, 1.1359751976013184, 1.1038930839538574, 1.0720000160217285, 1.052443586730957, 1.0813017539978027], "test_acc": [93.45, 95.79, 97.25, 97.43, 97.86, 97.94, 98.16, 98.29, 98.3, 98.41, 98.42, 98.53, 98.47, 98.55, 98.64, 98.52, 98.73, 98.73, 98.65, 98.64, 98.8, 98.72, 98.71, 98.67, 98.62, 98.61, 98.59, 98.59, 98.44, 98.26, 98.46, 98.31, 98.41, 98.31, 98.04, 98.23, 98.09, 98.0, 97.75, 97.49, 97.63, 97.45, 96.96, 96.95, 96.73, 97.12, 96.36, 94.18, 95.88, 94.37, 95.55, 94.21, 93.03, 93.91, 93.71, 92.61, 93.76, 91.39, 89.96, 91.33, 92.06, 90.78, 89.6, 90.66, 89.97, 87.67, 86.91, 87.62, 84.67, 88.58, 86.27, 85.86, 83.77, 87.7, 85.48, 84.64, 80.39, 83.11, 84.64, 82.74, 81.61, 84.01, 82.45, 83.15, 83.97, 81.31, 80.52, 81.9, 82.77, 82.32, 80.22, 82.6, 79.58, 79.23, 79.6, 75.77, 76.32, 79.64, 78.89, 79.49]}