{"train_loss": [2.2230091517807073, 2.171239743884812, 2.160604882953513, 2.1558588305090227, 2.152931440589774, 2.151009851031833, 2.149357898113055, 2.148017542484479, 2.147016540551797, 2.146063590661073, 2.1453271813881702, 2.144644315426166, 2.1440384978922005, 2.143432458751222, 2.142889581174932, 2.142461414520557, 2.1419390215832963, 2.1414114236831665, 2.1411800145084023, 2.140723682876326, 2.1403845283720226, 2.140032799834879, 2.1396214253882055, 2.139270297991924, 2.138872228626512, 2.138682233981597, 2.1382998335055814, 2.138007420250493, 2.1377059710331454, 2.137520282696455, 2.1371387217798805, 2.136883342367971, 2.1365519222031293, 2.136399844263354, 2.1360537613558974, 2.1358176530935826, 2.13556664214175, 2.135259190176287, 2.1350764031084175, 2.1347247469119535, 2.1346363776769395, 2.134312075427455, 2.134096461992997, 2.1337886687017913, 2.1334865164553, 2.133246970482362, 2.1331042438490777, 2.1327793878367824, 2.132625792271052, 2.1322929512741218, 2.132133611247071, 2.131789962450663, 2.131536602973938, 2.131326302503928, 2.131171573431064, 2.130845615497002, 2.1306131140798583, 2.1302752209524822, 2.130095660686493, 2.1298720923244443, 2.1295202089171124, 2.1292119362415414, 2.1291917368897004, 2.1287755039003162, 2.128499223635747, 2.128306122417124, 2.1280556484165354, 2.127648095289866, 2.1275462574428983, 2.127462695297013, 2.1269290279119444, 2.1266556275196566, 2.1263815617968893, 2.1261229591491895, 2.125819630602486, 2.125548418261047, 2.1253375069707885, 2.1251151230600147, 2.1248476107915244, 2.1244025485128417, 2.124104588969141, 2.124003681871626, 2.1235097193310404, 2.123363024658627, 2.1230426996182175, 2.122712945326781, 2.1225304471121893, 2.1222605425068455, 2.121917895272247, 2.1215999844746714, 2.1213046826867976, 2.1211072394990516, 2.120791778095767, 2.12042067753963, 2.1200023048963303, 2.119922989454025, 2.119616901772654, 2.1192052873790774, 2.119109640773545, 2.1186599812955937], "test_loss": [1.4755350952148438, 1.3546310821533203, 1.2998497268676759, 1.2897564712524414, 1.2934551498413085, 1.2666808563232421, 1.2690827026367189, 1.2701875930786133, 1.2797913436889647, 1.2367197860717773, 1.2293769622802735, 1.2326224365234375, 1.2315930786132812, 1.2049596740722657, 1.2432666702270507, 1.212208758544922, 1.2249453994750976, 1.220867854309082, 1.260623567199707, 1.230581398010254, 1.2274869384765625, 1.1928006744384765, 1.2519680297851563, 1.2066638244628907, 1.197874624633789, 1.2311820861816407, 1.1955981704711913, 1.215576918029785, 1.2185083465576172, 1.2314293716430664, 1.2514897094726563, 1.189337887573242, 1.2480954879760742, 1.2209395294189453, 1.2111372177124022, 1.215525942993164, 1.2143043533325195, 1.1939836288452148, 1.1793936904907227, 1.2167232330322266, 1.1847694519042968, 1.2137743988037109, 1.2058550079345702, 1.1782478179931641, 1.2209567764282228, 1.2412337203979493, 1.2001222747802733, 1.251470036315918, 1.2028253494262695, 1.1837742385864258, 1.1504276412963867, 1.2356851455688476, 1.2577285766601562, 1.2190866241455078, 1.209062905883789, 1.2127650009155273, 1.1930856735229491, 1.1963969787597657, 1.1765227828979492, 1.1968349655151367, 1.2224448471069336, 1.2309709732055665, 1.246358364868164, 1.1616144943237305, 1.201702555847168, 1.223400863647461, 1.2091322189331055, 1.226441877746582, 1.2158755569458009, 1.180372314453125, 1.223902980041504, 1.2190809036254884, 1.2104521789550782, 1.2269657821655273, 1.2153929931640626, 1.2028281204223632, 1.2220190216064453, 1.1895114471435546, 1.1823954513549804, 1.2476263702392578, 1.1898964569091797, 1.1987144241333008, 1.272265493774414, 1.2258987884521484, 1.1691702377319335, 1.2053661819458008, 1.1883040481567382, 1.1950099884033203, 1.2655893646240235, 1.2236796279907227, 1.1852106643676759, 1.2017774963378907, 1.1559543533325196, 1.2583661880493164, 1.2301868453979492, 1.2197480209350586, 1.2251300872802735, 1.2002633926391602, 1.2155379333496095, 1.202847135925293], "test_acc": [89.87, 95.02, 96.09, 96.54, 97.21, 97.62, 97.53, 97.74, 97.85, 98.12, 98.01, 98.34, 98.3, 98.4, 98.28, 98.45, 98.49, 98.52, 98.58, 98.61, 98.64, 98.73, 98.68, 98.65, 98.72, 98.69, 98.73, 98.76, 98.57, 98.64, 98.59, 98.81, 98.79, 98.7, 98.75, 98.72, 98.8, 98.79, 98.84, 98.8, 98.81, 98.82, 98.76, 98.82, 98.83, 98.87, 98.83, 98.82, 98.85, 98.89, 98.91, 98.93, 98.89, 98.85, 98.85, 98.87, 98.87, 98.88, 98.8, 98.76, 98.86, 98.8, 98.82, 98.82, 98.86, 98.82, 98.84, 98.82, 98.91, 98.83, 98.88, 98.88, 98.73, 98.82, 98.87, 98.84, 98.81, 98.79, 98.81, 98.75, 98.78, 98.71, 98.7, 98.71, 98.79, 98.83, 98.75, 98.8, 98.71, 98.79, 98.75, 98.67, 98.72, 98.63, 98.74, 98.73, 98.7, 98.67, 98.61, 98.66]}