{"train_loss": [2.302633913154276, 2.3025807870758905, 2.302561917875567, 2.302550235365191, 2.302541988527673, 2.302535774361374, 2.3025307257970176, 2.3025266105293207, 2.3025231478560686, 2.302520171699361, 2.3025175185285063, 2.3025151587959027, 2.302513100652613, 2.3025112422103557, 2.302509638488802, 2.3025079614076858, 2.3025064896314573, 2.302505191574749, 2.302503851743845, 2.302502667802012, 2.3025016203904762, 2.302500608130398, 2.3024996243990383, 2.3024986090823116, 2.302497763409574, 2.3024968616982813, 2.3024960099122462, 2.3024952279196844, 2.3024944739464, 2.3024937530868073, 2.3024930480198984, 2.302492297612704, 2.3024916572448535, 2.302491075462765, 2.3024904804352, 2.3024898792943382, 2.302489321455996, 2.3024887564854746, 2.302488203232105, 2.302487731998802, 2.302487155311128, 2.30248667490788, 2.3024862036745772, 2.302485701365349, 2.302485275472331, 2.3024848088240013, 2.3024843309679603, 2.3024839697740016, 2.302483568334172, 2.3024831831964674, 2.302482780737755, 2.3024824450158667, 2.3024819360838995, 2.3024815606255817, 2.3024812860366626, 2.302480910578345, 2.302480585554726, 2.302480244738424, 2.3024798947521763, 2.302479562086937, 2.302479241648291, 2.3024789380212116, 2.3024786099409447, 2.3024782920495057, 2.302478001667903, 2.3024776628893666, 2.30247736384726, 2.302477069899567, 2.3024768941422815, 2.3024765849113464, 2.302476272623763, 2.302476038790157, 2.3024757922205152, 2.3024754534419785, 2.3024752787035756, 2.3024750188884573, 2.3024747239218817, 2.3024745165792284, 2.302474279688974, 2.3024740132511172, 2.3024737590398545, 2.302473631170061, 2.3024734024308686, 2.3024731115398245, 2.3024728838195148, 2.3024727365909476, 2.3024724986818104, 2.3024722062624416, 2.302472083996504, 2.3024719489945307, 2.3024716010460486, 2.302471540422521, 2.30247124698427, 2.3024710839630194, 2.302470841468909, 2.302470678447658, 2.302470506256462, 2.30247030655543, 2.30247008953339, 2.302469989173433], "test_loss": [2.2922951416015627, 2.288310723876953, 2.2854720092773437, 2.2833109771728517, 2.2815437561035155, 2.2800582122802733, 2.27879162902832, 2.277707455444336, 2.2767417724609373, 2.2758828369140627, 2.275111929321289, 2.2744400482177736, 2.273808868408203, 2.2732512298583982, 2.272741326904297, 2.2722812683105467, 2.271818249511719, 2.2714225860595705, 2.2710552276611327, 2.2706932983398436, 2.2703738861083984, 2.2700596282958982, 2.269771859741211, 2.2694862030029297, 2.2692276641845703, 2.2689745391845704, 2.2687206817626953, 2.2684965911865236, 2.2682881072998047, 2.2680755615234376, 2.2678799072265625, 2.2676601043701172, 2.2674624114990234, 2.267264202880859, 2.26708583984375, 2.2669361724853516, 2.2667506439208984, 2.2665839324951174, 2.266405078125, 2.266253060913086, 2.2661012786865236, 2.2659511688232423, 2.2657932556152343, 2.2656483215332033, 2.265499353027344, 2.265373065185547, 2.265222332763672, 2.2651168365478513, 2.26497890625, 2.2648595794677733, 2.2647163818359375, 2.264612844848633, 2.2644943725585938, 2.2643640869140627, 2.264266345214844, 2.2641154754638673, 2.264005615234375, 2.2639016815185546, 2.263826370239258, 2.263696957397461, 2.2636180999755857, 2.263520687866211, 2.2633941986083985, 2.26330276184082, 2.263213217163086, 2.263107620239258, 2.26301884765625, 2.2629529510498045, 2.262864440917969, 2.262773797607422, 2.2626963745117186, 2.2625809204101563, 2.2625058898925783, 2.2624603759765627, 2.2623834197998045, 2.262284020996094, 2.2622067779541015, 2.2621253479003904, 2.262038232421875, 2.261976138305664, 2.2619083892822265, 2.261854641723633, 2.261757482910156, 2.2617000885009766, 2.261639392089844, 2.261580044555664, 2.26149016418457, 2.2614157775878905, 2.261337512207031, 2.2612832763671875, 2.2612200103759768, 2.261167822265625, 2.2611036193847656, 2.261054379272461, 2.260976348876953, 2.2609046112060547, 2.2608587768554687, 2.26077724609375, 2.2607158966064453, 2.2606815185546876], "test_acc": [27.23, 40.59, 51.38, 58.84, 63.91, 68.19, 71.19, 73.88, 75.7, 76.99, 78.03, 79.38, 80.05, 80.54, 81.9, 82.62, 83.15, 83.72, 84.28, 84.26, 84.89, 85.26, 85.5, 86.06, 86.36, 86.65, 86.96, 87.15, 87.48, 87.66, 88.05, 87.96, 88.15, 88.47, 88.6, 88.7, 89.02, 89.14, 89.23, 89.44, 89.63, 89.81, 89.87, 89.9, 90.2, 90.17, 90.31, 90.46, 90.53, 90.54, 90.67, 90.76, 90.9, 90.99, 91.05, 91.2, 91.27, 91.26, 91.38, 91.36, 91.4, 91.52, 91.57, 91.79, 91.85, 91.87, 91.91, 91.93, 92.07, 92.22, 92.27, 92.19, 92.39, 92.43, 92.54, 92.39, 92.64, 92.7, 92.8, 92.71, 92.65, 92.88, 92.84, 92.88, 92.92, 93.03, 92.97, 92.93, 93.01, 93.02, 93.15, 93.11, 93.25, 93.21, 93.21, 93.24, 93.2, 93.23, 93.27, 93.42]}