{"train_loss": [2.2478335866561303, 2.2067549269423528, 2.196361743996286, 2.1917172201678286, 2.1889268674402156, 2.1868719254803453, 2.1850473524158835, 2.1836530087340593, 2.182424207018991, 2.1814172278102646, 2.180463278395498, 2.179313782443348, 2.178512849868872, 2.177595877749288, 2.1768831182748842, 2.1760851002147055, 2.175191416699662, 2.1745010349485607, 2.1737609658485804, 2.1727680054485288, 2.1720522509680853, 2.1711782711183925, 2.1703961048370752, 2.169505894693554, 2.1686781257645698, 2.167656651419452, 2.167070891612615, 2.166000122188503, 2.1648494168224497, 2.1640959326018634, 2.1629634672759943, 2.162063793748872, 2.1610120417725325, 2.1598527793191438, 2.1590343199224553, 2.157638746449071, 2.156336911723145, 2.15534296606341, 2.1538603198833957, 2.1524304706826167, 2.1512630612422257, 2.1498811316286397, 2.148010602873615, 2.146679479851682, 2.144942220969078, 2.1432947139454703, 2.1419352980760427, 2.1399385862880282, 2.138484820850894, 2.136255875102475, 2.1346163275914316, 2.1326279793030176, 2.1305683825769997, 2.128488596687969, 2.1259892088735204, 2.1240157271042848, 2.121803687678443, 2.1196197729844313, 2.117168278266222, 2.1150961676214495, 2.1125840911498437, 2.1102175554658613, 2.107126517683013, 2.1046664714813232, 2.101663123848092, 2.099300406427465, 2.0965326881816244, 2.0935561162793737, 2.091295753279303, 2.087551326323778, 2.0853661125541754, 2.0823667630171165, 2.0791453265736246, 2.076032632945949, 2.0727830534307365, 2.070219753134964, 2.0678831858512683, 2.0638624786311746, 2.061106889675825, 2.058494220432053, 2.055563160496899, 2.0520832523321495, 2.0485721238148518, 2.045442975484408, 2.04259034863904, 2.039656657184291, 2.0362228244288354, 2.0335074714106374, 2.029832289259658, 2.026806673942468, 2.0244103975785084, 2.021840991372736, 2.018301822945603, 2.0158172675177584, 2.012633526427114, 2.009287787298871, 2.007692654672851, 2.0045109847162523, 2.0011512158263445, 1.9989909871011717], "test_loss": [1.6147620544433594, 1.4707526718139647, 1.4439041107177735, 1.4046396438598632, 1.378219384765625, 1.3579317611694337, 1.3671199356079102, 1.3545459274291993, 1.3679611267089844, 1.3148823425292968, 1.3774331466674805, 1.3912669326782225, 1.3771923385620117, 1.3507165374755858, 1.3716467483520507, 1.2950356063842774, 1.3327019439697265, 1.3065784759521484, 1.3315476455688477, 1.3193801376342773, 1.3106122863769532, 1.3070070236206055, 1.3099345962524414, 1.2748961746215821, 1.2686182815551759, 1.2981113708496095, 1.3529306243896484, 1.3574360961914063, 1.3436056137084962, 1.3451704971313476, 1.314362173461914, 1.3227563934326172, 1.3442664138793945, 1.3435500442504882, 1.3582323791503905, 1.326403875732422, 1.3430513946533202, 1.3047691604614258, 1.3456567962646484, 1.3049115188598632, 1.2786195373535156, 1.3365046966552734, 1.3209355361938477, 1.3171589599609375, 1.3296937301635743, 1.3209244888305665, 1.3597387924194335, 1.4010107482910157, 1.3609498092651366, 1.3026720291137694, 1.3067430572509766, 1.3354893112182618, 1.3512395065307616, 1.3448397171020507, 1.3423725173950196, 1.3064980941772462, 1.3550941619873047, 1.3298491348266601, 1.385249430847168, 1.3496877578735351, 1.3364204467773437, 1.359258038330078, 1.3285130325317382, 1.3636991668701173, 1.2801190093994141, 1.3149443405151366, 1.4028246475219726, 1.3585993255615234, 1.3278446594238282, 1.343970376586914, 1.3489041915893554, 1.3615139404296874, 1.3040734420776368, 1.354162171936035, 1.4366538925170897, 1.3761870956420899, 1.3339716522216798, 1.3913121124267578, 1.3489432312011718, 1.374818684387207, 1.3798184448242188, 1.3547579803466796, 1.3735737106323243, 1.3590729034423827, 1.4150861083984374, 1.3538778549194337, 1.4348746887207031, 1.3710144653320313, 1.3861309860229492, 1.4136270263671875, 1.385727896118164, 1.4374225357055663, 1.3934156936645508, 1.3680011856079102, 1.4653037796020507, 1.4199595275878907, 1.4069161865234374, 1.437506184387207, 1.5103783493041991, 1.499021612548828], "test_acc": [88.54, 93.7, 95.55, 95.98, 96.59, 97.01, 97.31, 97.44, 97.24, 97.79, 98.03, 98.06, 97.93, 98.06, 97.81, 98.04, 98.23, 98.23, 98.03, 98.12, 98.3, 98.12, 98.11, 98.17, 98.1, 98.22, 98.21, 97.89, 98.15, 98.17, 97.87, 98.1, 97.99, 97.4, 97.96, 97.88, 97.64, 97.75, 97.77, 97.49, 97.13, 97.09, 96.99, 97.04, 97.04, 96.61, 96.52, 95.24, 95.78, 96.11, 95.99, 95.15, 94.84, 94.66, 94.27, 93.6, 92.31, 94.17, 91.33, 92.21, 92.84, 91.21, 91.87, 89.54, 92.51, 90.4, 85.67, 85.68, 86.96, 84.95, 85.87, 84.94, 86.82, 84.17, 76.22, 82.12, 83.54, 79.72, 82.33, 80.91, 80.9, 81.84, 79.87, 81.31, 76.19, 79.53, 74.85, 78.46, 77.08, 73.99, 77.82, 75.07, 77.33, 76.39, 70.29, 74.06, 72.44, 71.73, 68.32, 67.7]}