{"train_loss": [2.1151291840096826, 2.0266862282386193, 2.012618201665389, 2.0062610359273405, 2.0022444582393026, 1.9994780749846728, 1.9973981879715226, 1.9955706530147128, 1.9942767742352607, 1.9928881844394228, 1.9918136273184393, 1.9908580489647694, 1.9901200981221647, 1.989265421516875, 1.9885881777502532, 1.9880349040031433, 1.9873676305143242, 1.9868236823469145, 1.9863635795748131, 1.9859230131165595, 1.9854020618984842, 1.985062703362897, 1.9846917645544069, 1.9841517095382397, 1.9839006591046977, 1.983528390654132, 1.9831267725198696, 1.9828285177548726, 1.9825506077872381, 1.9822592406700819, 1.9819869669074686, 1.9815879915005121, 1.9813493772959099, 1.9810025136694949, 1.9808432826629052, 1.9806438093511467, 1.9803624178609278, 1.9800458519886701, 1.9798444175822103, 1.9796967605749767, 1.9793084615316145, 1.9791848527060614, 1.9789223777942169, 1.9786600982531524, 1.9783583843809927, 1.9783128115356479, 1.9781257540751727, 1.9778505466942093, 1.977657711149281, 1.9773532850110633, 1.9772871719975758, 1.9769311101518126, 1.9767641144939976, 1.976540935345185, 1.976386302556747, 1.9762887521686716, 1.9761163862342508, 1.975827807544643, 1.9755851817436707, 1.9753448874013038, 1.9752954349049137, 1.9751155475775402, 1.9749023560275378, 1.9746456001049433, 1.9745239027035542, 1.9741930133766599, 1.9741441571814382, 1.9740092591342764, 1.9737578928470612, 1.9736439338606646, 1.9733390803011055, 1.9731471166651473, 1.9729764782465422, 1.9730192787117429, 1.9726932548050187, 1.9725735946598215, 1.97233424278406, 1.9721353318956163, 1.9720919692618215, 1.9718288672276032, 1.9717072645823162, 1.9716351837174506, 1.9711931039634933, 1.9712548253373203, 1.9710899494652054, 1.970867862049331, 1.9705946954906497, 1.9705483197656453, 1.9703887061685579, 1.9702597097453909, 1.9698864695353386, 1.9697505245860825, 1.9696991043722527, 1.9694429386375296, 1.9693707574127066, 1.9691884097380516, 1.969070818943855, 1.9688715522105877, 1.968584455231316, 1.9684121840529971], "test_loss": [1.1467698127746582, 1.0388631256103515, 1.005521891784668, 0.9986673835754395, 1.004857015991211, 0.98991767578125, 0.9981121620178223, 0.9652020927429199, 0.9662088371276856, 0.9647447448730468, 0.9509895843505859, 0.9604101989746093, 0.928441926574707, 0.9839859489440917, 0.9492332244873047, 0.9475021942138672, 1.0078221450805664, 0.9607806884765625, 0.9688120277404785, 0.9479955299377442, 0.9255189407348633, 0.9509108245849609, 0.933776316833496, 0.9288433403015137, 0.9630674423217773, 0.963447696685791, 0.9371153701782227, 0.9285717666625977, 0.9727899475097657, 0.9543318466186523, 0.9646062728881836, 0.9486118286132813, 0.9210958045959473, 0.9349156913757324, 0.9459555137634277, 0.9236119361877442, 0.8859200271606446, 0.9177052597045898, 0.9485011772155761, 0.9389078155517578, 0.8954834045410156, 0.9094394500732422, 0.9263782501220703, 0.9461864486694336, 0.8977607391357422, 0.9450084541320801, 0.9100395156860351, 0.9427268333435058, 0.9254604019165039, 0.9372997360229492, 0.9127423370361328, 0.9357697067260742, 0.9304265647888184, 0.9372568046569825, 0.9057268196105958, 0.9310428558349609, 0.9577882926940918, 0.9357314918518066, 0.9313526443481446, 0.9252561698913574, 0.9192358528137207, 0.9457458686828614, 0.9261638526916504, 0.9199481147766113, 0.8969914916992188, 0.9440946784973144, 0.9151587791442871, 0.9145838577270508, 0.9241129707336426, 0.9354583465576172, 0.8972644813537598, 0.9564102188110352, 0.9326356262207032, 0.9467607925415039, 0.9167877967834472, 0.8972747703552246, 0.9204762710571289, 0.9539412925720215, 0.9200763298034668, 0.9389591606140136, 0.9578827461242676, 0.9289788780212402, 0.9120605018615723, 0.9082976432800293, 0.9380817222595215, 0.9218359855651855, 0.9524735801696778, 0.9148935920715332, 0.9652462692260743, 0.896061499786377, 0.932543002319336, 0.9398822868347168, 0.9110354568481446, 0.9038281135559082, 0.9315579315185547, 0.9236664169311524, 0.9384873878479004, 0.9145842910766602, 0.9425793128967285, 0.9186981300354004], "test_acc": [93.88, 96.5, 97.42, 97.67, 97.92, 98.06, 98.36, 98.5, 98.64, 98.65, 98.71, 98.69, 98.63, 98.74, 98.75, 98.82, 98.88, 98.85, 98.83, 98.88, 98.91, 98.9, 98.88, 98.97, 99.01, 98.97, 98.9, 98.96, 98.99, 98.98, 98.96, 99.0, 98.96, 99.0, 99.05, 99.01, 98.99, 98.99, 99.05, 99.09, 99.05, 99.01, 99.02, 99.07, 99.08, 99.03, 99.04, 99.11, 99.07, 99.1, 99.05, 99.12, 99.12, 99.12, 99.12, 99.11, 99.03, 99.14, 99.08, 99.12, 99.1, 99.19, 99.09, 99.15, 99.17, 99.15, 99.04, 99.18, 99.12, 99.19, 99.11, 99.14, 99.13, 99.13, 99.11, 99.15, 99.13, 99.15, 99.14, 99.14, 99.06, 99.16, 99.1, 99.15, 99.16, 99.19, 99.13, 99.18, 99.09, 99.14, 99.1, 99.14, 99.12, 99.2, 99.11, 99.11, 99.11, 99.16, 99.17, 99.1]}