{"train_loss": [1.799584376761037, 1.6453599168194666, 1.6240910403748863, 1.613369830398478, 1.6056431233882904, 1.6006323774146218, 1.5958005605090377, 1.5920394205639505, 1.589060953539661, 1.5862065112998343, 1.583449654854261, 1.5804919575014684, 1.5782716651248117, 1.5756460232102973, 1.5734931678853483, 1.5714674329655802, 1.5689508818153641, 1.5673691997161279, 1.564769291724914, 1.5634138107809246, 1.5606742055497618, 1.5589876281909454, 1.5568514619118128, 1.5544878201097505, 1.5523069630830715, 1.5497645162619078, 1.5478437586217864, 1.5443934574086442, 1.5430019492776985, 1.5401252092968705, 1.5378123455577426, 1.5345608062214322, 1.532288409705855, 1.5291883807915907, 1.5263041858999138, 1.5233532129189906, 1.520891554080523, 1.5180203991058545, 1.5149993871012304, 1.5107342776579735, 1.5076701129094148, 1.5042795281634371, 1.5002734976955967, 1.497432721985711, 1.49375952156181, 1.489859897356767, 1.4865157996487415, 1.4821016098189557, 1.4781634122387977, 1.474597269907976, 1.4700625941284702, 1.4662330894388704, 1.4621909640283666, 1.4580064403195667, 1.4540695517491071, 1.4495670010900905, 1.446083826641751, 1.441335412936333, 1.4370313065174298, 1.433281613720788, 1.4289217843459203, 1.4250717374504123, 1.4214258996339946, 1.4169808289943597, 1.4139931769961984, 1.4093293025452867, 1.405093433510544, 1.4019836189909878, 1.3981272687769344, 1.3942799866199493, 1.3917991450199714, 1.3871899338868947, 1.3843074361992698, 1.380987748121604, 1.377239253021713, 1.3744185640771165, 1.371153867397553, 1.3693503141403198, 1.3654595081113343, 1.36280500353911, 1.3593984686920786, 1.3568054580280924, 1.3547131798715673, 1.3523232215999539, 1.349181610549617, 1.346949841731634, 1.3451989178474133, 1.3426227579768906, 1.340087557450319, 1.3370900388456817, 1.3362076840339563, 1.333906017562263, 1.3315983345875373, 1.329622542501515, 1.3281723696451921, 1.3262195722160177, 1.3251134126614301, 1.3231222940306377, 1.3212039246518388, 1.3196706825341933], "test_loss": [0.7269118083953857, 0.6776168872833251, 0.6326764961242676, 0.6019296169281005, 0.6167130992889405, 0.6194269420623779, 0.5795936939239502, 0.6217853450775146, 0.5694423751831055, 0.5725195671081543, 0.603932381439209, 0.6303206985473633, 0.5373485996246338, 0.5706922992706299, 0.5866962417602539, 0.5547604419708252, 0.580379174041748, 0.5655467567443848, 0.509224301147461, 0.5471085327148437, 0.5126899677276612, 0.5494169330596924, 0.5215648601531983, 0.5677148666381836, 0.5700366466522216, 0.6013102607727051, 0.5096854179382324, 0.5719313835144043, 0.5501704685211182, 0.5606836086273194, 0.5545244644165039, 0.5930810516357422, 0.5493615509033203, 0.5266510818481446, 0.6063808723449707, 0.5359474224090576, 0.5700504901885987, 0.5384760093688965, 0.5743837196350098, 0.5860679290771484, 0.5724681575775147, 0.57188620262146, 0.5539789070129395, 0.5603558059692383, 0.527858931350708, 0.5379404277801514, 0.5943778007507324, 0.5764816917419434, 0.6086285411834716, 0.5765838607788086, 0.5888849353790283, 0.532969711303711, 0.5954980224609375, 0.6138783721923828, 0.5876097640991211, 0.5653829246520996, 0.5296448009490967, 0.6063404869079589, 0.555770023727417, 0.5924717079162598, 0.6283120109558106, 0.5964276626586914, 0.598624303817749, 0.6079831039428711, 0.569582958984375, 0.6129403366088867, 0.6109832447052002, 0.5431547565460205, 0.6429245742797851, 0.5767224300384521, 0.5810026767730713, 0.5826500679016113, 0.5869876712799073, 0.5523732425689697, 0.6134041778564453, 0.5914704456329346, 0.6100613235473633, 0.6258538375854492, 0.5924403892517089, 0.5886320472717285, 0.5984232219696045, 0.626577554321289, 0.5857273490905762, 0.6359536323547363, 0.5988196743011475, 0.5722823482513427, 0.5703031307220459, 0.6193252639770508, 0.6031349514007568, 0.5874580204010009, 0.6526954780578613, 0.6061656898498535, 0.634567798614502, 0.6382973686218262, 0.6584909576416016, 0.626594527053833, 0.6256638389587402, 0.6443845726013183, 0.6013502109527588, 0.6197887786865235], "test_acc": [95.44, 97.52, 97.97, 98.09, 98.32, 98.33, 98.42, 98.65, 98.68, 98.74, 98.7, 98.63, 98.73, 98.69, 98.82, 98.85, 98.87, 98.88, 98.93, 98.96, 98.87, 98.91, 98.86, 98.82, 98.94, 98.88, 98.93, 98.88, 98.87, 98.85, 98.99, 98.92, 98.84, 98.88, 98.95, 98.81, 98.79, 98.77, 98.81, 98.79, 98.76, 98.59, 98.69, 98.67, 98.63, 98.51, 98.43, 98.32, 98.25, 98.11, 98.34, 98.42, 97.86, 97.62, 97.89, 97.89, 97.96, 97.61, 97.79, 97.32, 96.99, 97.2, 97.08, 96.74, 97.14, 97.39, 96.77, 96.99, 96.15, 96.91, 96.55, 96.69, 96.53, 96.7, 96.41, 96.22, 95.48, 94.28, 96.21, 95.72, 95.82, 94.85, 96.2, 95.37, 95.44, 95.91, 95.77, 95.2, 94.93, 95.68, 93.95, 95.33, 94.24, 94.5, 94.17, 94.78, 94.44, 94.2, 94.55, 94.56]}