{"train_loss": [2.2978234097488923, 2.2887473299972014, 2.284944845061017, 2.2823426825368505, 2.2799508408603506, 2.2782238456938, 2.276705387311104, 2.2752656681924806, 2.2738361868083987, 2.2724026512895894, 2.2708334948262596, 2.269501101257455, 2.267850051068852, 2.2658382944571667, 2.2640976997522206, 2.2621169151403966, 2.2593789329895606, 2.2564097811014223, 2.2540944106558447, 2.250347986180558, 2.2470736004348493, 2.2428750609740233, 2.2380989606563864, 2.2333728533524733, 2.2277256433780375, 2.220631287138686, 2.213263530507047, 2.204631909345969, 2.1963541278472314, 2.1871033428061724, 2.1747029347297473, 2.1628635933256555, 2.1490328062293877, 2.131989811730181, 2.114369051833438, 2.092943860934331, 2.072684245995986, 2.0495386587248907, 2.0246155514166904, 1.9951197915097587, 1.9640813352715256, 1.931642829352974, 1.8992070802766035, 1.8596078218557897, 1.8247153208805964, 1.7837830753917367, 1.7435170330552974, 1.7006333348078606, 1.6592138577730229, 1.6164040840589082, 1.5731559339751544, 1.5274605677168593, 1.487788883029905, 1.4475448477981436, 1.409399806179552, 1.3707271839818385, 1.3339184033565032, 1.299206236234078, 1.267410686892322, 1.2388514993537185, 1.210548061845649, 1.1838807422890623, 1.161068402039699, 1.1388705265827668, 1.1217657182461176, 1.1034357234453545, 1.089438444019383, 1.075231180868597, 1.0622231024198043, 1.0496759903736603, 1.0406175066008527, 1.0322374342343745, 1.023928602027078, 1.0161107741614692, 1.0099552729700365, 1.0034406045053759, 0.9988529679612217, 0.9920391203501285, 0.9860566260977688, 0.9820567943856248, 0.9781695606871548, 0.974016250198723, 0.9692549334886746, 0.9661639828203071, 0.9618173865681021, 0.9586628493335512, 0.955585336073851, 0.9521773736446332, 0.9497704158226649, 0.946882711771207, 0.944358175381636, 0.9410578147468404, 0.938489139589489, 0.9358547425422913, 0.934270118164201, 0.9318635323618212, 0.9293723305066427, 0.928444608536541, 0.9255332869087529, 0.9234924243810849], "test_loss": [2.084010568237305, 2.0010647018432617, 1.94168077545166, 1.8859294738769532, 1.8778577575683593, 1.8801340301513672, 1.8384739181518555, 1.83053260345459, 1.8304866317749025, 1.7946815689086915, 1.8262689041137696, 1.8342782089233398, 1.7389527084350587, 1.7844588973999023, 1.7717735168457032, 1.815749803161621, 1.7684721786499022, 1.8328555206298829, 1.7730215438842774, 1.7512413482666016, 1.8040747573852538, 1.806201382446289, 1.7400991470336915, 1.7666197540283204, 1.792516261291504, 1.8352144165039062, 1.7785542755126953, 1.7823639572143555, 1.8552559616088866, 1.7989930435180663, 1.8575421051025391, 1.7588688018798828, 1.791543881225586, 1.7063898880004882, 1.8745189514160157, 1.9478594360351562, 1.8246553329467774, 1.8899059814453125, 1.8770379043579102, 1.9624661178588867, 1.8969742538452148, 2.0673971771240236, 2.0002558868408205, 2.031140565490723, 2.0950176040649415, 2.165853308105469, 2.1528269149780273, 2.274758253479004, 2.207709339904785, 2.287989370727539, 2.378588507080078, 2.3381759033203124, 2.4336925659179687, 2.4366142028808593, 2.470311209106445, 2.552866668701172, 2.6117840393066407, 2.6540813995361328, 2.613453170776367, 2.6338749786376954, 2.6867726440429687, 2.614696481323242, 2.7965575469970703, 2.7933935241699217, 2.765364584350586, 2.8834968536376953, 2.8746619842529295, 2.7970319580078127, 2.8067865020751954, 2.843227728271484, 2.8568683349609376, 2.8280318328857423, 2.815650765991211, 2.855774978637695, 2.8800530700683593, 2.840054412841797, 2.8688590270996093, 2.9200314056396484, 2.857418960571289, 2.8374024200439454, 2.9130521789550783, 2.831459719848633, 2.9468889862060546, 2.8589375762939455, 2.868703143310547, 2.9442454650878904, 2.8987741760253907, 2.9234699676513674, 2.9329378692626955, 2.8720199462890625, 2.927476773071289, 2.9079887786865233, 2.9489489624023437, 2.9481073425292967, 2.9311883728027346, 2.9294575256347657, 2.9373046295166017, 2.947185888671875, 2.942079019165039, 2.9224954284667968], "test_acc": [65.16, 81.86, 85.33, 90.8, 90.08, 90.49, 92.6, 93.11, 93.52, 91.79, 92.74, 92.94, 92.99, 92.8, 92.97, 91.49, 90.56, 86.86, 85.25, 84.67, 78.05, 78.16, 83.14, 78.92, 75.19, 60.28, 66.87, 62.71, 57.51, 58.76, 51.97, 58.32, 50.67, 55.75, 43.4, 38.67, 43.35, 37.1, 37.77, 32.07, 38.08, 31.81, 33.06, 30.73, 27.48, 27.6, 28.32, 22.96, 28.93, 25.8, 23.34, 24.67, 23.81, 23.85, 23.53, 22.95, 22.11, 21.33, 22.46, 22.35, 22.75, 24.32, 20.52, 20.99, 20.85, 19.18, 18.99, 21.69, 20.81, 19.62, 19.77, 20.18, 20.82, 19.87, 19.86, 19.89, 19.84, 18.74, 19.69, 20.83, 18.7, 21.54, 18.65, 20.43, 20.17, 18.24, 20.06, 19.21, 18.9, 20.2, 19.28, 19.26, 18.99, 19.04, 19.04, 19.44, 19.45, 18.77, 18.38, 19.61]}