{"train_loss": [2.2944437081997213, 2.2843172550201416, 2.280792092665648, 2.2783998984556932, 2.2767235616333465, 2.275662394160898, 2.2747880067580786, 2.2742675507170524, 2.273568937411675, 2.2730417353475194, 2.2726235766696115, 2.272123985310905, 2.2717569903430777, 2.271412246247642, 2.271105331233424, 2.2707098620569606, 2.270339250055134, 2.2699938441953087, 2.269628157473018, 2.2693745341056433, 2.2689332681843357, 2.268653497736678, 2.268244427493495, 2.268021914694044, 2.2674403389294944, 2.267327757472666, 2.266840839997316, 2.266536445189745, 2.266153059963487, 2.2657979492448335, 2.2653348955333743, 2.264891072216197, 2.264474945190625, 2.2640406168424168, 2.2637148142879844, 2.263172490983947, 2.2626693946683507, 2.26226795076305, 2.261743017241486, 2.261226209819826, 2.2606442667480207, 2.2601162877857175, 2.259694154955383, 2.258953821964753, 2.258354639905131, 2.2578967784205055, 2.2570613648137474, 2.2566960652669272, 2.255877896761283, 2.2550582422150507, 2.254374724168044, 2.2535908532957745, 2.2528534674236917, 2.2521254990854835, 2.2510699359779682, 2.2505549788475037, 2.2493560599465656, 2.2485206412453937, 2.247592068126059, 2.2467834929115753, 2.245612583608709, 2.244687298933665, 2.2437412183508916, 2.242568977877625, 2.2415380355639334, 2.2406243310015426, 2.23935405871807, 2.2380013104177947, 2.237117542160882, 2.2356828048697905, 2.2343961474223013, 2.2330392273063335, 2.231577743831863, 2.230314891053061, 2.228562628102099, 2.227481682585855, 2.225685104345664, 2.224532540537353, 2.2229672339227466, 2.2213538645679116, 2.219535177589482, 2.218187825802045, 2.216366208007193, 2.214938630915096, 2.2129990433016395, 2.2110426971036143, 2.2095131863895645, 2.2075071283894725, 2.2058540241331115, 2.20408386654324, 2.2021076088277702, 2.2000231982296348, 2.1983464497786303, 2.19687074677557, 2.194763926868765, 2.192758206118885, 2.190821203920576, 2.189014096545358, 2.1866532283970432, 2.185061163881905], "test_loss": [2.0105103149414063, 1.9138709930419922, 1.876955320739746, 1.8439827270507811, 1.8093484878540038, 1.7979644790649414, 1.7772338272094728, 1.779169563293457, 1.757188720703125, 1.7741973068237304, 1.7504073684692383, 1.7664222076416016, 1.7608825637817382, 1.7456134994506836, 1.7683876159667968, 1.7375951919555663, 1.7314155334472656, 1.7437759582519532, 1.7412125854492186, 1.7503250122070313, 1.7464236419677734, 1.7102763549804687, 1.7408262741088867, 1.734671420288086, 1.7387977981567382, 1.7163671142578125, 1.7145780838012696, 1.7253777755737305, 1.7195529418945312, 1.6961142227172852, 1.723786148071289, 1.7254734756469727, 1.7240193115234375, 1.7039518585205078, 1.7401055587768555, 1.7296774810791016, 1.7292835174560548, 1.7389186965942383, 1.7203274276733398, 1.7032067443847656, 1.7144617691040038, 1.7295133682250976, 1.7657171981811524, 1.7170303756713867, 1.72064952545166, 1.6905416717529298, 1.7497060806274414, 1.7443005767822266, 1.6907600982666016, 1.703820864868164, 1.6807083618164063, 1.7388231781005858, 1.744933676147461, 1.7202943954467773, 1.7664922927856446, 1.7119816497802733, 1.7405625, 1.7207128509521485, 1.7123281631469727, 1.7163344955444335, 1.718323324584961, 1.730570881652832, 1.6798920318603516, 1.729402456665039, 1.701032862854004, 1.719072102355957, 1.7680464447021484, 1.7788686920166015, 1.7399026992797852, 1.7711945739746093, 1.6937776519775392, 1.7619545669555665, 1.7224491439819336, 1.8317346374511718, 1.729393426513672, 1.7555274322509766, 1.7610924377441406, 1.7003189926147462, 1.7312609313964844, 1.7691213943481445, 1.7812123367309571, 1.7263763565063477, 1.766017269897461, 1.7398111358642578, 1.7801032150268554, 1.774900619506836, 1.7666374145507813, 1.7100657257080079, 1.7745807754516603, 1.7366096893310548, 1.747841404724121, 1.7202417022705079, 1.7470863342285157, 1.8207820114135742, 1.7461348983764649, 1.7911751617431642, 1.7262174057006836, 1.8016703186035157, 1.8163951171875, 1.771445246887207], "test_acc": [78.21, 83.64, 90.33, 92.53, 94.16, 94.75, 94.78, 95.46, 95.28, 95.65, 96.56, 96.54, 96.71, 96.7, 96.9, 97.1, 96.7, 97.21, 97.12, 96.97, 97.04, 97.14, 97.4, 97.36, 96.77, 97.16, 97.27, 97.31, 97.09, 97.14, 97.48, 97.0, 96.76, 97.2, 96.53, 96.78, 96.6, 96.38, 96.37, 96.71, 96.76, 95.8, 95.06, 95.83, 94.15, 95.57, 94.66, 93.22, 95.3, 94.68, 95.04, 93.03, 92.6, 92.67, 87.95, 92.36, 88.37, 91.69, 90.29, 90.64, 88.58, 85.64, 90.12, 86.25, 88.75, 87.93, 79.88, 78.74, 84.52, 76.49, 84.56, 78.76, 81.38, 70.8, 80.28, 77.28, 73.71, 78.13, 78.26, 73.44, 69.26, 73.88, 71.52, 72.08, 71.1, 69.83, 67.94, 74.04, 64.09, 66.48, 69.31, 70.85, 66.26, 57.59, 66.6, 62.25, 67.94, 55.2, 57.18, 59.25]}