{"train_loss": [1.814378502022507, 1.6607808032606401, 1.641358076252489, 1.6313297756207294, 1.6243861057819464, 1.6201597633015397, 1.6163898525584457, 1.6131158096668048, 1.6106824752611992, 1.6078675916561713, 1.6056411021795027, 1.603890950099016, 1.6020890545641255, 1.6004786684981778, 1.598842451715062, 1.5979270395050702, 1.5964455334549277, 1.5948016536541474, 1.5936908365314841, 1.5924515451630976, 1.591547123132608, 1.5905808037162845, 1.5888005474693754, 1.5879887255847964, 1.5869172503296127, 1.5859658611126435, 1.5848888275969741, 1.5838835354034717, 1.5825963644390433, 1.58182796708539, 1.5809894339141684, 1.5800411879506886, 1.5785772889597802, 1.577748028895794, 1.5766898457311158, 1.575875249173906, 1.5745189510858977, 1.5739768575399349, 1.5728887951272166, 1.5717200002609155, 1.5705780649287069, 1.5695659617582958, 1.5681706954780807, 1.5674876152959645, 1.5665065368526003, 1.56513695533459, 1.564141755939549, 1.5631932394626813, 1.5617874855669136, 1.561199829619155, 1.5599523494895706, 1.5587918335555966, 1.557765163672276, 1.5563383718841097, 1.5554044753567786, 1.553984713860047, 1.5529450527113726, 1.5517301083120525, 1.5507019024628859, 1.549582868305027, 1.5486374678265336, 1.5471725451131153, 1.5464038935481992, 1.5450141643866515, 1.5438426896038218, 1.5428130132520301, 1.5416308702566686, 1.5402924917701981, 1.5395318639074635, 1.5379039428682408, 1.5369124677446153, 1.535747149815926, 1.534842559415051, 1.5337040179815047, 1.5327143231008806, 1.5315961921826386, 1.529755406654798, 1.5290823930349104, 1.5277360094408703, 1.5264387984051664, 1.525633080647542, 1.5250282896380138, 1.5237297194126325, 1.5228354673609774, 1.5214449101024203, 1.5203739302790062, 1.5193803753608313, 1.5188147023192837, 1.5173552662898333, 1.516533787179197, 1.5155147584075601, 1.5148391677783086, 1.5133690108091404, 1.5126574869848723, 1.5122189751038184, 1.5109179389273, 1.509411096572876, 1.5088788433971567, 1.5081850211335044, 1.507140455337671], "test_loss": [0.7275019908905029, 0.6460249225616455, 0.6105315643310547, 0.605516706085205, 0.6163361797332764, 0.5887663066864014, 0.5987990940093995, 0.5966263870239258, 0.6002863140106202, 0.5534017307281495, 0.6099456123352051, 0.6235882682800293, 0.6334446632385254, 0.5865488723754883, 0.5759436607360839, 0.5579940074920654, 0.5799540199279786, 0.5747979667663574, 0.5479128513336181, 0.584815779876709, 0.5816955101013184, 0.5535852382659913, 0.6068957916259765, 0.5513762916564942, 0.5784091949462891, 0.5849309028625488, 0.5773209526062012, 0.6014566635131836, 0.5690239135742188, 0.5838907203674316, 0.5713650856018067, 0.5600459297180176, 0.5282396602630616, 0.553357024383545, 0.5816770240783692, 0.5795013641357422, 0.534731580734253, 0.5503482719421386, 0.6208206016540527, 0.6107684265136719, 0.5341816802978515, 0.5724255805969238, 0.5765336692810059, 0.546962372970581, 0.6222559875488282, 0.6025198112487793, 0.5656683837890625, 0.599827912902832, 0.5736637626647949, 0.5604964839935302, 0.5312316009521484, 0.5723377876281738, 0.5780919235229492, 0.5711422691345215, 0.5798678977966308, 0.5902099327087402, 0.5460663093566894, 0.5880105812072753, 0.5697809982299805, 0.5774856048583984, 0.5675666999816894, 0.6153254447937012, 0.5841477012634277, 0.5738415603637695, 0.5733971618652344, 0.5521915512084961, 0.6018565849304199, 0.5908726356506347, 0.5854762359619141, 0.5465534259796142, 0.5975879554748535, 0.5805212310791016, 0.5867710258483887, 0.6010850440979004, 0.579574528503418, 0.5824485916137695, 0.5730382667541504, 0.5790384910583496, 0.6082203498840332, 0.5751466163635254, 0.6059248733520508, 0.5856341194152832, 0.5892993629455566, 0.5882486488342286, 0.5965581787109375, 0.5747085708618164, 0.5824617546081543, 0.5879737129211425, 0.5919109802246094, 0.5488658145904541, 0.6023089546203614, 0.5767294387817383, 0.5900495178222657, 0.6140805297851563, 0.6039453269958496, 0.5808298042297363, 0.546486164855957, 0.5817659873962402, 0.5809781005859375, 0.5666024654388427], "test_acc": [95.54, 97.24, 98.12, 98.13, 98.39, 98.43, 98.64, 98.79, 98.71, 98.85, 98.82, 98.81, 98.84, 98.95, 98.89, 99.0, 98.96, 98.87, 98.92, 99.0, 98.94, 98.94, 99.02, 99.0, 99.03, 99.04, 99.01, 99.04, 99.04, 98.99, 99.12, 99.03, 99.06, 98.98, 99.02, 99.05, 99.06, 99.07, 99.04, 99.03, 99.01, 99.05, 99.08, 99.0, 99.12, 98.99, 99.02, 99.12, 99.08, 99.04, 99.04, 99.11, 98.98, 98.99, 98.97, 99.04, 98.94, 98.99, 98.94, 98.98, 98.93, 98.95, 98.96, 98.89, 98.97, 98.96, 98.92, 98.8, 98.77, 98.79, 98.87, 98.72, 98.78, 98.85, 98.86, 98.77, 98.79, 98.88, 98.7, 98.8, 98.68, 98.74, 98.6, 98.54, 98.71, 98.7, 98.7, 98.47, 98.8, 98.78, 98.62, 98.77, 98.58, 98.69, 98.63, 98.55, 98.68, 98.74, 98.63, 98.57]}