{"train_loss": [1.9842904064899836, 1.855889654567099, 1.832970592710707, 1.8222411827653902, 1.8131974105142121, 1.8061616298479912, 1.8004528278978462, 1.7937520092878587, 1.7885265816480687, 1.7823210743247953, 1.7770680530458434, 1.7702052195866902, 1.7646333320528014, 1.757472657240354, 1.7500976736728961, 1.7434810736240485, 1.7334458285417311, 1.7239681729394147, 1.7123367676877568, 1.7009611285140371, 1.6878537747085605, 1.6732084603391142, 1.6576264826660483, 1.6393971272513397, 1.617980137340024, 1.5955824696610117, 1.5704715511737726, 1.5438212767625465, 1.5133443635243635, 1.4803023763701446, 1.4428066998465447, 1.4031488179651082, 1.362562697667342, 1.3184048991936903, 1.2713810269139771, 1.2222186027683763, 1.1677129469875596, 1.1178200085703125, 1.0664972282118268, 1.01249515488107, 0.9626121803736075, 0.9062417441198969, 0.8510375695350842, 0.8080607605540854, 0.7577668293419048, 0.7113840301704203, 0.665894668453779, 0.6198577122428478, 0.5749303847551346, 0.5389925147223676, 0.49974423080173314, 0.4660035473668677, 0.43984272330999374, 0.4180924842118198, 0.400859944586061, 0.3874984407781536, 0.3771591634831877, 0.36750696898780316, 0.3606076396555982, 0.3531472844700528, 0.3470210605579564, 0.3416420360151519, 0.3359858505746238, 0.33229295934876824, 0.32783853784840333, 0.3238329014971725, 0.3196868069278888, 0.31597115220422417, 0.3127323949438894, 0.30874560824316793, 0.30681120425972164, 0.30284006950946957, 0.30093527203186965, 0.2977139030256842, 0.29485074195087463, 0.2922657242952249, 0.29045598482729024, 0.28821668761153507, 0.28575059949842274, 0.2835238752966253, 0.2817717381140106, 0.2801097033497615, 0.2781985672111185, 0.2762034495926311, 0.2746802394588788, 0.2732650459322155, 0.2714552166115524, 0.2699144737333314, 0.26891180828341055, 0.2674563916829916, 0.2659676190242808, 0.26481196742791396, 0.2637458995748789, 0.26264179462933135, 0.26191097765396804, 0.2609800045243186, 0.2597110365382117, 0.25885384058595723, 0.25790906480999076, 0.25705844765672314], "test_loss": [0.9326099304199219, 0.9279350425720215, 0.894349331665039, 0.8366424674987794, 0.7775702812194825, 0.7547669792175293, 0.7720268936157226, 0.7967741752624512, 0.8116244560241699, 0.7407352867126464, 0.7108888038635254, 0.7818810134887695, 0.7681197456359863, 0.7826657859802246, 0.7498474906921386, 0.7481576850891113, 0.76227719039917, 0.8044800804138184, 0.7190574951171875, 0.7918176635742188, 0.6930923919677734, 0.7765607658386231, 0.7942212303161621, 0.7117790214538574, 0.7404998443603515, 0.7357536628723145, 0.7764127090454102, 0.7867649909973145, 0.8447048156738282, 0.8625110038757324, 0.8488567916870117, 0.882863949584961, 0.9200933692932128, 0.9070536590576171, 0.8739993949890137, 0.9505812911987305, 0.9568408447265625, 1.0298167236328124, 1.0042385040283204, 1.0512570907592773, 1.040998706817627, 1.1736382690429688, 1.2056230895996094, 1.1449545722961425, 1.2187937225341796, 1.2809916526794434, 1.294976198577881, 1.3257373489379882, 1.415076651763916, 1.3785355270385742, 1.3832950950622558, 1.358893684387207, 1.467532801055908, 1.4283552223205567, 1.478557633972168, 1.447790308380127, 1.4663934577941895, 1.4514036582946777, 1.4717583656311035, 1.525104641723633, 1.5170561126708983, 1.5289993125915526, 1.5506165649414063, 1.5399244232177733, 1.5197829597473145, 1.54705816116333, 1.588519490814209, 1.605797021484375, 1.605385391998291, 1.6117964408874512, 1.589715505218506, 1.6093678955078126, 1.605627281188965, 1.6253319129943848, 1.6344506355285644, 1.659046169281006, 1.7013988708496093, 1.6630599517822267, 1.6817981033325196, 1.6737017044067384, 1.698684922027588, 1.6879775772094727, 1.6787944274902344, 1.6891020416259765, 1.6934835556030274, 1.6933681686401367, 1.6944484199523926, 1.7186145713806151, 1.7045770477294921, 1.7407585327148438, 1.7181171966552735, 1.7110909843444824, 1.7341863563537598, 1.717085472869873, 1.732408927154541, 1.743030270385742, 1.7199204620361328, 1.7274160278320312, 1.7447534385681152, 1.743938768005371], "test_acc": [93.3, 95.53, 96.93, 97.67, 97.58, 97.96, 97.96, 98.0, 98.26, 98.47, 98.4, 98.23, 98.31, 98.33, 98.35, 98.07, 98.0, 97.7, 97.77, 96.39, 97.31, 95.9, 94.93, 95.67, 94.05, 93.42, 91.81, 89.87, 87.1, 84.44, 84.03, 81.79, 77.7, 77.21, 76.95, 73.94, 72.26, 68.15, 69.72, 68.2, 68.15, 63.88, 62.32, 65.37, 62.75, 61.59, 60.92, 61.01, 58.21, 59.93, 59.89, 60.78, 58.07, 59.07, 56.97, 58.37, 57.78, 58.48, 57.71, 56.68, 57.19, 56.19, 56.17, 55.7, 56.78, 55.3, 55.04, 54.64, 54.14, 54.35, 55.12, 54.49, 55.31, 53.82, 53.95, 53.38, 52.39, 53.48, 52.33, 53.15, 52.68, 52.93, 53.59, 53.07, 53.23, 52.95, 52.78, 52.01, 52.72, 51.69, 52.29, 52.78, 51.95, 52.77, 52.21, 51.99, 52.66, 52.23, 51.7, 51.43]}