{"train_loss": [2.302545256084866, 2.3023603920243745, 2.3022588995786815, 2.302186010230301, 2.302135644814907, 2.3020924273719134, 2.302062801316253, 2.3020350250423465, 2.3020110364653106, 2.301988950651935, 2.301968229122651, 2.3019505876761217, 2.301928384181781, 2.3019104518442073, 2.301897550240541, 2.3018792047459855, 2.3018589773748674, 2.3018459585996776, 2.3018291775996866, 2.301819613346687, 2.301801032999642, 2.3017910479480386, 2.3017778875481367, 2.301765333892953, 2.301755521032545, 2.3017410386321893, 2.301732804530706, 2.3017179278227, 2.3017094797558255, 2.3016966357190385, 2.3016834697152815, 2.301669182940426, 2.301660807723673, 2.301656673606644, 2.3016368848645787, 2.3016357651123633, 2.30161992352233, 2.3016174129950695, 2.301607144694043, 2.3015935879487257, 2.3015882403422623, 2.301574578652015, 2.301564052573636, 2.3015577390662627, 2.3015486129328737, 2.3015404572853675, 2.3015321605225916, 2.301522542268802, 2.3015137564422736, 2.301503372498048, 2.3014955179304137, 2.301486094792684, 2.3014787567986383, 2.301466019744547, 2.301457181445554, 2.301446434779045, 2.301443573756096, 2.3014311545934434, 2.3014215220752945, 2.301409288858756, 2.301403204600016, 2.3013938940488377, 2.3013830837021527, 2.3013736437528562, 2.3013638380246286, 2.3013551158782763, 2.3013492002446427, 2.3013388509424324, 2.3013229528044024, 2.301318398398212, 2.3013122209116945, 2.301297552565224, 2.3012930353482566, 2.3012845429599795, 2.3012686601051917, 2.301261463226416, 2.301248166296217, 2.3012378317678075, 2.3012307067202706, 2.3012198688637495, 2.3012119118983927, 2.3012007464710464, 2.3011954503181653, 2.3011753227975635, 2.301167383662656, 2.3011602035954466, 2.3011470900641546, 2.3011332225595784, 2.3011237046657462, 2.3011102768091054, 2.301099134816064, 2.301087957671565, 2.301076661827218, 2.301059735636426, 2.301051994164785, 2.3010384012491274, 2.3010277564709005, 2.3010118522195735, 2.3010007764539147, 2.3009945643253817], "test_loss": [2.2818678100585936, 2.270299090576172, 2.2606106872558596, 2.252596469116211, 2.2466600646972656, 2.2412424346923827, 2.2370521453857424, 2.234538851928711, 2.232075765991211, 2.229883544921875, 2.22835915222168, 2.2260134399414064, 2.2243158538818357, 2.223615524291992, 2.2214250946044922, 2.219930303955078, 2.218884353637695, 2.2177392822265625, 2.21708117980957, 2.214545672607422, 2.213893746948242, 2.2132563873291016, 2.2125857208251953, 2.2119941192626955, 2.210650375366211, 2.209103143310547, 2.2079334228515624, 2.206820877075195, 2.2067850036621093, 2.2059617584228515, 2.2045897430419923, 2.2050948303222655, 2.20365439453125, 2.2019855743408203, 2.2031943359375, 2.201962026977539, 2.2021732147216797, 2.2012039825439453, 2.2005517517089843, 2.199633883666992, 2.198975830078125, 2.1993869262695314, 2.1983947631835936, 2.197858068847656, 2.1978851959228516, 2.1972958709716797, 2.197910559082031, 2.1967901885986327, 2.1954420684814453, 2.196556979370117, 2.195591970825195, 2.1951608825683593, 2.1940536407470703, 2.19515634765625, 2.1937160095214843, 2.1925087005615236, 2.1933434844970705, 2.1925719757080078, 2.1938794860839845, 2.1946089294433593, 2.193110076904297, 2.192174884033203, 2.1926411804199217, 2.1917511138916015, 2.19185520324707, 2.1911498321533203, 2.1908525054931642, 2.190958367919922, 2.190471746826172, 2.1906760528564453, 2.1915476470947266, 2.1911380432128906, 2.1912692321777345, 2.191802719116211, 2.1898889221191404, 2.1873962463378906, 2.189253500366211, 2.1903983489990235, 2.18808173828125, 2.190260467529297, 2.190421029663086, 2.1890576354980467, 2.1896165802001955, 2.187801205444336, 2.187562939453125, 2.1885044830322267, 2.1895343475341797, 2.188490835571289, 2.1881559967041015, 2.187928414916992, 2.1887333862304685, 2.185612057495117, 2.1863864624023437, 2.187663623046875, 2.185650277709961, 2.1877110656738283, 2.185468490600586, 2.1864526153564454, 2.187615838623047, 2.1875447509765626], "test_acc": [46.15, 63.46, 72.24, 76.81, 80.55, 81.6, 81.21, 84.84, 86.86, 85.35, 87.54, 87.35, 88.38, 89.29, 89.72, 89.84, 90.75, 90.55, 90.92, 90.71, 90.17, 91.52, 91.47, 91.52, 92.23, 91.93, 91.87, 92.24, 92.43, 92.06, 92.88, 92.87, 92.62, 92.84, 92.19, 92.73, 93.11, 92.79, 93.15, 93.17, 93.11, 92.92, 92.76, 92.56, 93.43, 93.09, 93.62, 93.13, 93.16, 93.7, 93.41, 93.55, 93.62, 93.42, 93.99, 92.35, 93.79, 93.74, 94.07, 93.17, 93.35, 93.86, 93.77, 93.77, 93.8, 93.1, 93.36, 93.77, 93.05, 93.54, 93.7, 93.31, 93.24, 93.67, 93.81, 92.88, 92.7, 93.09, 92.72, 93.09, 92.57, 93.13, 92.67, 93.23, 93.03, 92.53, 92.61, 93.25, 93.41, 92.0, 91.09, 93.14, 91.77, 92.25, 91.67, 91.98, 92.11, 91.09, 91.55, 91.67]}