{"train_loss": [2.2997148047145615, 2.2950146320538645, 2.29341138784702, 2.2924712422566538, 2.2917594155694685, 2.2912140040316133, 2.290814359473367, 2.2905215193063784, 2.2902913383948498, 2.290119538959275, 2.289975515797607, 2.289857173577333, 2.289751315728212, 2.2896600355449905, 2.2895762782830458, 2.2895092908133807, 2.289434912877205, 2.289374806942084, 2.2893205733380766, 2.289265192981459, 2.2892186341122684, 2.2891786959436207, 2.2891307783941937, 2.2890960971514382, 2.2890609986761694, 2.2890221929957724, 2.288985670122326, 2.288956871908954, 2.2889240200702963, 2.2888909201336722, 2.2888686641668663, 2.2888415802238335, 2.2888189696858072, 2.2887930971944432, 2.2887702767665568, 2.2887470671254344, 2.288727510688651, 2.2887063627569084, 2.2886870462670283, 2.2886655009709873, 2.2886479603938565, 2.288630406061808, 2.2886141416354056, 2.288597904718839, 2.2885826036461396, 2.2885604480392914, 2.288550600536868, 2.288538860459613, 2.2885228283384924, 2.28850624551121, 2.2884945074717202, 2.2884792909662948, 2.288467570247813, 2.288456226006532, 2.2884481905871987, 2.2884354657597012, 2.2884212569293814, 2.2884079273949323, 2.2884025369953904, 2.28838697865478, 2.2883770277357507, 2.2883684334591923, 2.2883585829001207, 2.288349757846604, 2.2883394808850737, 2.2883284331386924, 2.288316054731353, 2.288309733582358, 2.288300092403705, 2.2882947463255663, 2.2882814835279417, 2.2882769061968875, 2.2882722116943097, 2.2882553965617447, 2.288252791787824, 2.2882466871514278, 2.2882368406678877, 2.288228176597856, 2.288220803452353, 2.2882159209658957, 2.2882096976296515, 2.288198559712141, 2.2881916425166984, 2.2881884931499124, 2.2881794806219573, 2.288175453997066, 2.2881662040694146, 2.288161784155756, 2.288153300427983, 2.288147391926529, 2.288141015757862, 2.2881383636058907, 2.2881313450316076, 2.2881247686524677, 2.288117409261883, 2.288114563522176, 2.288108735003023, 2.288101608936603, 2.2880981997546987, 2.2880942357911005], "test_loss": [2.1569909942626952, 2.058670732116699, 2.0223362548828123, 1.998528807067871, 1.9810938049316407, 1.965553695678711, 1.9529677810668946, 1.9462206802368165, 1.936131655883789, 1.932526887512207, 1.9292645141601563, 1.9251679580688477, 1.9218155563354493, 1.919124398803711, 1.9186290496826173, 1.917381346130371, 1.9122098449707032, 1.9131296951293946, 1.908924235534668, 1.9079044128417968, 1.9041842880249022, 1.9069822082519532, 1.9081861465454102, 1.9045368270874024, 1.904956037902832, 1.9030029678344726, 1.901838508605957, 1.901634571838379, 1.8991494537353515, 1.900730551147461, 1.8989981140136718, 1.8971107559204101, 1.8981297897338867, 1.8973048431396484, 1.89659140625, 1.8952295227050782, 1.89595166015625, 1.8946096710205078, 1.8977134475708008, 1.894548225402832, 1.892695098876953, 1.8934482528686523, 1.8907355285644531, 1.890854296875, 1.8931998077392578, 1.8908662857055665, 1.8898683029174805, 1.8880831466674806, 1.8920898590087891, 1.8899057968139648, 1.8904899032592772, 1.8887091690063476, 1.8893941833496093, 1.8878398208618163, 1.8894358993530274, 1.8864684356689454, 1.8868423217773438, 1.8867027038574218, 1.885789598083496, 1.8845556747436523, 1.8888587326049804, 1.8852101577758789, 1.8862094314575195, 1.886527523803711, 1.8840645706176757, 1.885344401550293, 1.883042578125, 1.8837108993530274, 1.8839529067993164, 1.8878802185058594, 1.8890172760009765, 1.8834635711669923, 1.882740657043457, 1.8836652374267577, 1.883336294555664, 1.8801105697631837, 1.8844099105834962, 1.8843242721557618, 1.8859543167114259, 1.884660321044922, 1.8823929794311522, 1.8788995468139649, 1.8837704956054688, 1.8823820343017579, 1.8855253067016602, 1.8845046936035157, 1.879816162109375, 1.8808383712768555, 1.882484310913086, 1.8777935195922852, 1.8786267395019531, 1.880839909362793, 1.877615121459961, 1.8804539138793945, 1.8808278930664062, 1.8834077301025391, 1.8808843734741212, 1.88034775390625, 1.8772926452636718, 1.8800756332397461], "test_acc": [75.66, 85.65, 88.82, 91.12, 92.6, 93.48, 94.31, 95.02, 95.28, 95.62, 96.01, 95.99, 96.31, 96.47, 96.75, 96.81, 96.88, 96.83, 97.05, 96.95, 97.1, 97.22, 97.34, 97.34, 97.4, 97.43, 97.46, 97.56, 97.6, 97.52, 97.68, 97.76, 97.75, 97.83, 97.84, 97.76, 97.7, 97.78, 97.73, 97.82, 97.91, 97.86, 97.98, 97.99, 98.04, 98.02, 98.09, 97.98, 98.05, 98.04, 98.0, 97.9, 98.03, 98.13, 98.13, 98.13, 98.08, 98.17, 98.11, 98.2, 98.24, 98.23, 98.22, 98.23, 98.28, 98.27, 98.18, 98.27, 98.32, 98.35, 98.35, 98.29, 98.29, 98.26, 98.32, 98.36, 98.35, 98.39, 98.38, 98.39, 98.38, 98.41, 98.46, 98.44, 98.4, 98.47, 98.42, 98.5, 98.51, 98.47, 98.48, 98.48, 98.54, 98.53, 98.53, 98.59, 98.55, 98.56, 98.48, 98.55]}