{"train_loss": [2.3020902383021817, 2.3009312422866497, 2.300321357881921, 2.299921441791404, 2.2996433367077103, 2.2993974634724803, 2.299186472199921, 2.298962359245007, 2.2987580253527713, 2.2985490275244427, 2.298367927217076, 2.2981908683084016, 2.298035783135993, 2.2978370215138817, 2.2976662791692295, 2.297407258779575, 2.297297891898033, 2.29707087105156, 2.296880710328746, 2.2966747757716055, 2.296500630867787, 2.2963202055702863, 2.29607841397962, 2.2958188163928495, 2.2956931127442255, 2.2954218214393682, 2.295137551095751, 2.29491309223012, 2.294628156046582, 2.294330603037125, 2.294082362427671, 2.293799422745012, 2.293446775685009, 2.293161982654506, 2.2927510544785066, 2.2923834323883057, 2.292083770291418, 2.2916599104547095, 2.2911440251219988, 2.2907544257294417, 2.2903050270854917, 2.2898668616245956, 2.289291695651845, 2.288771216176514, 2.288354746806316, 2.2877478467093573, 2.2870335364953065, 2.286518004205492, 2.285756194183969, 2.2850963697474227, 2.284379756348765, 2.2835074800711412, 2.282903358977065, 2.2819472077565317, 2.281180968651405, 2.2803766258761415, 2.2793476418552236, 2.2785047684979234, 2.277318591236049, 2.2762319623914538, 2.275361273533259, 2.2741301095383797, 2.2730235961767344, 2.2717706464294696, 2.270613212361295, 2.2690492919367604, 2.2677602304352655, 2.266192639994825, 2.264544839532966, 2.263219381499494, 2.2613714648108196, 2.259840081899594, 2.257705170884092, 2.256217941769168, 2.2540364999037523, 2.2526215274109798, 2.2502835178986573, 2.2477604599080534, 2.2461911287063208, 2.243585377167433, 2.241096483845996, 2.2389805938443565, 2.2360084189309015, 2.23393369332338, 2.231390040144961, 2.2287051973179874, 2.2256505499538193, 2.22286006833753, 2.2196390226355986, 2.2173020406665964, 2.2137725246258273, 2.210635718626854, 2.2074161120969005, 2.2037853669916463, 2.2009568993861857, 2.1978269576007485, 2.1937358170493035, 2.191393393736619, 2.1874006680953197, 2.184483119055756], "test_loss": [2.254605825805664, 2.2114165252685547, 2.182466259765625, 2.1633822296142577, 2.1565947265625, 2.1493825744628907, 2.1384216156005857, 2.1327446197509765, 2.1236921081542968, 2.1199035552978516, 2.106745611572266, 2.107198468017578, 2.1014810150146483, 2.104107681274414, 2.098745785522461, 2.0938251098632814, 2.0909921783447265, 2.0824326568603517, 2.091942388916016, 2.0781759368896484, 2.0806649108886717, 2.088372555541992, 2.07240114440918, 2.0659678497314453, 2.071568032836914, 2.067238153076172, 2.0636681549072264, 2.0634656951904295, 2.0620660064697267, 2.0641207946777342, 2.0647233642578127, 2.0778214294433592, 2.050541180419922, 2.047438412475586, 2.0400172302246093, 2.0674683502197264, 2.0587069244384764, 2.060831964111328, 2.0556353912353518, 2.0612607330322263, 2.045120600891113, 2.0536591552734373, 2.062397268676758, 2.0520797149658203, 2.0566816650390627, 2.060551599121094, 2.0674613372802733, 2.0415725067138673, 2.0577142852783203, 2.0646662200927732, 2.0728537048339843, 2.0355444900512696, 2.0724678619384767, 2.0701264373779296, 2.0714931427001955, 2.057942123413086, 2.0575488037109375, 2.059623132324219, 2.0961583709716796, 2.095890051269531, 2.070464276123047, 2.0658206787109377, 2.0597151306152344, 2.0694648834228517, 2.077869937133789, 2.060233905029297, 2.0626250473022463, 2.0753642486572264, 2.0733815979003904, 2.092788702392578, 2.0978333557128908, 2.081935855102539, 2.055815171813965, 2.144608218383789, 2.0810217346191404, 2.0807020111083983, 2.0997086273193357, 2.080889138793945, 2.0669589813232423, 2.0541161346435546, 2.115481884765625, 2.1262032440185545, 2.095768716430664, 2.0743427642822265, 2.1186573333740233, 2.176411721801758, 2.130384976196289, 2.1269744720458985, 2.159967239379883, 2.112792416381836, 2.1031814041137697, 2.0933150085449217, 2.170225930786133, 2.1643123443603516, 2.152612615966797, 2.122039633178711, 2.178832922363281, 2.138747021484375, 2.1238542877197264, 2.196868780517578], "test_acc": [58.08, 68.31, 69.71, 80.45, 73.36, 82.86, 86.22, 87.28, 86.75, 89.12, 85.77, 90.15, 89.41, 90.93, 90.49, 90.28, 90.43, 91.59, 90.93, 91.4, 88.9, 89.77, 89.28, 90.9, 90.19, 90.61, 88.52, 91.24, 87.01, 89.45, 86.57, 86.45, 84.6, 87.05, 87.42, 84.82, 85.08, 80.5, 78.44, 76.58, 79.84, 79.3, 76.08, 75.27, 74.67, 72.02, 66.59, 70.69, 67.37, 68.14, 64.11, 65.65, 60.66, 56.57, 55.15, 58.56, 58.48, 55.89, 49.31, 48.56, 50.68, 50.08, 48.68, 47.61, 45.76, 48.37, 46.37, 44.69, 39.91, 41.52, 37.36, 40.75, 44.26, 26.23, 30.9, 36.81, 31.47, 36.74, 35.2, 36.83, 31.6, 29.89, 31.67, 34.01, 28.21, 25.05, 27.57, 28.67, 23.88, 30.36, 28.48, 32.53, 22.95, 24.09, 23.43, 26.39, 20.12, 25.63, 28.06, 20.51]}