{"train_loss": [2.1575298941033516, 2.0805057676938863, 2.0671205846672382, 2.0605936389193578, 2.0562459885055184, 2.05301830987645, 2.050853910609188, 2.048493699130849, 2.0470060856423826, 2.045233913211741, 2.0436718333990145, 2.0425073206424713, 2.041129617100088, 2.0400936896474953, 2.0389070859831624, 2.037889362145693, 2.0365493649091477, 2.0353793491665115, 2.0343130465246673, 2.0334942182923994, 2.032564098508949, 2.03146038732977, 2.0303834638534446, 2.0295644568072424, 2.0284866318743453, 2.027413231185359, 2.0262092866449275, 2.025085301735462, 2.0239505844238477, 2.0228626827398934, 2.0215934448772006, 2.020157720798101, 2.0191332119652348, 2.017952156882001, 2.016364698481356, 2.0153731925365252, 2.0141731133827796, 2.012173341380225, 2.0108686089515686, 2.0099848865443826, 2.0076935816014934, 2.0063769748577704, 2.0049365878614607, 2.0030775676425705, 2.0016176682761593, 2.0001307119671097, 1.9983872768715916, 1.9961893260478973, 1.994314812696897, 1.9926046940506015, 1.9910442783282354, 1.9887078289802258, 1.987075324751373, 1.9847867718109717, 1.9825301641582425, 1.9799955556025872, 1.9783076855361972, 1.9761077631742527, 1.9738215106165307, 1.9718376288556645, 1.9695534667907617, 1.9670994612905714, 1.9643555525531116, 1.9618539828011112, 1.9604685232680068, 1.9571751373955326, 1.9546817441781361, 1.9520745970245101, 1.949501941856156, 1.947001915711623, 1.9443418136519244, 1.9422716503469353, 1.9393245967534871, 1.9368274833402064, 1.9338689367485862, 1.9311186984563484, 1.9293081589743621, 1.9262960499677904, 1.9245068479297507, 1.9211811968404005, 1.9188444583843915, 1.9162553625229077, 1.9133735935912173, 1.911057255206964, 1.9083787516141548, 1.906448701253304, 1.9038414313242986, 1.9014500285315716, 1.8991397418018081, 1.8958418333632314, 1.8944994901490009, 1.8916234549803612, 1.8885964465956402, 1.8871697266387124, 1.885324286344724, 1.8836975061995351, 1.8803745992163308, 1.8771185877486172, 1.876115754374072, 1.8732326675174582], "test_loss": [1.2511608192443848, 1.1316868995666505, 1.1234548034667968, 1.0595637886047364, 1.0962429763793946, 1.0785520584106445, 1.0724169174194336, 1.0757016609191894, 1.062938771057129, 1.0835630348205567, 1.023164500427246, 1.0560861763000489, 1.0564420043945313, 1.0359671272277833, 1.0062303825378418, 1.0159821174621582, 1.005041554260254, 1.028710548400879, 0.9626630081176758, 1.0152977195739745, 1.0295376876831055, 1.0306996360778808, 1.0242117149353027, 1.0007557121276855, 1.0394189498901367, 1.037384130859375, 1.0315708755493165, 1.0777814102172851, 1.0074920318603515, 1.0293749443054199, 1.0056142059326172, 1.0001424575805664, 0.997695394897461, 0.987650015258789, 1.0182640502929687, 1.0722120567321778, 0.9933599937438965, 0.9771492729187011, 0.995479158782959, 1.022421588897705, 1.0728313339233397, 1.062193901824951, 0.9891594429016113, 1.0270809432983399, 1.0505635879516602, 1.0777767402648926, 1.0318590187072754, 1.010265618133545, 1.003386538696289, 1.081815843963623, 1.0331359809875489, 1.0474494659423828, 1.0694514587402344, 1.0029053421020508, 1.0209618148803712, 1.0289510749816895, 1.0790445922851561, 1.038652049255371, 1.1304389251708984, 1.0541764266967772, 1.0239569641113282, 1.016579721069336, 1.0450901657104492, 1.0398853492736817, 1.118741374206543, 1.1077272018432618, 1.057050328063965, 1.0247531791687012, 1.0632180335998536, 1.0544097213745116, 1.1491796813964843, 1.0319776397705078, 1.0764596969604492, 1.0370825981140137, 1.0722717163085937, 1.0737179489135742, 1.0972271492004395, 1.090039246368408, 1.0963800437927247, 1.0996487281799316, 1.051216660308838, 1.0555071495056152, 1.0107996391296388, 1.1163600067138673, 1.0865150955200196, 1.0767437927246093, 1.1256769744873047, 1.0803968757629394, 1.0456141845703124, 1.0552748710632325, 1.1476334579467773, 1.1025999969482423, 1.1116480171203613, 1.0998463249206543, 1.0734699676513673, 1.1952204513549805, 1.0797134727478028, 1.0868813186645507, 1.101180866241455, 1.1038802864074706], "test_acc": [92.92, 95.95, 96.98, 97.49, 97.68, 97.77, 98.04, 98.23, 98.21, 98.4, 98.45, 98.55, 98.55, 98.63, 98.32, 98.65, 98.59, 98.7, 98.58, 98.64, 98.57, 98.66, 98.46, 98.75, 98.59, 98.69, 98.71, 98.56, 98.72, 98.65, 98.78, 98.69, 98.53, 98.55, 98.57, 98.63, 98.52, 98.5, 98.61, 98.4, 98.34, 98.35, 98.54, 98.39, 98.37, 98.1, 98.05, 98.06, 98.22, 97.17, 97.92, 97.83, 97.19, 97.97, 97.3, 97.29, 97.09, 97.05, 94.71, 97.12, 96.69, 96.53, 96.63, 96.65, 95.47, 94.74, 95.95, 95.96, 94.79, 94.92, 92.74, 95.47, 93.55, 94.54, 93.53, 93.55, 92.78, 93.15, 92.6, 90.49, 92.32, 92.21, 92.75, 89.72, 91.2, 91.39, 90.18, 90.46, 91.4, 90.78, 87.87, 89.81, 89.17, 89.69, 89.27, 83.3, 89.43, 88.82, 88.12, 87.8]}