{"train_loss": [2.14399833811654, 2.062238077322642, 2.048499024576611, 2.041486920454563, 2.037404865790636, 2.0341528040221615, 2.0317889283864927, 2.0300074097437735, 2.027864339514675, 2.0263798366754484, 2.0247490579246454, 2.0236958344267983, 2.0221941338645086, 2.0213076800872116, 2.0201154962564125, 2.019085099299749, 2.01822973571272, 2.017009962573011, 2.016029032631817, 2.0150281320779753, 2.0140163024776, 2.0130537221064935, 2.0120830077391405, 2.01092835318329, 2.00979314935513, 2.009265988555729, 2.007762154707542, 2.0070880758456693, 2.0057945175048633, 2.004856262706284, 2.0036135448349848, 2.00264897203853, 2.001628044578764, 2.000079654220842, 1.9989370497373433, 1.9977445054767478, 1.9964788892330267, 1.9950648085174398, 1.99415335441247, 1.992195777149282, 1.9910171589790246, 1.989566013089612, 1.9882395514565656, 1.9868025165847225, 1.9852383801570306, 1.9836422024119613, 1.9820292806014037, 1.9804316792223189, 1.9783800195934427, 1.9772360913264446, 1.975142602991854, 1.9735545350445642, 1.9713073102836935, 1.9695038502542381, 1.9677632448510227, 1.9655594295925565, 1.9635608705699954, 1.9616691016743326, 1.9594295636201515, 1.9573910549665108, 1.9553313135591328, 1.9528982481385908, 1.9510651105998928, 1.9489691117380419, 1.9467625569584024, 1.9442377467440743, 1.9423112525389745, 1.940241999605782, 1.93740024500423, 1.935377213690016, 1.9322622054153018, 1.930208312904733, 1.9279605359093757, 1.9256606840679789, 1.9228327821972024, 1.9208500721515753, 1.9178591024162424, 1.9155907531579335, 1.9130145262958658, 1.9105942970157688, 1.9080480609694097, 1.9063400025041695, 1.9039497380582695, 1.901598547004227, 1.8981090519163344, 1.8963554020111377, 1.893709496045724, 1.8915817006530924, 1.8895474616278949, 1.886568317301253, 1.8846326307353811, 1.883160737589893, 1.88008681525532, 1.8781200354425316, 1.8754509068452394, 1.8740676700049996, 1.8713440902722187, 1.8697134365892818, 1.8667484437808013, 1.8655613811097593], "test_loss": [1.25935662689209, 1.127962107849121, 1.0813638252258302, 1.0736267456054687, 1.034596630859375, 1.0124113487243653, 1.01614527053833, 1.0947232719421387, 1.01828916015625, 1.0340451873779297, 0.9914992797851563, 1.0299326179504396, 0.9975376113891602, 1.0079635498046875, 0.9661912696838378, 1.018548304748535, 0.9806389274597168, 1.030348299407959, 0.9926240379333496, 0.966474974822998, 0.9971461395263672, 1.00043217086792, 0.9946014045715332, 0.9935161888122559, 0.956454133605957, 0.9778895652770996, 0.9791242073059082, 0.9997195472717285, 1.0287615707397462, 1.027244515991211, 1.0805674224853516, 1.0183709449768066, 0.9841429069519043, 0.9720361701965332, 1.0029680961608887, 0.9990409011840821, 0.9857676818847656, 0.9989135757446289, 1.0052172927856444, 1.023038771057129, 0.9807594268798828, 0.9651010292053223, 0.9879814880371094, 0.9873928871154786, 0.9795895034790039, 0.9863694709777832, 0.9709699363708496, 1.0443351402282715, 0.9976620521545411, 0.9557208457946778, 1.0600277725219727, 1.0202269050598145, 1.0140204727172852, 1.005725750732422, 0.9439009231567382, 0.9980662963867187, 1.0436422080993653, 1.0044142562866212, 0.9603595733642578, 1.002822238922119, 0.9767927970886231, 1.0266852264404296, 1.009517236328125, 1.0268074966430665, 1.0226311622619628, 1.0483967239379883, 1.0436767738342285, 1.0270264511108398, 1.0880019416809081, 0.9706203460693359, 1.0745514350891112, 1.0223193656921388, 1.0742334503173827, 0.9581110237121582, 1.059846792602539, 0.9837223281860351, 1.062628369140625, 1.0321737594604492, 1.0760651016235352, 0.9934882049560547, 0.9931896209716797, 1.069424479675293, 1.0189699798583984, 0.9923827331542969, 1.0161881164550781, 1.1018206817626952, 1.0484721473693848, 1.0406110290527344, 1.0629354179382324, 1.0753922607421875, 1.0651126518249512, 1.0601235145568848, 1.0298055694580077, 1.0729354217529297, 1.069530763244629, 1.0399291145324707, 1.0719929702758788, 1.037753955078125, 1.0728831420898437, 1.064206908416748], "test_acc": [92.01, 95.92, 96.92, 97.51, 97.76, 97.82, 97.99, 98.17, 98.43, 98.36, 98.3, 98.46, 98.39, 98.59, 98.43, 98.56, 98.66, 98.7, 98.74, 98.64, 98.57, 98.66, 98.73, 98.82, 98.79, 98.65, 98.76, 98.79, 98.75, 98.69, 98.68, 98.79, 98.73, 98.61, 98.65, 98.78, 98.67, 98.66, 98.69, 98.36, 98.64, 98.56, 98.62, 98.48, 98.62, 98.52, 98.48, 98.05, 98.36, 98.45, 98.13, 98.18, 97.94, 97.89, 98.0, 97.9, 97.49, 97.64, 97.6, 97.44, 97.53, 97.03, 96.87, 95.99, 96.37, 95.69, 96.39, 95.44, 94.26, 96.76, 94.88, 95.67, 95.52, 95.82, 94.92, 95.07, 94.17, 94.55, 93.6, 94.37, 95.02, 93.35, 93.26, 93.69, 92.72, 91.9, 92.81, 92.38, 90.9, 89.58, 90.32, 92.05, 92.13, 90.78, 90.43, 90.11, 89.76, 91.42, 88.64, 88.46]}