{"train_loss": [2.2754845191270876, 2.2496661594790273, 2.2408917918164506, 2.236378086428357, 2.2337531635903907, 2.2317130978290853, 2.2300507166446786, 2.2285591481078386, 2.227160258170886, 2.2259305613672633, 2.2248614247028646, 2.2237672148606715, 2.222493650057377, 2.221637135387486, 2.220365901788076, 2.2191763087215586, 2.2181351138995242, 2.2168337534635496, 2.2156523038179445, 2.214362791970245, 2.213176967241825, 2.211631034174536, 2.2103098534111285, 2.2086966975122437, 2.2068993016185923, 2.205576110599387, 2.2035743502470164, 2.201719598382966, 2.1996141544774046, 2.197501405182048, 2.1953456717678623, 2.192782373000414, 2.19038462282246, 2.187581661929432, 2.184809433089362, 2.1815172866878347, 2.1777298129521885, 2.1747918098400802, 2.171144226167956, 2.166992190047207, 2.162975244033031, 2.1585243135435968, 2.154153847796285, 2.149620035265246, 2.1451491621824412, 2.139392847688789, 2.1334225876718507, 2.127870674826141, 2.121771629549499, 2.115225304905166, 2.1084812089928193, 2.1013583765070663, 2.095585218861572, 2.0873582197560205, 2.080268995884137, 2.070873333602889, 2.0643907204652443, 2.0546049103777633, 2.047047429614597, 2.038655491466196, 2.0287677826534987, 2.0214116563144913, 2.0114678093510814, 2.002553592635016, 1.9943133727607565, 1.9861671616379013, 1.9766680667033563, 1.9663560989066067, 1.9579695269592807, 1.9483676015311837, 1.94174251673568, 1.932592846898951, 1.9235831822595026, 1.9142040447292166, 1.9062550651212025, 1.8978698391180773, 1.8906883261142633, 1.881957459398824, 1.875011171031202, 1.8674402359204414, 1.8607678680847852, 1.8541423255561764, 1.8469987106628907, 1.8408609636318989, 1.8330926963916192, 1.8268754209718134, 1.822267246297282, 1.8160865337420733, 1.8112714496942668, 1.8043883014947941, 1.7990337459959536, 1.7933943857494583, 1.7906049044213743, 1.7835039906522148, 1.7802722805585616, 1.7756619020404978, 1.770876267272183, 1.7674351120606446, 1.763597271636001, 1.7578160154004383], "test_loss": [1.7881918823242187, 1.6423065780639647, 1.594777099609375, 1.5841930877685546, 1.5519901931762696, 1.527181024169922, 1.5232157333374023, 1.5415351501464845, 1.516363233947754, 1.527131234741211, 1.5259092346191405, 1.5100413848876952, 1.5137279754638673, 1.4998913482666016, 1.5486116470336915, 1.5221939682006835, 1.4784255386352538, 1.473973680114746, 1.5051095794677734, 1.48256357421875, 1.521456492614746, 1.484147981262207, 1.5046316131591797, 1.488742353820801, 1.460456544494629, 1.434410987854004, 1.4452185287475585, 1.481877325439453, 1.50335087890625, 1.49633028717041, 1.422422283935547, 1.509274429321289, 1.465554342651367, 1.4992969116210937, 1.507265267944336, 1.4547029342651367, 1.4634156845092774, 1.4574722915649414, 1.4870593399047851, 1.4354376495361327, 1.4677831970214843, 1.4759971771240235, 1.5540699798583983, 1.4738746490478516, 1.5784242050170898, 1.5195861465454101, 1.5472283248901366, 1.5513972427368163, 1.468894886779785, 1.5433602783203124, 1.5449378616333007, 1.5261344299316406, 1.4891823440551757, 1.5928615493774414, 1.525916145324707, 1.665198014831543, 1.5996835388183595, 1.5195462005615235, 1.62739835357666, 1.568260076904297, 1.6549764602661132, 1.6156638931274414, 1.560493130493164, 1.584090086364746, 1.644163052368164, 1.6155918792724608, 1.6104857681274414, 1.678570930480957, 1.5591628448486328, 1.6809026306152344, 1.6669644821166991, 1.7274576950073242, 1.6647728973388671, 1.7165272323608398, 1.6615700103759765, 1.6588535400390625, 1.69684561920166, 1.720124807739258, 1.7093689910888672, 1.6290267379760741, 1.7079389755249024, 1.766173779296875, 1.7666771759033204, 1.7423456436157228, 1.8179987197875978, 1.7420319778442384, 1.8273598678588867, 1.7530708587646484, 1.7496925354003907, 1.7889706756591797, 1.714527688598633, 1.8094071624755859, 1.8685351150512695, 1.8084400924682618, 1.7757728622436524, 1.7479916885375977, 1.7434114273071288, 1.84561629486084, 1.8144579421997071, 1.8391171173095704], "test_acc": [85.86, 90.02, 93.47, 94.26, 95.35, 95.84, 96.44, 96.57, 96.87, 96.87, 97.22, 97.28, 97.28, 97.48, 97.18, 97.31, 97.32, 97.33, 97.42, 97.11, 97.44, 97.23, 97.33, 97.03, 96.36, 97.06, 96.92, 96.21, 96.42, 95.25, 95.65, 94.67, 94.15, 92.78, 93.01, 93.01, 92.06, 90.91, 89.36, 90.34, 88.92, 87.01, 83.27, 79.44, 74.7, 79.8, 77.35, 75.02, 78.81, 74.2, 72.75, 69.62, 73.69, 66.21, 70.15, 59.48, 62.41, 67.39, 59.56, 63.43, 56.27, 59.59, 61.74, 58.88, 53.9, 55.41, 55.61, 50.89, 58.47, 51.34, 51.08, 48.16, 50.53, 48.25, 51.34, 50.43, 47.65, 47.07, 47.28, 51.97, 47.81, 44.16, 45.13, 45.29, 41.21, 46.31, 40.29, 45.57, 45.21, 43.03, 46.41, 42.44, 37.47, 42.55, 43.9, 43.98, 44.81, 40.18, 41.65, 40.65]}