{"train_loss": [2.302161960520296, 2.3012757077176347, 2.300741561457642, 2.3003949507688866, 2.3001636332935758, 2.299993232784108, 2.2998324408490434, 2.299663642532805, 2.299502346250746, 2.299359661901099, 2.2992173983500552, 2.2991169945806518, 2.299007738757337, 2.2988744393373146, 2.298778881884029, 2.298656365300855, 2.2985624762681813, 2.2984680217555447, 2.298370977242788, 2.29827700720893, 2.2981870928381243, 2.2980519120509806, 2.2979738381173878, 2.2978763371451287, 2.2977154275290985, 2.2976203041198926, 2.2975491122302847, 2.297406022874718, 2.2972972897382884, 2.2971922194855843, 2.2970742374403863, 2.296933780878018, 2.2967845629423094, 2.2966410217122135, 2.2965479844655747, 2.2963823034213138, 2.2962315301609855, 2.2960764235920377, 2.2959063165208216, 2.2957472026857557, 2.2956028927085748, 2.2953480787766285, 2.2952201208497724, 2.295014421145121, 2.2947703294264965, 2.2945866116091738, 2.2943811386059494, 2.2941356851504398, 2.2939031119020576, 2.2936176754470563, 2.293444542803316, 2.2931538448374496, 2.292886237303416, 2.2925758300683436, 2.2923150572002444, 2.2920048807421303, 2.2916894896417603, 2.291371865150256, 2.2910121913649077, 2.2906862150909553, 2.290292924285954, 2.2898482608998942, 2.289711251218095, 2.2891660816649084, 2.288699871963925, 2.288384618412735, 2.287891581017747, 2.287550984794258, 2.2872059757892904, 2.2865723717925897, 2.2859378589524164, 2.2854462316912465, 2.284988426754617, 2.2845138943093453, 2.2840202797172418, 2.2833836852994738, 2.2827800318726106, 2.2821399182335944, 2.2815960966623745, 2.2808456237499533, 2.2803906625152655, 2.2796048567845273, 2.2790008248426976, 2.2782164593028207, 2.277533862835322, 2.2769546824642735, 2.2759754876805167, 2.2752317674139624, 2.2741575939023595, 2.2735834198120313, 2.2728414255329685, 2.2717242954123735, 2.2710511174976316, 2.269937259009761, 2.2689249113074736, 2.268052077700949, 2.2668422480933685, 2.266510252769177, 2.2651502831369386, 2.263906260331472], "test_loss": [2.2584561096191407, 2.2205391662597656, 2.195343103027344, 2.1753822357177732, 2.1650454986572267, 2.159674365234375, 2.1479971710205077, 2.148566375732422, 2.1395134521484374, 2.136649761962891, 2.128030599975586, 2.124939050292969, 2.121884146118164, 2.1191622314453125, 2.1132087188720705, 2.1169110321044924, 2.1095307037353517, 2.108486325073242, 2.1012560760498045, 2.1046269775390627, 2.1027691528320314, 2.0972186676025393, 2.0935546630859374, 2.098680422973633, 2.0982339233398437, 2.0965573822021484, 2.088463342285156, 2.0911515777587892, 2.0909633880615233, 2.092874304199219, 2.0878490478515626, 2.0868919281005858, 2.0862221649169923, 2.0860761779785157, 2.084403646850586, 2.0798625091552734, 2.090288491821289, 2.084804968261719, 2.079808154296875, 2.0755481506347655, 2.085388705444336, 2.087370669555664, 2.077904895019531, 2.08398483581543, 2.066202362060547, 2.067881311035156, 2.0737408050537107, 2.077665628051758, 2.0879219451904296, 2.061726446533203, 2.087674758911133, 2.079148696899414, 2.075238751220703, 2.0670774169921877, 2.0742241424560546, 2.0621310272216795, 2.0578462982177737, 2.094049951171875, 2.0682162902832033, 2.0789694732666018, 2.0870324645996092, 2.0757317626953125, 2.0884691925048826, 2.075084521484375, 2.1082863677978514, 2.065912322998047, 2.048278143310547, 2.0817142639160156, 2.061040451049805, 2.070579098510742, 2.0796003295898435, 2.075511932373047, 2.079590679931641, 2.0578673614501954, 2.08246842956543, 2.107487582397461, 2.0670562957763674, 2.101800930786133, 2.073848065185547, 2.096234796142578, 2.081143081665039, 2.1120072540283203, 2.1117381439208986, 2.07246708984375, 2.0947644104003906, 2.085146984863281, 2.066238153076172, 2.0780582000732424, 2.0802903350830078, 2.083398306274414, 2.0770098541259765, 2.0885582397460936, 2.0874099700927733, 2.102206945800781, 2.0917161041259766, 2.087185043334961, 2.0955498931884766, 2.087195227050781, 2.125204376220703, 2.0780753662109377], "test_acc": [58.39, 70.82, 77.68, 78.45, 82.03, 83.33, 86.72, 87.26, 84.89, 89.01, 89.4, 89.89, 91.03, 89.98, 90.74, 89.04, 91.42, 92.3, 90.92, 92.27, 92.25, 90.22, 92.68, 92.59, 92.21, 91.97, 92.95, 92.98, 91.91, 91.5, 91.39, 92.23, 90.66, 90.4, 90.32, 90.58, 89.98, 89.37, 90.99, 91.48, 88.72, 88.23, 89.31, 86.96, 89.28, 84.53, 87.41, 83.65, 82.54, 85.86, 79.58, 82.62, 79.96, 82.67, 81.34, 82.07, 83.01, 75.66, 77.87, 73.36, 70.82, 72.55, 70.45, 71.7, 61.83, 71.4, 69.26, 63.8, 60.87, 64.45, 60.29, 61.7, 57.76, 65.15, 56.49, 51.43, 59.06, 49.26, 55.1, 50.78, 54.55, 40.6, 46.09, 51.54, 44.8, 49.22, 45.6, 47.71, 47.35, 44.45, 44.59, 40.18, 41.07, 40.99, 41.24, 40.78, 41.32, 43.15, 35.34, 42.47]}