{"train_loss": [2.300021727370401, 2.295698993226402, 2.294045278149792, 2.2930439007587924, 2.292187576619988, 2.2915189719607687, 2.2909756562648673, 2.290535722532843, 2.290178372309758, 2.289835324144771, 2.2896043016360355, 2.2893301727425337, 2.289149823861244, 2.2888894412252636, 2.2887032551643176, 2.2885159804270816, 2.288322744715927, 2.28814574643078, 2.287991825841431, 2.2878155356798415, 2.287637357018952, 2.2874428935540028, 2.2872980853431244, 2.2871660223374, 2.2869102348629227, 2.2867524007446747, 2.286551412354168, 2.286368700174185, 2.286210947566562, 2.2860355754183908, 2.2858385540481305, 2.2856507510201545, 2.2854552070299783, 2.285245346207904, 2.285052034080538, 2.2848691863891406, 2.2846834160323835, 2.284436737879729, 2.284162064902803, 2.2840206928742237, 2.283810069418361, 2.283528948950971, 2.2831749972115216, 2.282982770194355, 2.282739010631529, 2.282431822556716, 2.2822279614261074, 2.281869688604632, 2.2815630237261453, 2.2812566033795347, 2.2809997053227873, 2.280698068631001, 2.2803580531707177, 2.2798581912986235, 2.279619346317063, 2.2791236272225013, 2.2789897658886056, 2.2785105149970097, 2.2780549893012414, 2.2776891767469225, 2.2772056012072115, 2.276845046088227, 2.27646224366294, 2.2758931757038474, 2.27538364004885, 2.2750162191880055, 2.274512852868463, 2.2740298203932934, 2.273529145962153, 2.2729823665741162, 2.272289668902373, 2.271851716387985, 2.271163100360805, 2.2707094331072946, 2.2700913263182354, 2.269508095887991, 2.2688242140998187, 2.26817744002383, 2.2675537884744825, 2.2668818271058235, 2.26622265475428, 2.2655925144497147, 2.264821160552848, 2.2639579528417344, 2.263221114109724, 2.2626098730625253, 2.261724674803579, 2.260781462375934, 2.2601059950315037, 2.2594370052345796, 2.2581781556463647, 2.2574813855000033, 2.256791305847657, 2.255827718310886, 2.2549271863749905, 2.2540741114534883, 2.253157248863807, 2.2523046049297366, 2.251124086543026, 2.2498450019420724], "test_loss": [2.169159637451172, 2.0739695739746096, 2.036984251403809, 2.0116447875976564, 1.9907502471923828, 1.9862415603637695, 1.9648622848510742, 1.9640972198486328, 1.9426073120117187, 1.9387718353271484, 1.944556802368164, 1.9445429656982423, 1.9323057891845703, 1.9213239135742188, 1.9259345474243164, 1.9396197570800782, 1.9205444717407227, 1.9229526580810548, 1.9190796188354493, 1.9078529418945311, 1.9048009674072266, 1.9016124603271485, 1.9028685638427734, 1.908812796020508, 1.8991153274536132, 1.89913399810791, 1.9141516311645508, 1.8956639373779296, 1.9048083709716797, 1.8960220169067383, 1.913740965270996, 1.8633449829101563, 1.9122024520874024, 1.8798212997436523, 1.8776225326538085, 1.87935577545166, 1.8828737060546874, 1.8845246368408204, 1.917950698852539, 1.874024722290039, 1.888106918334961, 1.885026824951172, 1.8735052658081055, 1.903620413208008, 1.8713085174560546, 1.8887408065795899, 1.896985432434082, 1.8908948348999024, 1.8849484970092774, 1.9190838012695313, 1.9005707977294921, 1.8885432815551757, 1.8799314422607423, 1.869040510559082, 1.899134226989746, 1.8754487045288086, 1.8819383544921875, 1.8712912551879883, 1.9043748901367188, 1.8706924713134765, 1.8742656509399414, 1.9046308334350586, 1.8509335144042969, 1.8563437759399415, 1.8824607772827149, 1.8620129959106446, 1.8845150970458984, 1.8985628128051757, 1.8737493698120118, 1.8788708724975587, 1.8856517730712892, 1.8982844451904297, 1.897122119140625, 1.886007420349121, 1.8962245162963867, 1.8868621871948241, 1.8500505783081054, 1.8526054168701171, 1.8777357345581054, 1.9136485443115234, 1.8885246292114257, 1.8735112686157227, 1.883386784362793, 1.9174848785400391, 1.890438005065918, 1.8874121231079102, 1.9089612121582031, 1.895122511291504, 1.8663356155395507, 1.898040133666992, 1.900559033203125, 1.8922771530151368, 1.9236510299682616, 1.9131069076538085, 1.8817388961791992, 1.9108464752197265, 1.8805403091430664, 1.8890000564575196, 1.9421859130859376, 1.8403144821166992], "test_acc": [69.37, 81.04, 87.66, 89.64, 91.21, 91.3, 93.06, 93.83, 94.52, 94.66, 94.71, 94.55, 95.13, 95.8, 94.57, 95.95, 96.3, 95.79, 96.42, 96.15, 96.35, 95.95, 96.27, 96.66, 96.6, 96.56, 96.53, 96.64, 96.66, 96.55, 96.38, 96.7, 96.48, 96.81, 96.38, 96.37, 96.52, 96.29, 95.61, 95.01, 96.43, 96.09, 95.39, 96.2, 95.8, 95.54, 95.61, 94.01, 94.68, 94.92, 92.92, 93.19, 92.89, 91.8, 90.08, 92.7, 92.82, 91.36, 91.46, 91.53, 92.38, 87.3, 91.7, 91.64, 89.65, 88.34, 88.24, 85.08, 87.86, 87.19, 85.74, 83.0, 84.71, 80.11, 82.68, 83.17, 80.77, 84.41, 81.72, 75.8, 76.96, 79.12, 79.47, 72.69, 75.26, 74.29, 73.65, 69.85, 74.0, 69.91, 69.38, 72.15, 60.25, 62.15, 71.63, 64.59, 68.02, 67.99, 57.17, 69.64]}