{"train_loss": [2.061598666712769, 1.9535273400127378, 1.9347133506567051, 1.923842856262484, 1.9176006574406583, 1.9109607680231078, 1.9059710255545428, 1.9010600931624062, 1.8973572429938195, 1.8924802727678902, 1.8884207443294363, 1.883600290514465, 1.8791212243402107, 1.8744238737301948, 1.8693812420734992, 1.8634623039481986, 1.857177169404478, 1.8502251161978795, 1.8432322987633893, 1.835200954706241, 1.8275785247484844, 1.8174254820387588, 1.807961245632579, 1.796382342138861, 1.78321349951956, 1.7694409196702843, 1.7530746172126541, 1.7387028876532855, 1.7192002601093717, 1.69964601774501, 1.6776865822637184, 1.653460249177411, 1.6284980799397852, 1.6002941409237363, 1.570954529902874, 1.54012962589916, 1.5075957925401182, 1.4726698752651868, 1.4378851196195326, 1.4062064127025442, 1.365904485822743, 1.3290284520540483, 1.292453519299499, 1.2517947282037165, 1.2145662440194025, 1.1764176138955305, 1.1417408255685089, 1.1041887346495929, 1.069633633025691, 1.0389086201659634, 1.0069287021954854, 0.9770979999731748, 0.9501975143057668, 0.9217030487508855, 0.8980820324176397, 0.8778488758282784, 0.8565533265598819, 0.8388854842155408, 0.824602118287331, 0.8111159677943612, 0.7972018787494073, 0.786375442885945, 0.7775581363174651, 0.7685316312007415, 0.7594439680250282, 0.7523672745013849, 0.745916268382317, 0.7402544295431203, 0.7338027192486657, 0.7294011315983585, 0.7238004006381727, 0.7188023779636774, 0.7146575922130519, 0.7106301244507488, 0.7074312846630048, 0.7033111570227859, 0.6998881036654497, 0.6965830219097626, 0.6938808547635363, 0.6904380781273557, 0.6876715072709271, 0.6843187588657069, 0.6822652503465995, 0.6794751909298774, 0.6771202539531593, 0.6752179820313413, 0.6727429280678431, 0.6703307362448456, 0.668244965820231, 0.6659711656662134, 0.6642700395522974, 0.6626063521601196, 0.6603249072009681, 0.6583551646043093, 0.6568064167458787, 0.6552412769733331, 0.6537294834852219, 0.6518187107693436, 0.6499281827455912, 0.649342524062874], "test_loss": [1.098713719177246, 0.8912341651916504, 0.9024214889526367, 0.9218345657348633, 0.9485500755310059, 0.9712044792175293, 0.833737449645996, 0.854135205078125, 0.8921264572143555, 0.8709719062805176, 0.899288818359375, 0.9285490531921387, 0.850745401763916, 0.9344512786865234, 0.8226337181091309, 0.932831795501709, 0.9350184013366699, 0.9346844551086426, 0.8576886039733886, 0.8586670143127442, 0.8442425941467285, 0.8953087196350098, 0.8602293899536133, 0.8969194160461426, 0.8426357643127441, 0.8237368865966797, 0.902674454498291, 0.9377946144104004, 0.8699280334472657, 0.8344329902648926, 0.9449639236450196, 0.9317253921508789, 0.9686576484680176, 0.9311060539245606, 1.0065774467468263, 1.0525078308105469, 1.0428465141296386, 0.9364452178955078, 1.0126232002258302, 1.0582953437805176, 1.0671603637695313, 1.0959147529602051, 1.1064200225830079, 1.0314420692443849, 1.1676481658935547, 1.1064648490905762, 1.1930109100341797, 1.166020799255371, 1.1865343536376953, 1.3050620681762695, 1.2726194274902343, 1.3025250930786132, 1.1678206199645995, 1.3600536102294922, 1.2977023178100586, 1.3116074966430664, 1.340045411682129, 1.3473747451782228, 1.3806700790405273, 1.3872004272460938, 1.3895710968017578, 1.4081718200683593, 1.367795743560791, 1.3680010047912599, 1.412237728881836, 1.3728452072143555, 1.416494920349121, 1.4379865356445312, 1.4190491241455079, 1.3787258506774902, 1.4731011093139648, 1.4813558746337891, 1.4553854370117187, 1.4978218139648438, 1.4779509902954102, 1.4797893524169923, 1.5203655715942384, 1.5134956954956054, 1.463432650756836, 1.5267718475341796, 1.5066592391967772, 1.5434283004760743, 1.4834426712036133, 1.5547972381591797, 1.5415333847045898, 1.522417807006836, 1.5370983337402344, 1.531502978515625, 1.5300445922851562, 1.5176930389404297, 1.6044717864990234, 1.573337046813965, 1.5776490493774413, 1.5584449142456054, 1.560172216796875, 1.6192653549194336, 1.545168003845215, 1.5663161071777343, 1.5808523727416992, 1.5861222900390626], "test_acc": [93.64, 95.97, 96.52, 97.05, 97.47, 97.75, 97.91, 97.89, 97.94, 98.07, 97.88, 97.54, 97.96, 97.85, 98.0, 97.85, 97.83, 97.76, 97.93, 97.39, 97.41, 96.74, 96.92, 96.21, 94.92, 95.32, 93.43, 91.67, 92.25, 92.69, 87.89, 86.43, 84.65, 84.88, 78.42, 76.06, 75.94, 78.33, 74.43, 70.77, 70.65, 69.36, 67.77, 71.27, 63.79, 67.01, 64.12, 64.67, 63.35, 59.42, 60.76, 58.66, 64.25, 57.65, 59.0, 58.64, 58.14, 57.47, 56.76, 56.58, 56.12, 55.59, 57.06, 57.86, 56.16, 57.56, 56.23, 55.66, 55.28, 57.53, 53.39, 54.19, 54.88, 52.98, 54.41, 54.38, 52.77, 52.85, 54.47, 52.6, 52.92, 52.13, 54.04, 51.84, 51.84, 53.18, 52.16, 52.52, 52.76, 53.32, 50.29, 51.3, 51.04, 51.85, 51.65, 49.34, 52.5, 51.57, 51.06, 51.03]}