{"train_loss": [2.2541796412223425, 2.213713617915781, 2.201647728936285, 2.1958826928057222, 2.1923630487205634, 2.189328737747975, 2.186804696535453, 2.18440292431758, 2.182104523365314, 2.1800152740926824, 2.178161165653131, 2.1761031981207366, 2.1738660951964874, 2.172113091008276, 2.169750322134067, 2.1671819671606407, 2.1649658027877154, 2.1622865622879095, 2.1595455810555024, 2.156553465586442, 2.1535834782143946, 2.149770928753747, 2.146246138291481, 2.141953769402626, 2.137337827274942, 2.13293381786754, 2.127880883522523, 2.122228848119067, 2.116183356087432, 2.1095105832458563, 2.102532750520951, 2.0944921855743113, 2.085533006068988, 2.077013720559259, 2.066760288344489, 2.0561723039190993, 2.043492484041768, 2.03184900400985, 2.0184435513284473, 2.0039707185366216, 1.9883164366086323, 1.9721810415259793, 1.9557584893499684, 1.93825319256538, 1.9215575764831314, 1.9009229174027076, 1.8813753510132813, 1.861501384494651, 1.8400805220644698, 1.8193262751795287, 1.79840711879934, 1.7769691837139618, 1.7572159400353065, 1.7354189014842367, 1.7155886190569298, 1.6928840552130315, 1.6735620829794142, 1.6520380968721504, 1.6345571893402653, 1.6151699148691618, 1.5951455179442706, 1.5806604389451508, 1.5615822823129148, 1.547416864297329, 1.5320785386949523, 1.5188253842867339, 1.503312568888705, 1.4908041059970856, 1.4788743851021824, 1.4652814732657538, 1.4551834005575914, 1.4452917341493134, 1.4362725569651678, 1.4256819275199857, 1.4162116911676195, 1.409739429369951, 1.401630583481911, 1.393725178944759, 1.3871491885083354, 1.3814313014348347, 1.375403914696131, 1.3695592179767087, 1.364900816964288, 1.3596460834527626, 1.354807059479575, 1.3503326203069117, 1.346943898842885, 1.3425939322536826, 1.3384078381917415, 1.3356079978820605, 1.3306508110119746, 1.327533623856357, 1.3250933995104244, 1.321609896981818, 1.3183131223050957, 1.3154557174087589, 1.3127509778381412, 1.3101845131470606, 1.307664941264014, 1.3049991780366652], "test_loss": [1.6416372482299804, 1.4650234649658203, 1.422212075805664, 1.4317832611083985, 1.4010779510498046, 1.3696562194824218, 1.381217904663086, 1.4053547576904297, 1.3712797180175782, 1.3857925308227539, 1.370550408935547, 1.359874122619629, 1.3664081573486329, 1.3603185913085938, 1.414699557495117, 1.3999792205810546, 1.3269893417358398, 1.3303222686767577, 1.3588784088134767, 1.336380320739746, 1.3858922409057617, 1.3383736801147461, 1.3523334228515624, 1.344358316040039, 1.3272243255615235, 1.2871305847167969, 1.301385481262207, 1.3600363510131837, 1.3686612701416017, 1.3652411590576172, 1.2840543411254883, 1.4008260040283202, 1.3247978729248047, 1.3751450088500976, 1.4159760787963867, 1.3474360000610353, 1.3560976989746094, 1.3619980407714845, 1.4271217544555663, 1.3440695877075195, 1.3835735778808593, 1.3908495391845703, 1.4979836883544921, 1.4235958740234376, 1.5275519119262695, 1.4662620529174806, 1.5004010864257813, 1.5266447280883788, 1.3849107162475587, 1.4986022659301759, 1.5312278747558594, 1.5647089385986328, 1.504813626098633, 1.6331800811767578, 1.6129397216796875, 1.7208190521240234, 1.7176596755981446, 1.5794840087890625, 1.7317521026611329, 1.6432725433349609, 1.7827380432128905, 1.7036793045043945, 1.6788729064941406, 1.712336981201172, 1.793148112487793, 1.770528742980957, 1.7611758041381835, 1.8276989624023436, 1.7350952438354492, 1.8112969436645507, 1.7861362197875976, 1.8055122665405274, 1.8086537963867189, 1.8102665939331055, 1.8363541137695312, 1.8158890029907226, 1.8572906295776368, 1.8329660873413085, 1.8348208389282226, 1.7467865203857422, 1.8718904006958008, 1.9083958618164063, 1.9026433807373047, 1.9081991439819337, 1.9308498596191406, 1.9407064819335937, 1.985735221862793, 1.883095701599121, 1.8658421173095703, 1.9487063949584962, 1.845494578552246, 1.898692320251465, 2.016112292480469, 1.9293617309570312, 1.9005569381713867, 1.9114007400512696, 1.882528451538086, 1.9599022918701172, 1.9560836975097655, 1.910670182800293], "test_acc": [88.42, 91.4, 94.59, 95.08, 95.95, 96.37, 96.83, 96.83, 97.18, 97.01, 97.37, 97.38, 97.27, 97.51, 97.22, 97.13, 97.05, 97.27, 97.06, 96.65, 96.78, 96.31, 96.25, 95.6, 94.15, 95.46, 94.85, 92.39, 92.35, 90.0, 90.93, 87.61, 86.92, 82.44, 80.9, 82.99, 78.89, 78.82, 73.15, 75.56, 72.29, 70.76, 63.66, 64.74, 59.16, 61.83, 59.65, 56.07, 64.53, 57.82, 55.24, 52.78, 56.09, 49.49, 50.24, 45.36, 44.92, 50.19, 43.73, 47.88, 41.88, 45.36, 46.09, 45.2, 41.41, 42.69, 43.17, 41.05, 43.8, 41.71, 41.93, 41.99, 41.49, 41.14, 39.75, 41.39, 39.71, 40.75, 39.9, 43.58, 39.48, 37.59, 38.61, 38.15, 37.31, 36.75, 35.36, 39.69, 40.43, 36.67, 40.13, 38.37, 33.15, 37.65, 38.94, 37.81, 39.25, 37.37, 37.18, 39.02]}