{"train_loss": [2.2627494814049482, 2.226180148939801, 2.215105812773745, 2.2097756674147058, 2.2061413689556284, 2.2033993443872175, 2.200963390688611, 2.1987017821042967, 2.196760152649676, 2.194930042975988, 2.1930832205674586, 2.1906444007514887, 2.188614499365163, 2.1864498828211403, 2.1842912853273573, 2.1819470591015286, 2.179268648991218, 2.176441555349236, 2.1736429354064484, 2.170495045490754, 2.1663276466548953, 2.163088622256222, 2.1590847281309276, 2.1547836146802983, 2.1501286783788958, 2.144997322661245, 2.13879707073554, 2.1324474773345847, 2.125162669736096, 2.117997616274744, 2.1103924204651108, 2.101383468024751, 2.091397144091435, 2.0805088803808913, 2.0688586329293046, 2.0560470648810396, 2.04341444449547, 2.0293452706601887, 2.0152872665825052, 1.9973912771440978, 1.9811545569672544, 1.9614564422358813, 1.9418867523344154, 1.9221062624556386, 1.9011079903341765, 1.8781415641817272, 1.8565066191885207, 1.8315532462209718, 1.8088205815889897, 1.7831963988450856, 1.7591557347366953, 1.7326688514305995, 1.7126708881467836, 1.6851882290126932, 1.6596763353062491, 1.6382302761587322, 1.6164612008465662, 1.594665942283777, 1.5724970711092663, 1.5524070999051771, 1.5323285959724686, 1.5148725425585723, 1.4934392090027149, 1.4773520702480252, 1.4616981724388578, 1.4492696643385112, 1.4334058680086055, 1.4184770398160331, 1.4059830473528967, 1.3935501246880262, 1.3825596239831712, 1.371593134270774, 1.3619802112762744, 1.352674056067426, 1.3449838268451202, 1.3367285557791717, 1.3295033752408802, 1.3212187690103157, 1.3155152522600615, 1.308843872231296, 1.3032527186422267, 1.2973291573361454, 1.2931825691818173, 1.286535970420919, 1.282667465444304, 1.2773961608226483, 1.2746522131129208, 1.2694466738109915, 1.2666477347031617, 1.263352603229702, 1.2588903972735772, 1.2558397388356364, 1.2530705832008622, 1.2496974379078956, 1.2470790208914342, 1.2438842631303346, 1.2411271213975728, 1.238997554167723, 1.236415948623266, 1.234612179872317], "test_loss": [1.707738185119629, 1.5315446456909179, 1.510656494140625, 1.4955348587036132, 1.4473975524902343, 1.4247916931152345, 1.4115181091308593, 1.4382819213867188, 1.4300409072875977, 1.430535336303711, 1.3811085037231445, 1.40323487701416, 1.405698518371582, 1.4234531814575195, 1.433734507751465, 1.3936975723266603, 1.4015530899047852, 1.342121223449707, 1.3859898574829101, 1.3892296493530274, 1.435998553466797, 1.329059323120117, 1.3816857849121094, 1.4236945144653321, 1.3921949371337892, 1.378307553100586, 1.4000698532104492, 1.4594512817382812, 1.4288819885253907, 1.4152608627319336, 1.418330809020996, 1.4352349487304688, 1.3954492095947266, 1.3899757247924804, 1.4128245101928711, 1.4573168823242189, 1.4291794876098634, 1.4461219955444335, 1.437284213256836, 1.4823023468017578, 1.5309445205688477, 1.5013292694091798, 1.501440803527832, 1.5255700347900392, 1.5947012008666992, 1.5736392974853515, 1.6392634765625, 1.5248228378295898, 1.6012594680786132, 1.705599201965332, 1.7309503295898439, 1.6393349746704102, 1.6616846618652343, 1.7800791244506835, 1.6826805313110351, 1.7645306900024413, 1.7357456634521484, 1.7277212478637696, 1.7934611663818358, 1.8505193313598634, 1.8542713729858398, 1.8021959838867188, 1.8623852096557618, 1.9905773681640626, 1.8580870178222657, 1.846232208251953, 1.8408188537597656, 1.9773855880737305, 1.8708196716308594, 1.8763965255737305, 1.9486193817138673, 1.8820451187133789, 1.9760037368774415, 1.9922391632080079, 2.000647569274902, 1.983101028442383, 2.0470948760986327, 1.9539960876464844, 1.984996502685547, 1.9734827835083009, 2.1162658462524413, 2.0405259201049804, 2.0221078857421877, 2.0409729064941406, 2.089756213378906, 2.0155866317749025, 2.119793797302246, 2.081512121582031, 2.0592291259765627, 2.0880683334350585, 2.0597248245239257, 2.090980128479004, 2.1008947692871094, 2.152759062194824, 2.106392576599121, 2.139394725036621, 2.0707997482299803, 2.1707870712280273, 2.1513910186767577, 2.0949169372558596], "test_acc": [86.84, 92.05, 93.85, 95.31, 95.64, 96.17, 96.86, 97.07, 96.83, 97.07, 96.8, 96.77, 97.36, 97.01, 96.15, 97.07, 96.79, 96.65, 96.29, 96.68, 95.57, 95.61, 94.84, 94.4, 94.17, 93.73, 92.1, 86.52, 87.11, 86.48, 86.59, 82.88, 83.24, 82.26, 78.4, 74.16, 74.51, 72.61, 71.47, 68.44, 61.37, 62.9, 60.11, 58.08, 54.16, 54.43, 50.7, 55.97, 52.8, 46.21, 48.02, 48.3, 46.68, 43.35, 46.21, 41.97, 43.85, 44.07, 41.91, 39.01, 39.18, 41.66, 40.7, 34.9, 39.5, 39.82, 40.5, 36.22, 39.19, 40.29, 37.49, 39.36, 35.87, 35.07, 35.5, 34.39, 33.91, 37.57, 37.09, 35.85, 31.42, 34.03, 35.93, 33.7, 33.83, 35.91, 31.85, 33.67, 34.56, 32.79, 34.51, 33.0, 32.79, 31.68, 31.75, 31.37, 34.43, 30.46, 31.79, 32.88]}