{"train_loss": [2.1703430093251743, 2.098764387970297, 2.085913104379279, 2.0802151036058736, 2.0764912056107807, 2.074076591903328, 2.072054435554733, 2.07047089552268, 2.069247983969175, 2.068152790905064, 2.067194799072722, 2.066140299678868, 2.0653871868410683, 2.0645934149750276, 2.063967326767424, 2.0633297165234885, 2.0626327415816803, 2.0622353767737365, 2.061555369796916, 2.061319047059768, 2.060623042603843, 2.0603428279232774, 2.0598974666024885, 2.059415973149813, 2.0589872257322326, 2.058516070883498, 2.0582822097672357, 2.057632807483021, 2.057479344881498, 2.0570406154689627, 2.056743756828145, 2.0561578334906163, 2.055919991599189, 2.0555393828286066, 2.055232734252245, 2.054815981632624, 2.054616597473112, 2.0543724543009048, 2.0539213067446, 2.053544317555224, 2.053124972897717, 2.052869542541667, 2.0523526546282644, 2.0521645464448848, 2.051872015508831, 2.051477650291899, 2.0512218337792616, 2.050732933812671, 2.0504613727585883, 2.0501177672647004, 2.049670188345461, 2.0494156767669907, 2.0490895596324887, 2.0488205878143635, 2.0484020032434382, 2.048110977706746, 2.047757480898474, 2.047301523705833, 2.046963383244653, 2.0467496567811723, 2.0462869859149313, 2.0459840063355927, 2.0456755044113875, 2.0452326352779684, 2.044959833734056, 2.0445630168303466, 2.0441421382447595, 2.0438299838803773, 2.043492562750466, 2.043178554274078, 2.0429012704099345, 2.0424386718843737, 2.0420242675349245, 2.0417604273201055, 2.041323852590007, 2.0408943980677514, 2.040509719115037, 2.040274162577768, 2.039901122323468, 2.0395965489566836, 2.038948958500838, 2.0386911439589963, 2.038459747265547, 2.038090513812171, 2.0374301305183997, 2.037107304120675, 2.0368451272320542, 2.0364972485436335, 2.03607240675861, 2.035544187339962, 2.0351018503180938, 2.0348509351412454, 2.034431907865736, 2.0338792882413945, 2.0335802800125546, 2.033325108198019, 2.0328472478267474, 2.0326443416440587, 2.032198587543944, 2.0317311882972717], "test_loss": [1.2856654373168945, 1.1863041259765625, 1.144848984527588, 1.1156897392272949, 1.109389577484131, 1.1159698554992676, 1.087995573425293, 1.1145003593444824, 1.0834091194152833, 1.0671354499816894, 1.100391722869873, 1.1218272659301758, 1.057882332611084, 1.0680988929748536, 1.0821126502990723, 1.0567931396484376, 1.0786208877563477, 1.0559362983703613, 1.0226638145446778, 1.040637506866455, 1.0307718780517579, 1.047973622894287, 1.0345001686096191, 1.0542814849853515, 1.0645127723693848, 1.0986456665039062, 1.0199138038635254, 1.0590012321472169, 1.0573063110351562, 1.0594951164245605, 1.054457381439209, 1.0911961166381836, 1.0403477447509766, 1.0184727142333985, 1.0975507934570312, 1.039782201385498, 1.0678472045898437, 1.0232861610412598, 1.0662623886108398, 1.0595982803344726, 1.0523595420837402, 1.0389125663757324, 1.0437844528198241, 1.0383369720458984, 1.0105453964233397, 1.0284494277954102, 1.0681692825317384, 1.0601008430480956, 1.0743548965454102, 1.0328890167236329, 1.0590680892944335, 1.0336264602661134, 1.0540537284851075, 1.0823118469238282, 1.0626693519592285, 1.0521263214111327, 1.0181444221496583, 1.0516801734924317, 1.0306070487976073, 1.0600683616638185, 1.0935035064697265, 1.070014552307129, 1.0636484519958496, 1.0368926612854004, 1.0380738876342774, 1.060288818359375, 1.0799194412231445, 1.0146001907348632, 1.0713167404174804, 1.0303711906433106, 1.0144713371276854, 1.0258873626708984, 1.0139565826416015, 0.9893186630249023, 1.0526763122558593, 1.0435609344482422, 1.0239840911865234, 1.0410878921508788, 1.0106205268859862, 1.0225074897766113, 1.0318540802001954, 1.0412869514465333, 1.0284337547302247, 1.0581363914489745, 1.0215251602172852, 1.0168087074279786, 1.0080421363830567, 1.039712442779541, 1.032706647491455, 1.0299905738830566, 1.0670936782836915, 1.029898966217041, 1.0683596145629883, 1.0662771850585937, 1.0479934089660645, 1.0429576210021974, 1.0413744834899903, 1.050503044128418, 1.0238822738647462, 1.063964225769043], "test_acc": [91.89, 96.05, 97.03, 97.24, 97.67, 97.75, 97.8, 98.27, 98.37, 98.19, 98.34, 98.35, 98.5, 98.42, 98.5, 98.47, 98.64, 98.72, 98.69, 98.74, 98.65, 98.79, 98.74, 98.68, 98.78, 98.84, 98.82, 98.85, 98.89, 98.7, 98.89, 98.87, 98.94, 98.87, 98.97, 98.86, 98.88, 98.98, 98.91, 98.97, 98.96, 99.02, 98.85, 98.98, 98.94, 98.93, 98.92, 98.92, 99.01, 99.01, 98.95, 99.11, 98.96, 98.91, 99.04, 98.98, 98.96, 98.97, 99.01, 99.04, 98.91, 98.94, 99.03, 98.95, 99.02, 99.04, 98.97, 98.98, 99.0, 98.83, 98.91, 99.05, 98.95, 98.93, 99.01, 99.03, 98.83, 98.92, 98.89, 98.97, 99.0, 98.83, 98.87, 98.86, 98.96, 98.96, 98.96, 98.84, 98.96, 98.85, 98.95, 98.91, 98.88, 98.86, 98.9, 98.84, 98.75, 98.93, 98.85, 98.68]}