{"train_loss": [2.284238645663628, 2.266103903452555, 2.2606152418332224, 2.257536990520282, 2.2557696078577614, 2.254652939291082, 2.2538642338198476, 2.253208407988915, 2.2526678290122595, 2.2522094152931476, 2.251845031721979, 2.2515210091558275, 2.2511897066719513, 2.250957907265068, 2.2507165318880324, 2.2504983508688774, 2.2502671286591096, 2.250093575216766, 2.249893178797176, 2.249770338209266, 2.2496503265494976, 2.2494907934441524, 2.249308333437667, 2.2492039213832626, 2.249050414460337, 2.2489170141709156, 2.2488346084570274, 2.248747911718157, 2.24861597097837, 2.248520391109662, 2.2483800079068565, 2.248297702552926, 2.2482281092904572, 2.24812402175023, 2.248032822058751, 2.2479290819575644, 2.247872542621743, 2.247755428664705, 2.2476947873066635, 2.2476055504929304, 2.2474782222356553, 2.247447284368368, 2.247377910165705, 2.2473183982392664, 2.247187639912988, 2.2470899825422173, 2.247005530911633, 2.246979555513105, 2.2469395709852886, 2.2468766264426403, 2.2467656211975293, 2.2467131859216933, 2.2466203896408405, 2.246538313026102, 2.246462838262574, 2.246443992496556, 2.2463446121949415, 2.2462541175703716, 2.2461797691817975, 2.2461385558813047, 2.2460707426071167, 2.2460190765878076, 2.2459373535254064, 2.245852827006935, 2.2458133534488516, 2.245726677087637, 2.2456806103388467, 2.2455419638218026, 2.2455358780347385, 2.245445440467606, 2.2453660832511053, 2.2453254267700715, 2.245243593158885, 2.245186056846227, 2.245104682751191, 2.2450687691696687, 2.2449671279670844, 2.244920479436206, 2.244894791362632, 2.2447706440575104, 2.2446845260440793, 2.244644399891552, 2.244580398767422, 2.244480133566082, 2.244454556550735, 2.244372639900599, 2.2443092276907373, 2.2442225803676834, 2.2441522458679657, 2.2441188957956104, 2.2440378625168758, 2.2439569723911776, 2.2438894240265217, 2.243839954209124, 2.243743831785316, 2.243702249139802, 2.2436221894035993, 2.2435257205596337, 2.243475255293724, 2.243418127553076], "test_loss": [1.860325437927246, 1.7543137481689453, 1.7031625198364257, 1.664383285522461, 1.660710595703125, 1.646166567993164, 1.637446940612793, 1.6382918594360352, 1.6173051391601563, 1.6107533889770507, 1.5969714660644532, 1.627525552368164, 1.614606999206543, 1.6006249923706055, 1.6187508422851562, 1.5899535583496094, 1.5882953872680665, 1.5850761367797852, 1.6006102157592774, 1.5973549530029296, 1.5866648345947265, 1.5917403732299804, 1.5900271774291992, 1.5769959426879883, 1.5661665252685546, 1.5784483306884765, 1.582795278930664, 1.5776844833374024, 1.5883560165405273, 1.5937194610595704, 1.6126857208251952, 1.5760892150878907, 1.5969864196777344, 1.5667219589233399, 1.5936078536987304, 1.588136326599121, 1.5811330749511718, 1.5825458862304687, 1.5848639053344726, 1.5718131805419921, 1.5773635955810548, 1.5714769088745117, 1.5655304733276367, 1.5719155502319335, 1.580658464050293, 1.5579856430053711, 1.5800014526367188, 1.5749020248413086, 1.5631103393554688, 1.5634588088989259, 1.5810510604858399, 1.5424834365844726, 1.594138673400879, 1.5831078628540038, 1.5837310272216796, 1.5803220062255858, 1.5610093185424805, 1.5538251220703125, 1.5603735107421874, 1.5815889175415039, 1.5700461196899413, 1.5470669387817382, 1.5912489608764648, 1.5821702606201171, 1.5610140853881835, 1.5434325805664062, 1.557392283630371, 1.5889841445922852, 1.5595839981079103, 1.560224285888672, 1.5757250152587892, 1.5735637557983397, 1.570124771118164, 1.584173030090332, 1.5843983444213867, 1.5723381561279297, 1.5786210662841798, 1.564196174621582, 1.5759020095825196, 1.5426773651123047, 1.5629982727050782, 1.5662807647705077, 1.5452149948120117, 1.6082878295898437, 1.5807704315185547, 1.5808338973999023, 1.5936272338867188, 1.5587415283203125, 1.5774084381103515, 1.5870636932373048, 1.6000330612182616, 1.5857752075195313, 1.5414352142333985, 1.5487867385864258, 1.5792699523925782, 1.5721631790161132, 1.5642867156982423, 1.5705488815307618, 1.5578957427978515, 1.5709730514526368], "test_acc": [84.11, 90.76, 93.63, 94.78, 95.91, 96.35, 96.54, 96.95, 97.16, 97.35, 97.26, 97.5, 97.6, 97.78, 97.82, 97.68, 97.89, 97.88, 97.86, 97.96, 98.1, 98.17, 98.1, 98.05, 98.14, 98.27, 98.28, 98.28, 98.27, 98.35, 98.38, 98.3, 98.4, 98.39, 98.49, 98.35, 98.5, 98.5, 98.47, 98.47, 98.55, 98.51, 98.56, 98.5, 98.56, 98.51, 98.52, 98.58, 98.57, 98.47, 98.47, 98.56, 98.5, 98.63, 98.56, 98.65, 98.66, 98.56, 98.62, 98.62, 98.64, 98.61, 98.73, 98.63, 98.55, 98.68, 98.65, 98.53, 98.55, 98.67, 98.69, 98.69, 98.71, 98.66, 98.69, 98.68, 98.63, 98.65, 98.66, 98.66, 98.72, 98.7, 98.7, 98.73, 98.69, 98.68, 98.65, 98.69, 98.64, 98.66, 98.66, 98.61, 98.71, 98.68, 98.66, 98.62, 98.65, 98.63, 98.65, 98.68]}