{"train_loss": [2.3019141896158204, 2.300546899310544, 2.2997551285303555, 2.2992436366203504, 2.2988926503393383, 2.2986175316011805, 2.2983665654801917, 2.298098459203019, 2.297844273921771, 2.2976311256742883, 2.2974125819328504, 2.2972528807118406, 2.297075677121806, 2.296873388127384, 2.2967097784718895, 2.29652375390387, 2.2963627943625817, 2.296192326097407, 2.2960326661411514, 2.295866326898591, 2.2957110741199593, 2.2954806797524805, 2.295317010492341, 2.2951424142234345, 2.2948501772350736, 2.294643389363574, 2.2945048483009014, 2.294210065124381, 2.293994499067975, 2.29374587484914, 2.2935039299166102, 2.2931904319005136, 2.2928881991622796, 2.292561975809244, 2.2923070757817, 2.291972229623387, 2.2916068770946603, 2.291253961559035, 2.2908752300800423, 2.2904539790927854, 2.2901140364826236, 2.2895125950503554, 2.2892273475981164, 2.288721163558145, 2.2881614677926416, 2.2876166726788902, 2.2871498735541973, 2.286530350518023, 2.2859074091299987, 2.2852454852854085, 2.2847054249201064, 2.2839845480063024, 2.283255147628295, 2.2824826617526193, 2.2817633309934893, 2.2809430895707545, 2.2800806113797374, 2.2791695340066895, 2.2782695869095306, 2.2772897206819973, 2.2762856819690804, 2.275075774926406, 2.274463675979875, 2.2730066057963247, 2.2717909048765135, 2.2707020487540808, 2.269387069930378, 2.268256031549894, 2.2670320679998803, 2.2653279110916658, 2.2634779270897565, 2.2622109442694573, 2.2606892300467205, 2.259284162113809, 2.25753429863188, 2.25570824309292, 2.2539803991969833, 2.2520228298301372, 2.250380230255616, 2.2479475155854836, 2.24638859481893, 2.2441252643226557, 2.2422069728883924, 2.239662604454236, 2.2376328365415588, 2.2358647615481644, 2.2329110151682143, 2.230574099936037, 2.2274628123666487, 2.2254649721659145, 2.2226658162907658, 2.2200416474260836, 2.2176546362730174, 2.214531033467024, 2.2112648048971453, 2.209084427254832, 2.2058555305513563, 2.2038498082731524, 2.200305357448056, 2.197006422230321], "test_loss": [2.2461672943115234, 2.196248178100586, 2.166855227661133, 2.1414711791992187, 2.130717730712891, 2.1235329223632813, 2.1084618713378904, 2.1107194122314454, 2.098002313232422, 2.096448248291016, 2.083390234375, 2.0838071899414063, 2.0772070220947265, 2.075861978149414, 2.066930499267578, 2.073270837402344, 2.064381295776367, 2.0644604583740236, 2.0520368316650393, 2.0598702682495116, 2.0578714660644533, 2.048884649658203, 2.0445564849853515, 2.052615441894531, 2.054924363708496, 2.05122752532959, 2.0390688430786135, 2.042273768615723, 2.0433057708740234, 2.0487215728759764, 2.0437181213378905, 2.03942939453125, 2.039428056335449, 2.040499530029297, 2.0386508239746095, 2.0318142669677735, 2.0498790451049804, 2.0417398651123047, 2.0317664779663085, 2.025813691711426, 2.0384281021118165, 2.0475370666503907, 2.0335790939331053, 2.047273970031738, 2.0165195388793946, 2.020498580932617, 2.024187129211426, 2.034573539733887, 2.04198388671875, 2.002166532897949, 2.0454345321655274, 2.0444759368896483, 2.030500482177734, 2.0212589111328123, 2.0390183273315428, 2.0065649154663086, 2.00240411529541, 2.0636880828857422, 2.0289577194213866, 2.0440152801513674, 2.059483612060547, 2.0360380279541017, 2.0563526153564453, 2.0499134063720703, 2.0876851989746092, 2.0292788528442385, 2.0051898239135744, 2.0498768783569337, 2.0289224395751955, 2.037596969604492, 2.046828810119629, 2.056697946166992, 2.0443433212280273, 2.012982646179199, 2.0574015533447265, 2.0835814544677733, 2.0437743438720704, 2.088941979980469, 2.0473308166503905, 2.078082438659668, 2.0580193984985353, 2.1033832641601564, 2.1155729919433592, 2.0431199844360353, 2.089551498413086, 2.069094387817383, 2.0587451629638673, 2.0648547149658203, 2.0732759643554686, 2.0687243453979494, 2.074403190612793, 2.0904401138305664, 2.0848904357910154, 2.0967083770751955, 2.115799331665039, 2.0979495269775392, 2.10234651184082, 2.1126377807617187, 2.156939733886719, 2.0648648239135743], "test_acc": [60.79, 72.99, 79.6, 79.7, 83.63, 84.38, 87.57, 88.42, 86.62, 89.92, 90.41, 90.88, 91.98, 90.95, 91.66, 89.96, 92.17, 92.84, 91.75, 92.62, 92.6, 90.55, 93.11, 92.76, 92.37, 92.25, 92.91, 92.47, 91.47, 90.8, 90.66, 90.84, 89.08, 88.44, 87.32, 87.6, 85.96, 84.78, 87.87, 88.23, 82.89, 81.66, 83.01, 80.26, 82.7, 73.52, 80.32, 76.0, 70.97, 79.81, 68.72, 70.75, 66.88, 71.53, 67.64, 72.72, 72.61, 59.39, 63.95, 55.61, 53.29, 57.16, 53.28, 54.61, 45.75, 55.24, 55.19, 49.82, 46.85, 49.07, 43.3, 44.82, 42.31, 49.24, 41.7, 38.41, 45.4, 34.43, 40.55, 36.66, 41.01, 31.91, 31.47, 40.51, 32.92, 36.58, 34.05, 35.09, 36.8, 33.37, 32.56, 31.78, 32.33, 30.48, 30.76, 29.82, 30.82, 30.47, 27.04, 34.07]}