{"train_loss": [1.1320414585180771, 0.8874708341482358, 0.8599375379391205, 0.8463131500105573, 0.8368877144450815, 0.830397646014507, 0.8244207324380548, 0.8200952331734519, 0.8156562734108704, 0.8117642994874563, 0.8082718537149266, 0.8056423800368594, 0.8028011963917658, 0.7998332772244755, 0.7975022320309256, 0.7953186235112003, 0.7923217569915657, 0.7897181889185538, 0.7875259314846789, 0.7857838642393422, 0.7838104769714878, 0.7817262436589624, 0.7795010033326272, 0.7769714699596422, 0.775334147306589, 0.7733450474647375, 0.7708987030718062, 0.76865800922243, 0.7673299554576222, 0.7652288202801322, 0.7630680651746244, 0.7606846602299274, 0.7581910175136012, 0.756530044043166, 0.754515752578393, 0.7522593061638694, 0.7500021706024805, 0.7477355218595929, 0.746084050490306, 0.7443228212431965, 0.7417386526990141, 0.7392055345141989, 0.737329309185346, 0.7359095532924701, 0.7331184570351218, 0.7312634290538282, 0.7293266990245917, 0.7271347641944885, 0.7263727565096993, 0.7240491147734162, 0.7217836297220654, 0.7197523748772776, 0.7185431461558383, 0.7163152921403575, 0.7142877101134031, 0.7129400665433998, 0.7113615927787927, 0.7095859206130362, 0.7082490360634959, 0.7071811319925846, 0.7052943306600946, 0.7036382668038719, 0.7022556137834859, 0.7013581770862269, 0.6993209399983414, 0.6984439082125313, 0.6976590515711368, 0.6962397909826703, 0.6949328366253111, 0.6938005124147122, 0.6926350289175653, 0.691225506301619, 0.6903045462746905, 0.6895068764177144, 0.6886163732180228, 0.6877862029096, 0.6867518605839493, 0.6855665486083071, 0.6846666281294619, 0.6843193894268101, 0.6834880165819429, 0.6826005607333958, 0.6815987941291597, 0.6811170588191758, 0.6802627995737598, 0.6794297366570203, 0.6789419968158771, 0.6784130529715464, 0.6775817291604148, 0.6770652949045866, 0.6763503920828176, 0.6756997797478977, 0.6753069813180174, 0.6747658983764485, 0.6742557493539957, 0.6735002120845338, 0.6730428523996956, 0.6726528016420511, 0.6722560406495364, 0.671607283827586], "test_loss": [0.3196297225952148, 0.2544920913696289, 0.2626739170074463, 0.2167561635017395, 0.23663088207244873, 0.24893709774017334, 0.24151626300811768, 0.22250386867523195, 0.2282532600402832, 0.228096848487854, 0.21355738258361817, 0.24021205463409423, 0.20871438064575196, 0.19709691066741944, 0.2222998914718628, 0.20064090232849122, 0.2171422794342041, 0.23260169773101808, 0.2258776885986328, 0.22123721561431886, 0.19193533000946045, 0.1891750286102295, 0.18260256252288817, 0.17838994884490966, 0.1999669563293457, 0.21761871662139892, 0.20545558223724364, 0.20199257469177245, 0.20027309284210204, 0.23320721702575684, 0.20364104232788086, 0.19422557544708252, 0.19745623340606688, 0.21677757396697997, 0.19758347091674805, 0.17620299434661865, 0.2100133403778076, 0.20686769218444825, 0.20420937385559082, 0.20440320644378662, 0.21129818210601806, 0.19905437965393066, 0.18656482925415038, 0.17805381488800048, 0.1790235876083374, 0.19191711235046388, 0.21040840110778808, 0.19067412452697755, 0.19611687717437745, 0.20905730323791505, 0.20605632972717286, 0.21268801231384277, 0.24448120822906494, 0.21252860431671142, 0.20432661972045899, 0.20140701961517335, 0.181406893157959, 0.20055716762542725, 0.229718563079834, 0.1943353370666504, 0.20950389614105225, 0.23816942272186278, 0.21901633338928223, 0.23183063583374022, 0.20890626430511475, 0.21904881267547607, 0.19215306644439697, 0.21935998973846435, 0.20107932453155516, 0.19356962661743163, 0.20485685920715332, 0.18850384578704835, 0.2027788724899292, 0.20588291664123534, 0.19987290287017823, 0.20311775455474854, 0.23619261169433595, 0.20002373199462892, 0.21880896282196044, 0.20299245433807372, 0.21694593238830567, 0.20623430614471436, 0.20519112701416015, 0.22315115547180175, 0.21579395008087157, 0.2063365791320801, 0.2113247220993042, 0.202661798286438, 0.23693609504699706, 0.209467946434021, 0.22410763969421388, 0.21290241832733153, 0.20189061393737792, 0.21149826831817628, 0.2071388292312622, 0.2055735643386841, 0.2211165542602539, 0.206135910987854, 0.21331553993225097, 0.21294986515045167], "test_acc": [97.0, 98.07, 98.5, 98.68, 98.67, 98.73, 98.88, 98.99, 98.93, 99.02, 99.08, 98.99, 99.07, 99.02, 99.13, 99.06, 99.02, 99.09, 99.05, 99.09, 99.1, 99.04, 99.06, 99.12, 99.04, 99.11, 99.09, 99.02, 99.04, 99.1, 99.0, 99.11, 99.05, 99.05, 99.06, 99.06, 99.05, 99.02, 99.09, 99.1, 99.0, 99.05, 99.07, 98.97, 99.06, 98.94, 98.97, 98.92, 98.94, 98.95, 98.94, 98.84, 98.9, 98.81, 98.92, 98.95, 98.93, 98.88, 98.91, 98.92, 98.92, 98.91, 98.97, 98.86, 98.85, 98.93, 98.91, 98.95, 98.93, 98.9, 98.93, 98.92, 98.87, 98.89, 98.96, 98.94, 98.79, 98.9, 98.86, 98.92, 98.91, 98.9, 98.85, 98.9, 98.89, 98.97, 98.91, 98.92, 98.8, 98.84, 98.91, 98.95, 98.88, 98.82, 98.95, 98.9, 98.87, 98.92, 98.91, 98.93]}