{"train_loss": [2.1527721795261416, 2.0750888800009704, 2.062018101031964, 2.0559103646848955, 2.052251192749056, 2.0495641954943666, 2.047481491524949, 2.045944171074109, 2.044594951419749, 2.043354850294244, 2.0422658619717655, 2.041331752243205, 2.040618039603926, 2.039701208090171, 2.039103377323884, 2.0383314283994527, 2.0378524416532273, 2.0372103399191146, 2.036586050803845, 2.036055457642955, 2.035539940891103, 2.035161572898555, 2.0346161511718717, 2.0342737617146254, 2.0337385456276755, 2.03340072152961, 2.033053063174598, 2.032517786718841, 2.032314675995427, 2.0318243837254677, 2.0315382360902605, 2.0311828141029062, 2.0306166018176284, 2.0302991120733767, 2.0300074010832696, 2.0297038873546143, 2.0292915602525077, 2.0288856526215873, 2.028647721068472, 2.028197560554896, 2.0278774099981685, 2.0275169025119553, 2.0271480842533274, 2.0269637337097755, 2.0265362774714446, 2.025981008497059, 2.0256961530599837, 2.0254494522371864, 2.0250217866184363, 2.0248059505580835, 2.0243681017150226, 2.024246774168096, 2.023797422647476, 2.0233811466102924, 2.022952733640997, 2.0226220233827577, 2.0223514531922135, 2.02202189529044, 2.0217949620678892, 2.0213700578762936, 2.0209288943527093, 2.020549990173079, 2.020204908827431, 2.0198457714838858, 2.0195195208757353, 2.0191019264041867, 2.018649830777421, 2.018270646914458, 2.018031670497014, 2.017593282410222, 2.0173158019016952, 2.0169428408655348, 2.016677774934687, 2.016183256593525, 2.01575272791406, 2.0155777679039883, 2.0150144843973665, 2.0147272997941728, 2.014396710273547, 2.0139337319594164, 2.013588741294339, 2.0129952840825434, 2.01272268122078, 2.0124874527637777, 2.01212579699663, 2.011584677757361, 2.011272804859357, 2.0109274535097628, 2.010588424073325, 2.010016951550785, 2.0096410426319156, 2.009276034995022, 2.00900940839042, 2.008464458406481, 2.008259842538426, 2.007507303331652, 2.007553623527543, 2.007267096103766, 2.0068041114216175, 2.0062653677076354], "test_loss": [1.2199732231140137, 1.1159772201538085, 1.12475679397583, 1.0666803581237794, 1.0655531364440918, 1.0656587463378906, 1.0468336860656737, 1.0777167922973634, 1.0611522537231446, 1.0220305053710939, 1.012787622833252, 1.0666348762512208, 1.0301114196777343, 1.0458492752075195, 1.0194612831115724, 1.0295922760009766, 1.0532198364257812, 1.029780093383789, 1.021789663696289, 1.031139476776123, 1.0462349967956543, 1.040389453125, 1.039717155456543, 1.0151385627746583, 1.0319619155883788, 1.0481185638427735, 1.055598681640625, 1.0682315078735352, 1.0260833618164062, 0.9870441474914551, 1.0186064155578614, 1.0052899131774902, 1.050711557006836, 0.9908572296142578, 1.0382645553588867, 0.9858732604980469, 1.0325406631469727, 0.9804815055847168, 1.0284278625488281, 1.0150655235290527, 0.9864404472351074, 0.9876993896484375, 0.9551718009948731, 1.0311978302001954, 1.047597952270508, 0.9846751136779786, 0.9980374732971191, 1.007495426940918, 1.0462311050415039, 1.0207554550170899, 0.9857562828063965, 0.9813953742980958, 1.0036084480285645, 0.9772747528076172, 0.977201335144043, 1.0226480171203614, 1.0469624694824218, 1.0275337692260742, 0.9818145202636719, 1.0030002174377441, 1.0048989807128905, 0.9865194343566894, 1.0482289329528809, 1.0001475006103515, 0.9769370834350586, 1.0093033966064453, 1.020286904144287, 1.0062529708862304, 0.9977309280395508, 1.0057965728759766, 0.9768824050903321, 1.031260206604004, 1.0370063117980957, 1.0444974403381349, 0.9794457511901855, 1.0029219955444335, 0.9740476768493652, 1.0197159217834473, 1.0420409606933594, 1.0459212585449218, 1.0089491828918458, 0.9860706848144531, 1.0059858856201171, 0.9935582374572753, 1.0049033256530762, 1.0187101127624512, 0.980154615020752, 1.0387463111877442, 1.015228084564209, 1.0013729370117188, 1.0140709129333496, 1.0031483863830566, 1.0094813247680665, 1.018841209411621, 1.016575319671631, 1.0205458740234374, 1.0267699516296387, 1.0332642837524415, 0.9848098785400391, 1.0160111038208008], "test_acc": [92.29, 96.1, 97.06, 97.43, 97.65, 97.98, 98.07, 98.17, 98.3, 98.52, 98.44, 98.49, 98.69, 98.62, 98.71, 98.66, 98.73, 98.81, 98.74, 98.85, 98.84, 98.87, 98.81, 98.82, 98.86, 98.92, 98.92, 98.94, 98.94, 98.8, 98.89, 98.85, 98.91, 98.94, 99.01, 98.98, 98.89, 98.95, 98.9, 99.0, 98.97, 98.94, 98.99, 98.97, 98.95, 98.97, 98.98, 99.03, 98.99, 99.01, 99.06, 98.99, 99.0, 98.96, 98.97, 98.97, 98.96, 99.06, 99.0, 98.96, 99.03, 98.94, 98.9, 98.98, 98.9, 98.98, 98.91, 98.97, 98.94, 98.83, 98.91, 98.99, 98.97, 98.99, 99.02, 98.96, 98.92, 98.89, 98.91, 98.87, 98.96, 98.97, 98.94, 99.04, 98.84, 98.97, 98.96, 98.91, 98.81, 98.85, 98.84, 98.91, 98.91, 98.9, 98.72, 98.98, 98.73, 98.81, 98.89, 98.91]}