{"train_loss": [2.2763070499795113, 2.25196107585206, 2.2443113994394612, 2.2405954156166468, 2.2384761948870797, 2.237040811114841, 2.2357106876169515, 2.2348123289581037, 2.23404284980562, 2.233281686774686, 2.2327323729156427, 2.2320610131972876, 2.2315465461494575, 2.231010284688738, 2.2305002426489806, 2.230139657982394, 2.229655182769156, 2.2292252203338165, 2.228755152123606, 2.2282749445010452, 2.2278495273019514, 2.2274966321439824, 2.2271473372084465, 2.2267675460913243, 2.22639259772423, 2.225951541692783, 2.2255616437675605, 2.225093381017701, 2.2247775844019704, 2.224363274553902, 2.223987340927124, 2.2235441824309845, 2.223088063745417, 2.2225659143211494, 2.2222032363598165, 2.221666204623687, 2.2212889133355556, 2.2207723891633186, 2.2203139560854335, 2.2197281952597137, 2.219410747034937, 2.218892575838627, 2.2183164964374313, 2.217756994259663, 2.2172604743232074, 2.21661409506431, 2.216033265631423, 2.215557848286425, 2.214811215033898, 2.214258967811226, 2.213516420788235, 2.212969488058335, 2.2122567897169, 2.21169005958443, 2.210857379130828, 2.210300512293465, 2.2094917394157148, 2.2087826509760995, 2.2079060836734934, 2.2072379100017057, 2.2065008216434054, 2.2057836758784757, 2.2048962951725364, 2.2038358888055525, 2.2030229537914963, 2.2020015466926446, 2.201615739581931, 2.2004569402107825, 2.1995904776785107, 2.1986504782978287, 2.1974541295287957, 2.1967824442773805, 2.195624437597063, 2.194701337406778, 2.193497801438356, 2.1925556145162663, 2.19188665630471, 2.1907010516549787, 2.1896468370388718, 2.188450549912249, 2.187551946721525, 2.1863447682470336, 2.1850575483762302, 2.1840264185881004, 2.1826974189179573, 2.1816819437548647, 2.180504892116938, 2.179037049285367, 2.1778920797201304, 2.176617247426612, 2.1755023863580494, 2.174338230719933, 2.1731262441374297, 2.171716071601607, 2.1706250839763217, 2.1693318863200326, 2.1681009490265803, 2.166764876781366, 2.1653083216430793, 2.163857240452726], "test_loss": [1.7859684158325195, 1.6638747528076172, 1.6120409378051759, 1.6019620330810547, 1.5589600692749024, 1.5675378524780272, 1.5428913177490233, 1.5731455963134766, 1.5414875198364257, 1.5358137908935547, 1.5315546661376953, 1.5554832122802735, 1.5183702026367187, 1.5136530532836914, 1.504506185913086, 1.501936164855957, 1.5154896408081056, 1.5214216857910157, 1.512648715209961, 1.5057433853149413, 1.5134009201049805, 1.5171463470458983, 1.4998538970947266, 1.4836867782592773, 1.5244629653930664, 1.4898982254028321, 1.4900767211914063, 1.4867869338989257, 1.498842253112793, 1.5148851364135743, 1.4861336776733398, 1.4735815689086913, 1.50742820892334, 1.4808396041870118, 1.4848594207763672, 1.4756745834350586, 1.4989453735351563, 1.4732633819580079, 1.5050044815063477, 1.5060610733032227, 1.5031875656127929, 1.4865481719970703, 1.536624742126465, 1.4906449752807618, 1.5508654998779297, 1.5017192321777344, 1.472429541015625, 1.4908140808105468, 1.4836285278320311, 1.4829889892578125, 1.4662273971557618, 1.5236349655151367, 1.4764269348144532, 1.5148654907226562, 1.4800855102539063, 1.4761617904663087, 1.4575747253417968, 1.5000166015625, 1.4771797927856445, 1.484063473510742, 1.4845352264404297, 1.4970990447998047, 1.5077573577880858, 1.4960180541992187, 1.4928822677612306, 1.5219582107543945, 1.4900294815063477, 1.4753765274047852, 1.5202996063232421, 1.5090635040283202, 1.5079523071289063, 1.4709643310546876, 1.5421784393310547, 1.4848339782714843, 1.5091800277709961, 1.495851579284668, 1.5261193420410155, 1.574292628479004, 1.4894692169189454, 1.5332932022094727, 1.4906844345092773, 1.5709628768920898, 1.52708056640625, 1.557396109008789, 1.5643815383911133, 1.5095842910766601, 1.5464951477050781, 1.5010557006835938, 1.4958531631469727, 1.511911376953125, 1.5261747817993163, 1.5416349868774415, 1.4974416259765626, 1.5434747833251954, 1.494251304626465, 1.4818333786010742, 1.5374773529052734, 1.5691242752075196, 1.5396597137451171, 1.5223818435668945], "test_acc": [80.44, 91.16, 94.4, 95.11, 95.73, 96.53, 96.44, 96.94, 97.06, 97.1, 97.45, 97.27, 97.67, 97.68, 97.72, 97.73, 97.98, 98.03, 97.87, 97.86, 98.05, 97.97, 98.02, 98.05, 98.16, 98.02, 98.07, 98.21, 98.06, 98.16, 98.16, 98.13, 98.12, 97.75, 98.11, 98.19, 98.04, 98.05, 98.03, 98.17, 97.96, 97.82, 97.74, 98.02, 97.9, 97.98, 98.13, 97.6, 97.83, 97.53, 97.71, 97.25, 97.75, 96.59, 97.24, 97.46, 97.55, 97.29, 97.04, 96.71, 96.54, 96.7, 95.71, 95.37, 96.11, 95.22, 95.49, 95.3, 94.99, 94.1, 94.37, 94.37, 92.81, 93.4, 93.11, 93.99, 91.06, 90.05, 93.32, 88.56, 92.37, 90.48, 89.22, 88.83, 88.91, 89.38, 84.12, 87.42, 86.59, 87.39, 85.69, 85.24, 85.57, 84.07, 87.96, 88.54, 83.2, 82.38, 83.72, 86.05]}