{"train_loss": [2.3022769776164975, 2.3017039405993924, 2.3013450477877235, 2.3011342256497116, 2.3010052524061284, 2.3009085609362674, 2.3008238724154286, 2.3007541349810414, 2.300693852779193, 2.3006344967418246, 2.3005869082915478, 2.3005414304570255, 2.3005006002564716, 2.3004572259055243, 2.3004220077115245, 2.300392514620072, 2.3003644347190857, 2.300334603867979, 2.3003079071004167, 2.3002872329491835, 2.300265227118109, 2.3002468627742214, 2.300230047132215, 2.3002121163229656, 2.300193499805581, 2.3001781116184006, 2.3001645350048685, 2.300146847199171, 2.3001376792915864, 2.3001249045388312, 2.300109236668318, 2.300099354523879, 2.3000871213073406, 2.300074517726898, 2.300067306583763, 2.3000552847854094, 2.300041004123851, 2.300033390012562, 2.3000221685466604, 2.3000111182530723, 2.300003300874661, 2.2999939042278843, 2.299989972359095, 2.2999765903521805, 2.299967586994171, 2.299957900475233, 2.2999516058171916, 2.299947313263885, 2.299937132077339, 2.299927454728347, 2.2999223679558845, 2.299912761419247, 2.2999033051678257, 2.2998974435349817, 2.2998883882139483, 2.2998843626079397, 2.299875143756214, 2.2998661113600445, 2.299861336365724, 2.2998562551971173, 2.2998446898582654, 2.2998311534906044, 2.2998305273871136, 2.2998210166254616, 2.2998208546230936, 2.299813016357585, 2.299803053211962, 2.29979601680723, 2.2997878372159777, 2.2997783575302515, 2.2997803927486777, 2.299771587563376, 2.2997660158026934, 2.29976130499799, 2.299754711297842, 2.2997471099225884, 2.29974232117335, 2.29973408095857, 2.2997257933657393, 2.299720261850928, 2.299713252956032, 2.2997136355465293, 2.2997033753965654, 2.299689091168917, 2.299689802349123, 2.299680459193694, 2.2996721155623083, 2.2996689065908775, 2.2996648010025678, 2.2996597998162622, 2.2996502686769533, 2.2996436204665747, 2.299640494534093, 2.2996312374742622, 2.2996265867836456, 2.2996258980188613, 2.299615039275243, 2.2996061102956786, 2.2995999995459857, 2.2995924781530332], "test_loss": [2.2656085174560547, 2.2348666442871092, 2.2109768585205076, 2.1964174285888673, 2.1866632110595705, 2.1809450439453126, 2.175098764038086, 2.170836895751953, 2.1659412658691406, 2.161442953491211, 2.1587241790771485, 2.1542797088623047, 2.1531601348876954, 2.1496852325439453, 2.147599185180664, 2.1441391876220703, 2.143576040649414, 2.140268014526367, 2.137950259399414, 2.1383450653076173, 2.136762561035156, 2.1350058502197267, 2.133839001464844, 2.132824890136719, 2.130724313354492, 2.1293592803955077, 2.1292390533447265, 2.129715625, 2.1303739196777345, 2.126302737426758, 2.1256568542480467, 2.125206964111328, 2.1255123474121094, 2.1235935028076174, 2.1244869537353517, 2.123195114135742, 2.1204769287109375, 2.1221540954589844, 2.1254675018310545, 2.1227067932128905, 2.120860113525391, 2.121754586791992, 2.1199764068603515, 2.1211209686279298, 2.120104797363281, 2.1182576538085938, 2.1203162200927737, 2.1211785522460938, 2.1179298858642577, 2.1169226135253907, 2.119655340576172, 2.116944592285156, 2.1169708282470703, 2.1185994537353516, 2.1170612854003905, 2.1182307159423828, 2.116705352783203, 2.1185525787353514, 2.1154309173583985, 2.1163672058105467, 2.117745101928711, 2.1155728637695312, 2.1128070556640624, 2.114712893676758, 2.1127876190185546, 2.1140941009521486, 2.115738217163086, 2.1161839721679687, 2.112774774169922, 2.1119058135986326, 2.1098574005126953, 2.112647119140625, 2.1146767181396484, 2.112025537109375, 2.11161796875, 2.1142777770996095, 2.113576382446289, 2.1115860565185547, 2.110807147216797, 2.1120731262207033, 2.1121804992675783, 2.110997412109375, 2.1117864807128908, 2.1114600463867186, 2.114194729614258, 2.110630438232422, 2.1097200439453125, 2.1110627868652343, 2.1102435638427735, 2.107479724121094, 2.1093735290527342, 2.111322250366211, 2.1103726470947266, 2.1084141021728517, 2.1127878845214845, 2.108810397338867, 2.106821713256836, 2.108733755493164, 2.1092857482910157, 2.107928323364258], "test_acc": [63.46, 72.77, 81.24, 85.1, 86.34, 87.63, 88.55, 89.88, 90.09, 90.91, 91.71, 92.28, 92.36, 92.86, 93.01, 93.27, 93.55, 93.57, 93.43, 94.02, 94.49, 94.45, 94.52, 94.65, 94.86, 94.87, 94.83, 95.09, 95.27, 95.09, 95.35, 95.51, 95.23, 95.49, 95.68, 95.68, 95.43, 95.64, 95.8, 95.67, 95.9, 95.6, 96.0, 95.91, 95.93, 96.09, 95.98, 96.17, 96.0, 96.01, 96.14, 96.34, 96.05, 96.27, 96.21, 96.01, 96.41, 96.31, 96.28, 96.36, 96.49, 96.41, 96.53, 96.46, 96.41, 96.5, 96.45, 96.46, 96.43, 96.7, 96.54, 96.54, 96.69, 96.57, 96.56, 96.65, 96.42, 96.74, 96.75, 96.66, 96.67, 96.67, 96.73, 96.72, 96.87, 96.49, 96.78, 96.6, 96.97, 96.74, 96.54, 96.82, 96.78, 96.91, 96.88, 96.69, 96.85, 96.8, 96.85, 96.88]}