{"train_loss": [2.0109896774475393, 1.8942784835130742, 1.8766548559706435, 1.867296097625015, 1.8606826899907527, 1.8557242723102243, 1.852066987600082, 1.8479036602199588, 1.845256039729485, 1.8420414290367029, 1.8390860478592734, 1.8368380515493898, 1.8341994387471778, 1.8319501555882967, 1.8293440479498644, 1.8270305680413532, 1.8239177590251987, 1.8211938947693915, 1.8186759928352811, 1.81638250952093, 1.813766077797637, 1.8106949479661436, 1.8076073379598112, 1.8049439693618023, 1.801502376794815, 1.7981567548380957, 1.7943800394861107, 1.7904813282000713, 1.7864432204992344, 1.7825712581985018, 1.7779408876712506, 1.7730481662811377, 1.7683654878384027, 1.7637685677434645, 1.7579775447519417, 1.7528107415916574, 1.747492093561042, 1.7401766912040548, 1.7341934231101956, 1.7290921881158128, 1.720708861310258, 1.7139051319696965, 1.707437297472587, 1.699462531723528, 1.6923486073302407, 1.6851056753060756, 1.6775889169966054, 1.6679254309234457, 1.659806264261914, 1.651904904944265, 1.6436356275509565, 1.6342590463976574, 1.6266029273342884, 1.6161851768310254, 1.608515710912199, 1.5990113562498338, 1.5897139529896598, 1.5821164051691692, 1.5743873348602881, 1.5660457860710275, 1.5571788182625403, 1.5497032936312194, 1.541677468098127, 1.5334245149905865, 1.5270316111735809, 1.5185558958950205, 1.5113604506875715, 1.5043864181408515, 1.4975810109550118, 1.4911479463434627, 1.4846580469200754, 1.4790383579894009, 1.4718196267246182, 1.4674639490425077, 1.4608343011803098, 1.456222953959408, 1.4507741232713063, 1.4457578264240525, 1.4424754910998874, 1.4364264148932238, 1.432960991676037, 1.4293893114623861, 1.4248822952947047, 1.4213579253763216, 1.4163646555354452, 1.4139894410076304, 1.4105590131038275, 1.407772110058711, 1.4047304636392839, 1.4014149262354925, 1.3983076691118062, 1.3953698455777943, 1.3926715613939824, 1.3906321354910858, 1.3890327110759213, 1.3854388928311503, 1.383126298331807, 1.3803764505264087, 1.3786609035271864, 1.3758017420768738], "test_loss": [0.9664950141906739, 0.8618203193664551, 0.8648506286621094, 0.7899675979614258, 0.8488308868408203, 0.8302894355773925, 0.8123659545898437, 0.8325235511779785, 0.8149100700378418, 0.8428364868164062, 0.7656627342224122, 0.8033353507995605, 0.8030020263671875, 0.7799590393066407, 0.7507257545471191, 0.7572810317993164, 0.7457592506408691, 0.7669772659301758, 0.7024563354492187, 0.7684430847167969, 0.7918393165588379, 0.7918622879028321, 0.781477864074707, 0.7500659149169921, 0.7997937385559082, 0.8020629104614257, 0.7935086570739746, 0.846866828918457, 0.7595258575439453, 0.7911719764709473, 0.7501747146606446, 0.7592618347167969, 0.7590188575744629, 0.7467714134216309, 0.7799083969116211, 0.8576055610656739, 0.7536623931884766, 0.7415547889709473, 0.7543983139038086, 0.799333056640625, 0.8644936050415039, 0.865080525970459, 0.7385186470031738, 0.8035344291687012, 0.8110969261169434, 0.8621004585266113, 0.8069338012695313, 0.8030798233032227, 0.7848492332458497, 0.8584246620178223, 0.8376207313537598, 0.8475074317932129, 0.8452044746398926, 0.7868985847473144, 0.8391740112304688, 0.8386666061401368, 0.9096751647949218, 0.8355968536376953, 0.9702135841369629, 0.8615735931396484, 0.8584773056030274, 0.8543232978820801, 0.8875930763244629, 0.8623928756713867, 0.9193565040588378, 0.9449024169921875, 0.8976247200012207, 0.8533632766723633, 0.9040304260253906, 0.882113761138916, 0.9652773811340332, 0.8771028205871582, 0.9297535087585449, 0.8994148086547852, 0.9332152435302734, 0.9176081367492676, 0.972111937713623, 0.9413123321533203, 0.9354190315246582, 0.9234404418945312, 0.8957772689819335, 0.8780079147338867, 0.9052134460449218, 0.9603528060913086, 0.9290515625, 0.9476516082763672, 0.982007373046875, 0.9171274360656738, 0.9222755783081055, 0.9090870681762695, 1.0457950386047363, 0.9457222831726074, 1.0005617797851563, 0.9774248893737792, 0.9449147674560547, 0.999114208984375, 0.9539913619995117, 1.0157339706420898, 0.9557311714172363, 0.974748127746582], "test_acc": [94.87, 96.66, 97.46, 97.81, 97.98, 98.05, 98.3, 98.48, 98.33, 98.59, 98.6, 98.53, 98.63, 98.77, 98.49, 98.75, 98.58, 98.73, 98.69, 98.54, 98.6, 98.53, 98.45, 98.67, 98.54, 98.5, 98.49, 98.16, 98.52, 98.37, 98.45, 98.33, 98.15, 98.09, 98.07, 97.64, 97.79, 97.49, 97.31, 96.61, 95.69, 95.03, 97.04, 95.77, 95.66, 94.0, 93.69, 93.38, 93.96, 90.89, 92.5, 91.47, 90.36, 92.14, 90.07, 89.74, 88.18, 89.16, 83.53, 88.56, 85.87, 87.16, 85.61, 87.04, 84.12, 82.97, 84.43, 85.78, 83.75, 84.56, 81.23, 84.68, 81.84, 83.58, 81.45, 83.1, 80.62, 80.73, 81.9, 81.57, 82.2, 83.0, 81.74, 79.23, 81.33, 79.73, 78.76, 81.02, 80.46, 81.27, 76.14, 79.95, 77.93, 78.69, 79.45, 77.24, 79.17, 77.01, 78.99, 78.08]}