{"train_loss": [2.29594274616649, 2.2870468996528888, 2.2843452401650257, 2.2826126931060076, 2.2813810278207827, 2.2805501212421646, 2.2799557014408274, 2.2795402952748485, 2.279212213988997, 2.278938776916928, 2.2786831545014667, 2.278483051010686, 2.278278454246684, 2.27812130889322, 2.2779792761191344, 2.277799310847225, 2.277693114729009, 2.277529963061341, 2.2774581257094684, 2.2773328566143656, 2.277228061969464, 2.2771371231119857, 2.27702454624013, 2.2769465950819163, 2.27687226401435, 2.276789964773716, 2.2767142419122224, 2.2766380238736796, 2.2765657107035318, 2.2764791515138416, 2.2764140316563792, 2.276344710945064, 2.2762998077604504, 2.2762473261254463, 2.2761921016579, 2.276092725431817, 2.276076533855536, 2.276007401637542, 2.2759285232959647, 2.275903996748802, 2.2758433665984716, 2.2757841277326274, 2.2757215535538826, 2.2756840790438857, 2.2756114398312364, 2.275564387313321, 2.2755332212162833, 2.2755038152393112, 2.275432482234433, 2.2754147144464345, 2.2753516517133794, 2.275295149566781, 2.2752510884888153, 2.275205547483558, 2.2751695045039186, 2.275104919559935, 2.2750924647363844, 2.2750222214266786, 2.274987156065101, 2.2749635730034266, 2.274896725630149, 2.274852840309469, 2.2748189374931855, 2.2747859761246247, 2.274723678572565, 2.274679070354527, 2.2746440732580986, 2.2745883964065814, 2.2745588814091477, 2.2745281238841195, 2.2744519990733547, 2.2744309907285576, 2.2743676656331773, 2.274353643767854, 2.274304749109806, 2.274257596231933, 2.2742166366332617, 2.2741550884695134, 2.274137713970282, 2.27408608310243, 2.2740640675919686, 2.2739980990051203, 2.273981706199483, 2.273921450488588, 2.273861621689593, 2.27386855875325, 2.273802437333979, 2.2737507570503106, 2.2737138164349093, 2.273646873796088, 2.2736297810179558, 2.273552233337337, 2.2735237963179236, 2.2734953756006355, 2.273434236008897, 2.273371955777845, 2.2733767847729545, 2.273314094441569, 2.273262026472988, 2.2732430064780083], "test_loss": [2.0449885467529296, 1.9469614837646485, 1.905352015686035, 1.8664949264526367, 1.8475953048706055, 1.8388185806274413, 1.8231610549926758, 1.8199177291870117, 1.814085009765625, 1.8083167770385742, 1.8040957855224609, 1.8026861358642579, 1.7992480514526368, 1.807458351135254, 1.790223681640625, 1.7874319259643554, 1.7930424606323243, 1.787489210510254, 1.7774107131958008, 1.7872431625366212, 1.7879562149047852, 1.7845222412109376, 1.7845668258666991, 1.77200216217041, 1.7795111968994142, 1.7712294494628906, 1.7784367294311523, 1.7670571090698242, 1.7832658889770507, 1.7747652069091797, 1.770888916015625, 1.7647509078979493, 1.7917779098510742, 1.7746086288452148, 1.766037062072754, 1.76484197845459, 1.766652751159668, 1.7661057373046876, 1.7682802749633788, 1.7646373901367187, 1.7659381683349609, 1.7553570281982422, 1.7561614273071289, 1.7585288238525392, 1.7695333938598632, 1.7625109649658204, 1.7593326263427735, 1.7868727569580078, 1.7603132888793944, 1.7750221221923828, 1.7583478912353516, 1.7624363906860352, 1.77592509765625, 1.764564828491211, 1.766314437866211, 1.7798188217163087, 1.762500341796875, 1.76729306640625, 1.774132098388672, 1.7574165664672852, 1.764845558166504, 1.758003921508789, 1.7471019744873046, 1.766132810974121, 1.7530020614624024, 1.7555379989624023, 1.7718294631958007, 1.7572157455444335, 1.7775884048461914, 1.7482105056762696, 1.775626626586914, 1.7514469146728515, 1.753014825439453, 1.7579529373168945, 1.7657595108032227, 1.7493501693725586, 1.7809135818481445, 1.761879182434082, 1.7420092330932617, 1.7687548095703125, 1.7622812210083008, 1.7596629592895507, 1.7533804611206054, 1.7506224609375, 1.7431262161254883, 1.75554248046875, 1.7521121368408203, 1.7650965927124023, 1.7426317123413086, 1.7581022735595704, 1.7795062896728515, 1.7528104415893555, 1.7395315353393555, 1.757804864501953, 1.7491824569702148, 1.74925372467041, 1.7643195419311524, 1.7497575286865235, 1.7472512588500977, 1.742906002807617], "test_acc": [79.98, 86.69, 89.91, 92.55, 94.32, 95.12, 95.51, 95.78, 96.42, 96.46, 96.59, 96.69, 96.8, 97.21, 97.23, 97.32, 97.49, 97.43, 97.49, 97.57, 97.63, 97.61, 97.82, 97.72, 97.68, 97.75, 97.73, 97.83, 97.86, 97.83, 97.98, 97.94, 98.01, 98.04, 97.89, 98.0, 98.12, 98.05, 98.14, 98.16, 98.07, 98.2, 98.15, 98.16, 98.15, 98.23, 98.18, 98.19, 98.09, 98.23, 98.1, 98.18, 98.28, 98.22, 98.27, 98.27, 98.21, 98.24, 98.43, 98.32, 98.35, 98.32, 98.42, 98.25, 98.35, 98.19, 98.43, 98.54, 98.4, 98.37, 98.42, 98.49, 98.56, 98.47, 98.49, 98.44, 98.49, 98.58, 98.46, 98.58, 98.42, 98.52, 98.48, 98.25, 98.42, 98.55, 98.44, 98.48, 98.39, 98.55, 98.42, 98.44, 98.55, 98.38, 98.53, 98.47, 98.51, 98.35, 98.43, 98.4]}