{"train_loss": [1.8944560617972643, 1.756892406532907, 1.7374429048126578, 1.7279444326702347, 1.721216000807591, 1.71685035717793, 1.7126620096019192, 1.7095313334566915, 1.7069777912563748, 1.7045978231307788, 1.7023442644848783, 1.6998830452943459, 1.6980801038762443, 1.6960119085434155, 1.694414994910232, 1.6927749657223368, 1.6908900607854893, 1.6896581229491112, 1.6876889095347152, 1.686817254520889, 1.6847277362631936, 1.6835677954885695, 1.6820232852911339, 1.6803403270040822, 1.6788414523132846, 1.6770084449368665, 1.6759287849960165, 1.67346462709272, 1.672572453562011, 1.6707483091924944, 1.6691468982105582, 1.6669105915432303, 1.6654789363726592, 1.6634865882050278, 1.6617652781498737, 1.659749114870006, 1.6584279746071906, 1.6567966219706414, 1.654669843423061, 1.6520591638027093, 1.6501297769892929, 1.6480984585916894, 1.6454161290939038, 1.6435900985175729, 1.6415817717201688, 1.6391717916370456, 1.6371153748442984, 1.6344021408476381, 1.6319513050918906, 1.6298072743110168, 1.6271054729437218, 1.624722709513118, 1.6222754564040747, 1.6196656102298672, 1.617044696950505, 1.6144474994423044, 1.6120696727536683, 1.6091445712452261, 1.6061861746841006, 1.6039687099619808, 1.6008353740231605, 1.598629579330102, 1.5957675642437406, 1.592925796396712, 1.5908803455849998, 1.5878327425219054, 1.584751656676969, 1.582335547504262, 1.5797266891369453, 1.5769471977001581, 1.574681282807619, 1.5717535943557055, 1.5694573004531045, 1.5664837752651966, 1.56380255966105, 1.5614988732541728, 1.558953784724586, 1.5571623182194865, 1.5544327115401244, 1.5522371382794828, 1.5489721247273633, 1.5463609906852755, 1.5450686341167514, 1.543165111898357, 1.5402753480479248, 1.538255119170898, 1.5362735484909809, 1.534335916877812, 1.531211176998595, 1.5295773128159025, 1.5272110927308726, 1.5261544503717341, 1.5239684403452098, 1.5220334802427862, 1.520233493584853, 1.5187255131383228, 1.5170404131595905, 1.5154305232895746, 1.5135105647083023, 1.5115652693133068], "test_loss": [0.8210809288024903, 0.7628931938171387, 0.7205389610290527, 0.690689631652832, 0.6986820777893067, 0.7046632095336914, 0.663755549621582, 0.7069459907531739, 0.6565005180358887, 0.6582138710021973, 0.6861842834472657, 0.7154811782836914, 0.6250687019348145, 0.6535380058288575, 0.6751242385864258, 0.6344231689453125, 0.6630945358276367, 0.6469712051391602, 0.5965054763793946, 0.6305606628417969, 0.5957542343139648, 0.6278481521606445, 0.6068698783874512, 0.6520426635742187, 0.6546695503234863, 0.6868900489807129, 0.5886564315795898, 0.6555266494750976, 0.6412594253540039, 0.6464261268615723, 0.637290965270996, 0.6843025001525879, 0.6302704521179199, 0.6051732131958008, 0.687904704284668, 0.6316838562011718, 0.6596370780944825, 0.6165758033752441, 0.6598775955200196, 0.661409391784668, 0.6598042945861816, 0.6522594444274903, 0.639826065826416, 0.6388178573608398, 0.6046473251342773, 0.6133498329162598, 0.6605335212707519, 0.6526126487731934, 0.683303579711914, 0.6460460418701172, 0.6663128616333008, 0.6211600708007813, 0.661317593383789, 0.6889004272460938, 0.6692974746704101, 0.6601412048339844, 0.609811164855957, 0.6748407882690429, 0.6370973518371582, 0.6696806564331055, 0.7082198715209961, 0.6884148086547851, 0.665134772491455, 0.6817705696105957, 0.6520373497009277, 0.6900231834411621, 0.6804326759338379, 0.6166400497436524, 0.7220084159851075, 0.6619250152587891, 0.6504671310424804, 0.650245018005371, 0.6662721199035645, 0.6271779350280762, 0.6860627593994141, 0.671322900390625, 0.6495914665222168, 0.7168490272521972, 0.648480941772461, 0.6663087997436523, 0.6651871444702149, 0.6949140617370605, 0.6592523811340332, 0.7045089729309082, 0.653242847442627, 0.6431923072814941, 0.6417944053649902, 0.6761402000427246, 0.6761217796325684, 0.6454500778198242, 0.6983128829956055, 0.677179581451416, 0.7020805488586426, 0.6856045150756835, 0.7271581855773925, 0.7028726402282715, 0.682999382019043, 0.678492073059082, 0.6588519058227539, 0.7158276664733887], "test_acc": [95.21, 97.37, 97.84, 97.98, 98.23, 98.28, 98.29, 98.6, 98.75, 98.67, 98.72, 98.61, 98.75, 98.7, 98.85, 98.81, 98.91, 98.91, 98.96, 98.92, 98.92, 98.95, 98.94, 98.88, 98.98, 98.94, 98.98, 98.97, 99.04, 98.93, 99.06, 98.97, 98.95, 98.98, 99.08, 98.96, 98.96, 98.96, 98.94, 98.94, 98.89, 98.85, 98.84, 98.96, 98.84, 98.84, 98.84, 98.81, 98.73, 98.76, 98.69, 98.69, 98.59, 98.36, 98.56, 98.33, 98.53, 98.47, 98.36, 98.3, 97.77, 98.06, 98.17, 98.07, 98.29, 98.05, 97.77, 98.0, 97.58, 97.79, 97.56, 97.81, 97.65, 97.77, 97.8, 97.49, 97.51, 95.53, 97.21, 96.75, 97.21, 96.67, 97.24, 96.22, 96.6, 97.08, 96.97, 96.81, 96.22, 96.95, 95.92, 96.41, 96.0, 96.11, 95.42, 95.88, 95.96, 96.1, 96.01, 95.57]}