{"train_loss": [2.3021577520248218, 2.3013976267260365, 2.300938670961266, 2.300697260432773, 2.300543939965403, 2.300426417436355, 2.3003293540742664, 2.300245709398873, 2.300169259055048, 2.300103575245947, 2.300042571675064, 2.2999889998354464, 2.299941917260488, 2.29989934935529, 2.2998616863519716, 2.2998278752351418, 2.2997977606251707, 2.299773708367959, 2.2997476718364616, 2.299725061807877, 2.2997054549363942, 2.299689248076871, 2.2996727182314944, 2.299657213891673, 2.299642197596721, 2.2996298105288773, 2.299616853905539, 2.299604713407337, 2.2995933864870644, 2.2995831665829716, 2.299574378209236, 2.2995632239896007, 2.299556804008973, 2.299546562708341, 2.2995385761953826, 2.2995316406600494, 2.299523175272167, 2.2995151016447277, 2.299508590474088, 2.299503305528918, 2.2994952166182365, 2.299489886842222, 2.299482819871006, 2.299477652606801, 2.2994732637690682, 2.2994672085484886, 2.299460812511607, 2.2994559483650403, 2.299449047471723, 2.299444911316929, 2.299438676263532, 2.299436015960498, 2.299429055462536, 2.2994261608164535, 2.2994221851357026, 2.29941631331403, 2.2994132123441777, 2.29940822847888, 2.2994046287658887, 2.2994027178511662, 2.2993973982639804, 2.2993928560843835, 2.299388129486997, 2.2993852842567315, 2.2993823437609224, 2.299377027739826, 2.2993731065693064, 2.29937096640595, 2.299365547987131, 2.2993637170547094, 2.2993604612146687, 2.2993578921016464, 2.2993539587045326, 2.2993519199200168, 2.2993482555079665, 2.2993448346089096, 2.299339558324243, 2.299338105906788, 2.299335894931076, 2.299330043996501, 2.299328607881171, 2.2993265910026355, 2.299323912869152, 2.2993225134336033, 2.2993178092516384, 2.2993151255142994, 2.2993125742317266, 2.299311987355224, 2.299307362646119, 2.29930396263416, 2.299302462838654, 2.2993007557004943, 2.2992971865539875, 2.2992969618903265, 2.2992932124015613, 2.299292431427882, 2.2992881674032946, 2.2992842273834424, 2.2992823597712393, 2.2992801936263714], "test_loss": [2.2599425018310546, 2.2210625274658202, 2.194063854980469, 2.1795086059570314, 2.169880615234375, 2.162522296142578, 2.1561180389404297, 2.151099432373047, 2.1459456970214843, 2.141715240478516, 2.1368596557617185, 2.133865106201172, 2.1309096954345703, 2.1269408721923826, 2.124893460083008, 2.1231156616210938, 2.119575588989258, 2.11788766784668, 2.116521173095703, 2.115055154418945, 2.1133597442626955, 2.112089172363281, 2.1117256317138673, 2.110387927246094, 2.108625863647461, 2.108535397338867, 2.1083409942626954, 2.1053516998291015, 2.1069944854736327, 2.104427084350586, 2.1036539215087893, 2.103667886352539, 2.103690133666992, 2.1025770874023437, 2.1021055908203126, 2.1024795471191404, 2.1010952087402344, 2.1013558746337893, 2.09955029296875, 2.1003898651123047, 2.099530389404297, 2.1003884307861327, 2.0993870666503907, 2.0975676483154295, 2.0984548889160157, 2.0976085693359376, 2.097209893798828, 2.0989423583984377, 2.098077673339844, 2.0959845428466797, 2.0965545806884767, 2.0949674743652342, 2.096594744873047, 2.096997692871094, 2.095620684814453, 2.0980277923583985, 2.095349444580078, 2.095217419433594, 2.0943931427001954, 2.0946788146972657, 2.095477328491211, 2.0933601379394533, 2.095220294189453, 2.094441223144531, 2.094906021118164, 2.093142663574219, 2.0925070495605467, 2.0947897644042968, 2.090285305786133, 2.0920308715820313, 2.0924956634521483, 2.0908744720458983, 2.092498388671875, 2.091411135864258, 2.0921877349853517, 2.090965737915039, 2.0915500213623046, 2.0909224182128905, 2.0922803161621095, 2.0901986145019533, 2.0913890014648437, 2.0897248138427735, 2.0894537078857423, 2.092191076660156, 2.090896450805664, 2.090475680541992, 2.089952044677734, 2.0892491394042967, 2.0888721282958986, 2.0907460815429686, 2.086928430175781, 2.089283029174805, 2.0881085235595704, 2.088328024291992, 2.089155953979492, 2.0899348266601563, 2.0891191131591795, 2.088737976074219, 2.0879401641845705, 2.0883084533691405], "test_acc": [64.19, 77.37, 82.31, 85.53, 87.53, 88.58, 89.68, 90.36, 91.05, 91.58, 92.15, 92.64, 93.28, 93.54, 93.84, 94.24, 94.35, 94.65, 94.87, 95.04, 95.11, 95.22, 95.51, 95.34, 95.5, 95.77, 95.73, 95.98, 95.95, 95.8, 96.0, 96.16, 96.19, 96.24, 96.29, 96.43, 96.2, 96.53, 96.49, 96.61, 96.5, 96.54, 96.66, 96.62, 96.75, 96.73, 96.83, 96.86, 96.82, 96.85, 97.04, 96.76, 96.92, 97.11, 97.08, 97.18, 97.02, 97.05, 97.09, 97.1, 97.22, 97.22, 97.09, 97.24, 97.29, 97.23, 97.15, 97.41, 97.23, 97.29, 97.41, 97.38, 97.41, 97.29, 97.42, 97.39, 97.46, 97.51, 97.52, 97.53, 97.39, 97.56, 97.55, 97.6, 97.56, 97.59, 97.6, 97.51, 97.59, 97.69, 97.6, 97.55, 97.69, 97.57, 97.56, 97.77, 97.69, 97.71, 97.74, 97.67]}