{"train_loss": [2.2738462370685024, 2.245096448649708, 2.2353491426533103, 2.2300497013279514, 2.22681368721856, 2.2245574002591972, 2.2222757960996056, 2.2205445272290807, 2.218764001997108, 2.2169969795096636, 2.215686198992607, 2.2135777498921776, 2.211782651579278, 2.209976699617174, 2.207987334483709, 2.2064038306219964, 2.2039360240993338, 2.2011629230955725, 2.199333078840859, 2.1962323978415923, 2.193850592160836, 2.190239578230768, 2.1871655557909584, 2.1824489383616, 2.178518967750745, 2.1747300869379287, 2.169816309060806, 2.1640999052259655, 2.1580587859846587, 2.1518885854981904, 2.145295505340283, 2.1371680294346604, 2.1292007692858705, 2.11960610263368, 2.1105305267195416, 2.100186004343196, 2.088406846054599, 2.076437149801825, 2.0626072015008354, 2.0497981297154713, 2.0334117267376337, 2.0178720525696745, 1.9998630947536893, 1.981796589672056, 1.9636626090758886, 1.9442010718023675, 1.9237165224348378, 1.9018267061975267, 1.8795027740490742, 1.8589370816181867, 1.8368772082349174, 1.8148175276752212, 1.7910464107990265, 1.7690418026386163, 1.7479669196992857, 1.7262540123401544, 1.7039402071227374, 1.681781482238036, 1.6609900952913823, 1.64306678603857, 1.6239938733414707, 1.6040274396411374, 1.5846767626766465, 1.5680575791077735, 1.552543068034017, 1.5381953054004245, 1.5207683286096296, 1.506614505735218, 1.4941689912070575, 1.4809975466157637, 1.46923673305756, 1.4580336900857778, 1.445856599471508, 1.4375201766816978, 1.4269138750357506, 1.418327116049253, 1.4114073703431675, 1.4030952201439784, 1.396302996792345, 1.3900564358784602, 1.38347710783665, 1.376093520822688, 1.370603420286097, 1.365793571767644, 1.3603795257389035, 1.3553443737009652, 1.3508435253404145, 1.3468708194728591, 1.3422084988182426, 1.3388577434751723, 1.3346011750718467, 1.3315392518654847, 1.3277339950585976, 1.3239478555499997, 1.3216263799585848, 1.3184011871488686, 1.3155117918792953, 1.312754155224205, 1.3102994438929436, 1.307747414478889], "test_loss": [1.771369839477539, 1.610603517150879, 1.589963786315918, 1.5152948669433595, 1.5267608535766601, 1.555293896484375, 1.4977657958984374, 1.521578189086914, 1.5290249725341798, 1.5183679901123046, 1.5035381988525391, 1.4877003448486328, 1.4986026794433593, 1.4562889678955078, 1.4612090469360353, 1.4703843444824218, 1.4538000427246094, 1.4603410110473634, 1.4775127990722656, 1.5037966430664063, 1.5520801055908202, 1.537409860229492, 1.4289085067749023, 1.4205554473876953, 1.4465449279785156, 1.4958413162231445, 1.5102663558959961, 1.45763152923584, 1.5057730545043946, 1.4682948760986327, 1.523326043701172, 1.4331270095825195, 1.5164692642211914, 1.452349104309082, 1.4914421249389649, 1.4899553955078124, 1.4586494247436523, 1.5276385452270507, 1.5316766494750977, 1.4992976531982423, 1.5104878799438477, 1.5960554000854492, 1.4889222473144532, 1.626510237121582, 1.5783755157470702, 1.5917202362060547, 1.6308810409545897, 1.6383371963500977, 1.7973884963989257, 1.6920709274291992, 1.686212660217285, 1.7581332946777344, 1.7891692825317382, 1.8140423873901368, 1.7532283203125, 1.7858145462036132, 1.688744367980957, 1.7966486282348633, 1.813988768005371, 1.8113254501342773, 1.7963948303222657, 1.8308942337036134, 1.901246095275879, 1.9501226715087892, 1.9224135635375976, 1.9526322509765626, 1.9453989837646484, 1.9173974182128906, 2.012480258178711, 2.001587742614746, 2.034639012145996, 1.9995514205932616, 2.000209730529785, 2.0123464889526366, 2.0127831848144533, 2.0399302947998046, 1.9771385604858398, 2.042427423095703, 2.06968544921875, 2.1187049392700197, 2.110369483947754, 2.101915754699707, 2.1408906143188475, 2.051125355529785, 2.1291520935058594, 2.0679418289184572, 2.125358369445801, 2.0798300018310547, 2.192312629699707, 2.1379725952148436, 2.152881446838379, 2.1534265243530273, 2.1818286605834962, 2.162032279968262, 2.1496203872680666, 2.173521171569824, 2.1545836181640623, 2.150945359802246, 2.1874531921386717, 2.139579786682129], "test_acc": [85.59, 91.22, 94.18, 93.78, 95.19, 96.01, 96.11, 96.66, 96.57, 96.87, 96.69, 97.16, 96.69, 96.07, 96.4, 96.36, 97.03, 96.7, 96.55, 95.91, 95.4, 95.34, 95.41, 95.13, 92.85, 89.92, 91.43, 91.08, 88.33, 87.74, 82.87, 85.21, 82.03, 82.63, 75.0, 75.67, 75.93, 72.42, 68.91, 70.85, 67.12, 59.95, 64.8, 56.25, 57.62, 55.51, 53.88, 52.92, 42.19, 47.31, 48.34, 44.0, 43.15, 39.86, 43.85, 43.44, 46.24, 40.86, 41.31, 41.83, 42.21, 39.04, 35.96, 36.42, 37.71, 36.06, 35.68, 38.06, 34.26, 33.87, 34.15, 35.78, 34.53, 35.07, 32.99, 34.07, 35.96, 33.68, 32.7, 30.89, 31.09, 31.99, 31.18, 34.31, 30.61, 33.06, 32.01, 32.73, 29.89, 31.49, 30.38, 30.57, 30.16, 30.85, 30.87, 30.56, 30.96, 31.37, 29.81, 31.2]}