{"train_loss": [2.210796642507243, 2.14536684165653, 2.1304299818654346, 2.1229762231182847, 2.117625996343091, 2.1134958552499103, 2.1086039265506287, 2.1058799502177115, 2.1025440208932276, 2.0996891800154986, 2.0961850861198883, 2.0926960457084527, 2.0885280436939664, 2.08469843176695, 2.080511828263601, 2.076599568638027, 2.071929490719086, 2.0664632328045673, 2.0605496825316014, 2.0544261927278633, 2.047282914830069, 2.0392670575370135, 2.031348898370042, 2.0218799376589622, 2.0110494838311124, 2.0011434404768496, 1.9878023552079487, 1.9738546821296725, 1.9585226588269584, 1.9434343757282975, 1.9254530107873118, 1.906839877876461, 1.8826582953970656, 1.861267181033762, 1.834540825878453, 1.8082266528891702, 1.7790548317452781, 1.7509057730691047, 1.7179142338597877, 1.6854339305661683, 1.649866291345694, 1.6134412209702353, 1.5773626285740452, 1.5391913275433402, 1.5029304032651787, 1.4633390014497643, 1.4260497184900136, 1.3917431647960956, 1.3529918196364346, 1.3212822719007475, 1.2821901807418237, 1.2498952198741782, 1.21634824688618, 1.1921381193857927, 1.1595894574609578, 1.1348093669129233, 1.110659830335878, 1.0871062430306377, 1.067678990527096, 1.0483605319108718, 1.0324147092735665, 1.0148519022851927, 1.0010746213106008, 0.9897112786515146, 0.9784316928722919, 0.9673437432855623, 0.9586935378292687, 0.9501864585356835, 0.9421785571891018, 0.9349461135446516, 0.9282420233019397, 0.9212922917471992, 0.9155298835701413, 0.9102371210216457, 0.9052006295348844, 0.9003329946954026, 0.8959177226847054, 0.8925052818834273, 0.8884462598297331, 0.8844898252660393, 0.8809979937524877, 0.8774233170044727, 0.8740474469641335, 0.8707965574203393, 0.8682388552488425, 0.8652366267310249, 0.8628653304444419, 0.8600010093715456, 0.8572680236946824, 0.8543547437741206, 0.8523268374877099, 0.8503179101862459, 0.8481521288044432, 0.8458019664399644, 0.8437531869380902, 0.8422409299856577, 0.8402981386225448, 0.8384514016728116, 0.8363962943992044, 0.8346169719583968], "test_loss": [1.389182371520996, 1.2748724060058594, 1.1588152557373046, 1.2661933563232421, 1.243793992614746, 1.171011693572998, 1.2174998504638672, 1.1818952255249024, 1.1474773193359376, 1.1397630294799805, 1.1771183517456054, 1.168400650024414, 1.1709220657348633, 1.1891601593017578, 1.2216076095581054, 1.152038688659668, 1.1700504791259765, 1.152616957092285, 1.1921003784179687, 1.1200353591918946, 1.1755559799194335, 1.1309102523803711, 1.1462871566772461, 1.1909813705444336, 1.2336440032958984, 1.154683723449707, 1.19721181640625, 1.25572294921875, 1.2843795272827148, 1.1921173706054689, 1.256857908630371, 1.3134502487182618, 1.2370248001098634, 1.2418985107421876, 1.3107738693237305, 1.2286877532958984, 1.2834166137695313, 1.3211856521606444, 1.2773513122558593, 1.3186739212036134, 1.442407064819336, 1.3984767791748047, 1.3288725448608398, 1.4440980590820311, 1.4059353790283202, 1.4105491271972657, 1.5420858337402343, 1.521928628540039, 1.548750553894043, 1.6203406692504883, 1.6890225296020507, 1.7286446319580078, 1.715454981994629, 1.691501661682129, 1.629974853515625, 1.717891212463379, 1.7174212173461914, 1.7803449600219727, 1.7434504119873047, 1.7777320663452147, 1.7867435440063477, 1.8397880798339843, 1.8978079071044922, 1.8073676681518556, 1.8536646408081054, 1.9108213256835938, 1.9388693634033203, 1.9272646881103515, 1.9030610076904297, 1.861589291381836, 1.9384579147338867, 1.9127756423950195, 1.9038515686035156, 1.9027220932006836, 1.9660839324951171, 1.956941355895996, 1.9564565887451173, 1.9678008636474609, 1.9681398544311524, 1.9706327667236327, 2.0129752563476564, 2.0286753494262695, 2.0368330520629883, 2.0181022491455076, 1.98404619140625, 2.021435005187988, 2.0625548751831055, 2.0378386489868165, 2.0678578125, 2.0828992111206053, 2.0442618835449218, 2.024898303222656, 2.065108610534668, 2.031916990661621, 2.0675374740600585, 2.0246404876708985, 2.107393553161621, 2.034292153930664, 2.0859855072021483, 2.1264667221069335], "test_acc": [90.4, 94.35, 94.91, 96.66, 96.89, 96.96, 97.26, 97.72, 97.75, 97.55, 97.5, 97.63, 97.84, 97.8, 97.66, 97.22, 97.38, 97.04, 96.51, 96.89, 95.76, 95.96, 94.75, 94.26, 90.49, 91.54, 89.15, 83.61, 83.93, 85.67, 80.39, 74.69, 77.77, 75.03, 71.54, 72.52, 67.69, 64.59, 66.15, 63.56, 57.06, 57.75, 61.37, 55.97, 56.7, 55.51, 51.16, 51.21, 50.53, 47.29, 47.31, 44.1, 45.13, 45.86, 47.7, 45.7, 46.39, 44.75, 45.47, 44.22, 44.55, 41.8, 40.07, 43.16, 42.86, 40.64, 39.53, 40.15, 40.53, 41.91, 40.03, 40.69, 41.46, 40.79, 39.65, 39.71, 39.77, 39.79, 39.1, 39.95, 38.82, 37.3, 37.51, 37.88, 39.59, 38.37, 37.26, 38.04, 36.77, 36.19, 38.23, 37.76, 37.35, 38.38, 37.39, 39.04, 35.86, 38.7, 36.77, 35.49]}