{"train_loss": [2.295664376173264, 2.2865913403339877, 2.28357149545963, 2.2814394266177445, 2.279993452068068, 2.2789200355863977, 2.2781476001454215, 2.277533157258971, 2.277068353106833, 2.276638871584183, 2.276209010018243, 2.275842249393463, 2.2755507077926245, 2.275234568832267, 2.2749557703988166, 2.2745962703329887, 2.2743377777246327, 2.2741009628670845, 2.2738136261956305, 2.273512233016837, 2.2733132207495537, 2.2730835253356867, 2.272795907452575, 2.272536850383139, 2.2722697471960998, 2.2720173026761437, 2.271781577513768, 2.2714946275083427, 2.271266053884457, 2.2709699349525647, 2.2707500962110667, 2.2704219344334726, 2.2701891808428316, 2.269906317576384, 2.269659332740001, 2.269341515170203, 2.2689718339178295, 2.2688353586400676, 2.2684229255741477, 2.2680784433315964, 2.2677576256613445, 2.267417563841893, 2.267048126102513, 2.266798388754201, 2.266230062032357, 2.2659357022016478, 2.2655844871814432, 2.2651872385261407, 2.2647678159240985, 2.264478940739591, 2.2639940885397105, 2.2635747897319303, 2.2629976028051133, 2.2628021087401953, 2.2622156260360002, 2.261894873574249, 2.2612076274350157, 2.260663538916498, 2.260322476044679, 2.259838558669783, 2.2593041179526567, 2.2587857006961465, 2.258065167145851, 2.257619522066198, 2.257137571135138, 2.256453895670736, 2.2558145787980823, 2.2552106951037025, 2.2545606860747704, 2.2539421661287293, 2.25314962812978, 2.252752892481975, 2.2517943081692753, 2.251168262245309, 2.2502945009459796, 2.2496411479436436, 2.248900510307051, 2.2480535466446834, 2.247574874987969, 2.246742449255071, 2.24556780167115, 2.2451956751000166, 2.2439686401277528, 2.2432715561654835, 2.242440491150587, 2.241489761405521, 2.2406064862878914, 2.239713547576187, 2.238749972775451, 2.238092508071508, 2.236814116820311, 2.236115537647508, 2.234777810736599, 2.2341093028712478, 2.232939302411854, 2.231925044813727, 2.230820537632347, 2.2300661083979483, 2.2287306933321505, 2.2277636854057636], "test_loss": [2.0370618423461915, 1.9324224960327148, 1.8905500366210937, 1.8519765380859374, 1.848366505432129, 1.819248370361328, 1.814180015563965, 1.8139004867553712, 1.7974599014282227, 1.790986360168457, 1.7723430740356445, 1.7857467407226562, 1.7945369338989259, 1.7752351470947265, 1.7883769973754884, 1.7770028549194337, 1.770795036315918, 1.7710252899169923, 1.7598215744018555, 1.7676782318115234, 1.7599481338500977, 1.7691851608276368, 1.7682457458496095, 1.7815459548950194, 1.7545962509155273, 1.756635252380371, 1.7713433822631837, 1.7580215042114258, 1.7631793685913086, 1.7535513610839844, 1.7554982650756836, 1.7633654754638672, 1.7601154067993163, 1.7515880523681642, 1.763835218811035, 1.767030354309082, 1.7513874984741211, 1.7558536727905274, 1.7246563186645507, 1.753180239868164, 1.7394665725708007, 1.7500546936035157, 1.771534490966797, 1.776212353515625, 1.7729185638427734, 1.729863101196289, 1.7348033584594726, 1.7461107803344726, 1.7496117919921874, 1.734879524230957, 1.7577686935424806, 1.7563173095703124, 1.7618229614257812, 1.730383251953125, 1.7512482955932618, 1.7500022842407226, 1.7515039932250978, 1.7636624923706055, 1.7260155410766602, 1.7687139602661133, 1.7637585556030273, 1.7623898345947266, 1.721430613708496, 1.7660897033691407, 1.7507272903442384, 1.7444887359619141, 1.7933006072998048, 1.773857878112793, 1.755682321166992, 1.7475062927246094, 1.7720522430419923, 1.7473012466430664, 1.7195588958740233, 1.7376801376342774, 1.742028253173828, 1.7759880294799806, 1.7647054412841796, 1.7448727508544921, 1.7230790634155273, 1.7396778427124024, 1.7713059112548828, 1.7534544387817383, 1.7476855484008789, 1.743425636291504, 1.7928635711669922, 1.728912010192871, 1.736573469543457, 1.790685791015625, 1.7832447830200195, 1.8007259521484376, 1.8066697235107423, 1.7268910095214844, 1.796155940246582, 1.7871686691284179, 1.7732284286499023, 1.7878701553344727, 1.770887449645996, 1.7731289779663086, 1.7340814559936524, 1.7840629531860352], "test_acc": [77.64, 86.85, 89.94, 92.13, 93.21, 94.42, 94.89, 95.45, 95.63, 96.02, 95.78, 96.41, 96.43, 96.35, 96.56, 96.66, 96.85, 96.74, 97.08, 97.07, 97.23, 97.08, 97.22, 97.25, 97.2, 97.32, 97.3, 97.39, 97.66, 97.56, 97.64, 97.42, 97.18, 97.57, 97.2, 97.14, 97.49, 97.47, 97.25, 97.33, 96.82, 97.4, 96.71, 97.03, 96.45, 96.84, 96.91, 96.57, 96.7, 96.97, 96.33, 95.82, 95.94, 96.48, 95.41, 94.92, 95.43, 95.06, 94.98, 93.26, 91.81, 94.17, 92.75, 91.82, 92.29, 91.98, 89.59, 87.19, 90.75, 90.32, 90.27, 89.41, 90.67, 88.82, 86.21, 85.47, 85.52, 88.23, 87.59, 85.71, 82.84, 85.09, 85.33, 83.86, 80.41, 84.32, 85.34, 77.74, 78.77, 75.77, 73.8, 82.87, 73.57, 77.81, 75.88, 73.01, 74.99, 75.04, 74.9, 72.78]}