{"train_loss": [2.2724109969587407, 2.246147283122071, 2.238235688617087, 2.234705685550331, 2.232611175276275, 2.2312305345494523, 2.230132813637073, 2.2291698465999374, 2.2284275823169284, 2.2278249426784678, 2.227168824428167, 2.2266134135743494, 2.2262895876525812, 2.2258514624375563, 2.2254914768740663, 2.2250123283801932, 2.2246436125192885, 2.2243590380391502, 2.223967857340462, 2.223640931467725, 2.223399513807052, 2.2231327570401707, 2.222797464611184, 2.2224666129829536, 2.2222415529764614, 2.221885585377359, 2.221644585968083, 2.2213771974938545, 2.2210767549327297, 2.2208352068550568, 2.220612478052449, 2.2202557167436323, 2.220001752559955, 2.2198241521150637, 2.2195285701344156, 2.2192312524868893, 2.219028662922036, 2.2187341670704703, 2.2184921559105573, 2.2182394587076626, 2.2178951180898228, 2.2176277331816845, 2.2173468694727645, 2.217068691029508, 2.2167952198248644, 2.2163785803012357, 2.2161565667543655, 2.2159901057553086, 2.215676396830469, 2.215411661527096, 2.215048382934342, 2.214869294411097, 2.2144054357822123, 2.2141258242802744, 2.2138308999884844, 2.2135930952862797, 2.2132620903161855, 2.2128011767680826, 2.2126066720383797, 2.2121605068190484, 2.2118676686898255, 2.2114751654812412, 2.211215985636426, 2.2107816343633537, 2.2103380076905603, 2.210054618171138, 2.2096974584791393, 2.2093566274031615, 2.209092422428294, 2.208549820459806, 2.2081918741902733, 2.2079126850152626, 2.2074088306508513, 2.206893222963708, 2.2064355260286574, 2.206299770591605, 2.205916916203295, 2.2054942122891417, 2.205046669030801, 2.204586833460718, 2.2042167217303543, 2.2038366173067665, 2.203424740041423, 2.2028199082765823, 2.2023618740913196, 2.201985470759563, 2.201561703131749, 2.2008794749903884, 2.2004521208950596, 2.200075816904378, 2.199677562611735, 2.199282189210256, 2.1986980840691133, 2.1981035073598227, 2.1974907690643244, 2.197154328863845, 2.1967853572633533, 2.1963398589028253, 2.1957819818431497, 2.1951917353858295], "test_loss": [1.7559741165161133, 1.6343581512451173, 1.555151722717285, 1.5626622650146484, 1.5455959930419922, 1.523105453491211, 1.5322359512329102, 1.5256106338500977, 1.510923536682129, 1.5087694351196288, 1.509485121154785, 1.5299156051635743, 1.4669658706665039, 1.492588424682617, 1.4706108535766602, 1.4771493423461914, 1.4524457473754884, 1.4911237487792968, 1.4717074630737306, 1.4699644134521483, 1.4788039321899413, 1.4252544677734376, 1.466915525817871, 1.468752342224121, 1.496513720703125, 1.4464184173583985, 1.4823279403686525, 1.4693662139892578, 1.502812516784668, 1.4846182464599609, 1.477352555847168, 1.426424723815918, 1.450963734436035, 1.436201594543457, 1.484288929748535, 1.4626022003173829, 1.5323192657470703, 1.4772207077026367, 1.4183087600708009, 1.4434844757080079, 1.4616474884033204, 1.444967140197754, 1.4967975814819336, 1.4683302993774414, 1.4660559463500977, 1.4768441040039062, 1.479301348876953, 1.4871511032104492, 1.4987901763916016, 1.4527436080932616, 1.4582190628051759, 1.4776461776733398, 1.4820417755126953, 1.474923045349121, 1.4538328170776367, 1.4616129348754883, 1.4867483184814454, 1.483070327758789, 1.5142544326782226, 1.4584708312988282, 1.4387491760253905, 1.4388947189331054, 1.4097074935913085, 1.458792184448242, 1.483062580871582, 1.4518833694458009, 1.4472257965087891, 1.4340274337768555, 1.5137736846923828, 1.4360914474487305, 1.4706832931518554, 1.4573438140869142, 1.436513526916504, 1.4702725891113282, 1.4909934127807618, 1.495216551208496, 1.4576371719360353, 1.5070655212402344, 1.4671288848876953, 1.4797844955444337, 1.4423788665771484, 1.4417752655029297, 1.4636465301513673, 1.5005893325805664, 1.452314044189453, 1.5068502990722656, 1.4724059020996094, 1.4623310668945313, 1.4870616821289062, 1.4545973327636719, 1.45215673828125, 1.4611151947021483, 1.4483940521240235, 1.4969582015991212, 1.4802300308227538, 1.4872520294189453, 1.51307880859375, 1.5026258926391602, 1.4527022201538087, 1.4831647094726563], "test_acc": [87.18, 92.29, 93.96, 95.57, 96.14, 96.54, 96.99, 97.35, 97.24, 97.53, 97.68, 97.59, 97.88, 97.89, 97.82, 97.86, 97.94, 98.14, 98.18, 98.14, 98.3, 98.16, 98.01, 98.23, 98.26, 98.42, 98.31, 98.33, 98.39, 98.45, 98.47, 98.47, 98.32, 98.44, 98.56, 98.56, 98.47, 98.48, 98.53, 98.54, 98.58, 98.48, 98.46, 98.57, 98.62, 98.47, 98.46, 98.53, 98.6, 98.51, 98.51, 98.28, 98.52, 98.51, 98.43, 98.28, 98.52, 98.26, 98.26, 98.41, 98.26, 98.13, 98.54, 98.11, 98.49, 98.25, 98.21, 98.2, 98.12, 98.1, 98.14, 98.14, 97.93, 97.81, 97.73, 97.94, 97.69, 97.58, 97.89, 96.98, 97.68, 97.82, 97.78, 97.28, 97.27, 96.76, 96.56, 97.12, 96.61, 97.31, 97.07, 97.2, 97.04, 96.31, 94.37, 95.67, 95.86, 95.94, 96.21, 94.99]}