{"train_loss": [2.298853357632955, 2.2928097237888565, 2.290238115013155, 2.2886214128926268, 2.287283285560771, 2.2861176061834025, 2.2851088729679074, 2.28447465509431, 2.2836781811510396, 2.2831725090996833, 2.282476069071354, 2.281887378448095, 2.2814382640724507, 2.280873565082876, 2.280342488207369, 2.2797826966668806, 2.2792225362908125, 2.2785974206068578, 2.2779972181360946, 2.277321024837657, 2.2767753748812227, 2.276006928875915, 2.2752761942708593, 2.2744943000312543, 2.2736730590844765, 2.272845358420641, 2.2717721701687217, 2.270922300652561, 2.269838468131856, 2.2687630862252326, 2.2674000222458797, 2.2660653978331475, 2.265062994427151, 2.263409780131446, 2.2617376981637416, 2.2600561298875728, 2.2584859458809223, 2.2564956785267234, 2.25447368927491, 2.2528647754946327, 2.250710289702456, 2.247919356211638, 2.2455517186058893, 2.2430163723790746, 2.240144991976583, 2.2370705181716852, 2.23397491630326, 2.230563110775418, 2.2272594571113586, 2.2236515869442215, 2.2188341938532314, 2.2144940388508334, 2.210287564840072, 2.2058636739722686, 2.2008295466757226, 2.1959555969279037, 2.190741030069498, 2.1852870456173887, 2.1785924072958465, 2.172796721641834, 2.165608693391849, 2.1603184077474804, 2.1543509690170612, 2.147159600869203, 2.1398791395700894, 2.1330007370720563, 2.124990860111693, 2.1177883107438045, 2.109045469862783, 2.1006994186303554, 2.0944349103503757, 2.085521963926462, 2.0792722600138087, 2.069361306153811, 2.0617948080229964, 2.05270759239156, 2.0443346485113487, 2.0361882374327407, 2.0282834793767357, 2.020283424701446, 2.012093546298834, 2.003842721128056, 1.9979366965782948, 1.989690728421904, 1.9821906212048652, 1.9735391927071106, 1.967285989696144, 1.9605481576206338, 1.9538558321630852, 1.948328673839569, 1.9425655307932796, 1.933658914688306, 1.9280938827074492, 1.921577581228354, 1.9159638267806454, 1.9098883118384924, 1.9070288752898192, 1.8994472383433938, 1.8947215352812383, 1.890449409556185], "test_loss": [2.132308688354492, 2.0332887969970703, 2.014014270019531, 1.9569354598999023, 1.9348925827026366, 1.9219690872192383, 1.9041938766479491, 1.8801761398315429, 1.895147021484375, 1.8713326171875, 1.8637062408447265, 1.8704009017944336, 1.851147494506836, 1.8925202590942383, 1.8531174301147462, 1.8669009536743164, 1.8545471618652343, 1.846429002380371, 1.8229677307128906, 1.8351042205810546, 1.8368354675292968, 1.8417089859008788, 1.851914080810547, 1.8373246139526367, 1.823907536315918, 1.821905207824707, 1.8371546264648437, 1.8320674179077148, 1.8569936309814452, 1.8687731216430663, 1.8031376342773437, 1.838689158630371, 1.8453009231567383, 1.8444432647705078, 1.8473276718139648, 1.840653709411621, 1.863661476135254, 1.8540377182006835, 1.8291634170532227, 1.8705220947265624, 1.8610741790771483, 1.8661290969848632, 1.841555206298828, 1.8709994445800782, 1.8053608459472656, 1.858357308959961, 1.849576121520996, 1.8586884201049805, 1.8755694274902344, 1.840078483581543, 1.8625423599243165, 1.8868228103637694, 1.8147402236938477, 1.831375375366211, 1.9150279052734376, 1.8790195373535157, 1.886059375, 1.9347236572265625, 1.9045035064697267, 1.932825325012207, 1.927692805480957, 1.8544125473022461, 1.8952813354492188, 1.88233455657959, 1.935507064819336, 1.9285876251220704, 1.952093832397461, 1.9757223175048828, 1.9406726486206054, 1.9554400177001954, 1.9929311401367187, 2.0220898544311523, 2.0686071990966797, 2.0641150146484377, 1.9752193237304687, 1.9935071105957032, 1.9502153549194337, 2.093926498413086, 2.04410418548584, 2.0573436431884766, 1.9974035079956054, 2.0750642318725587, 2.075624639892578, 2.0892660995483396, 2.062120785522461, 2.118254341125488, 2.0636137420654297, 2.1114205169677733, 2.0490196044921873, 2.064499851989746, 2.1225583190917967, 2.175712155151367, 2.1089382080078125, 2.101020803833008, 2.0756453964233397, 2.1592790451049804, 2.1312719772338866, 2.105571743774414, 2.153757229614258, 2.1468097702026365], "test_acc": [67.11, 77.22, 88.12, 89.47, 92.28, 92.0, 93.17, 94.18, 94.18, 94.88, 94.47, 94.0, 94.42, 94.56, 95.38, 95.71, 95.39, 94.78, 95.15, 95.52, 94.97, 94.97, 94.12, 92.22, 93.52, 94.02, 92.62, 92.59, 90.81, 90.26, 92.1, 88.57, 86.95, 86.47, 84.55, 80.93, 79.42, 81.21, 80.16, 74.32, 74.58, 71.44, 75.74, 65.65, 69.29, 67.02, 67.56, 61.11, 60.28, 63.8, 55.46, 53.28, 60.39, 56.61, 47.14, 50.52, 48.43, 43.72, 44.97, 45.65, 41.76, 46.96, 44.11, 44.1, 38.32, 41.16, 37.87, 38.0, 38.19, 37.07, 33.72, 30.47, 28.84, 27.83, 34.85, 33.69, 36.69, 28.62, 30.67, 31.18, 32.63, 28.71, 29.64, 28.61, 29.13, 27.14, 29.66, 29.0, 30.2, 29.01, 26.09, 25.34, 28.47, 28.21, 27.66, 25.8, 26.58, 27.09, 24.69, 26.93]}