{"train_loss": [2.265244674988282, 2.228754868874183, 2.2170882754855685, 2.2101246001374006, 2.2060721924162316, 2.202168472811707, 2.198323159136324, 2.1955698580823393, 2.1924208300745387, 2.1882938640749354, 2.184923049221691, 2.1813079913457236, 2.177033340319609, 2.172238360103379, 2.1674728734880433, 2.1616254774933186, 2.155305406986139, 2.1484404432977366, 2.1390777594513364, 2.1299746714086614, 2.119467512664632, 2.107623115564004, 2.0934172601271896, 2.077606451817048, 2.0591578465751095, 2.037550210952759, 2.014577038267739, 1.9878616926507053, 1.955728100405799, 1.9235139598703792, 1.8858394449592655, 1.8429540586777222, 1.7967949812738304, 1.7475305777839107, 1.693364795966026, 1.635681779211403, 1.5747544923399248, 1.5112522196056497, 1.441951490365542, 1.37673703676615, 1.303572094338572, 1.238596255453224, 1.1693131269043326, 1.1016497382750878, 1.0353736971688068, 0.975076727123342, 0.9209152049997933, 0.8528247735439203, 0.8038114066052641, 0.7550539980586778, 0.7002979992037146, 0.6440770850859137, 0.5950499516394403, 0.548554822929904, 0.5012251501664137, 0.4537443100259854, 0.41086111249577284, 0.3753884214366603, 0.3509563930396341, 0.33309974062901276, 0.3194823525209203, 0.30906548984667176, 0.30049587490084845, 0.2933738365068904, 0.28661501273894924, 0.28021239766325706, 0.2753000469543995, 0.2697661891579628, 0.26413299340722907, 0.2599731841021114, 0.2554507795880493, 0.25225726636047036, 0.2485977043198724, 0.24417697797473678, 0.24137636761252695, 0.23773712397385866, 0.2347202209644338, 0.23141378718308914, 0.2281871233931464, 0.2265899088074509, 0.2237451983950077, 0.22179126545277417, 0.219516220733396, 0.21774970456703097, 0.21546271166358238, 0.21351009559554932, 0.21129598634110558, 0.20972815417071694, 0.20839268227036184, 0.20684619977051377, 0.2055551467033533, 0.20422556114375082, 0.2027630362755213, 0.2014472731986107, 0.2007124588593968, 0.19935204311568513, 0.19838488474488258, 0.197572725928492, 0.19649412451136825, 0.19587175844189447], "test_loss": [1.7316770904541015, 1.558062515258789, 1.4972096908569337, 1.4934710021972657, 1.4587044647216796, 1.4281403854370118, 1.4980805541992188, 1.4377654022216797, 1.4543384811401368, 1.400274136352539, 1.3959300109863282, 1.4463403594970703, 1.4325158126831055, 1.4414938873291017, 1.4108516708374024, 1.4398129501342773, 1.3986762527465821, 1.419905857849121, 1.368835272216797, 1.3962018020629883, 1.3868280654907226, 1.412881980895996, 1.4254154510498047, 1.359619073486328, 1.4730875732421875, 1.4456418579101562, 1.5505819061279298, 1.4299259582519532, 1.4675654052734375, 1.5136109649658203, 1.5932009704589845, 1.4636390274047852, 1.555121208190918, 1.7146451171875, 1.7062027893066407, 1.748897587585449, 1.811916310119629, 1.8584338928222657, 1.918522119140625, 1.973617156982422, 2.075356900024414, 2.121175831604004, 2.2879398529052732, 2.2709900177001954, 2.416331639099121, 2.6272195343017577, 2.7125195861816405, 2.698947299194336, 2.6702612548828126, 2.9650879974365236, 3.074086444091797, 2.9980876556396483, 3.096843130493164, 3.2711467376708985, 3.3939132904052736, 3.564928921508789, 3.5048107391357424, 3.5298848999023438, 3.590215411376953, 3.5212074310302732, 3.5484602752685546, 3.5888001586914062, 3.587114392089844, 3.5845114471435546, 3.662368762207031, 3.643607522583008, 3.658618798828125, 3.70279794921875, 3.6702532043457032, 3.6912742797851563, 3.7062502868652345, 3.7051488555908203, 3.7759841735839843, 3.788751568603516, 3.757972802734375, 3.818039566040039, 3.8520201263427736, 3.8162254455566407, 3.8917008392333985, 3.8259900115966796, 3.843071731567383, 3.8531918518066406, 3.8725614624023437, 3.8344063140869142, 3.83986572265625, 3.865587164306641, 3.8588041931152346, 3.882908312988281, 3.8765858764648438, 3.8705378082275392, 3.85613512878418, 3.8748168579101563, 3.8883292083740235, 3.8960672698974608, 3.8780645416259767, 3.918128103637695, 3.907551089477539, 3.8977740570068358, 3.8661111358642577, 3.9169034606933595], "test_acc": [82.13, 92.39, 94.05, 94.36, 95.3, 95.89, 94.86, 96.67, 96.47, 96.41, 96.19, 95.61, 95.38, 95.73, 95.49, 93.73, 93.0, 92.43, 90.83, 90.71, 88.99, 83.44, 82.53, 80.29, 74.87, 74.89, 61.1, 67.44, 64.48, 58.12, 52.67, 59.54, 53.68, 45.92, 45.22, 43.87, 41.9, 40.68, 37.49, 38.92, 34.91, 35.87, 32.16, 35.84, 34.7, 30.34, 31.75, 30.62, 33.4, 28.58, 31.87, 33.28, 32.88, 30.31, 30.91, 29.61, 29.4, 28.87, 28.5, 29.67, 29.9, 28.32, 28.17, 27.92, 27.86, 28.4, 27.72, 27.17, 27.56, 27.7, 27.92, 27.74, 26.9, 26.15, 27.24, 26.4, 25.97, 26.55, 25.06, 25.78, 25.76, 25.97, 25.36, 25.78, 25.9, 25.56, 26.05, 25.63, 25.28, 25.7, 26.0, 25.61, 25.46, 25.11, 25.31, 24.71, 25.24, 25.04, 25.61, 24.82]}