{"train_loss": [1.8403213821415207, 1.6920330906525636, 1.6731266336053865, 1.6638592853505387, 1.6580978165834377, 1.6541738698625157, 1.6508645214076736, 1.648462493195493, 1.6462946167358985, 1.6444674083310316, 1.6432222479429, 1.641762015911249, 1.6405970540821042, 1.6394879499561765, 1.638535162831983, 1.6377087395924788, 1.636966931514251, 1.6362315181993012, 1.6354237598741157, 1.6350283365473788, 1.6343791497568798, 1.6338028064650347, 1.6333721129812746, 1.6328503762045476, 1.6325029850515544, 1.6319773339817667, 1.6314287937095022, 1.6312866114143632, 1.6307941203952854, 1.6303798423873053, 1.6300902618811681, 1.6299218706086152, 1.629444956015318, 1.6291925504676297, 1.6287671865051627, 1.6286646677897527, 1.6284242213791251, 1.62805384499395, 1.627920088604984, 1.627691325214174, 1.6273939836229014, 1.627345288411165, 1.6269753142299814, 1.626727276123487, 1.6264040747768858, 1.6263426076143215, 1.6260609825452168, 1.6259658553152003, 1.6257797517837622, 1.6255205265986614, 1.6254187445355277, 1.6252157840973291, 1.6251321679506547, 1.624845085745184, 1.6248154337080116, 1.6245635592529917, 1.624477686535599, 1.6243333923511016, 1.6241760523910196, 1.62399919776835, 1.6239763386229165, 1.6238055817591839, 1.6234787893600953, 1.623511294523875, 1.6233843603195288, 1.6231765311497908, 1.6229929941841679, 1.6230223599152687, 1.6229043615679455, 1.6226647544620383, 1.622539597698766, 1.622351894266585, 1.6223348514137106, 1.6222717051322644, 1.621950954453558, 1.622023442107388, 1.621911460517818, 1.6218153999911413, 1.6217289072835548, 1.6216752567352393, 1.6214947728519766, 1.6214030193976867, 1.6213371381800399, 1.6211561700727186, 1.6212476007958763, 1.621080715686847, 1.6209552453623877, 1.620752054401952, 1.62079952746375, 1.6207133490815122, 1.6205706573449647, 1.6205050443482196, 1.6203900180820725, 1.6203224944253254, 1.6202535394929414, 1.6202132189885163, 1.6201428630922594, 1.6199668482837515, 1.6199021232433808, 1.619868124397392], "test_loss": [0.7461247802734375, 0.6624406158447266, 0.6366886493682862, 0.6243197891235351, 0.633942951965332, 0.6475927879333496, 0.6196249389648437, 0.6136677650451661, 0.6354039283752442, 0.6397186195373535, 0.5782455661773681, 0.6417511611938477, 0.5929339912414551, 0.5910718139648438, 0.5794041717529297, 0.5797663375854493, 0.5982566574096679, 0.6347337051391602, 0.5905938514709472, 0.5808954353332519, 0.5865213607788086, 0.603575912475586, 0.5709493766784668, 0.6007164840698243, 0.6080908790588379, 0.590397135925293, 0.5697719947814941, 0.5849049476623536, 0.588498031616211, 0.6008488914489746, 0.5900642021179199, 0.6111690628051758, 0.581394295501709, 0.5850679008483887, 0.6374705871582032, 0.5905795379638672, 0.5886065628051758, 0.617718618774414, 0.5837160865783692, 0.6231816650390625, 0.5730020446777344, 0.561821166229248, 0.6032029663085937, 0.5912589126586915, 0.6099643966674805, 0.5964672859191894, 0.58754361038208, 0.5829590423583985, 0.5879820869445801, 0.587985417175293, 0.5978983177185059, 0.5695927238464356, 0.5883464431762695, 0.6332522514343262, 0.5790070121765136, 0.5757600151062011, 0.5758203727722168, 0.5980521247863769, 0.5775134399414062, 0.5912261352539062, 0.5988822952270508, 0.5856357597351074, 0.5727434921264648, 0.5846969909667968, 0.6025790840148926, 0.5663965759277344, 0.5915324111938477, 0.5956611297607421, 0.5821144477844238, 0.5660108024597168, 0.5808353546142578, 0.5907729843139649, 0.5963695831298829, 0.601541259765625, 0.5621254867553711, 0.5822210487365722, 0.5834075500488282, 0.5700228820800781, 0.583470295715332, 0.5825521453857422, 0.5694509941101075, 0.5987989395141602, 0.5726072425842286, 0.5800965545654296, 0.5979874435424805, 0.5625477264404297, 0.6080818061828613, 0.5628398979187011, 0.5706288314819336, 0.5809129562377929, 0.5851104179382324, 0.5927648933410644, 0.5870837753295899, 0.5992454170227051, 0.5772641937255859, 0.5738386009216309, 0.5876554061889648, 0.5911226676940918, 0.5830445022583007, 0.5756668243408203], "test_acc": [95.98, 97.53, 98.17, 98.35, 98.34, 98.6, 98.7, 98.83, 98.86, 98.88, 98.83, 98.93, 98.92, 98.87, 98.97, 98.98, 99.0, 98.95, 98.96, 98.95, 98.99, 99.01, 98.95, 99.04, 99.05, 99.03, 99.02, 99.04, 99.05, 99.03, 99.05, 99.02, 99.04, 99.02, 99.16, 99.1, 99.12, 99.11, 99.05, 99.15, 99.13, 99.16, 99.11, 99.14, 99.21, 99.1, 99.1, 99.22, 99.16, 99.17, 99.12, 99.23, 99.16, 99.13, 99.2, 99.22, 99.21, 99.21, 99.19, 99.16, 99.18, 99.24, 99.2, 99.25, 99.24, 99.22, 99.28, 99.16, 99.26, 99.25, 99.23, 99.27, 99.22, 99.26, 99.28, 99.21, 99.24, 99.27, 99.22, 99.28, 99.23, 99.29, 99.29, 99.21, 99.3, 99.27, 99.28, 99.23, 99.26, 99.25, 99.25, 99.31, 99.23, 99.28, 99.31, 99.29, 99.3, 99.3, 99.28, 99.31]}