{"train_loss": [2.2816493714976516, 2.2616846286333523, 2.2554724817602043, 2.252182055742313, 2.2504292802932935, 2.2493449821431413, 2.2483786263017573, 2.2477190560764737, 2.2471031612820096, 2.246632401759808, 2.246137864059872, 2.245770579729325, 2.245382603417095, 2.2450997253768463, 2.244786321097969, 2.2445041241808834, 2.2442529002825418, 2.2440297048316045, 2.2438560174061704, 2.2436189732999883, 2.2433752432847633, 2.2431833285551805, 2.2430274405031123, 2.2428915062521257, 2.2426918174466515, 2.242533101485326, 2.2423435276390142, 2.242201812756367, 2.2420821123652988, 2.241938030617869, 2.241796406925234, 2.2416180112423043, 2.241497477914533, 2.2413817725629888, 2.2412244081497192, 2.2411167290475635, 2.2410127968869658, 2.240794646943736, 2.24075222066325, 2.2406260197998114, 2.24045891690458, 2.240353499722277, 2.2402167906109085, 2.2400576986818233, 2.2400077316496105, 2.239849102802766, 2.239721024647737, 2.239640732606252, 2.2394782854960513, 2.2393640203353686, 2.2392557380545854, 2.2391334221913266, 2.239006746528495, 2.238877808945811, 2.2387846968112846, 2.2386371936553564, 2.238457610973945, 2.2383466571824164, 2.2382671496807, 2.2382097845403557, 2.2380620368525515, 2.237896911608867, 2.237873739666409, 2.237711526389815, 2.237603555887173, 2.237456978386284, 2.237251231813023, 2.237197898901426, 2.237086776484791, 2.236950462190514, 2.2367671203409505, 2.23670257258619, 2.2365446141642384, 2.236408697743701, 2.236253144394638, 2.2361489575133366, 2.2360693679915533, 2.2358462749383388, 2.2357548266394525, 2.235667548627935, 2.235515627086672, 2.2354276766124954, 2.2352278818432083, 2.2351064529174414, 2.2349342703819275, 2.234785090654324, 2.2346109671470447, 2.234557314306243, 2.2343724242642393, 2.2342443007689257, 2.234146654096424, 2.2338929074442286, 2.233874374984676, 2.2336473943840742, 2.233458530189645, 2.2332817881535263, 2.2331730382055297, 2.233085675117297, 2.232966436789586, 2.232729095679063], "test_loss": [1.832072673034668, 1.7230836441040038, 1.6783370361328125, 1.6393257431030273, 1.6347458023071288, 1.6261369033813478, 1.6091680755615234, 1.5874998245239258, 1.5942615005493164, 1.6028655181884766, 1.590824444580078, 1.5898559707641602, 1.5732323394775392, 1.5592884704589844, 1.5759944946289062, 1.5985694091796876, 1.593525146484375, 1.5664622955322265, 1.5590171188354491, 1.5887099807739258, 1.5528492996215821, 1.5690541656494141, 1.575561016845703, 1.5711059448242188, 1.5479382369995118, 1.5583110977172852, 1.5777274124145508, 1.5449225051879882, 1.5762424942016602, 1.5510473266601563, 1.5533735565185547, 1.5653554000854493, 1.5527612670898439, 1.5519337615966797, 1.5481961807250977, 1.5521595138549804, 1.5360520385742187, 1.5461110076904296, 1.5569472610473634, 1.5487776123046875, 1.545480992126465, 1.5427967468261718, 1.5424153244018555, 1.5534258392333984, 1.5819569702148437, 1.5347225540161133, 1.531674446105957, 1.5527200088500976, 1.5425612686157226, 1.5516131256103516, 1.5349536560058594, 1.5502247009277343, 1.5508322235107421, 1.5572098022460938, 1.5723122207641602, 1.548439549255371, 1.5504381164550782, 1.545583432006836, 1.5707994155883789, 1.5302703414916992, 1.5306839340209961, 1.5362413162231445, 1.5374376663208007, 1.5560923049926758, 1.520414971923828, 1.5697347106933595, 1.5588811416625976, 1.5427185928344727, 1.577857957458496, 1.5318129165649415, 1.5453308349609376, 1.5504301544189454, 1.5885909957885742, 1.5230057525634766, 1.5286081100463866, 1.5582616928100586, 1.5462395614624023, 1.5484711471557617, 1.5400497955322265, 1.5436116424560546, 1.5962381591796875, 1.5468344009399415, 1.534732862854004, 1.543486750793457, 1.5384211486816406, 1.5410091613769532, 1.5663501876831054, 1.5379352127075194, 1.5083267303466796, 1.5165004348754882, 1.5522374984741212, 1.498557843017578, 1.539998503112793, 1.5736425552368165, 1.5406402572631837, 1.5552651519775391, 1.5662301727294923, 1.5453820068359374, 1.5331636276245117, 1.5634953979492188], "test_acc": [81.09, 89.79, 93.64, 95.06, 95.9, 96.3, 96.75, 97.02, 97.01, 97.3, 97.5, 97.56, 97.52, 97.65, 97.93, 97.9, 97.88, 98.04, 97.93, 98.12, 98.14, 98.16, 98.06, 98.2, 98.27, 98.35, 98.43, 98.37, 98.44, 98.27, 98.32, 98.37, 98.41, 98.49, 98.35, 98.52, 98.32, 98.57, 98.58, 98.5, 98.49, 98.51, 98.6, 98.52, 98.68, 98.59, 98.56, 98.57, 98.52, 98.67, 98.55, 98.46, 98.57, 98.69, 98.64, 98.53, 98.5, 98.55, 98.59, 98.57, 98.7, 98.58, 98.66, 98.58, 98.56, 98.59, 98.48, 98.59, 98.5, 98.6, 98.61, 98.48, 98.61, 98.61, 98.56, 98.62, 98.49, 98.45, 98.55, 98.61, 98.39, 98.5, 98.44, 98.43, 98.58, 98.44, 98.45, 98.53, 98.33, 98.57, 98.45, 98.53, 98.32, 98.31, 98.17, 98.48, 98.01, 98.42, 98.37, 98.31]}