{"train_loss": [2.3022725684011083, 2.301711884319273, 2.3013703629501863, 2.30117853024067, 2.3010547145819054, 2.300963257113074, 2.300888920441652, 2.3008230522147612, 2.3007667482408705, 2.3007149166531033, 2.300667978759505, 2.300625605460925, 2.300588475842761, 2.3005537665807285, 2.3005210772538796, 2.300494820643694, 2.3004671233332057, 2.3004442035642443, 2.3004224942280698, 2.300401422712538, 2.300383276409573, 2.3003669299631038, 2.300351226941133, 2.300337803669465, 2.300324939764463, 2.300312942928738, 2.300300318461198, 2.3002915723711, 2.3002791903976703, 2.3002696806549006, 2.300261178587237, 2.3002510860434966, 2.3002453334311133, 2.300235703969613, 2.300229132684887, 2.3002247494510097, 2.300212596726214, 2.300207385650048, 2.3002020467040887, 2.3001945212356047, 2.300190725387671, 2.300182976274409, 2.3001758333964224, 2.300171418577178, 2.3001651977881408, 2.300161079973237, 2.300154618218414, 2.300149235969935, 2.300143310147473, 2.300138846421853, 2.300131896112719, 2.3001302220882516, 2.300122264613453, 2.3001215738109035, 2.3001155807421756, 2.3001155506851325, 2.3001081597091804, 2.300103461640513, 2.3001004895593367, 2.300096778278677, 2.3000933502474403, 2.30008770716496, 2.300085309733692, 2.3000817630026074, 2.300075993578658, 2.300072133541107, 2.300070390742049, 2.3000652423271766, 2.3000642545202856, 2.3000580357690144, 2.300054846665798, 2.300049929537325, 2.300049691118746, 2.300046334409306, 2.3000406847040877, 2.300041121295375, 2.300035920408037, 2.300033621298961, 2.3000295595226126, 2.300028175370306, 2.3000268635586796, 2.3000216631807833, 2.3000171979268393, 2.3000159436820917, 2.30001498083783, 2.300011020440322, 2.300007639787136, 2.3000034460654626, 2.300000199395367, 2.29999994722187, 2.2999945216708713, 2.2999913142277646, 2.299990045209216, 2.299987658476218, 2.2999848881338396, 2.2999838284957104, 2.299980613410982, 2.299978664288154, 2.2999738602556734, 2.299973194415753], "test_loss": [2.2658173461914064, 2.2353380645751955, 2.2123652893066406, 2.198261962890625, 2.188862518310547, 2.1828171936035154, 2.176798989868164, 2.1727938751220703, 2.168686187744141, 2.1651708740234374, 2.160476193237305, 2.157488168334961, 2.1554184997558594, 2.152402438354492, 2.149839990234375, 2.1472612121582033, 2.1446760192871093, 2.1427885955810546, 2.1420326416015625, 2.1386176483154298, 2.13888655090332, 2.1375978607177735, 2.1360669006347655, 2.1351942138671873, 2.1332985565185547, 2.1330177001953126, 2.1325228698730467, 2.130553060913086, 2.132031283569336, 2.1298057556152346, 2.129077908325195, 2.128205667114258, 2.1268129486083986, 2.1273843597412108, 2.1272445770263673, 2.127359674072266, 2.1268322540283204, 2.126372186279297, 2.12354677734375, 2.125321145629883, 2.1238362579345704, 2.126229800415039, 2.1233991271972656, 2.1236729583740233, 2.12398203125, 2.1225768798828124, 2.122313967895508, 2.1226900573730467, 2.1227847106933595, 2.1200878295898438, 2.1195860900878905, 2.119343508911133, 2.1219828582763673, 2.120298861694336, 2.121572561645508, 2.1196913513183593, 2.1202654357910156, 2.120233465576172, 2.119358856201172, 2.1205234832763673, 2.1200106384277344, 2.1199599212646483, 2.120204959106445, 2.118951919555664, 2.1186248016357423, 2.1183473693847654, 2.1183615692138673, 2.1184440063476564, 2.118756182861328, 2.116697943115234, 2.1171188507080076, 2.1166894989013674, 2.1161332153320314, 2.1168863525390624, 2.117978598022461, 2.1169578277587893, 2.1178184020996094, 2.11565768737793, 2.1162448974609376, 2.1161897857666014, 2.116465447998047, 2.1155614166259764, 2.114511846923828, 2.1151121856689454, 2.115289175415039, 2.116948236083984, 2.115118032836914, 2.1177667236328124, 2.1143284912109377, 2.114364617919922, 2.114880615234375, 2.1142335876464844, 2.1152571258544923, 2.114747784423828, 2.1129539642333985, 2.114520150756836, 2.1130224517822267, 2.110541616821289, 2.1122936645507813, 2.111793859863281], "test_acc": [59.7, 74.25, 79.26, 83.33, 86.25, 87.69, 88.45, 89.33, 90.31, 90.97, 91.59, 91.74, 92.36, 92.55, 92.88, 93.29, 93.35, 93.87, 94.13, 94.2, 94.39, 94.59, 94.93, 94.67, 94.86, 95.16, 95.01, 95.11, 95.38, 95.54, 95.52, 95.74, 95.76, 95.97, 95.86, 96.02, 96.04, 96.14, 95.92, 96.09, 96.17, 96.31, 96.29, 96.19, 96.48, 96.56, 96.38, 96.43, 96.57, 96.42, 96.65, 96.6, 96.76, 96.6, 96.62, 96.53, 96.6, 96.79, 96.75, 96.81, 96.74, 96.89, 96.84, 96.8, 96.81, 97.06, 97.0, 97.0, 97.0, 97.01, 97.09, 96.91, 96.92, 97.08, 97.11, 97.06, 97.08, 97.18, 97.11, 97.23, 97.21, 97.14, 97.27, 97.22, 97.38, 97.34, 97.26, 97.34, 97.34, 97.25, 97.28, 97.41, 97.38, 97.29, 97.41, 97.22, 97.4, 97.37, 97.42, 97.36]}