{"train_loss": [2.302757364052993, 2.3016914180201344, 2.300885001818339, 2.300078999792409, 2.2995431234693933, 2.2989495126610127, 2.2982235525408363, 2.297717084742, 2.296915438440111, 2.2962376633261004, 2.295170655107906, 2.294345460386358, 2.2929081967753224, 2.291889618604611, 2.290474883002094, 2.288768859500559, 2.2866390322008705, 2.2847422340996246, 2.282142896937509, 2.279099746647044, 2.2763250842053666, 2.271941065788269, 2.2676378840055222, 2.2631080507213235, 2.2575741985924225, 2.2502717416510625, 2.2429606838104053, 2.2348697628730383, 2.2257809970113964, 2.213740972372202, 2.2015439378909574, 2.1862195241145597, 2.1714830811207113, 2.152495724013728, 2.1321025939069242, 2.1064129199227715, 2.0784961071788755, 2.0484392910431595, 2.0121563003103957, 1.9724319042303624, 1.9306456892408876, 1.8809272623979127, 1.8286788906806555, 1.771826510500704, 1.7131809103183258, 1.6464839549655588, 1.5890650761942577, 1.5139836434625153, 1.4516187030026035, 1.3816306968020577, 1.3101102916093974, 1.2497925577510116, 1.1872384014547381, 1.1208228400120368, 1.0600952681822655, 1.0029308495358524, 0.9394644437692105, 0.890119702133358, 0.8409930193780834, 0.7977431953972222, 0.7612687705928444, 0.7317543745550334, 0.7095401177548954, 0.6916572296211863, 0.6769296922999569, 0.6632812861193959, 0.6537625063688327, 0.644178894849924, 0.6363802028772159, 0.6289090516730251, 0.6222389317475833, 0.6161865426434411, 0.6100543501794847, 0.6048804577599224, 0.6004358533865366, 0.5955747163448578, 0.59145076916768, 0.5872755690008147, 0.5831463596759698, 0.5799792266299582, 0.5759154916064352, 0.5733190909919575, 0.5701464597995465, 0.5673637458911309, 0.5641183958858507, 0.5615614191589192, 0.5594735455054504, 0.5572496960815202, 0.5544028131880312, 0.5520195237591735, 0.5502173884047402, 0.5481480274699692, 0.5462030998916707, 0.5444266895453135, 0.5430319590700997, 0.5412820626018394, 0.5398677406657455, 0.5383923796252308, 0.5370974552172881, 0.5355709763164194], "test_loss": [2.2756523956298826, 2.2482936767578123, 2.223130670166016, 2.19954176940918, 2.18939255065918, 2.1707714965820313, 2.167236489868164, 2.1564982482910158, 2.143822885131836, 2.1425682495117186, 2.136512576293945, 2.1282761840820315, 2.119876754760742, 2.1236255920410154, 2.1218976104736327, 2.0958292083740235, 2.0997454681396484, 2.1042866821289063, 2.0771433807373048, 2.0920091064453126, 2.116516995239258, 2.100873516845703, 2.1122311157226563, 2.093643881225586, 2.130557470703125, 2.1215609985351565, 2.072415428161621, 2.146850341796875, 2.1582605529785157, 2.140129296875, 2.1187391387939454, 2.1179613891601563, 2.085189985656738, 2.2126592407226564, 2.160416537475586, 2.1499251739501952, 2.2501210205078124, 2.280644064331055, 2.3070493408203125, 2.2651964050292968, 2.347957580566406, 2.4606123413085936, 2.5653317932128905, 2.543841256713867, 2.6563633117675782, 2.77857529296875, 2.792738394165039, 2.7020396514892577, 2.988332293701172, 2.94553876953125, 3.2367000885009767, 3.2181539459228516, 3.2852133819580076, 3.4793261322021483, 3.6014748107910157, 3.650525698852539, 3.64454541015625, 3.71226767578125, 3.8522000854492187, 3.786290588378906, 3.8807914764404297, 3.8781912414550783, 3.856072412109375, 3.8590499969482424, 3.785769046020508, 3.80954111328125, 3.8347080383300782, 3.8829773590087893, 3.8570973052978514, 3.8329738830566407, 3.8287146270751955, 3.883435580444336, 3.883708645629883, 3.8243237609863283, 3.871306182861328, 3.910945642089844, 3.8215712829589843, 3.900523797607422, 3.880621472167969, 3.8521810424804688, 3.867123431396484, 3.8596681732177736, 3.867101239013672, 3.9139413330078123, 3.882332373046875, 3.8857257263183596, 3.9203784088134768, 3.87993505859375, 3.8698328857421873, 3.906967254638672, 3.9196069976806642, 3.8883168395996095, 3.878421505737305, 3.8934402709960936, 3.8600145782470703, 3.883441830444336, 3.876228527832031, 3.8999497924804687, 3.880964797973633, 3.8654715850830077], "test_acc": [41.31, 44.86, 50.8, 50.51, 68.59, 68.06, 71.69, 71.29, 72.75, 69.39, 67.16, 64.36, 65.71, 58.88, 63.25, 64.56, 59.09, 50.99, 57.32, 49.73, 33.37, 44.29, 41.09, 38.54, 29.29, 26.74, 32.63, 25.86, 24.32, 21.42, 23.61, 25.09, 27.68, 21.46, 21.61, 22.98, 17.96, 16.44, 17.56, 17.23, 16.5, 14.96, 14.27, 15.45, 13.36, 12.33, 13.31, 14.71, 12.01, 13.35, 11.82, 13.7, 13.29, 11.35, 12.31, 13.84, 13.6, 13.13, 12.28, 12.86, 12.09, 12.54, 12.49, 12.62, 13.17, 12.52, 12.57, 11.77, 12.44, 12.69, 13.03, 11.88, 11.97, 12.28, 12.2, 12.06, 12.58, 11.59, 12.28, 12.5, 12.48, 12.21, 11.96, 11.92, 12.11, 12.2, 11.67, 12.16, 12.48, 11.71, 11.86, 12.04, 12.25, 12.21, 12.55, 12.46, 12.08, 11.97, 11.76, 12.26]}