{"train_loss": [2.3015658371468897, 2.2997480574836078, 2.298885928769397, 2.2984650822786183, 2.29816039912721, 2.297915397036789, 2.2977033430694513, 2.297526341218215, 2.297379466712984, 2.2972558675668178, 2.297154618634118, 2.297069795620747, 2.2969995304050608, 2.296937130455278, 2.2968847532557626, 2.296840569911859, 2.2967984136353192, 2.2967614103586245, 2.296731146482321, 2.296701447576539, 2.296673727850629, 2.296647245557899, 2.2966221132849016, 2.2965990809293895, 2.2965770032670765, 2.296558158010499, 2.2965386922542868, 2.296521065072117, 2.2965018937730384, 2.2964892820415335, 2.2964712457779126, 2.296455214675675, 2.2964400954735584, 2.296431042190291, 2.29641524492166, 2.296402555755061, 2.296390678638067, 2.29637912246916, 2.2963704629841013, 2.296354431881864, 2.2963477902942233, 2.2963351347507577, 2.296325928125626, 2.296316215625176, 2.296304136259943, 2.2962954635294075, 2.2962874428838744, 2.2962780579542503, 2.2962715172360086, 2.296262045701345, 2.2962567984548388, 2.2962445015581245, 2.2962372379425244, 2.2962283655109568, 2.2962230764902554, 2.2962162285788446, 2.2962090373039246, 2.2961991286685324, 2.2961934596045404, 2.296187736539759, 2.2961792894917674, 2.2961734991807203, 2.296170557156587, 2.296161354606987, 2.296155603013487, 2.2961487092523494, 2.296143792123876, 2.2961383635162287, 2.296133961942461, 2.296131016861679, 2.2961197006396756, 2.296118170277685, 2.2961097461545568, 2.296106112818433, 2.2961014799582653, 2.2960964976212916, 2.2960873251287346, 2.296087571188935, 2.2960812693987136, 2.296074390411377, 2.29607150136915, 2.296066533805978, 2.2960603705838194, 2.2960571605935054, 2.2960529261165195, 2.296046111828242, 2.2960443517081757, 2.296039366823995, 2.2960348394181995, 2.29603129115879, 2.296025379600688, 2.2960235338944655, 2.2960222129128938, 2.2960146400663586, 2.296009285327716, 2.2960110826370044, 2.2960034252231956, 2.2960008703745327, 2.295997364908202, 2.2959920173017387], "test_loss": [2.2318175720214843, 2.1626272644042968, 2.1309028259277345, 2.113932846069336, 2.101498910522461, 2.092057736206055, 2.0812055938720704, 2.0738531494140626, 2.068452618408203, 2.060361508178711, 2.055320816040039, 2.054293492126465, 2.0486815338134767, 2.0435775329589845, 2.04407618560791, 2.0399253540039064, 2.0390254150390623, 2.037519395446777, 2.0356834259033203, 2.034146189880371, 2.0327671829223632, 2.032236491394043, 2.032943997192383, 2.0301259185791016, 2.0287059814453126, 2.0303156555175783, 2.0273591552734374, 2.026124139404297, 2.026632025146484, 2.0273765609741212, 2.0265340927124025, 2.021695056152344, 2.024447129821777, 2.023031285095215, 2.02115382232666, 2.020360412597656, 2.0207712966918945, 2.020844807434082, 2.0190847915649415, 2.0223363479614256, 2.0184618255615234, 2.0205404281616213, 2.0199976470947267, 2.014902377319336, 2.0196570266723635, 2.015517337036133, 2.014125201416016, 2.019680924987793, 2.0161790603637697, 2.0187173706054686, 2.0152299057006835, 2.0160614349365233, 2.0166215423583984, 2.014155682373047, 2.013823176574707, 2.013463896179199, 2.0131643112182616, 2.014816665649414, 2.01507541809082, 2.016078939819336, 2.01340958404541, 2.0124811279296875, 2.014963053894043, 2.010919268798828, 2.010988960266113, 2.0129267379760742, 2.010312809753418, 2.012151467895508, 2.0094806915283203, 2.0102255584716797, 2.0135281097412108, 2.0125307189941406, 2.0121729644775392, 2.01107001953125, 2.010126434326172, 2.0097309158325194, 2.0109250427246095, 2.008725550842285, 2.0081859970092775, 2.010811529541016, 2.009583721923828, 2.009281867980957, 2.009710969543457, 2.0098254486083986, 2.007729931640625, 2.010666607666016, 2.007142762756348, 2.0081023071289064, 2.0114360824584963, 2.01330361328125, 2.007919952392578, 2.0046584182739258, 2.0067040283203124, 2.011036326599121, 2.0129761779785156, 2.0062817321777344, 2.0093393310546874, 2.0079996154785156, 2.006061241149902, 2.006747920227051], "test_acc": [69.87, 81.22, 85.96, 88.26, 89.33, 91.11, 91.54, 92.55, 93.34, 93.83, 94.12, 94.44, 94.83, 95.04, 95.31, 95.29, 95.55, 95.78, 95.87, 95.97, 96.06, 96.22, 96.35, 96.37, 96.39, 96.5, 96.55, 96.6, 96.48, 96.56, 96.71, 96.81, 96.85, 96.99, 96.86, 96.96, 97.05, 97.05, 97.06, 97.12, 97.25, 97.33, 97.32, 97.29, 97.42, 97.55, 97.44, 97.41, 97.52, 97.43, 97.47, 97.35, 97.65, 97.61, 97.55, 97.68, 97.54, 97.7, 97.63, 97.64, 97.69, 97.77, 97.71, 97.68, 97.76, 97.68, 97.74, 97.73, 97.75, 97.81, 97.86, 97.84, 97.78, 97.88, 97.86, 97.92, 97.79, 97.83, 97.91, 97.88, 97.87, 97.79, 97.88, 97.95, 97.98, 97.95, 97.98, 97.93, 97.92, 98.02, 98.0, 97.98, 97.95, 97.97, 98.06, 98.0, 97.99, 97.93, 98.05, 98.01]}