{"train_loss": [2.2413210440904665, 2.1985116855710998, 2.1884888507362104, 2.1843343468812795, 2.181863161233755, 2.180136738679348, 2.1788494551283684, 2.1778739609270015, 2.1770778130262327, 2.1763219583747735, 2.175838205549452, 2.175330598639627, 2.174906548781273, 2.1744769781063766, 2.1741616822715497, 2.1738650309733853, 2.173586721603687, 2.1732991266454387, 2.1730649180901356, 2.1728671987851462, 2.172656602329678, 2.172477696186457, 2.1722925728202886, 2.17213092960863, 2.171974415453071, 2.1718015456810975, 2.1716326266272454, 2.171555314308558, 2.171407400033413, 2.1712630126211376, 2.1711654464403787, 2.1710711559678755, 2.1709525702346086, 2.1708427810261393, 2.170734874203674, 2.1706668505301843, 2.1705808573298984, 2.170489109479464, 2.170406754200275, 2.170348864844722, 2.1702468507310266, 2.170192186139588, 2.170110836497739, 2.170017501227876, 2.1699633409834314, 2.1698991141767583, 2.1698310105209675, 2.1697814367775226, 2.1697223925182962, 2.169660892751482, 2.169616937637329, 2.1695459418826633, 2.169504397954696, 2.169432717001336, 2.169409869063614, 2.1693642740575676, 2.1693068340293364, 2.169254611700009, 2.1692107192471495, 2.1691786483821707, 2.169131873509823, 2.169075267946618, 2.1690274405683208, 2.1690067149635053, 2.1689670040057254, 2.168931213199583, 2.168881768854255, 2.168867770423237, 2.168828130277813, 2.1687810263063154, 2.168736847037943, 2.1686878729070354, 2.1686898587096453, 2.1686371259200268, 2.1685908538663488, 2.1685718460979624, 2.168541056987567, 2.1685179033849993, 2.168492793527424, 2.1684580852842736, 2.1684151459962893, 2.1683926668941464, 2.1683694536869345, 2.1683317575699244, 2.16832475275056, 2.168282884817857, 2.16825766237373, 2.1682294515463023, 2.168209739220448, 2.168193553757464, 2.168149090730227, 2.168132583809714, 2.168100385584383, 2.1680826626272283, 2.16806571605878, 2.168040570540306, 2.1680217899827876, 2.1679942567124324, 2.1679695355586515, 2.16794338898781], "test_loss": [1.55324970703125, 1.429359944152832, 1.3835486312866212, 1.3618907852172852, 1.3559149139404296, 1.3466172180175782, 1.3315224899291993, 1.338034489440918, 1.3318860794067382, 1.3238940002441406, 1.3117668670654297, 1.3252439987182618, 1.3052329177856445, 1.3160854843139649, 1.3016974639892578, 1.3122765167236328, 1.2984164947509766, 1.3055273223876953, 1.3053748504638671, 1.3013090393066407, 1.2931819122314454, 1.2841102096557617, 1.301313262939453, 1.2970869705200194, 1.2844742126464843, 1.2953426208496093, 1.2858769104003906, 1.2883716903686524, 1.2979745071411133, 1.2953664123535156, 1.2991531600952149, 1.2851033752441405, 1.284299769592285, 1.2822991027832031, 1.3082118240356446, 1.2872543563842773, 1.2786522445678712, 1.2864664825439454, 1.2854344848632813, 1.284647119140625, 1.2809182723999024, 1.2721699813842773, 1.2845991134643555, 1.276443586730957, 1.2810280792236328, 1.2864284881591797, 1.281905271911621, 1.2897589263916016, 1.3009134552001953, 1.2813730087280273, 1.2875938491821288, 1.269454183959961, 1.2857230697631836, 1.308110678100586, 1.269672233581543, 1.2847778259277345, 1.2832070968627929, 1.2749737518310547, 1.2820137969970704, 1.286099430847168, 1.2805027145385741, 1.27776396484375, 1.26658084564209, 1.2934216110229493, 1.2881922897338867, 1.2735652069091796, 1.2850489685058595, 1.2846377532958984, 1.292413864135742, 1.266480517578125, 1.2790548110961915, 1.2749554763793944, 1.279376431274414, 1.2849258804321289, 1.2697288208007813, 1.2765252197265624, 1.2768353744506835, 1.2703612167358398, 1.278609669494629, 1.278136001586914, 1.2633278854370118, 1.2710427124023438, 1.271776708984375, 1.2704510375976563, 1.2806412643432616, 1.26683203125, 1.2908444915771484, 1.263708840942383, 1.2629129486083985, 1.2765280975341797, 1.279468620300293, 1.2669848556518555, 1.2697081970214843, 1.2752462615966798, 1.272654862976074, 1.268471142578125, 1.2729584106445313, 1.2774930755615235, 1.283009651184082, 1.2690736251831054], "test_acc": [89.55, 94.66, 96.22, 96.8, 97.09, 97.54, 97.67, 97.96, 98.01, 98.05, 98.2, 98.31, 98.26, 98.33, 98.36, 98.4, 98.52, 98.5, 98.57, 98.53, 98.52, 98.63, 98.67, 98.72, 98.63, 98.69, 98.76, 98.76, 98.73, 98.67, 98.77, 98.77, 98.75, 98.73, 98.82, 98.83, 98.85, 98.86, 98.83, 98.91, 98.92, 98.87, 98.84, 98.85, 98.84, 98.93, 98.91, 98.86, 98.93, 98.98, 98.93, 98.93, 98.91, 98.94, 98.96, 98.96, 98.93, 98.95, 98.94, 98.97, 98.93, 98.97, 98.97, 99.01, 98.98, 98.96, 98.99, 99.0, 99.03, 99.02, 99.02, 99.02, 99.0, 99.04, 99.01, 99.03, 99.04, 99.03, 99.02, 99.03, 99.0, 99.03, 99.04, 99.06, 99.07, 99.06, 99.07, 99.07, 99.06, 99.06, 99.08, 99.09, 99.07, 99.1, 99.11, 99.13, 99.05, 99.07, 99.06, 99.09]}