{"train_loss": [2.301636645427117, 2.2998044888178506, 2.298803663151896, 2.2983136997263656, 2.2979432471797, 2.2975479420433698, 2.297271869630895, 2.2970113718611564, 2.296765227093656, 2.2965783410602145, 2.2963568843328037, 2.296204151251377, 2.296020842006064, 2.2958635550278883, 2.2956904763849373, 2.295545659513555, 2.2953839612822247, 2.295266819305909, 2.295130109685099, 2.295022159560114, 2.294816536271674, 2.2946701319808636, 2.29452229055584, 2.2943719304524937, 2.2942139725399833, 2.294103822646997, 2.2939374059693427, 2.293759030154628, 2.2936286707209725, 2.2934081004216123, 2.293265020235991, 2.2930613114283633, 2.2929248840380936, 2.292702503183968, 2.292437613519848, 2.292320269295293, 2.2920833708893538, 2.2918293863280206, 2.2916302375304394, 2.2913727714465213, 2.2911168260452075, 2.2908679781815944, 2.2905852010107446, 2.2902958444041066, 2.2900026741190853, 2.289749595344576, 2.2894294088722296, 2.2891147992549796, 2.2888027740339947, 2.288427050806518, 2.2881754198644915, 2.2877634019933195, 2.287373008381607, 2.2868604430785546, 2.2864968318205614, 2.2860644882560797, 2.285653522381416, 2.285227734308976, 2.2847453554471335, 2.2842694419062037, 2.2838589110945025, 2.283232688394367, 2.2827464377778206, 2.282097061475118, 2.2816261659320602, 2.281077667688712, 2.2805998141948995, 2.2797168167228374, 2.2791455189387, 2.2784832486739526, 2.277911944776519, 2.2770926682358112, 2.2763960468463407, 2.2757163317794475, 2.27495819890601, 2.2742544947526393, 2.2734241893148828, 2.272641509007185, 2.2715462104887023, 2.270704773756174, 2.269766113187513, 2.2690746809682274, 2.267789954303676, 2.2670080936872044, 2.2657796985063796, 2.264848049889263, 2.263810266286899, 2.262842613407689, 2.2618302758942304, 2.2605125175582037, 2.25927737992034, 2.258218654200562, 2.257117117062593, 2.2555214513061395, 2.2543720862804313, 2.253040036584577, 2.2517695712228107, 2.250215393355769, 2.2489235538702745, 2.2475190340963183], "test_loss": [2.2332740112304688, 2.1653222534179686, 2.1366916290283204, 2.1217249847412107, 2.1089832122802736, 2.0920521606445313, 2.0814740478515623, 2.07552043762207, 2.067776788330078, 2.0691633270263674, 2.0553369201660154, 2.0524536636352537, 2.052984927368164, 2.0487065994262696, 2.043484049987793, 2.0327006210327148, 2.037407551574707, 2.030168180847168, 2.0299842025756836, 2.0295248580932617, 2.0342521118164063, 2.021561184692383, 2.026321823120117, 2.0219754486083983, 2.0146708801269533, 2.0235834884643555, 2.02498438873291, 2.019507035827637, 2.016369158935547, 2.0170277404785155, 2.0021772644042968, 2.0112582244873045, 2.0154373580932616, 1.9991733749389649, 1.9993216079711915, 2.012714628601074, 1.9951681854248047, 2.0087958770751952, 2.0110027954101564, 2.0017815460205077, 2.0025868728637697, 2.0033252517700197, 2.0254635192871095, 2.005884487915039, 2.0065901931762697, 2.012431968688965, 1.9882289520263672, 2.0009959335327148, 2.0043517578125, 2.0059022964477538, 2.014739225769043, 1.9891617904663086, 2.0034380447387696, 1.9889157501220702, 2.0098427734375, 1.9956118469238282, 2.0006528732299804, 2.0012003952026367, 2.0075670516967774, 2.0056007858276366, 2.0165872711181643, 2.01153777923584, 1.994869729614258, 2.034855358886719, 2.0183338439941405, 2.0010845001220705, 1.9910072067260742, 1.9909234146118164, 2.0101186248779297, 2.004582759094238, 2.00300119934082, 2.0352000259399414, 2.019016618347168, 2.0304733963012693, 1.9840489944458009, 1.995820277404785, 2.010995559692383, 2.014172236633301, 2.011671597290039, 1.9641536376953126, 1.9807285354614257, 2.012322117614746, 2.007448048400879, 2.0208010833740233, 2.022468803405762, 2.0004463958740235, 2.026928985595703, 2.0027644744873045, 2.036732748413086, 2.0461009063720703, 2.012837088012695, 2.022325685119629, 2.0317120178222656, 1.9846678619384766, 2.0667432739257814, 2.003188137817383, 2.033194583129883, 2.0050057754516604, 2.028626385498047, 2.073406546020508], "test_acc": [69.09, 75.64, 82.54, 82.12, 87.22, 85.86, 88.65, 90.66, 91.05, 91.49, 90.7, 92.33, 92.6, 92.8, 91.99, 93.53, 93.33, 93.56, 94.49, 94.1, 94.48, 94.14, 94.41, 93.98, 94.28, 94.63, 93.85, 94.18, 94.78, 94.75, 94.03, 93.44, 94.73, 94.8, 94.04, 93.11, 93.48, 91.01, 93.44, 92.38, 91.62, 92.86, 90.66, 89.94, 90.75, 87.89, 90.98, 84.5, 89.74, 88.97, 85.67, 87.63, 86.5, 87.56, 83.31, 83.15, 82.73, 83.91, 79.09, 79.99, 79.07, 76.58, 70.92, 68.29, 71.94, 73.25, 75.37, 73.61, 70.23, 71.22, 68.61, 63.2, 65.02, 62.89, 66.35, 64.12, 58.38, 58.46, 59.66, 67.76, 63.15, 57.67, 58.27, 56.01, 54.36, 54.36, 50.3, 53.74, 47.07, 45.2, 50.86, 45.12, 47.48, 52.5, 41.2, 50.09, 41.98, 48.78, 43.05, 36.93]}