{"train_loss": [2.3004705707232156, 2.2963924285693045, 2.294615826036176, 2.293438035708207, 2.292545980367905, 2.2916822377433124, 2.290972281215537, 2.290375169525799, 2.2898560971276374, 2.289350996669541, 2.288884034014156, 2.288489707514771, 2.2880048639753943, 2.2875971702428965, 2.2872452251931543, 2.2867618646377172, 2.286226446302528, 2.2858565515942044, 2.285275832710103, 2.2847936301149874, 2.2842438220977783, 2.283772686098376, 2.283146771100851, 2.2824484283088617, 2.2819032343024883, 2.2810676265985537, 2.2804727625643086, 2.2795623489934154, 2.2787553443867936, 2.277955418977982, 2.277071955367031, 2.275849379535414, 2.2747862191281767, 2.2738663498153033, 2.272499550611545, 2.2712057788147884, 2.269890332323873, 2.268724498076317, 2.2670802718553786, 2.2652129388263083, 2.2637276771741037, 2.261936805696569, 2.2596115464838142, 2.2573515767725105, 2.255778608668564, 2.2534298662446504, 2.2509324830821438, 2.2484327503758617, 2.245214346127632, 2.242327395157936, 2.23901406261656, 2.235978785743061, 2.232347767577212, 2.2290888871902075, 2.22504592858828, 2.2207149954942556, 2.216747956907647, 2.212211522281679, 2.207783719413301, 2.2019862924885545, 2.1974594241533523, 2.192011895852211, 2.1866612444576035, 2.1812257904272814, 2.174816553409283, 2.169289304659917, 2.16305503478417, 2.156101800947108, 2.1489242187932005, 2.142570304055499, 2.1358144145745497, 2.127676747802995, 2.120436467676081, 2.1126331192815404, 2.1055641235449376, 2.097138667717958, 2.090243258027949, 2.0823335433617616, 2.074648966901323, 2.0665291198807902, 2.057849066125022, 2.051284781888, 2.043287572442976, 2.0344289803606834, 2.02783539891243, 2.0202406795106382, 2.012011936077705, 2.0053206684752407, 1.9978127426061876, 1.9902235330679479, 1.9835539549334436, 1.9753590333156097, 1.971013525357613, 1.962576767318269, 1.9576873713069491, 1.9508276141097403, 1.94690617842552, 1.9397910005516477, 1.9328728812372582, 1.9270279629108233], "test_loss": [2.1857762634277345, 2.0955117004394532, 2.0453993362426757, 2.0295818008422852, 2.0142932891845704, 1.9854727081298829, 1.9488921325683595, 1.9582163681030273, 1.9572519546508789, 1.9481183151245116, 1.9488461532592773, 1.9265247131347656, 1.9290744659423829, 1.936239454650879, 1.9079065139770508, 1.9186040267944335, 1.9239422988891601, 1.9251020797729492, 1.922854751586914, 1.9161318313598632, 1.9173465133666991, 1.9068196151733399, 1.918191488647461, 1.9209504470825196, 1.8986513565063476, 1.8957415664672852, 1.884344024658203, 1.93027061920166, 1.9349285293579102, 1.9116833389282226, 1.8893148941040039, 1.9125779769897462, 1.9130348739624023, 1.8833051132202148, 1.8929235092163086, 1.8942850845336914, 1.8809490203857422, 1.887153123474121, 1.894419692993164, 1.9281773574829102, 1.8591284484863282, 1.9399401031494141, 1.9229932861328125, 1.8556592819213866, 1.8974742294311524, 1.9381353225708007, 1.9081372100830079, 1.9370866104125977, 1.9027307830810547, 1.9091821731567382, 1.9276241317749023, 1.905026902770996, 1.8874103729248046, 1.9106289749145509, 1.930986196899414, 1.8747054763793944, 1.8716900512695311, 1.9839994583129883, 1.9486315505981446, 2.0035357223510744, 1.9960806488037108, 1.880772151184082, 2.0296111541748045, 1.9555032135009767, 1.9460372680664062, 1.9784103515625, 1.9514247619628906, 1.8785716110229491, 2.0053816009521483, 1.936352864074707, 2.0319580444335936, 2.078571124267578, 2.009704235839844, 2.061120979309082, 2.023159368896484, 1.9796284423828125, 1.9635282775878906, 1.9908773834228515, 2.0802392822265623, 2.088775677490234, 2.1053427169799805, 2.041339366149902, 2.130472375488281, 2.0617883728027344, 2.0925276184082033, 2.1000872482299804, 2.061238871765137, 2.083423303222656, 2.111325776672363, 2.1384167739868163, 2.164761196899414, 2.102549853515625, 2.132398585510254, 2.147521951293945, 2.128112368774414, 2.1487250457763674, 2.1987402130126954, 2.171983735656738, 2.1850233871459963, 2.208031649780273], "test_acc": [74.19, 80.78, 85.4, 89.29, 90.33, 90.75, 90.98, 92.6, 93.36, 92.82, 93.93, 94.09, 94.29, 94.27, 94.44, 94.49, 94.99, 94.91, 93.81, 94.75, 94.43, 95.13, 93.85, 94.14, 93.95, 93.33, 92.52, 91.49, 88.33, 88.29, 89.8, 85.27, 86.42, 87.67, 84.8, 81.08, 83.41, 82.09, 79.43, 71.69, 79.46, 69.98, 70.84, 75.03, 66.2, 63.21, 65.42, 54.77, 62.61, 60.75, 53.57, 56.16, 55.04, 53.81, 51.78, 54.67, 57.1, 41.6, 45.31, 40.44, 39.17, 50.73, 36.34, 41.73, 39.98, 37.58, 39.99, 44.1, 33.33, 39.37, 33.76, 29.49, 32.9, 31.94, 30.33, 36.54, 37.64, 35.67, 29.32, 27.0, 28.99, 30.21, 27.43, 28.59, 26.26, 27.76, 29.75, 28.5, 28.85, 26.41, 26.92, 27.62, 25.5, 26.53, 27.66, 27.58, 22.62, 24.7, 24.59, 23.31]}