{"train_loss": [2.077023450890158, 1.9764822507515931, 1.9606413321617322, 1.9525168178937373, 1.946984509881745, 1.9427773909181612, 1.9398662177925436, 1.9365338418218825, 1.9344094566300385, 1.9319037188831558, 1.929600119081318, 1.9278790721526513, 1.9258525656838703, 1.9241931247405517, 1.922253243943565, 1.9206055853611383, 1.9183905967789838, 1.9163786669572194, 1.9146062013430474, 1.9131064983005197, 1.911347796774318, 1.9092569063361893, 1.9072967492617094, 1.9056103863777258, 1.903391842658703, 1.9014140237600377, 1.8989749028641953, 1.8966958606854463, 1.8943007537442396, 1.8919999021240788, 1.889282556171091, 1.8862829052994394, 1.8837894692889645, 1.8813837277583587, 1.8779294773554192, 1.8750410777890785, 1.8722660495684698, 1.868101106240199, 1.8649632388200514, 1.8622076078357859, 1.8573540464425697, 1.8537483538827326, 1.8503879779933865, 1.8458483254807627, 1.8421675145116627, 1.8383607385504959, 1.8339136854196205, 1.8283741453773954, 1.8237669883120773, 1.819283596216104, 1.8147655590477152, 1.809704624180101, 1.8050168602385073, 1.7989456918504503, 1.7940060613501785, 1.7884416941903596, 1.7831037436795032, 1.7779152935896165, 1.7725118734897711, 1.7675214175485139, 1.761427380080916, 1.7565798219452557, 1.7504210306538477, 1.7447388526211438, 1.7406323977515228, 1.7338879643342433, 1.7288314547294226, 1.7229512606421087, 1.71766807559209, 1.7131612069076962, 1.707842017340864, 1.703353138306202, 1.6972600298050122, 1.6929904202110746, 1.6873124639193218, 1.6824888864643552, 1.679154593975116, 1.6738450460963779, 1.670261258752937, 1.6652497931932793, 1.6618138717280493, 1.6572663351001902, 1.6534373594654932, 1.6501388070929763, 1.6449776938837817, 1.64254843755665, 1.6385144306044293, 1.6357527431259808, 1.6319660811852186, 1.6288401599113758, 1.6253752354373279, 1.6223639743959801, 1.6187769556656861, 1.6167097529794416, 1.614515206243238, 1.611849036736366, 1.6089354121786916, 1.604915489243646, 1.6035518050193787, 1.6003643539216783], "test_loss": [1.074187296295166, 0.9627089660644531, 0.96260751953125, 0.8913198188781738, 0.9409518951416016, 0.9245863182067872, 0.912837956237793, 0.9276940383911133, 0.9083603172302246, 0.934530989074707, 0.8645095832824707, 0.9004234519958496, 0.9021106956481934, 0.8797937576293945, 0.8469467193603516, 0.8595654739379883, 0.8449572212219238, 0.8667426132202148, 0.800493717956543, 0.8604793266296387, 0.8759946662902832, 0.8857128730773925, 0.8728217086791992, 0.8443710807800293, 0.8933112464904785, 0.8971647117614746, 0.8852436370849609, 0.9329798759460449, 0.8538736328125, 0.8857551071166992, 0.8532544143676758, 0.8486625442504883, 0.836301668548584, 0.835840567779541, 0.8797680519104004, 0.9334291786193848, 0.847983748626709, 0.8163864265441895, 0.8527630744934082, 0.8827457794189453, 0.9423158058166504, 0.9513536422729493, 0.8446909515380859, 0.8822103630065918, 0.9016354957580567, 0.9363112854003907, 0.89433695602417, 0.8795726234436035, 0.8650086502075195, 0.924139518737793, 0.90038154296875, 0.9270929237365723, 0.9277982475280762, 0.8525719360351562, 0.9122730720520019, 0.895178858947754, 0.9656474586486816, 0.9190119590759277, 1.0273262870788573, 0.9308090461730957, 0.885932479095459, 0.9253852554321289, 0.9539282852172851, 0.9175396049499511, 0.9646986732482911, 1.0112703994750976, 0.9320325607299804, 0.9116334861755371, 0.9757445899963378, 0.9445603706359863, 1.0223529037475585, 0.920671401977539, 0.9698719734191894, 0.9398021339416504, 0.9776780601501465, 0.970790064239502, 0.9929727020263672, 0.9846261947631836, 1.0021769638061524, 0.9987677856445313, 0.9460774894714356, 0.9368290031433105, 0.9448293937683105, 1.0145119117736816, 0.9650270942687988, 0.9850622062683105, 1.0370076683044434, 0.9856276062011718, 0.9661732498168946, 0.9723876373291016, 1.0289317390441894, 1.0224050186157227, 1.0280169624328612, 1.0292701446533203, 0.9663510513305664, 1.067807202911377, 1.0062591850280762, 1.0255541725158692, 1.004831202697754, 1.015983233642578], "test_acc": [94.32, 96.5, 97.3, 97.68, 97.9, 97.94, 98.18, 98.36, 98.25, 98.57, 98.56, 98.56, 98.6, 98.74, 98.42, 98.68, 98.57, 98.66, 98.74, 98.63, 98.62, 98.67, 98.55, 98.68, 98.64, 98.68, 98.64, 98.54, 98.69, 98.56, 98.74, 98.53, 98.56, 98.47, 98.43, 98.46, 98.36, 98.31, 98.05, 97.7, 97.57, 97.36, 98.0, 97.53, 97.3, 96.86, 96.41, 96.31, 96.55, 95.1, 95.97, 95.04, 93.66, 95.66, 93.98, 94.03, 92.69, 93.25, 89.26, 92.66, 92.56, 91.99, 90.66, 91.8, 90.26, 88.37, 90.57, 90.8, 87.96, 89.14, 86.04, 89.53, 86.23, 88.63, 86.34, 86.77, 86.59, 85.46, 85.0, 84.15, 86.27, 86.8, 85.84, 83.37, 85.4, 83.85, 82.6, 83.6, 84.54, 83.9, 81.92, 81.98, 81.4, 82.08, 83.23, 79.2, 82.67, 81.62, 82.24, 81.33]}