{"train_loss": [1.7709739406903584, 1.6101739691872883, 1.5880385629641705, 1.576296917648397, 1.5689110440066738, 1.5635194674006894, 1.5584946083716857, 1.5546698519307325, 1.5512181281024575, 1.548026892109814, 1.5452488971571636, 1.542719848645039, 1.539838263621697, 1.5381622187092774, 1.5355124519421504, 1.5332287980450525, 1.531264493862788, 1.529194274264523, 1.5264914341461964, 1.524903716185154, 1.5220009964755459, 1.5198695985679953, 1.5177558054271927, 1.51506212582955, 1.5132300043717408, 1.5110700079518506, 1.5074355854437902, 1.5052022949243202, 1.5028046318608472, 1.499935583426402, 1.4974317441129277, 1.4943875644960973, 1.4911657864721413, 1.488321743459783, 1.4858902756474976, 1.4820474070361538, 1.4795270862742367, 1.4756534703266926, 1.4719673201569126, 1.468571160084162, 1.465275150588435, 1.4611613854893253, 1.457299170585779, 1.4531804812260163, 1.4499449243402889, 1.4460796563543825, 1.441673058984626, 1.437318815634801, 1.4332097198209193, 1.429120366135214, 1.4258218876317017, 1.4215936495198145, 1.4173229767216577, 1.4129223194387224, 1.408023921597717, 1.404727912356711, 1.39977241657738, 1.3951883433211563, 1.3912473033126602, 1.387191337907416, 1.3833709466151702, 1.3792310670400276, 1.3757512401311824, 1.3708338750223827, 1.3680600839802342, 1.363778247537776, 1.360406027135686, 1.3565675453243093, 1.3531424171394772, 1.350290060807497, 1.3459137347009447, 1.3428361780113645, 1.3401293392874236, 1.3366451984287326, 1.3335298289600601, 1.3306882452761006, 1.3278763202520518, 1.3246354654303982, 1.3224147596420386, 1.3191438707021566, 1.3160788513656356, 1.3140526416464748, 1.3118146691057417, 1.3100590300865662, 1.3070152047862353, 1.3048775361643896, 1.3025506551449115, 1.3005812275104034, 1.2983205415244796, 1.2968243238253472, 1.2948978196861398, 1.2926598303338401, 1.291471645108655, 1.2887034411104317, 1.2875611557919755, 1.286066105732551, 1.2840340384560773, 1.2826835750005183, 1.2807648220123389, 1.2797175459882133], "test_loss": [0.7178149147033691, 0.6105964252471924, 0.5566487186431884, 0.6241040702819824, 0.5403453598022461, 0.5702074390411377, 0.5660234592437744, 0.567254508972168, 0.5317796981811523, 0.5375184188842773, 0.5216543350219727, 0.5516414699554444, 0.549553219985962, 0.5585278118133545, 0.5065598289489746, 0.49568160438537595, 0.5583572532653809, 0.5782854667663574, 0.49376201667785646, 0.5421635944366455, 0.5701523986816406, 0.5498805191040039, 0.5889800926208496, 0.6025013900756836, 0.5396875854492188, 0.5419022285461426, 0.5209901100158691, 0.5676445552825927, 0.4721566551208496, 0.5574481258392334, 0.5123767803192139, 0.5462000743865967, 0.609010920715332, 0.526230924987793, 0.512641987991333, 0.5664480422973632, 0.5821255622863769, 0.5056416065216064, 0.529786754989624, 0.5652686721801757, 0.5703471061706543, 0.4939237060546875, 0.5681338878631592, 0.4736323741912842, 0.5430002914428711, 0.5421866779327392, 0.5082632709503174, 0.5409656105041504, 0.5593150733947754, 0.5625132663726806, 0.5541592262268067, 0.5721249710083007, 0.5608775749206543, 0.5331328945159912, 0.5658220726013183, 0.5678942359924316, 0.556305266571045, 0.5689605571746826, 0.5227936351776123, 0.6032657371520996, 0.5494506904602051, 0.5837399032592774, 0.532253674697876, 0.5850904499053955, 0.5392491230010986, 0.5787937923431397, 0.5973935539245605, 0.5761272537231446, 0.5594397171020508, 0.569520662689209, 0.5727919342041016, 0.6106107971191407, 0.5607249496459961, 0.5625208839416503, 0.5626698471069336, 0.6215070686340332, 0.565796348953247, 0.6001880428314209, 0.5733004314422607, 0.5920312034606934, 0.6053464736938476, 0.582334935760498, 0.5625390148162842, 0.5976372905731201, 0.5861899898529053, 0.5719583694458008, 0.5690422752380371, 0.6070788772583008, 0.5931467926025391, 0.5643996719360351, 0.5921847888946533, 0.5781363140106202, 0.622866692352295, 0.5820370735168457, 0.6053267669677734, 0.6072315559387207, 0.6194788436889649, 0.5970654228210449, 0.6310996765136718, 0.6412277862548829], "test_acc": [95.47, 97.42, 98.07, 98.15, 98.4, 98.58, 98.56, 98.74, 98.8, 98.82, 98.79, 98.77, 98.87, 98.82, 98.96, 98.92, 98.99, 98.9, 98.94, 99.02, 99.0, 98.9, 98.97, 98.82, 98.93, 98.98, 98.92, 98.88, 98.91, 98.97, 98.88, 98.93, 98.72, 98.98, 98.91, 98.66, 98.75, 98.69, 98.79, 98.74, 98.63, 98.66, 98.52, 98.67, 98.45, 98.2, 98.37, 98.26, 97.86, 98.21, 98.09, 97.74, 97.97, 97.99, 97.59, 97.56, 97.47, 97.16, 97.73, 96.29, 97.06, 97.09, 97.5, 96.65, 97.17, 96.42, 96.57, 96.61, 96.42, 96.45, 96.3, 96.17, 96.11, 96.48, 96.19, 95.2, 95.81, 95.45, 96.1, 95.46, 95.39, 95.28, 96.01, 95.32, 94.73, 95.2, 95.48, 94.83, 94.76, 95.44, 94.89, 95.16, 94.24, 95.08, 94.92, 94.44, 94.33, 94.84, 93.92, 93.9]}