{"train_loss": [0.40777057577242964, 0.08190194434589809, 0.057734187155102305, 0.0448651222520086, 0.036522485256099545, 0.03172275844292763, 0.026271982568228602, 0.022917515435057063, 0.01966890908825474, 0.016949344999515094], "test_loss": [0.08668132739067078, 0.05542064938545227, 0.04240792453289032, 0.03694358983039856, 0.034856475162506104, 0.03190788028240204, 0.026799675726890564, 0.024420760416984558, 0.02891605591773987, 0.02818446571826935], "test_acc": [97.01, 98.03, 98.41, 98.65, 98.62, 98.69, 98.89, 98.93, 98.71, 98.8]}