{"train_loss": [2.267167559036842, 2.233155333588266, 2.222150937614278, 2.2163800408697534, 2.212643693654965, 2.210126670507284, 2.207416424384484, 2.205335023566189, 2.2031478876741524, 2.201028419356061, 2.1994118588602443, 2.1966464871015305, 2.1944049229988685, 2.191993299203041, 2.1894611853819628, 2.187247475497743, 2.183993284009461, 2.1802969987575826, 2.1776985831749744, 2.1734646859332027, 2.1698438876714463, 2.164856167939993, 2.1601904426884446, 2.1540110309918723, 2.147763648094275, 2.141572253826337, 2.134178425511743, 2.1259056553881392, 2.1162830025721817, 2.1070722743996186, 2.0963222769081082, 2.0837292561673713, 2.070431270915219, 2.055205139848921, 2.039803506472172, 2.023021974370011, 2.0047117601602507, 1.9842437612704742, 1.962402903371387, 1.9413790234133728, 1.9148535636755137, 1.8899672067063487, 1.8642225530412462, 1.8354215591381757, 1.8072315217592778, 1.7792869220432053, 1.7497517120124948, 1.7166202137103448, 1.6866730372620444, 1.656484925848806, 1.6277883816988041, 1.595983757931962, 1.5655434037375653, 1.5378762498880043, 1.5100766193662953, 1.4854354058575427, 1.4570296814299037, 1.4319569626425066, 1.409687829323304, 1.386900186793417, 1.3647358394586122, 1.3448403740031087, 1.3266871225120676, 1.3077771116016257, 1.291169956453845, 1.2784780009180052, 1.2642389928173816, 1.249357453523538, 1.2399392578846369, 1.22811882592674, 1.2171693943504593, 1.2080246304344928, 1.199425784441141, 1.1914505670722733, 1.1838602186777654, 1.1772355954361777, 1.171053109005985, 1.1646801228197212, 1.1593100764812567, 1.1540913683736427, 1.149409790069629, 1.1444392996466057, 1.1398217731561415, 1.1354559787318237, 1.1316348938351004, 1.1288199799183087, 1.1242936938746362, 1.1210908522972693, 1.117904503376056, 1.1147997437888741, 1.1110601713005295, 1.1090319959016948, 1.105914749396153, 1.103451034706882, 1.1012244866444514, 1.0989211991301968, 1.0965633876303322, 1.0935021004615686, 1.092011388295736, 1.089868975500775], "test_loss": [1.7225142211914062, 1.5547628890991212, 1.5333191940307618, 1.462021466064453, 1.4728236938476562, 1.5095904800415039, 1.4418827713012696, 1.4746549758911134, 1.4834877792358399, 1.4680739990234375, 1.4475081466674804, 1.4389500885009765, 1.4499360092163085, 1.3999760864257813, 1.4173899017333984, 1.4236672607421874, 1.398824363708496, 1.4077922714233397, 1.434425732421875, 1.4594350143432617, 1.5184303771972656, 1.4970537826538086, 1.3771105010986329, 1.376693748474121, 1.3879848556518555, 1.4574227233886718, 1.4669820297241212, 1.408383366394043, 1.4488951049804688, 1.4247087982177735, 1.4923115539550782, 1.406422183227539, 1.5018612716674804, 1.4103053802490235, 1.476924935913086, 1.4387683471679686, 1.4623161499023438, 1.5143331176757813, 1.5152224441528321, 1.487437710571289, 1.5212903747558593, 1.6556714965820312, 1.4929713760375976, 1.649758171081543, 1.683093344116211, 1.6457812438964843, 1.6555437881469726, 1.689375569152832, 1.824058155822754, 1.7801955230712891, 1.7572307403564453, 1.8197314376831055, 1.8830269622802733, 1.9386867263793945, 1.861320051574707, 1.824024186706543, 1.8229607360839843, 1.9082878967285157, 1.921950294494629, 1.914780453491211, 1.8795264236450195, 2.0486362548828123, 1.9838479217529297, 2.0910593154907224, 2.0090511016845705, 2.08550128326416, 2.0401445785522463, 2.100315235900879, 2.1658469650268555, 2.1382656295776368, 2.1822018463134767, 2.1505901794433595, 2.172848944091797, 2.158074003601074, 2.135680012512207, 2.159314195251465, 2.1264670959472656, 2.2002005264282225, 2.2144829528808594, 2.2400904876708982, 2.248045666503906, 2.25121876373291, 2.2576556182861327, 2.215116065979004, 2.210583924865723, 2.2284465225219727, 2.221952958679199, 2.2388678848266603, 2.2307264526367185, 2.222035090637207, 2.2727033126831055, 2.2932812927246093, 2.2497781021118164, 2.249983792114258, 2.2790056900024416, 2.3122527923583984, 2.2434445083618164, 2.2795527801513673, 2.2910941650390626, 2.247347041320801], "test_acc": [86.15, 91.76, 94.43, 94.0, 95.36, 96.14, 96.11, 96.77, 96.61, 96.95, 96.72, 97.16, 96.56, 96.05, 96.45, 96.27, 97.04, 96.32, 96.48, 95.04, 93.74, 94.26, 94.19, 93.99, 91.97, 85.82, 88.91, 88.26, 84.24, 84.15, 77.63, 79.25, 75.36, 77.59, 68.98, 70.75, 67.18, 64.9, 63.43, 63.12, 59.08, 51.61, 58.34, 51.03, 48.15, 48.37, 48.58, 46.52, 40.43, 42.42, 43.82, 40.97, 38.64, 36.21, 39.96, 41.89, 41.06, 37.78, 38.63, 39.2, 40.04, 33.99, 37.16, 33.77, 35.16, 34.22, 34.42, 33.57, 31.92, 33.33, 31.01, 32.92, 31.64, 32.98, 32.18, 32.64, 33.35, 30.99, 31.29, 29.68, 29.06, 29.39, 30.11, 30.68, 30.22, 31.12, 30.91, 30.67, 30.15, 30.3, 29.05, 29.06, 30.19, 30.39, 29.44, 29.06, 30.45, 29.4, 29.39, 29.8]}