{"train_loss": [2.1995779550992527, 2.1289904283152685, 2.1131504111819797, 2.1051643549377084, 2.0994175259883585, 2.094889953859851, 2.0895277083429518, 2.0865792965787087, 2.0826816594498787, 2.0794643983881698, 2.075518125652248, 2.0713543351898847, 2.0666822732513785, 2.061897966851536, 2.057241295392697, 2.0523230135440826, 2.0465578355340877, 2.040242009692722, 2.0330900060824857, 2.0255694307832637, 2.0163002230672755, 2.0066611119824596, 1.9965367668714278, 1.9842228112567184, 1.9701933394639919, 1.95653910183499, 1.9395573393911378, 1.9213990510528922, 1.9013680996548417, 1.8804999561900766, 1.8565987353650932, 1.8311395650236015, 1.7998517917262182, 1.7710786092485118, 1.7363205442571232, 1.7007091401988625, 1.6628997575523508, 1.625567667504661, 1.5812442880919857, 1.5389246841271718, 1.4954124882689908, 1.4491969739270008, 1.4046060228959107, 1.3570760440113199, 1.3141539509479816, 1.270374561731632, 1.2225497026219327, 1.18337433740624, 1.137566234311487, 1.1019771920564847, 1.0595816121651576, 1.0242222047004945, 0.9914680164084475, 0.9615661244616549, 0.930142451937382, 0.905807772762755, 0.8825785769866064, 0.8621786816252602, 0.8423936103398983, 0.8256377615989783, 0.8114593702758479, 0.7985232047036163, 0.7880658755699793, 0.7793640782181014, 0.7697653657096064, 0.7619915537090383, 0.7544321750219052, 0.7477317819228539, 0.7410708053244485, 0.7366285200557138, 0.7301258806489471, 0.7247577363099807, 0.7207721076969408, 0.7168307948825706, 0.712901861494423, 0.7080834849267943, 0.7047359048046618, 0.70178051560353, 0.6977941373474578, 0.6949416197772719, 0.6915244409161755, 0.6879632006853055, 0.6853882457710739, 0.6825369861390855, 0.680546113059052, 0.6772696815240078, 0.6754706344033918, 0.6733607444752995, 0.6710142981038134, 0.6680248569474261, 0.6664677129851447, 0.6642366321677835, 0.6623997661547784, 0.6601738566771532, 0.6586790771311165, 0.6566480358696392, 0.6551202138264974, 0.6529843400940936, 0.6515372786511723, 0.6499603321919074], "test_loss": [1.346476918029785, 1.2385421829223633, 1.1161554756164551, 1.2344431137084961, 1.2089423950195313, 1.1335796546936034, 1.1854681900024413, 1.1495336044311524, 1.1094374824523925, 1.102619037628174, 1.1406177307128906, 1.1353372436523437, 1.1394553833007812, 1.1586273559570313, 1.1940879989624023, 1.1232205337524415, 1.139922280883789, 1.1259990783691407, 1.1694904037475586, 1.0923823501586913, 1.1478302978515624, 1.1057909301757813, 1.1098087715148925, 1.1592667770385743, 1.2091414352416991, 1.149744692993164, 1.1657481872558593, 1.226934652709961, 1.2509310165405274, 1.1812449966430665, 1.247618977355957, 1.2928899948120116, 1.2206140838623047, 1.2526048522949218, 1.299864778137207, 1.2426573654174804, 1.2603794525146483, 1.3170953964233398, 1.2694908294677734, 1.351536752319336, 1.5000691299438476, 1.4591850646972657, 1.4017947570800782, 1.548556217956543, 1.498616160583496, 1.5225314010620117, 1.5252766326904297, 1.6215555160522461, 1.6423153793334961, 1.6357084213256836, 1.834610577392578, 1.7623001068115234, 1.8534924026489257, 1.793404554748535, 1.7548279815673828, 1.8115223068237305, 1.7972578140258788, 1.8782886184692382, 1.864526416015625, 1.868057000732422, 1.8537914352416993, 1.9463920288085939, 1.9086361206054687, 1.9522387115478517, 1.9678257019042968, 1.92040078125, 1.9800236465454102, 1.998109942626953, 1.969062173461914, 1.9513103073120117, 2.046531317138672, 2.007731819152832, 1.992480404663086, 2.002107182312012, 2.0285681701660154, 2.0139942199707033, 2.0261673110961915, 2.0483676345825197, 2.0916834503173827, 2.0857049392700193, 2.0590946685791014, 2.0811825927734375, 2.0882356658935546, 2.059835659790039, 2.087212321472168, 2.066192713928223, 2.1298978271484375, 2.110680911254883, 2.134987155151367, 2.165309980773926, 2.11006530456543, 2.1233108474731446, 2.121345246887207, 2.1174565475463867, 2.1436540893554685, 2.1181259506225585, 2.1812327026367186, 2.1450591217041017, 2.1835237045288087, 2.1857765548706056], "test_acc": [90.95, 94.44, 94.89, 96.74, 96.9, 97.09, 97.25, 97.62, 97.74, 97.53, 97.36, 97.64, 97.83, 97.54, 97.66, 96.99, 97.36, 96.84, 95.99, 96.38, 94.87, 94.44, 93.62, 93.17, 88.33, 88.73, 87.21, 81.82, 80.93, 80.94, 77.34, 71.59, 74.12, 70.65, 67.35, 67.48, 65.0, 61.98, 63.22, 58.64, 53.61, 54.45, 57.03, 51.53, 52.61, 50.91, 52.35, 48.68, 48.63, 48.12, 44.23, 44.46, 43.32, 43.72, 45.19, 44.71, 44.99, 43.42, 44.11, 43.02, 44.33, 39.71, 41.67, 41.43, 41.08, 42.6, 39.71, 39.92, 40.39, 40.56, 38.84, 39.87, 40.28, 40.11, 40.15, 40.11, 39.43, 39.07, 38.09, 38.43, 39.69, 38.27, 38.23, 38.39, 38.22, 38.98, 37.17, 37.66, 36.8, 35.57, 38.09, 37.17, 37.52, 37.57, 37.14, 37.48, 36.26, 36.81, 36.19, 35.65]}