{"train_loss": [2.301057695833027, 2.298391243840894, 2.2973118103467502, 2.2967113750612635, 2.2963084471531405, 2.295955284538432, 2.295642894557399, 2.2953824961287346, 2.2951718517857738, 2.294998219380012, 2.2948576553255067, 2.2947282281696286, 2.2946230733496513, 2.2945192400206866, 2.294439770727076, 2.2943706242447224, 2.2942736923185167, 2.294215608356345, 2.2941562365262937, 2.2940828713596377, 2.294026754860185, 2.29397617191331, 2.2939284418383217, 2.2938917325093198, 2.2938363587754402, 2.2937952616275887, 2.2937552200423346, 2.293701690486354, 2.2936591628270273, 2.2936321201487484, 2.293582964147258, 2.2935387227270336, 2.2935190154955936, 2.293487211577913, 2.293445467439472, 2.293402399262811, 2.293374676989694, 2.2933295282543216, 2.293298876183665, 2.2932620007767635, 2.2932405497273827, 2.2932066234767947, 2.293167660379002, 2.2931390419984474, 2.293114453808874, 2.293078305884304, 2.293035905075888, 2.292997877821963, 2.2929872437420054, 2.2929519053198333, 2.29292127260795, 2.292903331609873, 2.29286445511712, 2.29281434442243, 2.2927987876101437, 2.292757265588157, 2.2927332474635196, 2.2927174461193576, 2.2926688362390566, 2.2926479201031547, 2.292620685365465, 2.2925990427661147, 2.292556672014742, 2.292528898288042, 2.2925136466311593, 2.2924840684629912, 2.2924394174518747, 2.2924209807673073, 2.292390120844556, 2.2923648968721047, 2.2923375429251256, 2.2923113846371317, 2.2922718514744034, 2.2922270017811375, 2.292200387033642, 2.292162573745108, 2.292139300933251, 2.292113030058706, 2.2920916518594465, 2.292066817609673, 2.2920114265547857, 2.2919869234419274, 2.291948588994833, 2.2919285068145165, 2.291884151279417, 2.2918427102586145, 2.2918343182302947, 2.291782087749905, 2.291774059462751, 2.291737093884721, 2.291697300906874, 2.2916583877343397, 2.2916418879460068, 2.291590018150134, 2.2915694830764055, 2.291528924408122, 2.2914963318751407, 2.2914510450811467, 2.291420610541971, 2.291398517596416], "test_loss": [2.209172927856445, 2.1264595001220705, 2.093887109375, 2.078493078613281, 2.0633870178222655, 2.0517269927978514, 2.0414911300659178, 2.031391728210449, 2.020374331665039, 2.0205969589233397, 2.0105371200561524, 2.0142256637573244, 2.0050106506347656, 1.9985760635375978, 1.9950274154663086, 1.9911718643188476, 1.992628742980957, 1.9894983139038085, 1.9886716690063477, 1.981949334716797, 1.9928328842163086, 1.9837593627929688, 1.9875125579833985, 1.9886615112304689, 1.9844463027954102, 1.9846226684570312, 1.9762912704467774, 1.982854507446289, 1.9776204544067382, 1.986646823120117, 1.9807193099975586, 1.974788150024414, 1.9785170135498047, 1.9773015869140624, 1.9744192916870118, 1.9709582626342774, 1.966468133544922, 1.9785127960205078, 1.9703191009521484, 1.9710691604614259, 1.9715806228637696, 1.9734014968872071, 1.9664162475585938, 1.9714626235961914, 1.9770528182983398, 1.9732831909179687, 1.9694204177856445, 1.967936701965332, 1.9700166046142578, 1.9696630950927734, 1.961416192626953, 1.9689206100463867, 1.9668369064331055, 1.9634116271972657, 1.9679505004882814, 1.9678016662597657, 1.9587158401489257, 1.9628315658569335, 1.9562976379394532, 1.959955093383789, 1.9689928054809571, 1.950125245666504, 1.9603895263671876, 1.957005632019043, 1.9654695678710938, 1.9673642440795898, 1.9605548751831054, 1.9614729782104492, 1.9635528121948242, 1.9622176818847656, 1.9595707504272462, 1.9590395965576173, 1.9578579681396484, 1.9677726943969727, 1.9538513412475587, 1.94475283203125, 1.9544700912475585, 1.9509210083007813, 1.9622777252197265, 1.960590071105957, 1.9489494888305665, 1.957845115661621, 1.955394354248047, 1.9654270538330079, 1.9506045181274414, 1.9673057189941405, 1.9558518920898438, 1.956931443786621, 1.9492790252685548, 1.9509544540405273, 1.942942951965332, 1.9541434005737304, 1.952811231994629, 1.9562111740112305, 1.953430941772461, 1.9597670364379882, 1.9526574478149414, 1.958580223083496, 1.9549309020996093, 1.947359571838379], "test_acc": [70.26, 82.37, 87.58, 89.21, 90.36, 91.15, 91.59, 93.18, 93.31, 93.99, 94.17, 94.85, 94.94, 95.45, 95.0, 95.83, 95.84, 95.85, 96.02, 96.37, 96.38, 96.12, 96.55, 96.23, 96.68, 96.42, 96.8, 96.71, 96.98, 96.94, 97.02, 97.07, 97.04, 97.09, 97.17, 97.12, 97.13, 97.04, 97.34, 97.29, 97.03, 97.4, 97.54, 97.37, 97.35, 97.43, 97.36, 97.58, 97.34, 97.43, 97.41, 97.57, 97.45, 97.62, 97.7, 97.56, 97.21, 97.7, 97.57, 97.56, 97.69, 97.64, 97.76, 97.85, 97.77, 97.74, 97.74, 97.67, 97.74, 97.62, 97.77, 97.77, 97.57, 97.88, 97.55, 97.9, 97.7, 97.72, 97.77, 97.88, 97.6, 97.79, 97.65, 97.68, 97.56, 97.66, 97.81, 97.55, 97.75, 97.7, 97.69, 97.89, 97.74, 97.6, 97.73, 97.1, 97.55, 97.71, 97.64, 97.76]}