{"train_loss": [2.301004826513111, 2.2976175291925416, 2.2960347940779138, 2.2950382966261644, 2.294145436877878, 2.2934496382362823, 2.292837196945125, 2.292317500481239, 2.2917338884793796, 2.2912722820909615, 2.2907704512278237, 2.2903823006866326, 2.2899595947347136, 2.289394683817513, 2.289064329913539, 2.288630035188463, 2.288033709057376, 2.2874471575785904, 2.287061173182267, 2.286378742283226, 2.285901016659207, 2.2852532807578387, 2.2845067651862774, 2.2839448818793664, 2.2831550856940765, 2.28226792302906, 2.281415352454552, 2.280190700649196, 2.279456756563268, 2.2785289129640303, 2.277252022527222, 2.2762473261254463, 2.274673581123352, 2.27328981548293, 2.2719490686033526, 2.2700718457882223, 2.2684972933214955, 2.2667945969817986, 2.265038485200996, 2.2628681435544267, 2.2605930857169323, 2.2578707113225236, 2.2558345682600622, 2.2526048752996655, 2.2503687454085064, 2.246957953669067, 2.243814111265362, 2.2404725612738194, 2.236875872326712, 2.2328248482484083, 2.228252205583784, 2.2241732004361277, 2.2199803585680122, 2.2152486097099433, 2.2098818818728128, 2.2040906507744746, 2.1985116453252287, 2.1923933039363632, 2.1855689776249423, 2.179545247147226, 2.172178947008573, 2.1655388795412502, 2.1576338252450666, 2.1499696924136233, 2.1433159708976746, 2.1353083395550394, 2.12669570884134, 2.1180353307316446, 2.1083989133182754, 2.0994952015387707, 2.0916719777971253, 2.080894347948906, 2.072164628240797, 2.0631956914041796, 2.0550279337116795, 2.0454497520740214, 2.0360899901288185, 2.027218923609481, 2.016458927311449, 2.0082907411787243, 1.9994308958705673, 1.9895469322163835, 1.9804339273872538, 1.9723553430830312, 1.9641742278368046, 1.9553976777272346, 1.9490426185294094, 1.9413014186753168, 1.9318329938965986, 1.9248435960875616, 1.9190968504318824, 1.9112763473620782, 1.9043185983458135, 1.897299950194155, 1.8919837625108213, 1.8872478148366651, 1.879210451983998, 1.8746544958179832, 1.867598128879172, 1.8619358368918426], "test_loss": [2.2031161407470705, 2.121106848144531, 2.0872044494628907, 2.051200939941406, 2.046405792236328, 2.037677212524414, 2.003742784118652, 2.0037508712768552, 1.996238999938965, 1.9749129608154297, 1.9808332885742188, 1.9901604400634765, 1.9372733535766602, 1.958878485107422, 1.9533082458496094, 1.9667647872924805, 1.9435864929199218, 1.9697521942138672, 1.9473449279785155, 1.9365251007080078, 1.9522452484130859, 1.94724833984375, 1.926851498413086, 1.9331880172729492, 1.9435726348876954, 1.9530872253417968, 1.9206065643310546, 1.9251039474487304, 1.955341795349121, 1.9253296127319337, 1.9489767364501953, 1.91608585357666, 1.9285282455444337, 1.868231898498535, 1.9057021820068358, 1.9741410736083984, 1.9297227615356445, 1.909494580078125, 1.9298585632324219, 1.9399682479858398, 1.915835824584961, 1.9337978439331054, 1.922284603881836, 1.9160934020996094, 1.9448240829467773, 1.9778554595947266, 1.9594673355102539, 1.9862219100952148, 1.9356722290039063, 1.964556753540039, 1.9955891647338868, 1.9941175247192382, 1.9511607757568359, 1.9938878768920898, 1.9815654647827148, 2.0160649124145507, 2.016459719848633, 1.990021534729004, 2.0268983489990235, 2.0082500366210936, 2.0037586563110352, 1.9008315322875977, 2.0505707946777343, 2.0432679260253908, 2.0400336456298827, 2.0603324798583986, 2.026815588378906, 2.0613610931396487, 2.086190985107422, 2.0259872634887697, 2.097269776916504, 2.1171521820068357, 2.0650986404418945, 2.122948908996582, 2.122049067687988, 2.136800639343262, 2.160478128051758, 2.233720181274414, 2.140736650085449, 2.0994731887817384, 2.181803826904297, 2.1262542663574218, 2.257338214111328, 2.2298883239746092, 2.17138331451416, 2.223929818725586, 2.149637890625, 2.19302370300293, 2.2272273040771484, 2.2204516021728518, 2.226257437133789, 2.21654264831543, 2.2460105865478517, 2.219172830200195, 2.2776315155029296, 2.2427707489013673, 2.2977761810302733, 2.238236734008789, 2.317426385498047, 2.3093638214111327], "test_acc": [60.77, 76.11, 82.44, 88.38, 85.73, 88.48, 90.91, 91.29, 92.32, 90.77, 92.25, 92.85, 92.62, 92.99, 93.87, 93.3, 92.81, 92.84, 90.69, 92.12, 92.21, 92.01, 92.82, 92.36, 91.18, 86.01, 88.53, 87.36, 86.33, 85.74, 81.63, 84.46, 81.5, 79.84, 81.78, 69.45, 78.13, 72.4, 69.3, 64.22, 70.58, 61.8, 66.33, 61.83, 54.91, 53.62, 54.86, 46.8, 54.13, 50.59, 42.05, 45.17, 47.05, 43.4, 40.22, 37.55, 34.61, 39.22, 37.71, 37.7, 36.43, 45.9, 31.48, 33.8, 30.08, 30.68, 31.11, 32.28, 28.63, 30.01, 24.72, 28.64, 28.85, 25.06, 24.46, 26.72, 25.29, 21.54, 25.36, 28.09, 22.34, 27.81, 20.35, 23.3, 24.1, 21.93, 25.76, 23.65, 22.56, 23.46, 22.46, 22.91, 22.62, 22.98, 21.1, 22.57, 21.62, 21.61, 19.75, 20.58]}