{"train_loss": [2.302838599579966, 2.3025799821584654, 2.3024526921092954, 2.3022921523477278, 2.302256514883449, 2.302164973356785, 2.302041813858554, 2.3019291702498736, 2.3018325995176268, 2.301716253798232, 2.3016315958438773, 2.3015038646184482, 2.3013587104968534, 2.301264633989742, 2.301084252504202, 2.300947677375924, 2.3008081551290984, 2.3005708501889157, 2.300401757415543, 2.3001894436330876, 2.2998959488338895, 2.299726686416528, 2.299361623250521, 2.2990597787066402, 2.2987576600832815, 2.298357106681563, 2.297918632499173, 2.2975586061803703, 2.297105788675129, 2.296525623044397, 2.2960229225647755, 2.2953535547623267, 2.294818669812292, 2.2941886252827115, 2.2934266140318322, 2.2925938948606834, 2.2918171796024356, 2.290968998375102, 2.2898100843796363, 2.288886070760906, 2.2878300476277995, 2.286652386188507, 2.285287725110339, 2.28400521655368, 2.282768804802854, 2.2809786847513966, 2.279378454399924, 2.2776715062622332, 2.275948674760313, 2.273964394361545, 2.2722390635400758, 2.269868849689125, 2.2672265925977984, 2.2648124577652693, 2.2622229986720614, 2.259079489443037, 2.25618432678728, 2.2530180205646744, 2.249468338285756, 2.2457597352500653, 2.2417332005297017, 2.2377769294967, 2.2336598181316996, 2.2287736142802443, 2.223333053609245, 2.219020781863449, 2.2136041797124424, 2.2073984171590233, 2.2007988151322064, 2.1946689089139304, 2.1887028864306264, 2.1814980405008693, 2.1734014112725215, 2.1661224691276875, 2.157026312290094, 2.149067980101985, 2.1406868777723393, 2.1312633243381467, 2.1245622945646954, 2.112906234896081, 2.1039260039981613, 2.0954849648679423, 2.085308279746618, 2.0751390416398006, 2.0653998619980283, 2.0548021857045655, 2.0465131180408673, 2.035734359525208, 2.0255867100169516, 2.0158255739599213, 2.0069296963703938, 1.9943405198745239, 1.9878331150254633, 1.9785102111661537, 1.9696640749262948, 1.9601512767820277, 1.952320259096276, 1.9444983374868703, 1.9369979717283168, 1.929026244287817], "test_loss": [2.293305432128906, 2.2902598602294924, 2.2871606903076174, 2.2853331329345705, 2.2825149993896483, 2.280192297363281, 2.2783028137207033, 2.274546350097656, 2.2732841552734375, 2.2716039916992186, 2.269275750732422, 2.2687491638183594, 2.265640090942383, 2.2698116546630858, 2.2670047424316406, 2.263808026123047, 2.261462680053711, 2.2587846313476563, 2.263322479248047, 2.265245098876953, 2.262041946411133, 2.2603386779785155, 2.2593150482177733, 2.2619184478759764, 2.2619330078125, 2.250730642700195, 2.2599661865234375, 2.2558174652099607, 2.251504959106445, 2.2522888580322267, 2.2617724670410158, 2.2619394775390624, 2.2539484436035155, 2.2561079376220703, 2.2579629028320314, 2.252818316650391, 2.2683882263183595, 2.2587854736328126, 2.2456926361083984, 2.2628975708007815, 2.260790802001953, 2.2711125, 2.271851171875, 2.2783172912597656, 2.2756713317871093, 2.283611697387695, 2.2714066314697265, 2.276809634399414, 2.2875085540771485, 2.2908133483886717, 2.273894934082031, 2.2567362030029297, 2.29723532409668, 2.2538756286621093, 2.2663267486572267, 2.2649685546875, 2.2773078552246093, 2.3179731536865233, 2.2872661682128905, 2.3177903228759766, 2.3083904022216797, 2.3251113983154297, 2.309782327270508, 2.3195154693603515, 2.3664895111083983, 2.3162900512695312, 2.310223764038086, 2.3279879821777345, 2.3461887176513674, 2.3589182373046875, 2.3302606536865236, 2.327532077026367, 2.3764333068847656, 2.364320834350586, 2.3714932159423827, 2.408332580566406, 2.3725945526123047, 2.407709393310547, 2.3927886474609377, 2.3622613555908205, 2.435770376586914, 2.4366442169189453, 2.3945451416015624, 2.40882802734375, 2.4163573822021482, 2.4301309295654296, 2.502898141479492, 2.4395362701416015, 2.4817621856689454, 2.5147453216552735, 2.479193469238281, 2.5183670623779295, 2.5248477752685545, 2.538565609741211, 2.5486419158935547, 2.4949930877685547, 2.5656644989013673, 2.592679992675781, 2.526305078125, 2.501597723388672], "test_acc": [12.69, 11.39, 34.2, 26.71, 33.22, 28.67, 37.9, 28.76, 28.82, 42.42, 38.05, 41.76, 32.23, 39.1, 27.8, 34.35, 35.87, 40.22, 28.06, 28.48, 24.79, 32.78, 35.05, 21.62, 21.99, 29.81, 21.19, 28.82, 24.37, 25.4, 24.87, 19.85, 19.83, 24.02, 17.49, 19.24, 15.24, 18.4, 19.79, 15.8, 15.1, 14.18, 17.19, 12.72, 16.78, 12.25, 13.75, 16.99, 13.15, 12.25, 14.04, 17.23, 12.16, 15.77, 13.24, 13.88, 12.21, 10.25, 12.54, 10.64, 12.01, 10.23, 14.42, 11.31, 10.14, 12.25, 11.71, 12.51, 11.34, 9.94, 11.65, 13.02, 11.38, 11.84, 11.57, 12.15, 11.81, 10.59, 12.49, 12.98, 11.98, 11.39, 12.24, 11.0, 12.72, 13.12, 10.69, 13.49, 10.4, 9.55, 11.96, 10.93, 12.49, 11.58, 11.26, 12.46, 11.32, 10.59, 11.46, 12.12]}