{"train_loss": [1.7989847081848698, 1.644277638859219, 1.6224743632169871, 1.611345359402844, 1.6045983591650286, 1.5980053966880863, 1.5931799139222529, 1.5891309851764615, 1.5854560034906762, 1.5820913302083301, 1.5787532107952313, 1.576398150024251, 1.573530226181715, 1.570608099301656, 1.568376969323199, 1.565175539917416, 1.562932192769825, 1.5597688145617135, 1.5574522418344123, 1.5547850508975167, 1.5515350885370858, 1.548836832627272, 1.546639394811076, 1.5436234604089687, 1.5399354324381576, 1.537298946808546, 1.5338005459206736, 1.5300493411019318, 1.526759929381884, 1.523605932537307, 1.5189703407450619, 1.5149376168210282, 1.5115423617709396, 1.506788444569987, 1.5031241494366245, 1.497227618836949, 1.4930326933534737, 1.4885111795021937, 1.483738822560025, 1.4786115028919318, 1.4727031799972568, 1.4677772911695333, 1.4626258545451694, 1.4562548174817338, 1.4516542862113724, 1.4447039177275112, 1.4386448045062203, 1.4333639633961213, 1.4269688781510053, 1.4206928990335546, 1.414678969189652, 1.4081380048878172, 1.4018373323811426, 1.3966206225574527, 1.3913933764665554, 1.383790649409987, 1.3784288855699391, 1.372609101044826, 1.3659966300185928, 1.3600685655051827, 1.3542247221001193, 1.3484975591174557, 1.3424652226460285, 1.3370937300034058, 1.3320301699842143, 1.327004520047424, 1.3216942492713275, 1.3163093756406734, 1.3122231509440985, 1.3073275178416162, 1.3029785416065118, 1.299085172577801, 1.2950007971535382, 1.2910759680800967, 1.2870650788148243, 1.284972181941709, 1.2790340661493123, 1.2762799352152734, 1.2729159705659263, 1.26835687394835, 1.2658178347807665, 1.2628878989280798, 1.2603287628063788, 1.2580800540426857, 1.2543385342145577, 1.2518154074493637, 1.2493728399276733, 1.24641697987532, 1.2448810096989331, 1.2423442696404254, 1.2399388946529128, 1.2382099648826144, 1.236950198809306, 1.2342940046746507, 1.2319488876905196, 1.2309652248508909, 1.228038108501679, 1.2268293342019758, 1.225277553511481, 1.22318107348222], "test_loss": [0.7004660469055176, 0.6460174949645996, 0.6236349643707275, 0.6183385383605957, 0.613763522720337, 0.6033236106872558, 0.6412803802490235, 0.5551974452972412, 0.6068369663238525, 0.6235547714233398, 0.5874372364044189, 0.5749327411651611, 0.5092541358947754, 0.593115550994873, 0.5734214260101318, 0.5892636962890625, 0.5216139106750488, 0.5633130020141601, 0.5577813800811767, 0.5899147804260254, 0.5593167854309082, 0.5140285804748536, 0.5832397567749024, 0.5308579956054688, 0.5865368148803711, 0.6273832572937011, 0.5418409351348877, 0.6204323989868165, 0.5743232368469239, 0.5576630859375, 0.5830251441955566, 0.5531239421844483, 0.5488767723083496, 0.49851269721984864, 0.5463843563079834, 0.5413885391235351, 0.569715364074707, 0.598442106628418, 0.5877055671691894, 0.5407033729553222, 0.5620617469787598, 0.5751604598999024, 0.6394289176940918, 0.6006213508605956, 0.554151124572754, 0.5841895263671875, 0.6788511047363281, 0.6112217750549317, 0.611257984161377, 0.6043626953125, 0.6611325141906739, 0.5971038269042969, 0.6269469863891601, 0.5723003211975097, 0.604861450958252, 0.6167088645935058, 0.6073085891723633, 0.6036977737426757, 0.6339742706298828, 0.608123240661621, 0.6047956153869629, 0.6145611465454102, 0.5983676891326905, 0.5407119285583496, 0.5682733974456787, 0.627525496673584, 0.6592778030395507, 0.630712973022461, 0.6320840614318848, 0.6323487319946289, 0.5958596881866455, 0.614149984741211, 0.6285689872741699, 0.6167726356506348, 0.6511558715820313, 0.5841751644134522, 0.5951134422302246, 0.650509164428711, 0.646724201965332, 0.6609782104492188, 0.6291053619384765, 0.6136688903808594, 0.6216785079956054, 0.6332803810119629, 0.6781998573303223, 0.6595015495300293, 0.6277876831054687, 0.6198531398773194, 0.6524566192626953, 0.6615765228271484, 0.682148412322998, 0.6952993614196777, 0.6276509521484375, 0.6763344116210938, 0.678544937133789, 0.6321489723205567, 0.6511052925109864, 0.6478067359924317, 0.672777131652832, 0.6717345779418945], "test_acc": [95.48, 97.16, 97.89, 98.18, 98.4, 98.4, 98.73, 98.55, 98.66, 98.79, 98.78, 98.83, 98.87, 98.87, 98.93, 98.87, 98.91, 98.94, 98.76, 98.95, 98.91, 98.92, 98.99, 98.92, 98.87, 98.96, 98.91, 98.81, 98.6, 98.83, 98.83, 98.74, 98.62, 98.72, 98.77, 98.74, 98.65, 98.51, 98.4, 98.44, 98.2, 98.24, 97.18, 97.75, 97.99, 98.05, 96.7, 96.99, 96.81, 96.81, 96.1, 96.71, 96.66, 96.53, 96.16, 95.52, 95.56, 95.49, 95.25, 94.8, 95.19, 94.97, 95.19, 95.56, 94.83, 94.65, 92.73, 93.84, 93.73, 93.48, 93.84, 94.07, 93.6, 93.04, 91.23, 94.01, 93.93, 92.45, 92.27, 92.08, 92.71, 93.12, 92.5, 92.21, 91.27, 91.22, 92.26, 92.18, 91.65, 91.27, 90.35, 90.34, 92.55, 90.05, 90.81, 92.22, 91.67, 91.49, 91.26, 90.68]}