{"train_loss": [2.302055517832438, 2.3011226893490195, 2.300589862032833, 2.300315466701475, 2.3001357515652976, 2.2999976659432435, 2.299881507188846, 2.2997820606598487, 2.29969225734727, 2.2996149052921524, 2.2995434938332973, 2.2994812772824216, 2.2994254837688217, 2.2993781286427097, 2.299336078839424, 2.299295585379641, 2.299260240334731, 2.299231076851869, 2.2992035328832445, 2.29918106753602, 2.299158432544806, 2.299136891324296, 2.2991172549052115, 2.299101116310837, 2.299083600186894, 2.2990686643836846, 2.2990551117138986, 2.2990430522168803, 2.299030233652164, 2.299016389581892, 2.299003889418056, 2.2989947500391903, 2.298980160146697, 2.2989700844145227, 2.298960663824, 2.2989532422815633, 2.2989442903771358, 2.29893412345495, 2.298926882764213, 2.2989194658067493, 2.298912950560578, 2.2989024336521444, 2.2988931679318094, 2.2988860495070105, 2.298878237223014, 2.2988737979505816, 2.298866974492358, 2.298860812289083, 2.2988548243147697, 2.298846912689698, 2.2988416710470476, 2.2988339494436216, 2.2988297771184873, 2.2988241630741673, 2.2988186998245044, 2.298812643585042, 2.2988087229239635, 2.2988027028548412, 2.2987966461059375, 2.298792405006213, 2.29878554537765, 2.2987813307688785, 2.298778418292347, 2.2987719519525514, 2.2987664881934466, 2.298761795219193, 2.298760613315126, 2.2987557858483405, 2.2987495803425455, 2.2987458553069677, 2.2987415062056646, 2.298738414915199, 2.2987332206505995, 2.298726430306068, 2.2987275663604083, 2.298718832496904, 2.2987143738656983, 2.2987115311826396, 2.2987083695892596, 2.298706423013638, 2.298698884299678, 2.298696226034409, 2.298692041992122, 2.298691574834351, 2.2986893450093064, 2.298683669322576, 2.298681151153695, 2.298679439430563, 2.298673876330384, 2.2986701981634154, 2.2986654282635093, 2.2986661374059496, 2.298659057698698, 2.2986585085208597, 2.298653518032824, 2.2986480792363486, 2.298650136870197, 2.298644517731463, 2.2986395598476768, 2.298636635653993], "test_loss": [2.254788803100586, 2.210478872680664, 2.1816143157958985, 2.166834899902344, 2.1567552368164065, 2.1489193786621095, 2.141037518310547, 2.1356822998046874, 2.1300118103027343, 2.1255514831542968, 2.1219501892089845, 2.1192116119384767, 2.113023028564453, 2.1110934814453124, 2.1079046966552735, 2.1074932006835936, 2.104478579711914, 2.1019287109375, 2.0995698852539064, 2.098389208984375, 2.0960165496826173, 2.0955955474853516, 2.095299279785156, 2.0930455535888672, 2.0921347259521483, 2.0909043823242186, 2.092159484863281, 2.089253698730469, 2.088336068725586, 2.0875309936523436, 2.086444451904297, 2.087588900756836, 2.0884583892822266, 2.085455459594727, 2.0866742889404297, 2.083972198486328, 2.084345315551758, 2.0845504211425783, 2.0836995788574217, 2.0830249450683596, 2.0816590423583983, 2.083082537841797, 2.0825031280517576, 2.081054098510742, 2.0832000396728514, 2.0809221069335937, 2.0805430450439455, 2.0817455688476563, 2.079739535522461, 2.0809529998779297, 2.082027981567383, 2.0777938079833986, 2.0803119567871096, 2.0775309448242187, 2.07973095703125, 2.0761045867919923, 2.0786018310546877, 2.0776159729003907, 2.0766501739501955, 2.0765414611816406, 2.0790041381835938, 2.077008511352539, 2.0766628448486326, 2.0776203369140624, 2.075738723754883, 2.074528448486328, 2.077665084838867, 2.0758492614746094, 2.0729892669677734, 2.0756666259765626, 2.075865512084961, 2.0750985595703124, 2.0739124206542967, 2.0748035430908205, 2.0740984771728517, 2.0738060577392576, 2.072037194824219, 2.076284765625, 2.073463635253906, 2.0745241943359374, 2.0736569702148437, 2.0733941467285155, 2.0727080627441405, 2.075757522583008, 2.0732712036132814, 2.073701937866211, 2.070953970336914, 2.0725694305419924, 2.0712820831298826, 2.0746236755371092, 2.0718613708496094, 2.070250308227539, 2.070711624145508, 2.0751504180908205, 2.0709776428222657, 2.0709407684326173, 2.0731350891113283, 2.0725153198242188, 2.070052038574219, 2.0708950775146486], "test_acc": [64.86, 78.65, 82.93, 86.76, 88.08, 89.2, 90.01, 90.83, 91.38, 92.03, 92.59, 93.16, 93.49, 93.78, 94.02, 94.48, 94.66, 94.35, 94.82, 95.04, 94.88, 95.31, 95.52, 95.44, 95.33, 95.97, 96.0, 95.68, 96.06, 96.21, 96.08, 96.17, 96.35, 96.42, 96.48, 96.37, 96.41, 96.53, 96.68, 96.38, 96.57, 96.67, 96.68, 96.65, 96.73, 96.86, 96.71, 96.8, 96.77, 96.86, 96.89, 97.0, 97.01, 96.89, 97.11, 96.8, 97.05, 96.98, 97.03, 97.15, 97.08, 97.1, 97.18, 97.16, 97.2, 97.26, 97.33, 97.21, 97.28, 97.27, 97.43, 97.31, 97.38, 97.32, 97.46, 97.34, 97.33, 97.51, 97.47, 97.43, 97.43, 97.59, 97.51, 97.57, 97.46, 97.56, 97.48, 97.52, 97.55, 97.62, 97.65, 97.56, 97.61, 97.6, 97.74, 97.77, 97.68, 97.64, 97.62, 97.66]}