{"train_loss": [2.1964204056650147, 2.130558826475062, 2.1176430544792075, 2.111302351849711, 2.107209099154187, 2.1041206103614254, 2.101983688835405, 2.0994523936866694, 2.0977518683315344, 2.096048600653298, 2.0941468260736547, 2.0928786282355967, 2.0913718220515127, 2.0896784242911215, 2.088352954795218, 2.086706615666039, 2.0850137217432008, 2.083685842334715, 2.082091104780507, 2.0805692901978126, 2.0786317800864196, 2.077458994765567, 2.075331973723876, 2.0735716450418162, 2.071688829833626, 2.0693819145871024, 2.067676128485264, 2.0650945224313655, 2.062874597616685, 2.0610628331828322, 2.0580737799660773, 2.055575394222879, 2.052784609234231, 2.0496769486329494, 2.046650833808459, 2.04350866135369, 2.041047036393076, 2.0371575691761117, 2.033007850504329, 2.0295743802164354, 2.0255335620325856, 2.021284510691961, 2.017321514777648, 2.0129071142938404, 2.006938627897165, 2.002945379823701, 1.9983313452993703, 1.9927935804057324, 1.9876229938788292, 1.9824209473071954, 1.976756185802639, 1.9709553779699864, 1.9648139604136474, 1.9589019565500765, 1.9519051206417573, 1.9455704867330372, 1.9404924761535776, 1.93404675141359, 1.9269491991935632, 1.9198555182187984, 1.912476084425918, 1.9069050843389626, 1.899779299640248, 1.8936493170057607, 1.8871489195232718, 1.87920414051439, 1.8728910738076918, 1.8668088879850175, 1.8582950440736918, 1.854073847970392, 1.8456213425876749, 1.8391876037304218, 1.8333826289217696, 1.8272996071057441, 1.8211294318366253, 1.8161518522816846, 1.809563737649184, 1.8043786623539069, 1.7988729757121487, 1.7926537478581452, 1.7866680530401378, 1.7823539177576702, 1.7769385163600628, 1.7725309202304254, 1.7659194421054971, 1.7623196881041567, 1.7589916518101325, 1.7542066734570723, 1.7494190340368156, 1.745091858582619, 1.7413210787324824, 1.7374505961043203, 1.7334223786989849, 1.728735402608529, 1.727101404697467, 1.722708125399728, 1.7201530948663368, 1.715575884295325, 1.7120812364623077, 1.708972483363926], "test_loss": [1.3673970321655273, 1.2712218032836915, 1.1973706184387207, 1.1867342231750488, 1.1408830810546875, 1.164237045288086, 1.1785936477661132, 1.1861201675415038, 1.1315848579406738, 1.1237468475341796, 1.112003313446045, 1.1915667419433593, 1.1838836013793945, 1.1945015274047852, 1.165899934387207, 1.102344708251953, 1.136742138671875, 1.0920840339660645, 1.1546506652832031, 1.1469678833007813, 1.09422660446167, 1.1233332565307617, 1.1361373474121095, 1.1269998168945312, 1.0845173461914062, 1.1952138137817383, 1.0910682899475097, 1.129599154663086, 1.1582993438720703, 1.1439530303955079, 1.140875094604492, 1.149735186767578, 1.1727499298095703, 1.1781063491821289, 1.1628955978393554, 1.0835842666625977, 1.0869756607055665, 1.1731415725708008, 1.1263307983398438, 1.1838946594238282, 1.1432119552612305, 1.076849599456787, 1.0757174568176269, 1.1898177688598632, 1.0810266784667968, 1.0909106307983398, 1.144407586669922, 1.1482119705200196, 1.1349686477661134, 1.1544418777465821, 1.1520077438354492, 1.163504995727539, 1.1125084480285645, 1.1129584243774413, 1.1299679992675782, 1.128591365814209, 1.1995427520751953, 1.1606768142700195, 1.2226908615112304, 1.2365611572265625, 1.1624178497314452, 1.181184378051758, 1.2571113571166992, 1.2095841400146485, 1.2493767654418946, 1.1676659317016602, 1.1850713455200195, 1.260338999938965, 1.2345514251708984, 1.209378091430664, 1.2290413864135743, 1.1362017539978027, 1.2109544540405273, 1.1697408630371093, 1.2087437728881836, 1.1918990936279297, 1.193848095703125, 1.2647847732543944, 1.2567899047851563, 1.2548766250610353, 1.22938536529541, 1.2519694366455079, 1.2682115676879884, 1.2867399871826173, 1.3302123077392578, 1.2797124298095703, 1.3121688186645508, 1.2933168930053711, 1.291499008178711, 1.3485141204833984, 1.2653780532836914, 1.2728239807128907, 1.3102110610961915, 1.2960859237670899, 1.2893556182861328, 1.3043552719116212, 1.3107904571533202, 1.3408186004638671, 1.282447721862793, 1.3080339645385741], "test_acc": [90.33, 94.78, 96.24, 96.95, 97.38, 96.9, 97.72, 97.72, 97.9, 97.96, 97.91, 98.22, 98.18, 98.22, 98.4, 98.36, 98.38, 98.5, 98.28, 98.4, 98.51, 98.35, 98.51, 98.31, 98.39, 97.79, 98.28, 98.3, 98.08, 98.19, 98.03, 97.33, 97.65, 96.91, 97.11, 97.26, 97.45, 95.57, 96.58, 95.11, 95.38, 95.86, 94.81, 93.73, 94.47, 93.85, 91.91, 92.21, 92.39, 90.52, 89.04, 89.58, 90.62, 89.05, 88.07, 86.27, 84.09, 85.69, 81.93, 80.08, 84.69, 81.13, 79.22, 78.63, 78.38, 81.55, 79.19, 76.37, 76.67, 76.83, 75.42, 79.18, 76.1, 77.85, 75.49, 75.89, 75.33, 72.88, 71.41, 71.8, 72.75, 71.32, 72.13, 70.16, 66.47, 67.65, 66.75, 68.17, 68.03, 65.21, 69.14, 69.07, 67.37, 66.98, 68.0, 67.63, 66.33, 65.23, 67.94, 66.85]}