{"train_loss": [2.3016570760653567, 2.299999742426424, 2.2991784021385713, 2.2987835962548213, 2.2985036979373703, 2.2982780148840356, 2.2980861597590976, 2.2979195128139267, 2.2977776389855604, 2.297660720144582, 2.2975624580668588, 2.297477365558983, 2.2974096001722875, 2.297348854888199, 2.2972978699920525, 2.297254071276412, 2.2972119690006614, 2.2971753396539607, 2.297142636572194, 2.2971162790926094, 2.2970907759462666, 2.2970639640449457, 2.2970384848423495, 2.297015613470322, 2.2969940294567337, 2.296973056263394, 2.296953789698772, 2.296937521196838, 2.2969217111921716, 2.2969060998696547, 2.296890064691886, 2.2968745048229513, 2.296860524222382, 2.296847862056178, 2.2968349273388204, 2.2968219885459313, 2.2968084486121807, 2.296797547584925, 2.296785888508854, 2.296774389906826, 2.296765055411901, 2.296753449827178, 2.296741768845126, 2.296735419676854, 2.2967247743891854, 2.2967183890505734, 2.2967076612333965, 2.296697927845849, 2.2966895261381426, 2.2966824235060277, 2.2966722015641694, 2.2966671769435587, 2.2966603458437147, 2.2966465201133337, 2.296643255612789, 2.2966372701856823, 2.296626868411007, 2.296621020023639, 2.2966180097343574, 2.296608875449906, 2.296599544521071, 2.2965921856399274, 2.296589076009571, 2.29658374368635, 2.296577007852049, 2.2965730963609157, 2.2965620613505697, 2.296558417316176, 2.2965553071763782, 2.296551134851244, 2.2965446919457526, 2.2965383952499456, 2.2965334562154918, 2.2965276969803705, 2.2965218348380847, 2.296518838303721, 2.2965112894009323, 2.2965095333563976, 2.296503896387214, 2.296497298611535, 2.2964912759952054, 2.2964895321772647, 2.2964840775881057, 2.2964780264430575, 2.296476777292724, 2.2964677214622498, 2.2964651946328645, 2.296462847126855, 2.296458962636116, 2.296455388904637, 2.296451066294287, 2.296447742698539, 2.296442040011414, 2.29643434082341, 2.296435025512663, 2.2964325165137267, 2.296425332880428, 2.29642513827381, 2.296419022939144, 2.2964198044222646], "test_loss": [2.2359987060546875, 2.170714318847656, 2.138229055786133, 2.121932312011719, 2.1109103149414064, 2.1003326599121093, 2.0910936218261718, 2.0831453033447267, 2.0764710357666014, 2.0712719573974607, 2.064695249938965, 2.0621304412841797, 2.058367135620117, 2.056228887939453, 2.0538471923828125, 2.0488988861083985, 2.049041423034668, 2.0481537872314455, 2.0459491119384765, 2.04437195892334, 2.0433402069091797, 2.042538101196289, 2.039094462585449, 2.040208590698242, 2.0386977493286134, 2.038601901245117, 2.0353803176879883, 2.037947723388672, 2.0376086303710936, 2.035131838989258, 2.0318563598632813, 2.0358296768188477, 2.0331777755737304, 2.0322258270263673, 2.0322103607177735, 2.030865249633789, 2.029281256103516, 2.0295114501953124, 2.0270783447265623, 2.0292060577392577, 2.0273196807861327, 2.029620837402344, 2.0273975189208984, 2.027028271484375, 2.027491311645508, 2.02782901763916, 2.0265310165405275, 2.0269263595581055, 2.0270905242919923, 2.0261505187988282, 2.022831886291504, 2.0233120864868166, 2.0253813385009765, 2.0229198181152346, 2.0231580383300782, 2.024388655090332, 2.023032466125488, 2.020547538757324, 2.023693817138672, 2.021003477478027, 2.0251671691894533, 2.022768669128418, 2.0228414199829103, 2.020436590576172, 2.021179524230957, 2.0197442031860353, 2.024212675476074, 2.0213306777954103, 2.0186709518432617, 2.0206481719970704, 2.020637567138672, 2.020403810119629, 2.0187087661743166, 2.0193370544433593, 2.0204094818115235, 2.0187121673583985, 2.0205273712158203, 2.019272172546387, 2.0169320816040037, 2.021135252380371, 2.017423402404785, 2.01679091796875, 2.015885707092285, 2.0172467071533204, 2.016833151245117, 2.018953088378906, 2.0130354766845704, 2.0165511764526367, 2.0178305221557618, 2.0172042114257813, 2.016258088684082, 2.017306396484375, 2.0145315887451174, 2.015645964050293, 2.015840005493164, 2.014584197998047, 2.017477864074707, 2.017225296020508, 2.015752537536621, 2.0189504669189455], "test_acc": [69.63, 80.54, 85.33, 87.83, 89.55, 90.64, 91.12, 92.44, 93.03, 93.5, 94.05, 94.21, 94.66, 94.95, 95.22, 95.5, 95.54, 95.74, 95.97, 96.06, 96.28, 96.27, 96.3, 96.32, 96.32, 96.47, 96.45, 96.68, 96.72, 96.79, 96.87, 96.97, 96.96, 96.95, 96.99, 97.01, 97.05, 97.1, 97.18, 97.16, 97.26, 97.31, 97.17, 97.31, 97.42, 97.4, 97.34, 97.36, 97.46, 97.54, 97.43, 97.43, 97.58, 97.58, 97.57, 97.46, 97.57, 97.63, 97.64, 97.59, 97.76, 97.79, 97.68, 97.64, 97.78, 97.73, 97.71, 97.75, 97.83, 97.85, 97.88, 97.84, 97.9, 97.79, 97.78, 97.93, 97.83, 97.91, 97.84, 97.9, 97.8, 97.92, 97.9, 97.92, 97.95, 97.96, 97.93, 97.92, 97.99, 97.89, 97.91, 97.94, 97.95, 97.99, 97.96, 98.04, 97.98, 98.02, 97.88, 98.07]}