{"train_loss": [2.3004755668151073, 2.296034183257665, 2.2940433422724404, 2.292745621795328, 2.2915733446422806, 2.290687590582758, 2.289902474126245, 2.2892335566700015, 2.2884835274810467, 2.287890716495677, 2.2872049818691025, 2.2866995411041455, 2.2861263940476966, 2.2853051551386843, 2.2848363508526077, 2.284214779861972, 2.283347614809998, 2.2824474522191234, 2.2818311182861652, 2.2808138758708267, 2.280050950682061, 2.279026312705798, 2.277858800867684, 2.276876312035781, 2.2755454478100834, 2.2740960584746466, 2.2726712313472714, 2.270728257476774, 2.269343117872874, 2.267689788952852, 2.2654897504382663, 2.2636887298689947, 2.2610875500573053, 2.258384708665375, 2.2559741450171185, 2.252544001636342, 2.2496324156084633, 2.2464608264784527, 2.243117638123341, 2.238732327762832, 2.2346325470851016, 2.229397757440551, 2.2252578526480584, 2.2187931476495204, 2.2143782071578197, 2.2074945589416046, 2.2015262852367172, 2.1943686258079658, 2.1869809668288274, 2.1787707133170886, 2.169572249946431, 2.160706379984179, 2.152053652665554, 2.142444903524513, 2.131340997850793, 2.1203608716654982, 2.10921876756554, 2.0974259259354353, 2.0836005177762775, 2.0729194280938206, 2.0586641023301673, 2.0456205474005804, 2.0321800298670416, 2.0170731513928146, 2.005620898344578, 1.992354753944609, 1.9771007729901209, 1.9635778629881704, 1.9485934809741812, 1.9335545357475934, 1.9212889577079022, 1.9054125893829215, 1.893943985303243, 1.8816339442363152, 1.8694776772943318, 1.858242338284468, 1.8466317579787002, 1.8351178928318186, 1.8206182539972484, 1.812534474918985, 1.8000955856763399, 1.7918109937101347, 1.7810896382882044, 1.7718129262455509, 1.7630759711958404, 1.7554477460873432, 1.7479975024859111, 1.7402221794821258, 1.7314666728688102, 1.7254904029715774, 1.7212260337466867, 1.7120745778083801, 1.7075768273610334, 1.70061881827493, 1.6968744448107531, 1.690431777228657, 1.6874067819016612, 1.6818388389725971, 1.6759710849350333, 1.6721473201217814], "test_loss": [2.1798872131347657, 2.092945181274414, 2.0549353622436524, 2.0134207794189454, 2.007287126159668, 2.0002799072265627, 1.963676007080078, 1.9603786727905272, 1.957882145690918, 1.9310965576171875, 1.943431768798828, 1.950511245727539, 1.888668913269043, 1.9162345138549806, 1.9114566864013671, 1.927328123474121, 1.8977910003662108, 1.9347672485351564, 1.9053138061523438, 1.889442318725586, 1.9121719192504882, 1.9027773406982422, 1.8841081192016602, 1.8937721893310546, 1.9077445510864257, 1.9229273574829102, 1.8796571441650392, 1.8846756439208985, 1.9261996826171874, 1.8893078567504882, 1.9198771881103516, 1.8692807815551757, 1.8828911331176759, 1.811687255859375, 1.8748537231445312, 1.9608304855346679, 1.887024903869629, 1.8885771392822266, 1.8882398529052735, 1.9109638900756836, 1.8901538986206055, 1.9191473236083985, 1.8985932327270507, 1.8937952117919923, 1.9420325164794923, 1.9863137084960938, 1.9554552627563477, 1.9949396209716797, 1.9349095825195313, 1.950230694580078, 2.008742074584961, 1.9950047149658203, 1.9525330108642578, 1.994334669494629, 2.006443864440918, 2.0820917572021482, 2.0560461013793945, 1.989537599182129, 2.0602212814331056, 2.0440598526000975, 2.061077212524414, 1.9519149200439454, 2.133284019470215, 2.101019844055176, 2.084119758605957, 2.167257418823242, 2.112418016052246, 2.1978662673950193, 2.174244079589844, 2.0972855682373046, 2.1808078292846678, 2.2079737457275392, 2.14938655090332, 2.280690264892578, 2.219193281555176, 2.3254011962890626, 2.290541204833984, 2.357842840576172, 2.2542080627441408, 2.2829069580078123, 2.324407894897461, 2.2553836486816405, 2.4311480560302736, 2.355240008544922, 2.3100234954833985, 2.36176884765625, 2.294998400878906, 2.335159115600586, 2.391800601196289, 2.3648876403808594, 2.367463806152344, 2.3332488433837892, 2.3672216705322264, 2.3542949462890626, 2.365348275756836, 2.3494856689453125, 2.4092960784912107, 2.380676885986328, 2.4294146545410156, 2.3890568603515625], "test_acc": [61.65, 78.22, 83.12, 89.33, 86.88, 88.96, 91.5, 91.92, 92.77, 91.35, 92.66, 93.16, 92.91, 93.17, 93.74, 93.08, 92.47, 92.25, 90.15, 91.13, 90.5, 90.55, 91.36, 90.86, 89.28, 80.21, 85.19, 83.67, 81.33, 81.46, 74.82, 79.96, 74.56, 74.94, 74.41, 60.79, 71.4, 61.84, 61.04, 56.29, 61.19, 52.56, 56.81, 52.44, 44.54, 42.18, 45.09, 38.28, 44.54, 43.02, 34.72, 37.45, 39.72, 36.56, 31.67, 30.53, 29.68, 34.19, 30.87, 32.29, 30.71, 36.87, 26.26, 29.32, 28.17, 23.88, 26.25, 25.85, 24.2, 26.72, 23.23, 24.73, 24.97, 21.19, 22.68, 21.47, 22.22, 19.42, 23.01, 22.77, 20.44, 25.31, 18.26, 21.88, 21.89, 20.68, 22.86, 21.41, 19.53, 21.43, 20.58, 21.56, 21.89, 20.7, 20.41, 22.35, 20.28, 20.31, 19.53, 20.78]}