{"train_loss": [2.042076229539692, 1.9269659901276612, 1.9074124001030228, 1.8973584618323889, 1.8886855298127883, 1.883451504075629, 1.8780195218885047, 1.8730889263316097, 1.8693016436364915, 1.8649966958751025, 1.8606219803675628, 1.8567624634657152, 1.851520500631414, 1.847974296563711, 1.8422241447827754, 1.8368970018166761, 1.832201834417816, 1.8263082906731174, 1.8207682289628901, 1.8148490845138192, 1.806271834505929, 1.798993636145551, 1.7901371304805462, 1.78063074263752, 1.7691527355430472, 1.7596681362543352, 1.7469410025156462, 1.7335988955620008, 1.718129484826683, 1.7036059562467103, 1.6865381392148824, 1.6684647795991001, 1.6490379658519712, 1.62890554824446, 1.6062495013078053, 1.5827326858655, 1.5583820424528203, 1.532995956321048, 1.504071836033438, 1.4774359930784275, 1.4473187811354287, 1.4217545471639714, 1.389586001379877, 1.3602065003325796, 1.3320698063088279, 1.3009588117273445, 1.2752144851236262, 1.2467403332901816, 1.218462448598992, 1.1919309519804442, 1.1655610020344074, 1.1409598387714126, 1.1183536434784913, 1.0957614578242996, 1.0774304893536446, 1.0596390268486788, 1.0409316862495537, 1.0246003677702358, 1.0099044505856996, 0.9965744516533664, 0.983003945941599, 0.9735332459975512, 0.9640580273082113, 0.9530195888036337, 0.9444423837539477, 0.9373700798321993, 0.9277208272972678, 0.9214393980482705, 0.9157815755177767, 0.9108283296864257, 0.9033562716765281, 0.8992011615863214, 0.894239577345359, 0.8901669141064342, 0.8858596064850816, 0.8818205954172672, 0.8782853545286716, 0.8745081380137012, 0.871341130672357, 0.8681239222104733, 0.8642512608287681, 0.8616328227978486, 0.8588567623215863, 0.8563416406639621, 0.8534927752792326, 0.8512935733947998, 0.84873969368955, 0.8465645241941142, 0.844220771239354, 0.8423979733234797, 0.8399921139845481, 0.8383232125869164, 0.8361038396246413, 0.8343218278426391, 0.8323039655756747, 0.8311448346855294, 0.8293173645551388, 0.827449114404173, 0.8258861349179194, 0.8241091589642386], "test_loss": [1.059094081878662, 0.8861299369812011, 0.8733690017700195, 0.8682070152282715, 0.9528179458618165, 0.7802702857971191, 0.8673086235046387, 0.8318455680847168, 0.7830322937011719, 0.8707713302612304, 0.8222895416259766, 0.8786449371337891, 0.8592459571838379, 0.8382670845031738, 0.8172483688354493, 0.8216255256652832, 0.8405763000488281, 0.8022745391845704, 0.7338123069763184, 0.891744450378418, 0.8274847122192382, 0.9091217651367187, 0.8403723739624024, 0.8367046165466309, 0.8238461044311524, 0.9047389678955078, 0.9022684745788574, 0.8359195518493653, 0.8626858390808105, 0.8419841033935547, 0.92491763381958, 0.8045499183654785, 0.9156653984069825, 0.9007838439941406, 0.8275786430358887, 0.9214542266845703, 0.8763114242553711, 0.843528929901123, 0.9483870552062988, 0.9483034156799316, 0.983256851196289, 0.9477326156616211, 0.9363704376220703, 1.002610516357422, 0.944358154296875, 1.0112183578491212, 1.0316359802246093, 0.9798411476135254, 1.0322044540405273, 1.108359748840332, 1.0870616218566895, 1.111596434020996, 1.0509188934326172, 1.0745199920654296, 1.1187241416931153, 1.125986319732666, 1.1349167846679689, 1.1123196281433105, 1.1653651863098144, 1.1936624794006347, 1.1596029624938964, 1.182304421234131, 1.1987590324401856, 1.2099973655700684, 1.2474352752685547, 1.1949188484191895, 1.2317855361938477, 1.2579756156921387, 1.276336989593506, 1.2466061889648437, 1.2893647247314453, 1.2525224067687988, 1.2690160835266113, 1.2748626365661622, 1.2901644035339355, 1.3175582374572754, 1.325417495727539, 1.3322336685180665, 1.3071059852600098, 1.317324754333496, 1.3053013854980469, 1.3543946014404298, 1.3675166915893555, 1.3190146545410155, 1.3435387680053712, 1.3357487670898438, 1.3315739181518556, 1.3447356147766114, 1.3707146224975586, 1.3227291900634766, 1.397430581665039, 1.372675765991211, 1.3972980834960937, 1.3681746932983399, 1.3946366256713867, 1.3762475219726562, 1.3602054138183595, 1.3560490737915039, 1.3674488006591796, 1.3934972030639647], "test_acc": [93.81, 96.04, 96.83, 97.08, 97.76, 97.41, 97.94, 98.0, 98.06, 98.03, 98.27, 98.27, 98.24, 98.2, 98.21, 98.16, 98.11, 98.02, 98.08, 97.83, 97.47, 97.43, 96.6, 96.6, 96.86, 95.91, 94.83, 95.08, 93.38, 93.33, 90.92, 92.11, 88.61, 88.06, 88.66, 85.74, 84.19, 84.72, 78.51, 78.75, 77.5, 76.75, 76.9, 72.66, 75.09, 72.79, 71.0, 71.91, 69.78, 66.22, 66.92, 66.11, 67.86, 67.8, 65.17, 64.49, 64.86, 65.48, 63.37, 62.15, 63.9, 62.7, 62.26, 62.01, 60.42, 62.33, 61.13, 59.97, 59.78, 60.81, 58.83, 60.33, 59.6, 59.13, 59.14, 57.91, 57.88, 57.62, 58.31, 58.04, 59.24, 57.02, 56.27, 58.26, 57.06, 58.06, 57.49, 57.25, 56.33, 57.83, 55.11, 56.18, 54.79, 56.56, 55.5, 56.26, 56.78, 56.98, 56.69, 55.78]}