{"train_loss": [2.285499780606001, 2.265164495533348, 2.2573497488967376, 2.2524914491889825, 2.2494533143491826, 2.247034584864592, 2.2446878287527294, 2.242765967662518, 2.240454127136459, 2.239139718377692, 2.2368665765493345, 2.2349137811579256, 2.2328973718178577, 2.230251787055252, 2.2279931678731217, 2.225613721415528, 2.222106103713696, 2.2192070866242433, 2.215343608815446, 2.2119986455664677, 2.206759399837918, 2.201459242237939, 2.1960945063167148, 2.1900776074482846, 2.1825162100995708, 2.175171131761665, 2.166599821331155, 2.1563876357852902, 2.1457216607199774, 2.133701355029375, 2.1194454207379594, 2.1043828218920617, 2.0872113628265185, 2.0696103476051593, 2.0500015165561285, 2.0264100485887284, 2.0052988226087685, 1.978463414642546, 1.9505096926138952, 1.9191284762997913, 1.8886956328000777, 1.8532790207964742, 1.8201424178914127, 1.7823502543645027, 1.743845418987111, 1.7059773965778513, 1.6663024591075049, 1.6278493952037942, 1.5868628137132041, 1.5489909203134031, 1.5065541109468183, 1.4712356535288005, 1.434387732265342, 1.398284432470289, 1.363213710550569, 1.3267647247029166, 1.2974387320697818, 1.2680830532669003, 1.2367005452641056, 1.2122361288111434, 1.1882998479737177, 1.1644222331352723, 1.1471729352433457, 1.1279494711476514, 1.1116159565937824, 1.0962501323630667, 1.082174767795791, 1.07016206984846, 1.0595213535249743, 1.0493661026414642, 1.0396293447567866, 1.031608139984628, 1.0249078899112523, 1.0184997050171225, 1.0102047347105467, 1.0040920374230442, 0.9991091983950037, 0.9933018071783913, 0.988030260317346, 0.9835289085013235, 0.9794969154983504, 0.9754746235333956, 0.9708957610986172, 0.9673672202560637, 0.9639278892268482, 0.9604033851980144, 0.9569482591926542, 0.9545627233819065, 0.9517167461478812, 0.9480287445406629, 0.9462568710247675, 0.9426565859307591, 0.9407096075960714, 0.9381275243229337, 0.9360847206961396, 0.9337263944057318, 0.9312346971187836, 0.9296431043463894, 0.9273073800608643, 0.9244432050702919], "test_loss": [1.901676856994629, 1.7764212127685546, 1.685484992980957, 1.6709286041259765, 1.6215676559448242, 1.6695714935302735, 1.6365578628540038, 1.6137651901245118, 1.6012874649047852, 1.5567776000976563, 1.5972615264892578, 1.6077769393920898, 1.5775290542602538, 1.601137615966797, 1.6364052383422851, 1.5879422943115233, 1.556335659790039, 1.627255258178711, 1.5633535308837891, 1.5905988632202148, 1.5645316604614259, 1.57343465423584, 1.5952158584594727, 1.5605081741333007, 1.5445648406982422, 1.5512677871704101, 1.55033046875, 1.6195292510986328, 1.6290934814453124, 1.5700219955444337, 1.6408167755126952, 1.6715166076660157, 1.595943553161621, 1.6054267059326173, 1.6984382888793945, 1.674695603942871, 1.6676410949707032, 1.730169253540039, 1.7025690338134765, 1.715422946166992, 1.711716114807129, 1.7930301528930663, 1.8242977737426758, 1.8259752822875976, 1.8857780014038086, 1.8953230667114258, 2.0170175857543944, 1.9257094909667969, 1.9891142135620117, 2.1241810195922852, 2.046434521484375, 2.2365353759765627, 2.1118191497802736, 2.2636776016235354, 2.2331077957153322, 2.1189662719726563, 2.2957376068115236, 2.320680422973633, 2.3109654708862304, 2.332114364624023, 2.4156798126220704, 2.4591462036132814, 2.3906722396850584, 2.438726681518555, 2.5368135864257813, 2.4934048431396483, 2.3896069580078123, 2.4923801300048827, 2.5572089813232424, 2.4602363159179688, 2.4733494903564455, 2.512054751586914, 2.5055524017333983, 2.52963828125, 2.536362518310547, 2.5379043395996095, 2.559991360473633, 2.5547461730957033, 2.530021823120117, 2.5630024200439454, 2.6356380584716796, 2.5920346588134766, 2.5710447692871092, 2.568952294921875, 2.5873712341308592, 2.590027493286133, 2.6242629608154298, 2.572252926635742, 2.650819381713867, 2.5973629913330076, 2.6111211456298826, 2.6490277130126954, 2.6111613739013673, 2.614928872680664, 2.629214483642578, 2.6516104614257814, 2.6387696350097656, 2.6421061950683593, 2.6508593658447266, 2.6520305419921875], "test_acc": [81.47, 88.47, 91.01, 93.37, 94.47, 94.37, 94.82, 94.12, 95.7, 95.83, 95.49, 95.77, 95.82, 95.53, 94.46, 95.28, 95.38, 94.6, 94.01, 92.43, 90.77, 89.76, 88.67, 87.17, 86.53, 84.19, 83.19, 75.4, 69.91, 73.42, 64.83, 58.88, 64.04, 59.16, 53.1, 52.34, 51.5, 48.03, 48.02, 47.1, 46.45, 42.92, 39.69, 40.8, 37.05, 36.92, 32.55, 36.24, 35.2, 30.63, 33.76, 30.87, 32.31, 29.05, 28.98, 34.71, 28.11, 28.06, 29.08, 30.15, 27.71, 27.06, 27.68, 26.04, 24.83, 26.26, 28.58, 26.38, 25.12, 26.91, 26.77, 25.08, 26.03, 25.25, 25.6, 25.19, 24.71, 24.96, 26.19, 25.21, 22.96, 24.41, 24.95, 25.63, 24.19, 23.88, 23.64, 24.6, 22.87, 24.61, 23.77, 23.58, 24.74, 23.74, 23.6, 22.91, 23.33, 24.55, 23.37, 23.37]}