{"train_loss": [2.2818058983892455, 2.261001967976236, 2.2540365437157135, 2.2502874854283457, 2.248126071233016, 2.246640902808589, 2.245574841641972, 2.244653657460824, 2.2436786258322563, 2.243019218628223, 2.2424176839681773, 2.2418603326520348, 2.241178646046891, 2.240756206532829, 2.2400809643615007, 2.2395421791280437, 2.2390836105387435, 2.2386728499689674, 2.238080313572517, 2.2376393833730974, 2.237071216106415, 2.2364466669213057, 2.2362214719128404, 2.23554226424959, 2.234999939926669, 2.2345608533957066, 2.233936942031241, 2.2334808335345016, 2.232873636433202, 2.2322645528703675, 2.2317185493615956, 2.2309423180726857, 2.230390143190694, 2.2297171069006634, 2.2291291345897903, 2.2284332340599127, 2.227787431998131, 2.2269266879456673, 2.226120751637679, 2.225287798632923, 2.224444983351944, 2.223705600978982, 2.2227296019211793, 2.22174399632674, 2.2209952672322593, 2.2199400067329407, 2.2188607138446255, 2.217865063593938, 2.216835301146548, 2.215915573967828, 2.21448390911787, 2.2134870000374622, 2.212128266819522, 2.2108253072469664, 2.2096384845228276, 2.2083459007434354, 2.2070636260203824, 2.2053756810661054, 2.204223211504455, 2.202527869460929, 2.2011206766479035, 2.199817355371948, 2.1984307557089715, 2.1963809978248725, 2.194376894042023, 2.1931972676872187, 2.19168233158242, 2.189653683421958, 2.1878498604154992, 2.1861356873797555, 2.1841019560129213, 2.1818063029876122, 2.180235624822796, 2.17837624060802, 2.1763214570844274, 2.1740760716617618, 2.172040942387703, 2.1696312672052627, 2.1680718125441136, 2.1654933410832005, 2.1636347989750724, 2.161121005176479, 2.158425316851363, 2.1567593038591566, 2.1544322743375077, 2.15202004991026, 2.150023171534905, 2.147518730061686, 2.1451452950127106, 2.142588668399387, 2.1402931931691294, 2.1380614128887143, 2.1359252114581246, 2.133275440106025, 2.1314630365779257, 2.1284216270487533, 2.126062801760486, 2.1237665333299556, 2.1213473504425115, 2.1190216908088098], "test_loss": [1.8347537536621095, 1.7293059936523438, 1.6874069610595703, 1.665916436767578, 1.6160128387451171, 1.620041619873047, 1.6132107360839845, 1.6283277572631836, 1.559181559753418, 1.5670422485351563, 1.598109881591797, 1.6039028213500977, 1.5442100372314453, 1.5844149536132812, 1.5593233093261718, 1.5811770416259765, 1.5937261245727539, 1.5511506164550781, 1.5244456192016602, 1.527987892150879, 1.5626070877075195, 1.53843447265625, 1.533668571472168, 1.5241793991088868, 1.5438912048339843, 1.5519699447631836, 1.5030336227416992, 1.5576887756347657, 1.55370333404541, 1.5615300094604492, 1.5293899215698241, 1.5550132110595702, 1.6001007415771484, 1.5111622467041015, 1.5453080947875977, 1.575790007019043, 1.6120308380126953, 1.524397802734375, 1.5225196014404296, 1.5049773132324218, 1.572090788269043, 1.5400930404663087, 1.583548110961914, 1.5232436462402343, 1.5137830688476563, 1.5196097030639648, 1.5159814285278321, 1.578440055847168, 1.597705810546875, 1.538492576599121, 1.5244900848388672, 1.5662495803833008, 1.6218289947509765, 1.5666662185668945, 1.5477774612426758, 1.5742043350219728, 1.576683905029297, 1.5041972869873046, 1.6046328033447266, 1.5802043258666991, 1.561832778930664, 1.579591860961914, 1.5455607727050782, 1.5358803665161134, 1.5987415191650391, 1.5664567764282227, 1.497028857421875, 1.5221958587646485, 1.6172785385131836, 1.5658174758911132, 1.5528088150024415, 1.5711529602050782, 1.59874228515625, 1.5966966903686524, 1.5959798782348633, 1.5637095947265625, 1.5771849151611328, 1.6099984100341798, 1.6135657302856445, 1.5641678909301757, 1.5580180877685548, 1.5762929397583008, 1.6444701675415039, 1.611852035522461, 1.586932339477539, 1.642569854736328, 1.6067314468383789, 1.6068685150146484, 1.6517304092407226, 1.623574932861328, 1.603850749206543, 1.6228662994384766, 1.592481704711914, 1.610927653503418, 1.660034066772461, 1.6309703216552733, 1.5713082275390624, 1.6355086395263672, 1.6376477416992188, 1.6039862380981444], "test_acc": [81.94, 91.22, 92.73, 95.33, 95.82, 96.26, 96.26, 96.63, 96.89, 97.02, 97.55, 97.67, 97.59, 97.74, 97.69, 98.0, 97.98, 97.98, 98.08, 97.76, 97.89, 97.59, 98.17, 97.88, 98.15, 98.14, 97.98, 98.06, 98.05, 97.8, 98.05, 98.03, 98.01, 98.0, 97.57, 97.84, 97.54, 97.5, 97.7, 97.71, 97.2, 96.95, 95.96, 97.29, 97.3, 96.93, 96.71, 95.68, 94.02, 95.79, 95.72, 94.88, 93.81, 94.73, 94.42, 93.58, 93.05, 93.3, 91.12, 90.61, 89.24, 88.54, 90.5, 88.8, 86.03, 89.44, 89.97, 87.76, 85.1, 85.27, 84.29, 82.75, 81.37, 80.49, 81.34, 82.87, 81.5, 76.75, 75.88, 80.44, 80.11, 75.68, 73.19, 73.81, 74.51, 71.68, 71.57, 71.3, 65.22, 69.59, 72.04, 68.46, 69.29, 68.33, 64.45, 65.75, 70.97, 66.57, 65.95, 67.59]}