{"train_loss": [2.29511774605156, 2.2853878532719407, 2.2824365094176726, 2.2805787039618206, 2.279399867241199, 2.278653117836031, 2.278113785971943, 2.277705321454594, 2.277383466052194, 2.2771055311219306, 2.2768819306650734, 2.2766906975680947, 2.276524083227174, 2.2763647396340327, 2.2762360328283067, 2.276112866197896, 2.2759984415820522, 2.2758912306565504, 2.2758066109103017, 2.2757234583553085, 2.275645146003136, 2.2755654219888215, 2.2754886022999754, 2.2754287740104218, 2.2753608827916985, 2.275296299885481, 2.2752571370866566, 2.275194999499199, 2.275142567280011, 2.275096331906115, 2.2750554421009164, 2.275010730466272, 2.274966893033085, 2.2749273654742117, 2.274889562883948, 2.274847422909533, 2.274815238948561, 2.2747856536482134, 2.274746664568909, 2.27471354833016, 2.274681193706317, 2.2746617208179245, 2.274630383039132, 2.2746023433840175, 2.2745751519488473, 2.2745462803759127, 2.2745170017592926, 2.2745044470852256, 2.2744735953135367, 2.2744515879541383, 2.2744263833404608, 2.2743987512384725, 2.2743777133460736, 2.2743627479952626, 2.274337739007086, 2.274321720131442, 2.274301460156074, 2.274283352570656, 2.2742647976956816, 2.2742402171477294, 2.274224408671387, 2.2742103801833258, 2.274192596093202, 2.274179374560332, 2.2741589322049394, 2.274144847168882, 2.274127684087835, 2.2741184163297343, 2.274100379556672, 2.2740850041055274, 2.274063604000287, 2.2740597067735133, 2.2740399159936824, 2.274026441777873, 2.2740117703747544, 2.273995311341734, 2.2739877889298987, 2.2739714781443277, 2.2739661244245677, 2.273947372395768, 2.2739288088602896, 2.273924676781027, 2.2739072910740843, 2.2738965469547825, 2.2738806686849675, 2.273873606808165, 2.273860311915732, 2.2738522347222028, 2.2738418385513826, 2.2738340232107372, 2.273823137466724, 2.273811482466184, 2.273795454420595, 2.2737790310484733, 2.273783632323273, 2.2737621303297515, 2.2737571785592627, 2.2737437731180434, 2.2737429009543524, 2.273727000778557], "test_loss": [2.024320002746582, 1.9278178283691407, 1.8797822479248048, 1.8488805526733398, 1.8337744567871095, 1.820365608215332, 1.8011139099121094, 1.8004371688842773, 1.796199528503418, 1.7884709289550782, 1.7858392654418946, 1.7877810348510743, 1.778373991394043, 1.7764814315795898, 1.7721187454223633, 1.7759447677612306, 1.7700834411621094, 1.771473094177246, 1.764668914794922, 1.767352537536621, 1.76624111328125, 1.760487237548828, 1.768356170654297, 1.7616001678466797, 1.758597819519043, 1.7635011993408203, 1.7596981140136718, 1.7583298416137696, 1.756566180419922, 1.7516971084594726, 1.7525298324584961, 1.7436358200073243, 1.755265545654297, 1.75028946685791, 1.7503196701049806, 1.7523396270751954, 1.748249545288086, 1.7547477828979492, 1.7541944702148438, 1.7556863235473632, 1.7488000961303711, 1.7457190963745117, 1.7443802612304689, 1.744039582824707, 1.7498372650146485, 1.748543162536621, 1.7464524612426757, 1.7533517379760741, 1.7415264572143554, 1.7505892532348633, 1.743630143737793, 1.7418657760620118, 1.7505570861816406, 1.7486468963623047, 1.7501042404174805, 1.7478480209350586, 1.7446157073974609, 1.745904867553711, 1.7507801910400391, 1.7384621002197265, 1.7410189086914063, 1.7434577499389647, 1.7374610488891602, 1.7408258666992187, 1.7455828094482422, 1.738670916748047, 1.7421494338989258, 1.7433233612060546, 1.735174984741211, 1.7450913330078126, 1.7364424057006835, 1.74210594329834, 1.737607846069336, 1.7421269439697267, 1.7469112274169922, 1.7382100463867187, 1.734454379272461, 1.7402263214111329, 1.739909535217285, 1.7426557830810547, 1.732028355407715, 1.7366487930297851, 1.7341988800048829, 1.7282121810913087, 1.7403330032348632, 1.7425689010620118, 1.7512142349243165, 1.7395050094604492, 1.7407844024658203, 1.7320337219238282, 1.7384836517333984, 1.7328476226806642, 1.7379018997192384, 1.7363532150268555, 1.739738803100586, 1.73571473236084, 1.7409057571411133, 1.7381174240112305, 1.727557618713379, 1.7349893447875977], "test_acc": [80.76, 88.86, 91.64, 92.8, 94.46, 95.26, 95.82, 96.17, 96.47, 96.68, 96.9, 97.03, 97.04, 97.32, 97.4, 97.42, 97.5, 97.6, 97.67, 97.65, 97.85, 97.79, 97.86, 97.91, 97.93, 97.97, 97.86, 98.03, 98.05, 98.05, 98.13, 98.1, 98.11, 98.18, 98.21, 98.22, 98.24, 98.15, 98.24, 98.28, 98.31, 98.23, 98.31, 98.39, 98.41, 98.37, 98.38, 98.39, 98.42, 98.46, 98.44, 98.39, 98.42, 98.38, 98.51, 98.48, 98.43, 98.49, 98.55, 98.5, 98.55, 98.6, 98.61, 98.53, 98.55, 98.53, 98.54, 98.57, 98.55, 98.67, 98.6, 98.52, 98.58, 98.51, 98.68, 98.59, 98.5, 98.62, 98.66, 98.68, 98.63, 98.6, 98.63, 98.69, 98.72, 98.69, 98.66, 98.67, 98.76, 98.68, 98.63, 98.63, 98.72, 98.7, 98.72, 98.71, 98.69, 98.73, 98.64, 98.71]}