{"train_loss": [2.274310259228079, 2.245612483248751, 2.235613006302434, 2.229791403835655, 2.2269371314945383, 2.224182320965661, 2.221788070140741, 2.2199076847133474, 2.217841249245864, 2.215826074282328, 2.213905719610361, 2.212095713004088, 2.209536322671124, 2.2077397296571326, 2.2054976591697106, 2.2031263994355488, 2.2005739904876447, 2.1979815414828114, 2.1947463450268803, 2.1918326020240784, 2.187709818028996, 2.1837995923482456, 2.179915672693497, 2.1753595501948624, 2.170404733246208, 2.164642233114976, 2.1583213098028784, 2.1518737485266137, 2.1433262060850096, 2.1363488980847545, 2.12720366828462, 2.117124765347212, 2.1066045919035234, 2.094931507976646, 2.0821513584536366, 2.0675270677122297, 2.0535412066512637, 2.0365073882107043, 2.0196542273729277, 2.0014249333459087, 1.980551233403703, 1.9594475109862466, 1.9388771826385434, 1.91548999125122, 1.8910203392689044, 1.8642175811478214, 1.8402321359031222, 1.8120130685150113, 1.7868835498125126, 1.7608289812874591, 1.7340650825928419, 1.7085291891016512, 1.679733712449033, 1.6529903888192952, 1.6281841203697727, 1.604827935114885, 1.5790541684016204, 1.5550087081570911, 1.5325266079515474, 1.509696075040051, 1.4880476504819007, 1.4726403057575226, 1.4513108358423934, 1.4339142179387248, 1.4182046649293003, 1.4026918513143165, 1.3896217465910137, 1.3754924826132946, 1.3619640619836302, 1.348488611033839, 1.3380199321824262, 1.3275552873428051, 1.3202815998313773, 1.310761772414558, 1.301645392790819, 1.294737622523919, 1.289171323307559, 1.2806339541561582, 1.2743008949308314, 1.2680691852528825, 1.263218592120032, 1.2580096301360009, 1.253366485874877, 1.248008737197289, 1.2442092370783162, 1.23990049932757, 1.235149218995347, 1.2317081730589907, 1.2287730429417048, 1.2258598702585595, 1.2222281992435455, 1.2183352825988052, 1.2155451578462226, 1.2127575021014254, 1.209397877383436, 1.2078268298735986, 1.2053624434858305, 1.201983324228189, 1.2000843513215709, 1.197967180584231], "test_loss": [1.7984833938598632, 1.6267215682983398, 1.5520434753417969, 1.5709022277832032, 1.5567494888305664, 1.5113398483276368, 1.5300547775268554, 1.4708572006225586, 1.4869044952392578, 1.4989943420410157, 1.4794216674804688, 1.518980921936035, 1.499140542602539, 1.4956184448242187, 1.5392233154296875, 1.430144155883789, 1.460073634338379, 1.4678428482055663, 1.4817319702148437, 1.5082959716796875, 1.5344104965209961, 1.4715440872192382, 1.4710845321655273, 1.52234656829834, 1.4805045852661132, 1.432418846130371, 1.476985903930664, 1.528037353515625, 1.4754422821044921, 1.4649888809204101, 1.557272235107422, 1.4259143005371093, 1.460887745666504, 1.5139500625610351, 1.5862967529296874, 1.4636251083374023, 1.5189598022460937, 1.5702110321044922, 1.6430267684936524, 1.5747998123168945, 1.5435888854980468, 1.6145376358032226, 1.6191596481323243, 1.5587050201416015, 1.6749552795410156, 1.6332726364135741, 1.6861564331054688, 1.7103251968383788, 1.7028330902099609, 1.7537813949584962, 1.7563445861816407, 1.7229934524536132, 1.8785843048095703, 1.7695469772338868, 1.9330293838500976, 1.8520667526245118, 1.8707157897949218, 1.9514696411132813, 1.9088597946166992, 1.9942953155517578, 2.024237324523926, 2.0139530014038085, 2.0044457809448244, 1.9316511505126952, 1.9937530151367187, 2.0640160400390624, 2.140083990478516, 2.1515639739990235, 2.150369270324707, 2.1583805557250977, 2.1246354217529295, 2.119229034423828, 2.1391603469848635, 2.1420983123779296, 2.0983734298706054, 2.14647765045166, 2.1414278076171875, 2.1877430297851563, 2.238408302307129, 2.216134931945801, 2.19390647277832, 2.1922692321777344, 2.2293321853637695, 2.232993710327148, 2.211700857543945, 2.280596960449219, 2.2703241775512697, 2.2434527755737306, 2.2955045104980467, 2.217587776184082, 2.2212896530151367, 2.1791915817260743, 2.2748429489135744, 2.296186944580078, 2.292002362060547, 2.27503076171875, 2.255770916748047, 2.2755535583496096, 2.284273629760742, 2.2801739700317385], "test_acc": [82.78, 91.62, 94.0, 94.64, 95.52, 95.88, 95.94, 96.66, 96.52, 96.32, 96.7, 96.85, 96.4, 96.79, 97.03, 96.9, 96.65, 95.8, 96.04, 95.65, 94.59, 95.14, 93.58, 91.96, 91.58, 91.0, 89.33, 84.64, 82.79, 86.25, 78.71, 82.96, 79.35, 74.26, 67.48, 71.84, 67.31, 62.93, 56.65, 58.83, 60.18, 54.3, 55.16, 54.93, 46.67, 49.9, 48.45, 46.14, 46.73, 45.0, 44.02, 45.2, 36.86, 41.24, 35.82, 39.74, 38.47, 36.54, 38.5, 34.4, 33.55, 34.67, 36.31, 37.97, 35.92, 33.77, 31.55, 31.32, 31.03, 31.33, 31.34, 31.85, 31.42, 30.5, 33.54, 30.32, 31.43, 29.56, 29.38, 29.2, 30.93, 29.58, 29.98, 29.71, 29.97, 28.64, 29.19, 29.29, 28.19, 30.74, 30.07, 32.39, 28.99, 28.34, 27.44, 28.54, 28.46, 28.74, 28.6, 29.28]}