{"train_loss": [2.2410192219620075, 2.196285237104465, 2.185183432367113, 2.180714317366608, 2.1775104174247155, 2.175297053451212, 2.173552422441988, 2.171923131514818, 2.1706917428562784, 2.169424349426204, 2.1684809546185355, 2.1673248486641126, 2.166607820070707, 2.165627959447029, 2.1646598195418334, 2.164098428355323, 2.1630918724924073, 2.1623084356642175, 2.161414815319909, 2.1605939895678787, 2.1598168591148834, 2.158938729864919, 2.1580399234070735, 2.157265202102498, 2.15629449308428, 2.1554565918751254, 2.1544550738782964, 2.1536192185858374, 2.1524269280270634, 2.1514801062070408, 2.15049719504821, 2.1493972967832518, 2.148388758683816, 2.146922057001, 2.145928735916431, 2.1449767254356646, 2.143169290999062, 2.141970298738561, 2.1406717473625116, 2.139087895552317, 2.1379989782969155, 2.1363540159331427, 2.1346339690379605, 2.132976628266848, 2.131232865855225, 2.1295916112060223, 2.1275760954261846, 2.1257958804440293, 2.1234830903191853, 2.121779636440114, 2.1194682523735566, 2.1173156133064857, 2.1152926713992386, 2.113086003014165, 2.1104921168751187, 2.1089786678297906, 2.106043908840571, 2.1034199233747954, 2.1009858979119196, 2.0988486582397394, 2.095818480874738, 2.093041756723681, 2.08995280866949, 2.0876215380481167, 2.0843809710608587, 2.081425645412543, 2.078937247268155, 2.0756055809493756, 2.0725189447402954, 2.0688683309106746, 2.0657218689592476, 2.062664477234213, 2.059632871904944, 2.0569409208419995, 2.053003581161173, 2.0503248006869583, 2.046734759186068, 2.043457282914056, 2.0400139567179556, 2.037105038889453, 2.0332885147669377, 2.0298994723548236, 2.0264081246832495, 2.02332921160592, 2.0203673164559226, 2.0168616224048486, 2.0134981664327474, 2.010336091121038, 2.0069973331231337, 2.003445730250106, 2.0006724916971645, 1.997400222425787, 1.9943551568903475, 1.9916474760597587, 1.9886695905628367, 1.9851183157700758, 1.9822972108665695, 1.9797806062250056, 1.9766112711185064, 1.9742909387136116], "test_loss": [1.5559571380615234, 1.4671012771606444, 1.4272394104003907, 1.3737832290649414, 1.3432385009765626, 1.3325063064575196, 1.325643032836914, 1.3384864273071289, 1.3502757598876953, 1.3017110931396485, 1.2880548110961914, 1.3090351791381836, 1.3173046157836914, 1.3341756118774415, 1.2981587509155272, 1.2942384841918946, 1.301234860229492, 1.3015384902954101, 1.2649847305297852, 1.3136741241455079, 1.2640644409179687, 1.2786600204467773, 1.3029640258789061, 1.2535980148315429, 1.2572740997314453, 1.271956137084961, 1.2830590759277343, 1.2546009536743163, 1.3180744186401367, 1.3070505752563477, 1.313417044067383, 1.30165380859375, 1.3094435775756836, 1.292653108215332, 1.2854275192260742, 1.2791074447631836, 1.298469644165039, 1.3021430404663086, 1.2689328353881837, 1.3238324462890625, 1.2250564071655274, 1.3192607223510742, 1.3088238204956055, 1.248496418762207, 1.2929782699584962, 1.3000370056152344, 1.2879959045410156, 1.302536328125, 1.2969355270385743, 1.2674966995239259, 1.283846028137207, 1.2439314865112305, 1.34085323638916, 1.2386755020141602, 1.3137393676757811, 1.2756283126831054, 1.2872413024902343, 1.3171753692626953, 1.2900865112304687, 1.3452755096435547, 1.2871258224487305, 1.3231665069580079, 1.2926879531860351, 1.3338260284423828, 1.3113309936523438, 1.3168520935058594, 1.313569303894043, 1.3451459609985352, 1.3171615142822266, 1.3077379196166992, 1.3396914505004882, 1.28869246673584, 1.3157170394897462, 1.2987706771850587, 1.3499886856079102, 1.3573204696655274, 1.380974822998047, 1.3145404006958008, 1.383027813720703, 1.3625320999145507, 1.3473171447753907, 1.3807205917358398, 1.3860252365112304, 1.31432413482666, 1.3429517532348634, 1.3545067794799805, 1.3336054458618165, 1.3486391891479492, 1.3079244812011719, 1.3290032028198242, 1.397742628479004, 1.4231165725708008, 1.3361826721191405, 1.4048184982299805, 1.3865403274536132, 1.4023680404663086, 1.3760173889160157, 1.373516438293457, 1.4195968307495117, 1.412823550415039], "test_acc": [88.11, 93.08, 95.36, 96.68, 96.98, 97.23, 97.31, 97.42, 97.62, 97.95, 97.96, 97.98, 98.01, 98.1, 98.13, 98.12, 98.14, 98.09, 98.23, 98.32, 98.24, 98.37, 98.31, 98.45, 98.19, 98.45, 98.21, 98.26, 98.28, 98.19, 98.47, 98.25, 98.2, 98.22, 98.01, 98.08, 97.98, 98.12, 97.78, 97.66, 97.92, 97.38, 97.48, 97.56, 97.51, 97.32, 97.03, 96.79, 96.25, 97.0, 96.39, 95.65, 94.82, 95.88, 95.33, 94.83, 94.37, 94.0, 93.23, 92.58, 92.91, 90.29, 92.64, 89.04, 89.4, 89.59, 89.05, 88.19, 89.53, 87.82, 86.53, 88.07, 85.73, 85.21, 82.57, 83.36, 81.99, 82.58, 82.07, 80.57, 81.77, 79.34, 77.45, 80.7, 79.39, 76.46, 80.13, 78.78, 80.35, 80.07, 74.7, 74.46, 78.21, 72.22, 74.06, 69.23, 74.6, 74.03, 71.27, 72.2]}