{"train_loss": [2.2905572831121264, 2.2770626560235634, 2.2728424856805396, 2.2701519391475578, 2.268596210031428, 2.267500585470444, 2.2667096690234976, 2.2660880674663773, 2.2656401339759173, 2.2651422339626865, 2.2648021680677037, 2.2644466161727905, 2.2641411673309455, 2.2638967434565225, 2.263652969119895, 2.263390684739137, 2.2631651733675575, 2.262946765646975, 2.262722074985504, 2.2625176320728073, 2.26237722288849, 2.2621718568679614, 2.262022231379126, 2.261861651371687, 2.261672959368453, 2.261542600953681, 2.261363595469385, 2.2612153556611805, 2.261047475867801, 2.2608842437083903, 2.2607427132435336, 2.26055123255803, 2.2604312458608904, 2.260281887319353, 2.26009917513937, 2.259984218666696, 2.2598071393803654, 2.2596760193506875, 2.259487123061449, 2.259345123401055, 2.2592241646897078, 2.2590702746668434, 2.258896491975866, 2.2587215752683134, 2.2585511890232053, 2.258414786595565, 2.258260412603362, 2.258145245731386, 2.2579800909401007, 2.2578225217313848, 2.2575965187488456, 2.2574631485164676, 2.257235961082654, 2.25706752599814, 2.256860322931893, 2.256797673865261, 2.2564767125325327, 2.2563675152949796, 2.2562031857987757, 2.2559909876595197, 2.2557373378011913, 2.2556548689165687, 2.2554592138681655, 2.2552101214726767, 2.2550287088777266, 2.2548866368766523, 2.2546125563800845, 2.2544436495528264, 2.2542316847377353, 2.2539736959669323, 2.25375742229641, 2.25351751767672, 2.25333434343338, 2.2530761468104825, 2.2528760127532177, 2.2526728928598585, 2.2524254464695597, 2.2522152050947533, 2.252138078212738, 2.251798596137609, 2.251510036806775, 2.251252156037551, 2.250989391762986, 2.2508971645281863, 2.2504628759164076, 2.2502578074096613, 2.2499952998935666, 2.24975590267752, 2.2493767035313144, 2.249142510768695, 2.248848691964761, 2.2486459026988754, 2.2483072112768125, 2.2481516482483626, 2.2478645759769993, 2.2474279678784885, 2.24731998413037, 2.2468289172547493, 2.2465622078659186, 2.246452573018196], "test_loss": [1.9507317352294922, 1.847122966003418, 1.7854119338989258, 1.767024085998535, 1.7541259674072265, 1.7431546279907226, 1.7038508483886718, 1.701587892150879, 1.706799006652832, 1.7061096527099608, 1.711619906616211, 1.7086768325805664, 1.682950617980957, 1.704549008178711, 1.6838637573242188, 1.695905810546875, 1.6821444366455078, 1.702562742614746, 1.6686721878051758, 1.680064353942871, 1.659875035095215, 1.6676791397094726, 1.6878284439086915, 1.6918184600830077, 1.6522599395751953, 1.653044938659668, 1.6786729354858398, 1.6727453521728515, 1.6651307266235351, 1.6509718322753906, 1.675700978088379, 1.6495506072998047, 1.6782115783691407, 1.6784652236938478, 1.6763901306152345, 1.6841679473876954, 1.690999415588379, 1.6442214950561524, 1.6577155181884766, 1.6802274612426757, 1.6569988586425781, 1.6640098587036132, 1.674884748840332, 1.6470496124267577, 1.674317887878418, 1.6614589126586914, 1.6503965255737305, 1.6726703414916992, 1.663384730529785, 1.6647014205932618, 1.6366705749511719, 1.6408361022949218, 1.64060323638916, 1.6642193557739258, 1.6734501861572266, 1.6606085250854492, 1.666126171875, 1.6654604949951173, 1.6612684829711915, 1.6746258056640626, 1.6748320770263672, 1.6652929504394531, 1.6338032180786133, 1.6238602172851562, 1.6616800750732421, 1.633278532409668, 1.6219436080932617, 1.646178385925293, 1.6511363494873046, 1.6341070602416992, 1.680400456237793, 1.6667442153930665, 1.6658950408935547, 1.6935213714599608, 1.668601042175293, 1.6638133666992188, 1.6869462936401367, 1.6541409591674805, 1.634898141479492, 1.6814204055786133, 1.6131812301635742, 1.6580841583251953, 1.6572914627075195, 1.658036572265625, 1.647873406982422, 1.6473796371459961, 1.643209620666504, 1.6336783737182616, 1.6253008911132814, 1.6306682083129882, 1.6677037414550782, 1.6855010864257813, 1.6601808319091798, 1.6597914413452148, 1.6711982254028321, 1.6647446899414062, 1.6343678817749023, 1.6370603240966797, 1.684185986328125, 1.623793588256836], "test_acc": [83.16, 89.19, 92.48, 93.45, 94.58, 95.57, 95.96, 96.22, 96.56, 96.76, 96.85, 96.63, 96.96, 97.1, 97.09, 97.2, 97.3, 97.5, 97.58, 97.49, 97.52, 97.65, 97.75, 97.64, 97.6, 97.81, 97.84, 97.93, 97.73, 97.83, 97.9, 97.89, 97.9, 97.98, 98.07, 98.04, 98.05, 97.9, 97.92, 97.9, 97.88, 98.04, 98.02, 97.97, 98.14, 98.06, 98.0, 98.03, 97.99, 97.97, 98.04, 97.92, 97.9, 98.03, 97.87, 97.89, 97.82, 98.03, 97.78, 97.83, 97.91, 97.85, 97.67, 97.79, 97.88, 97.87, 97.82, 97.49, 97.82, 97.74, 97.78, 97.79, 97.34, 97.4, 97.08, 97.64, 97.38, 97.57, 97.31, 96.8, 97.63, 97.43, 97.39, 97.43, 97.44, 97.19, 96.99, 97.29, 97.06, 97.1, 96.44, 95.85, 96.28, 95.16, 96.58, 96.55, 95.8, 96.12, 95.17, 96.15]}