{"train_loss": [2.3000433664036612, 2.294303220561427, 2.291353780999143, 2.2896105692936826, 2.2878061660334597, 2.286153578860128, 2.2846384771868715, 2.283301028430971, 2.2817807253609357, 2.2804161412084203, 2.279031924202911, 2.277255985981379, 2.2754539684352713, 2.2737669093996034, 2.2712313216975613, 2.2687401374181113, 2.26602587944422, 2.2625741765030427, 2.25883678595225, 2.2550624389933724, 2.2497459588906703, 2.2451534225390506, 2.23838130531148, 2.2311382436344767, 2.222954369508303, 2.213325845889556, 2.202792792238741, 2.190913244190379, 2.176794426054017, 2.1620974245234432, 2.143149233271933, 2.1236849990155964, 2.0994226777146006, 2.0721811489162283, 2.044522461982874, 2.008326470342457, 1.972796601617438, 1.929835383199219, 1.8857087714549823, 1.8383369804956975, 1.7844242338950818, 1.7282808486722474, 1.6690794275357173, 1.604257076469242, 1.5391869173090682, 1.4764160692182362, 1.413916112266035, 1.346553986143862, 1.2833688957059486, 1.217815873841954, 1.154770891635846, 1.093910075405724, 1.0328604880815897, 0.9748501884631622, 0.9198059164560758, 0.8643756492270364, 0.8141243799119933, 0.7651039480398862, 0.7216190973408202, 0.6829138655438383, 0.6501507706876494, 0.625273757510715, 0.6053557308056415, 0.5881039390706608, 0.5750911780274831, 0.5643958393325154, 0.5541420131921768, 0.5467544648255038, 0.5390021006903077, 0.5310889532805508, 0.5245282695206821, 0.5184716405267389, 0.5131021061768899, 0.5076194778084755, 0.5030363080465895, 0.49840181773034936, 0.4945303346229415, 0.48970147648937684, 0.4863074118764991, 0.48288055547536946, 0.4794766472445594, 0.4760206257685637, 0.47290826633445215, 0.46959376144103515, 0.4672688294170249, 0.46443430436217886, 0.4620913942782288, 0.45954251907065385, 0.4571717528578563, 0.45517267598810357, 0.45309913725170314, 0.45116341521597314, 0.44911016020764655, 0.447383696706886, 0.4455869992574056, 0.4441076691588785, 0.44259571462360203, 0.44106962187932086, 0.4396977464103291, 0.4384601527554357], "test_loss": [2.1712559509277343, 2.062254985046387, 2.0291286880493162, 1.9976484283447267, 1.9777739608764648, 1.9740833557128907, 1.9528817672729493, 1.9555508331298828, 1.9215707244873046, 1.8828296493530274, 1.8724139404296876, 1.9041709213256837, 1.8792166305541993, 1.8602069793701173, 1.8644165344238282, 1.871192640686035, 1.8382720993041992, 1.8702579330444336, 1.8730306930541991, 1.8455454650878906, 1.8952455841064453, 1.846183383178711, 1.8742759674072265, 1.8724229187011718, 1.818940382385254, 1.9524388626098632, 1.8873101211547851, 1.8671533508300782, 1.915345817565918, 1.907226057434082, 1.8935926589965821, 1.9153981216430664, 1.9941336441040038, 1.9867663635253907, 1.9787239715576173, 2.004363928222656, 1.9248786743164064, 2.1063526290893555, 2.098360414123535, 2.1915399810791016, 2.0744273788452148, 2.210830255126953, 2.4073508361816405, 2.4324247619628907, 2.413733120727539, 2.5528485595703123, 2.660441259765625, 2.5880538299560545, 2.962894622802734, 2.9705934143066406, 3.107035079956055, 3.2845948486328127, 3.2507330078125, 3.2404794860839843, 3.3481495513916015, 3.429583404541016, 3.597522927856445, 3.7086002349853517, 3.7938566925048827, 3.7259419525146487, 3.8164914001464845, 3.7285304229736327, 3.661684194946289, 3.8233337646484373, 3.7736525390625, 3.857896600341797, 3.82065517578125, 3.799545623779297, 3.8616977752685546, 3.7722558197021483, 3.8437505096435545, 3.8983305419921876, 3.8771944091796877, 3.9206477600097656, 3.9420795135498046, 3.8655508331298827, 3.892730157470703, 3.9382533050537107, 3.9252598266601564, 3.890827423095703, 3.9499313262939455, 3.9366805450439455, 3.927199807739258, 3.903171682739258, 3.9292845794677733, 3.954556411743164, 3.924851263427734, 3.9395735778808594, 3.9451853912353516, 3.962491079711914, 3.9192817443847656, 3.9446614715576174, 3.9270986724853514, 3.9390844177246094, 3.915942681884766, 3.906889489746094, 3.9290722229003907, 3.914388522338867, 3.9309921661376954, 3.9614546661376955], "test_acc": [59.71, 67.42, 79.91, 81.27, 88.1, 87.41, 89.49, 88.28, 90.98, 92.45, 92.24, 89.99, 91.2, 87.79, 88.65, 86.21, 87.79, 84.16, 77.87, 76.54, 70.88, 72.62, 66.62, 64.49, 63.82, 46.9, 51.54, 49.18, 42.2, 43.28, 40.91, 39.9, 32.91, 31.97, 32.68, 28.87, 35.39, 25.57, 27.85, 24.29, 28.34, 24.14, 21.03, 18.86, 22.21, 18.97, 19.19, 21.01, 17.76, 18.79, 17.27, 15.85, 18.19, 18.48, 18.72, 19.07, 17.71, 15.91, 16.05, 17.45, 15.56, 16.69, 18.22, 15.64, 16.31, 15.63, 16.05, 16.93, 16.08, 16.81, 15.71, 15.63, 15.78, 15.08, 15.2, 15.87, 15.41, 14.85, 15.4, 16.07, 14.7, 15.48, 15.47, 15.59, 15.0, 14.66, 15.35, 14.75, 15.03, 14.77, 15.25, 14.97, 15.3, 14.97, 15.3, 15.15, 15.01, 15.31, 15.08, 14.34]}