{"train_loss": [2.2968337148682685, 2.288891222232427, 2.2863684525856605, 2.2846737835142346, 2.28339371467248, 2.2825226539220567, 2.2819023453272305, 2.281391087760273, 2.2810149824517403, 2.2806518521064367, 2.280336034603608, 2.2801173492374582, 2.279872912627, 2.2795871226196613, 2.2794234396046043, 2.279226902203682, 2.2789833347002664, 2.27883185688247, 2.2786669440758534, 2.278496720851996, 2.2783009236694403, 2.278167623739976, 2.277975298400618, 2.2778485055662627, 2.2777038715843463, 2.2775277169341717, 2.27738132690772, 2.2772583594689, 2.2771149603729572, 2.2769102556073766, 2.276795109622499, 2.2766678160072393, 2.276470855769948, 2.2763261932593126, 2.276169170681228, 2.2761061227219734, 2.2758867730442276, 2.2757493048651605, 2.2755552316323304, 2.2754017970500846, 2.275292895288549, 2.2751148348180656, 2.2749675410425563, 2.274731311533186, 2.2745507527620363, 2.274337264207693, 2.274230551515889, 2.2740303991187334, 2.2738583796044702, 2.2736717885376043, 2.273400970503815, 2.2732576167481575, 2.2730890115102134, 2.272814846955813, 2.2727001706759133, 2.2724918264609117, 2.272248743945717, 2.2719630232224097, 2.271802830390441, 2.2715416871584377, 2.2712985567557507, 2.2711324727433357, 2.270781398838402, 2.2706475690898733, 2.2703284020097847, 2.27007664523573, 2.2698737097601605, 2.2694830069175134, 2.2692780871676583, 2.268995542302091, 2.2686333279324393, 2.2684676229444323, 2.268174463357681, 2.2678972360415335, 2.2675890545559745, 2.2673023470446596, 2.266798374999283, 2.266617614998777, 2.266292387094253, 2.266017446660588, 2.2656134738881364, 2.265290565470345, 2.2649642687577467, 2.264586314686343, 2.264223259738368, 2.2638070461077566, 2.2637065985263924, 2.2629949700119147, 2.2628334098392062, 2.26226389204335, 2.2619630786088796, 2.2615631360274095, 2.261148309096312, 2.2607258767144294, 2.26046733214305, 2.2599591123752103, 2.2595416027256565, 2.2592248366429257, 2.2588012417157493, 2.258082632835095], "test_loss": [2.066202197265625, 1.9642404190063476, 1.9281862533569336, 1.8960973251342774, 1.8936874633789063, 1.8580151184082032, 1.8524227844238281, 1.8465317306518554, 1.8393095245361328, 1.8250669082641602, 1.8202706192016602, 1.825098289489746, 1.8047994567871093, 1.8164164306640624, 1.8222891693115235, 1.8050633834838867, 1.8016895874023438, 1.8018538284301757, 1.7868331253051757, 1.8080320373535157, 1.7867073547363281, 1.7846013885498047, 1.7897211822509766, 1.7967341491699218, 1.7928919067382814, 1.7879996994018554, 1.7999315841674806, 1.7918387634277344, 1.7860497436523437, 1.7988238510131835, 1.792758251953125, 1.7887454772949218, 1.7801829513549805, 1.7902030715942383, 1.7840630020141601, 1.769422528076172, 1.7891691619873047, 1.7901602767944336, 1.7531246780395509, 1.7820102447509765, 1.7849981811523437, 1.795963121032715, 1.7657499237060548, 1.7755567657470703, 1.759827603149414, 1.773988104248047, 1.768432177734375, 1.7974732864379883, 1.7738441131591798, 1.7787832901000977, 1.7594902420043945, 1.7888294586181641, 1.7752977386474609, 1.7574637588500976, 1.7818484893798827, 1.801999626159668, 1.7579999069213867, 1.780474496459961, 1.7857882354736327, 1.763001234436035, 1.7834441650390624, 1.766730712890625, 1.7577423934936522, 1.7916313262939454, 1.7706231903076173, 1.7937789810180664, 1.787062973022461, 1.7769231567382813, 1.7704913070678712, 1.794266812133789, 1.7874380187988281, 1.7903415588378906, 1.7873121841430664, 1.800311604309082, 1.8098920318603515, 1.78469520111084, 1.7648804550170898, 1.7382480758666992, 1.76224150390625, 1.7786705520629882, 1.764557601928711, 1.7501190887451172, 1.7779302947998046, 1.8017249938964843, 1.7965592880249024, 1.763554364013672, 1.7947164108276368, 1.7623162567138673, 1.805406410217285, 1.8022370666503906, 1.7935195922851563, 1.753973843383789, 1.7664590270996094, 1.7509110717773437, 1.785388691711426, 1.7761172561645509, 1.766586833190918, 1.8107298751831056, 1.7915834915161133, 1.8302203842163085], "test_acc": [71.47, 86.02, 88.32, 91.62, 93.08, 93.96, 94.44, 95.24, 95.69, 95.78, 96.2, 96.35, 96.56, 96.25, 96.67, 96.63, 96.84, 96.88, 97.16, 97.34, 97.14, 97.19, 97.24, 97.23, 97.41, 97.52, 97.38, 97.32, 97.57, 97.24, 97.35, 97.59, 97.57, 97.56, 97.64, 97.74, 97.7, 97.66, 97.35, 97.51, 97.63, 97.7, 97.3, 97.53, 97.51, 97.64, 97.65, 97.42, 97.58, 97.56, 97.4, 97.22, 97.6, 96.63, 97.14, 97.16, 96.99, 97.11, 96.91, 96.98, 96.37, 96.87, 96.59, 96.65, 96.52, 96.28, 96.42, 95.94, 96.66, 95.72, 95.19, 95.81, 94.86, 95.38, 94.56, 95.1, 95.14, 95.62, 94.33, 94.18, 94.42, 95.0, 93.94, 92.53, 92.63, 93.41, 91.57, 92.7, 91.36, 89.72, 89.66, 93.3, 91.39, 91.44, 89.47, 91.81, 90.47, 87.99, 88.45, 81.11]}