{"train_loss": [1.9026420602941105, 1.7635951666241019, 1.7437855356778853, 1.733177449203964, 1.7256063054769466, 1.7208089049045856, 1.7157993354858496, 1.711983933662757, 1.7087542328060183, 1.7053846884996464, 1.7025413062327948, 1.7000991184996743, 1.6969061073584435, 1.6943523104374225, 1.691740804248386, 1.68919024661056, 1.6865880160759656, 1.6835064113649547, 1.6815066734949748, 1.6781339920484102, 1.6753018806632767, 1.672293081242814, 1.669338097429683, 1.666300933330487, 1.663095448516373, 1.6595884592105181, 1.6556903136591625, 1.6518999366169302, 1.6484178569581773, 1.64440810170948, 1.6402431721361275, 1.636435867120058, 1.6317987503149571, 1.6265300013061263, 1.6223653493783412, 1.6156710289482377, 1.6112604194726698, 1.6061843503744175, 1.6009011329748692, 1.5946362115379074, 1.5891258963662336, 1.582662757135864, 1.576052083928361, 1.5699616156072698, 1.563321854823675, 1.5567786578948681, 1.5489892722704472, 1.5422595767383902, 1.5352579574299674, 1.5277428652486231, 1.5212127375297058, 1.5127389321469853, 1.5068493174691486, 1.4995628299876156, 1.4923968363521445, 1.4858517817452424, 1.4780254832699768, 1.471064877561015, 1.4637726703260698, 1.4568247601517246, 1.4505025881987352, 1.4442636699248583, 1.4375751670609174, 1.4305123987360897, 1.4245225158002641, 1.4180742443626762, 1.4125073766097045, 1.407199469132301, 1.4007989089203696, 1.3946556861584003, 1.389688680569331, 1.3842881329548664, 1.3793171167883098, 1.3756877527787135, 1.3706101212236617, 1.3663009142773783, 1.362920314583004, 1.359055444216117, 1.35469460589254, 1.3515018718874352, 1.3471384606300256, 1.3427375728248532, 1.3401074004478943, 1.3368036097440965, 1.3331472547645242, 1.3307421505451202, 1.327722434559439, 1.325166608278568, 1.323142265407448, 1.3196566183852334, 1.3167025006224966, 1.3152074370628748, 1.3127187200081654, 1.3109915740469582, 1.3083781722264411, 1.3066294519310324, 1.3045327609930284, 1.3022854649103606, 1.300771484262923, 1.298049489911805], "test_loss": [0.7899279609680175, 0.706484005355835, 0.7059874565124512, 0.7148037963867188, 0.7252839469909668, 0.6963686073303222, 0.6714491561889648, 0.7913698448181152, 0.6749324104309082, 0.6452917381286621, 0.6292439552307129, 0.6904032867431641, 0.6988397148132324, 0.6289565460205078, 0.679756209564209, 0.6652691535949707, 0.7137801971435547, 0.6641117004394531, 0.6637925117492676, 0.6694015197753906, 0.7006358222961426, 0.6774211288452149, 0.6527619819641113, 0.6686960433959961, 0.642061824798584, 0.6785613586425782, 0.6419191123962402, 0.661197395324707, 0.66024375, 0.6811568794250489, 0.6816291770935059, 0.6254536033630371, 0.623734497833252, 0.6990319190979004, 0.6506301811218261, 0.6826730667114258, 0.6928376770019531, 0.6376958702087402, 0.6349087547302246, 0.7024222648620605, 0.7005566192626953, 0.6676483764648438, 0.7134941284179688, 0.6704154403686523, 0.7373936225891113, 0.6732063430786133, 0.7078317863464355, 0.6896589874267578, 0.650442096710205, 0.6739548034667969, 0.670481990814209, 0.7274411796569824, 0.7174779327392579, 0.7403136711120606, 0.7351420806884765, 0.6763781852722168, 0.656195361328125, 0.7126613128662109, 0.710707592010498, 0.7236446907043457, 0.7619410148620606, 0.7003381813049316, 0.7066634925842286, 0.6899584884643555, 0.6884045356750488, 0.7584578430175781, 0.740090151977539, 0.6951139801025391, 0.7423220115661621, 0.7099501472473144, 0.6824412353515625, 0.7671978050231933, 0.7238623497009278, 0.692493595123291, 0.7749750297546387, 0.7722038803100586, 0.7753689041137696, 0.7790750556945801, 0.7843333084106445, 0.7575030235290527, 0.7442488227844238, 0.7630800842285156, 0.764509049987793, 0.7369816085815429, 0.7977927421569824, 0.7612159698486328, 0.7166147987365723, 0.7592173042297363, 0.7894218444824219, 0.7732049560546875, 0.7755012100219727, 0.7430501113891601, 0.8121919471740723, 0.7729050895690918, 0.7876208274841309, 0.8192996925354004, 0.742904965209961, 0.7990487487792969, 0.7903979705810547, 0.8223626113891601], "test_acc": [95.14, 96.76, 97.47, 97.99, 97.78, 98.23, 98.34, 98.43, 98.69, 98.53, 98.48, 98.7, 98.61, 98.72, 98.8, 98.73, 98.77, 98.75, 98.73, 98.73, 98.66, 98.61, 98.59, 98.75, 98.67, 98.56, 98.62, 98.66, 98.57, 98.46, 98.19, 98.36, 98.45, 98.06, 98.08, 98.07, 97.65, 98.14, 98.11, 96.94, 97.14, 97.0, 96.78, 97.24, 95.51, 96.52, 95.7, 96.08, 96.2, 95.81, 95.33, 94.26, 94.5, 93.94, 93.14, 94.48, 94.09, 93.23, 92.81, 92.13, 91.35, 93.07, 91.82, 92.04, 92.02, 91.26, 90.98, 91.47, 89.92, 90.78, 90.87, 88.91, 90.13, 90.55, 88.27, 88.45, 88.1, 88.13, 87.24, 89.02, 88.94, 87.18, 87.22, 88.66, 86.99, 87.99, 88.84, 87.35, 87.18, 87.48, 86.86, 87.8, 85.72, 86.5, 86.83, 85.59, 87.11, 85.16, 86.08, 85.45]}