{"train_loss": [1.8021305025133312, 1.6467127038372888, 1.6265439299436717, 1.616147935645193, 1.6099147465493944, 1.6055175957516727, 1.6013339197533762, 1.5982916156450908, 1.5954953821805806, 1.5930692301346705, 1.590987014464843, 1.5892215964631138, 1.587514662844503, 1.585795173023501, 1.584603238818992, 1.5829316912553248, 1.5818069212966495, 1.5802965747494984, 1.5792609208669417, 1.5784659143696484, 1.5772714851758418, 1.5757427806528206, 1.5748858153820038, 1.5738268102336133, 1.5727798141475418, 1.5715968634328272, 1.5712142770106976, 1.5700842154841137, 1.5689315918164375, 1.5679571414605165, 1.567348572688225, 1.566335385171776, 1.5653248589772444, 1.5644256582117488, 1.5632366507481306, 1.5623982495222337, 1.561766216897557, 1.5606509900500631, 1.5596553487146003, 1.5586388113661709, 1.557614692255982, 1.5568471716509924, 1.5560390498393621, 1.5550192474809468, 1.5541141458556182, 1.553077325097516, 1.5518440471755133, 1.5515423962193677, 1.5500060994910378, 1.5492067696192326, 1.5480529752552, 1.5469496489590049, 1.5459714575201018, 1.5452012921500409, 1.544381320476532, 1.5432405871713264, 1.5419893071182773, 1.5414428372158964, 1.540338602840391, 1.53924398850172, 1.538148895288125, 1.5375705264572403, 1.5363444991600819, 1.535421499584475, 1.534607549253692, 1.5337726629187918, 1.5323700848807635, 1.5313784546322293, 1.5305388394074562, 1.5294187392434504, 1.528367530586373, 1.5272572193390284, 1.5265407641219277, 1.5255289169458242, 1.524595232346119, 1.5233976390117254, 1.5226440050153651, 1.5216582139842532, 1.5207092874070518, 1.5197085129399586, 1.5187376487968314, 1.517809584354743, 1.516658533587415, 1.515971144549867, 1.5147007021129641, 1.514119287331899, 1.5130212245843349, 1.5121489368442795, 1.5114744267402551, 1.5107347259664128, 1.5098387726351745, 1.5088747630261967, 1.508037387051134, 1.5074181322358613, 1.5063454483309362, 1.5051604516995258, 1.5045106920421634, 1.5036631695225708, 1.50328994790713, 1.502486863452145], "test_loss": [0.7212453323364257, 0.6568281444549561, 0.620606457901001, 0.6012096633911133, 0.5878418685913086, 0.6034543666839599, 0.5491789470672608, 0.6080352806091308, 0.5911201881408692, 0.6152332794189453, 0.5647390892028809, 0.5840133991241455, 0.5414641853332519, 0.5770716281890869, 0.5385834300994873, 0.5549948009490967, 0.6013598739624023, 0.6000182991027831, 0.5496759548187256, 0.5897366004943848, 0.568359232711792, 0.5375345855712891, 0.6198543487548828, 0.566645386505127, 0.5834392974853516, 0.6341813926696778, 0.522644580078125, 0.555358606338501, 0.5736236457824707, 0.5547735214233398, 0.5365168190002442, 0.5399332538604736, 0.5492098804473877, 0.5534616867065429, 0.5260463756561279, 0.554084334564209, 0.5602102848052979, 0.5493927631378174, 0.5630988960266113, 0.5918053657531738, 0.577458391571045, 0.5412526512145996, 0.5571037216186523, 0.5585175483703614, 0.5628684371948243, 0.5941382057189941, 0.5337800750732422, 0.5966116333007813, 0.5498552642822265, 0.5877746200561523, 0.5715682228088379, 0.553618346786499, 0.6078614814758301, 0.5968240127563477, 0.5575678382873536, 0.5796244781494141, 0.57734150390625, 0.5846005577087402, 0.6162036262512207, 0.5318102840423584, 0.5859299339294434, 0.5707129135131835, 0.5590084526062011, 0.5469782264709473, 0.5467877994537353, 0.5720884307861328, 0.590905542755127, 0.5491201396942139, 0.5426345504760742, 0.5788020179748535, 0.5463623977661133, 0.6098199462890626, 0.5337507675170898, 0.5734757591247559, 0.5748539443969727, 0.5910877288818359, 0.5627676345825195, 0.5800029792785645, 0.5569403106689453, 0.5799631240844727, 0.5369691650390624, 0.5527517093658447, 0.576330071258545, 0.541820450592041, 0.596230362701416, 0.5940782989501953, 0.5868520484924317, 0.5905370132446289, 0.5589519134521485, 0.5624442588806152, 0.5658147243499756, 0.5830646278381347, 0.5574912231445313, 0.595600959777832, 0.5782084915161133, 0.577354640197754, 0.5927399742126465, 0.5984532470703126, 0.5604179611206055, 0.5873764274597167], "test_acc": [95.84, 97.45, 98.13, 98.21, 98.09, 98.55, 98.62, 98.74, 98.69, 98.85, 98.79, 98.85, 98.87, 98.95, 98.93, 98.94, 98.93, 98.96, 98.94, 98.88, 98.99, 98.95, 99.05, 99.05, 99.01, 99.02, 99.0, 99.02, 99.02, 98.99, 99.04, 99.05, 99.02, 98.99, 99.01, 99.06, 98.99, 98.94, 99.01, 98.99, 99.0, 99.01, 98.98, 99.01, 98.97, 98.99, 99.04, 99.01, 98.94, 99.05, 98.98, 99.02, 98.9, 98.97, 99.0, 98.89, 98.96, 98.99, 98.93, 98.96, 98.87, 98.96, 98.91, 98.98, 98.92, 98.89, 98.86, 98.93, 98.94, 98.93, 98.94, 98.81, 98.84, 98.8, 98.9, 98.76, 98.93, 98.86, 98.87, 98.95, 98.93, 98.88, 98.87, 98.97, 98.83, 98.85, 98.63, 98.89, 98.84, 98.88, 98.85, 98.77, 98.75, 98.81, 98.86, 98.74, 98.81, 98.82, 98.67, 98.78]}