{"train_loss": [2.2929979853141003, 2.2813316186269126, 2.277791576507764, 2.2756785205286794, 2.274405997533065, 2.273598415729327, 2.2730333066394186, 2.2725854933771314, 2.2722315976762366, 2.271914841272892, 2.27169079046983, 2.2714725554498854, 2.2712860199121327, 2.2711141236826906, 2.270965074372088, 2.270828694359869, 2.2707076633078422, 2.2705859766047225, 2.270492954641326, 2.2703941749711323, 2.270310814054603, 2.2702358492419252, 2.2701483221135588, 2.2700908087257647, 2.270021812019185, 2.26995742168182, 2.2698851777957034, 2.2698394386177387, 2.2697823837272124, 2.2697273426585727, 2.269689878846845, 2.2696362163266564, 2.2695948873829637, 2.2695461098964396, 2.269507563012278, 2.269472308138497, 2.2694306990020294, 2.2693963224052363, 2.269366264852703, 2.2693345113697214, 2.269298028232705, 2.269272118042677, 2.2692399182890215, 2.2692044428271108, 2.2691785952983756, 2.269151177161779, 2.269122579668322, 2.269099636974498, 2.2690765934112744, 2.26905394364626, 2.269036357728844, 2.2690006586221547, 2.268985542986128, 2.2689600138582735, 2.2689429801753445, 2.2689240534081416, 2.268900921711555, 2.2688816587130227, 2.2688611241487355, 2.268847023829436, 2.2688278943045526, 2.268805087122143, 2.2687891171528745, 2.2687758207321167, 2.268757335650615, 2.2687457580851693, 2.268724421150664, 2.26871326030829, 2.268697932235196, 2.2686836154032974, 2.2686671843895545, 2.2686516550871043, 2.26864395233301, 2.268622866043678, 2.268608731082362, 2.2685993721342492, 2.268587568376818, 2.268574993834536, 2.268565878399417, 2.268550602798788, 2.268535301216647, 2.268524156166957, 2.2685145154977455, 2.268500965375167, 2.2684943329574714, 2.268479349776211, 2.268467893967262, 2.268458726059677, 2.268447861712203, 2.2684409185352488, 2.268426992954352, 2.268421654008393, 2.2684087462914295, 2.2684003532442274, 2.2683898424490905, 2.268380911431761, 2.2683724052885657, 2.2683644753236036, 2.2683520699158692, 2.26834327644772], "test_loss": [1.9823778411865234, 1.8865336166381836, 1.8357065322875976, 1.8035872177124024, 1.7899808334350586, 1.7744833786010743, 1.7645856674194336, 1.7611238006591796, 1.7525120819091797, 1.7466794403076171, 1.7426513137817383, 1.7433372787475585, 1.7364909439086913, 1.7342481170654296, 1.73242745513916, 1.7344709945678711, 1.7268522247314453, 1.7263653228759765, 1.7253225036621094, 1.7231795364379883, 1.7207996200561524, 1.7178520858764648, 1.7236766708374023, 1.7206631729125976, 1.713817756652832, 1.7177270278930663, 1.7144766876220703, 1.7140132522583007, 1.7138933242797851, 1.7155952407836914, 1.7147400741577148, 1.708827604675293, 1.7122394607543945, 1.707976824951172, 1.7121433013916016, 1.7089635803222656, 1.7039437622070313, 1.707674592590332, 1.7074550247192384, 1.7082606063842773, 1.703227813720703, 1.705903988647461, 1.7123755645751952, 1.7023622085571288, 1.7062215301513672, 1.7080948165893555, 1.7047022201538087, 1.70755166015625, 1.7074353256225585, 1.703623324584961, 1.7051187286376952, 1.6997661666870116, 1.7059666473388673, 1.7056010345458985, 1.6980996902465821, 1.7007860900878906, 1.7005283004760743, 1.6960527954101563, 1.7002763107299805, 1.701734942626953, 1.7013455795288086, 1.699567887878418, 1.697818717956543, 1.7026035736083984, 1.701226545715332, 1.6977645629882812, 1.7009022521972657, 1.700107926940918, 1.7035449096679687, 1.6970941284179688, 1.6979722381591797, 1.6962967010498047, 1.6978093994140624, 1.695853773498535, 1.6950840606689452, 1.696918377685547, 1.6986106048583984, 1.6944321975708008, 1.6993664031982423, 1.69769766998291, 1.694278305053711, 1.693242283630371, 1.6954050170898438, 1.6933436767578125, 1.6955346237182618, 1.6950042007446289, 1.6975920089721679, 1.6908260269165039, 1.6921239456176758, 1.6943423095703125, 1.6939268753051757, 1.692299363708496, 1.6975226226806641, 1.6919107818603516, 1.6958860061645509, 1.6916905227661132, 1.6937959335327148, 1.695842623901367, 1.6919420486450196, 1.6938598114013672], "test_acc": [81.44, 89.24, 92.03, 93.57, 94.81, 95.52, 95.99, 96.52, 96.76, 96.89, 97.07, 97.27, 97.24, 97.44, 97.51, 97.59, 97.74, 97.74, 97.73, 97.81, 98.0, 97.95, 97.98, 97.96, 97.98, 98.0, 98.02, 98.05, 98.2, 98.06, 98.2, 98.22, 98.18, 98.27, 98.31, 98.2, 98.26, 98.33, 98.32, 98.25, 98.38, 98.38, 98.37, 98.39, 98.45, 98.51, 98.36, 98.48, 98.52, 98.51, 98.47, 98.45, 98.57, 98.57, 98.56, 98.6, 98.57, 98.53, 98.48, 98.55, 98.64, 98.59, 98.6, 98.47, 98.65, 98.65, 98.6, 98.67, 98.64, 98.67, 98.68, 98.66, 98.66, 98.6, 98.59, 98.71, 98.67, 98.63, 98.74, 98.67, 98.69, 98.73, 98.75, 98.76, 98.77, 98.77, 98.72, 98.77, 98.73, 98.82, 98.77, 98.75, 98.77, 98.79, 98.81, 98.83, 98.8, 98.79, 98.8, 98.8]}