{"train_loss": [2.1829103282374196, 2.112724851339291, 2.0985783990631757, 2.0925774304275837, 2.0879662885115695, 2.084669636355506, 2.082022089224595, 2.0792889159459333, 2.0773144193694124, 2.0750879049301147, 2.0734453952720022, 2.0712489213189507, 2.069869228407868, 2.067925232597905, 2.06601808188308, 2.0648560918803907, 2.0625732143719993, 2.0608113433560753, 2.0586938560009003, 2.056715615030028, 2.0548006005776234, 2.052519693588599, 2.0501680402164784, 2.0480236920536075, 2.04521823184103, 2.042790672972671, 2.039907321970687, 2.036987972819907, 2.0338420470555625, 2.0306346661005263, 2.027398463497814, 2.023593345768431, 2.0201516202372365, 2.0155565718300323, 2.0118103022249336, 2.0080108581445155, 2.0021672004308457, 1.9974657526383033, 1.9925222992897034, 1.987304463600501, 1.9820567743900495, 1.975615965250211, 1.9694222647410173, 1.962661908987241, 1.956542635575319, 1.9493253765962062, 1.941717563276617, 1.9341371240269425, 1.9256286531941504, 1.9187222984102037, 1.9102056164007921, 1.9012734681113153, 1.8931881061985962, 1.884191986077871, 1.8743095606820197, 1.8676742032552376, 1.8575426077740824, 1.8475933879868598, 1.8388369766056027, 1.830359392441236, 1.8210215125328455, 1.8119890376543388, 1.8032405172657764, 1.793924625358011, 1.7852757904264662, 1.7759448789123795, 1.7689344620602763, 1.760148853318304, 1.7522280761319349, 1.742876231415659, 1.7346058788462582, 1.7274532239151816, 1.719625799319683, 1.7142848973600273, 1.7056101672669761, 1.6993866150195782, 1.6927215304130163, 1.6864732450399644, 1.679646051592297, 1.6710091796186235, 1.6665278716474516, 1.6615429867027152, 1.6552836624985068, 1.6506892460533695, 1.6469120230430212, 1.6413207166215293, 1.6375817338116148, 1.6318760422559886, 1.6283182208864098, 1.6237087924765725, 1.6188039249844022, 1.61486796869172, 1.6114576711104467, 1.6077532248619275, 1.6054569732429635, 1.601651742672309, 1.5981859646291814, 1.5954451909941485, 1.5925739002533448, 1.5890806653560736], "test_loss": [1.3261112258911132, 1.2698317611694336, 1.232361280822754, 1.1727400550842284, 1.1333618034362793, 1.123041195678711, 1.1159353103637695, 1.1425632858276367, 1.1577747497558595, 1.092661318206787, 1.0884404312133789, 1.1120376960754395, 1.1091604400634765, 1.1351744873046874, 1.0941612983703612, 1.094552067565918, 1.104981982421875, 1.1125585311889647, 1.0606776878356934, 1.1231438079833984, 1.0527654541015625, 1.0964590927124023, 1.1110442031860353, 1.042800333404541, 1.0588028694152831, 1.06055975189209, 1.080577700805664, 1.0613869552612305, 1.1214361770629884, 1.1250940307617188, 1.122245475769043, 1.1284717651367187, 1.1285051422119141, 1.1191828140258788, 1.093341912841797, 1.085849772644043, 1.127334489440918, 1.139582601928711, 1.0759351181030274, 1.1311728469848632, 1.0469419563293456, 1.1477251571655274, 1.1521501144409179, 1.0701951858520509, 1.1163714965820313, 1.129238163757324, 1.141964289855957, 1.1407129547119141, 1.1438895797729491, 1.1374470489501953, 1.149050633239746, 1.1145514457702637, 1.1806913192749025, 1.085917684173584, 1.1777715866088867, 1.1179596755981445, 1.1801595489501953, 1.2026119232177734, 1.1353914939880372, 1.2022783920288085, 1.1405782135009765, 1.206062467956543, 1.1966541900634766, 1.219591943359375, 1.1724338706970214, 1.2382341949462892, 1.228660952758789, 1.2823859741210937, 1.2222925323486329, 1.2466554077148437, 1.2493953704833984, 1.2438959701538086, 1.2683692749023439, 1.2229509490966797, 1.3084106353759766, 1.2548735748291016, 1.3321064392089843, 1.24429765625, 1.3300362670898438, 1.2867509796142578, 1.2832760650634765, 1.3171939483642578, 1.275684002685547, 1.2656336212158203, 1.309290103149414, 1.3582901977539064, 1.3103504272460937, 1.3323810989379883, 1.2896549850463868, 1.303017007446289, 1.3524422393798827, 1.3595889831542969, 1.3231482177734375, 1.3356066360473633, 1.3328144927978516, 1.3545459594726563, 1.304330824279785, 1.3451537200927735, 1.3659368301391601, 1.3879185943603516], "test_acc": [90.45, 94.3, 96.07, 97.25, 97.35, 97.62, 97.62, 97.73, 98.01, 98.2, 98.25, 98.21, 98.2, 98.25, 98.37, 98.18, 98.23, 98.2, 98.28, 98.25, 98.24, 98.23, 98.24, 98.39, 98.02, 98.36, 98.22, 98.21, 97.95, 97.25, 97.89, 97.56, 97.23, 97.3, 96.91, 96.34, 95.91, 95.84, 95.09, 94.91, 95.2, 91.28, 92.19, 93.15, 92.32, 91.62, 90.43, 88.98, 87.27, 89.14, 86.46, 86.47, 84.03, 85.91, 82.32, 84.45, 80.92, 78.51, 79.7, 77.93, 79.99, 75.65, 76.03, 73.52, 75.83, 72.18, 72.13, 69.16, 72.9, 71.35, 69.99, 69.3, 67.97, 70.89, 66.29, 68.71, 64.23, 68.51, 64.73, 66.31, 67.34, 64.72, 66.65, 66.85, 64.43, 60.97, 64.6, 63.17, 65.1, 64.39, 62.54, 62.7, 63.23, 62.26, 62.72, 61.08, 63.33, 61.67, 61.3, 60.28]}