{"train_loss": [2.3024593566217995, 2.302175078636561, 2.302010125074631, 2.301898926241785, 2.3018235976879415, 2.301767113371792, 2.3017228352717862, 2.3016865523452434, 2.3016552150758924, 2.3016275564829507, 2.3016025653252234, 2.301577777434618, 2.301557185812893, 2.3015375066007304, 2.3015187856478567, 2.301498228158706, 2.3014837014369474, 2.3014685542155533, 2.3014528603635283, 2.3014384717003913, 2.3014265283560142, 2.3014149670926933, 2.301402731328948, 2.301391394729288, 2.3013805522877946, 2.301371303888468, 2.301362559836135, 2.3013531300756664, 2.301346072783837, 2.3013367999313226, 2.301330528707586, 2.3013237699484215, 2.3013164406148796, 2.301308702199887, 2.301305148846064, 2.3012970568787336, 2.3012907795417004, 2.3012883495061827, 2.3012804872969275, 2.301274561474466, 2.301268736521403, 2.3012646772922616, 2.3012588176971827, 2.301253901587592, 2.30124817444728, 2.3012427896515937, 2.30124152216137, 2.3012334215335355, 2.301230444867387, 2.3012287030872116, 2.3012230248532743, 2.3012190552858205, 2.3012125716250167, 2.301212090712327, 2.301206501121195, 2.3012044633555617, 2.3011982125094814, 2.301193438534044, 2.3011909534788537, 2.301188480650258, 2.301183353631924, 2.3011805939878154, 2.3011768037437372, 2.3011745596543336, 2.301172562644013, 2.301169367936941, 2.301165609787672, 2.3011608607748633, 2.3011571749662743, 2.301153561498365, 2.3011493015493083, 2.301149341285738, 2.3011430175895367, 2.301142248842451, 2.301137306751349, 2.3011349704530506, 2.301131301965469, 2.3011282957517185, 2.3011243236370578, 2.3011227107455587, 2.3011174629896116, 2.301118434494377, 2.30111384137064, 2.3011100577493, 2.301108332780691, 2.301104566989801, 2.3011015847197966, 2.3010988541138477, 2.301096059827723, 2.3010934952996736, 2.3010907376933303, 2.3010889918376236, 2.3010857553563566, 2.3010824358361397, 2.301078987427247, 2.3010742552260046, 2.3010735720650763, 2.301072427859673, 2.301068747654939, 2.301066374167418], "test_loss": [2.2760618927001954, 2.258779052734375, 2.2442603607177736, 2.233010711669922, 2.225315591430664, 2.2198857818603517, 2.2154989807128906, 2.211613949584961, 2.2084522491455076, 2.2058034118652343, 2.202937789916992, 2.201203921508789, 2.199516375732422, 2.1976533203125, 2.19573095703125, 2.1934609832763674, 2.1918618927001954, 2.190700787353516, 2.1896478790283203, 2.188185025024414, 2.186724603271484, 2.185192767333984, 2.1847894622802735, 2.1842261779785157, 2.1827319519042967, 2.1817237365722657, 2.1805588500976563, 2.1798297088623046, 2.179682894897461, 2.1787799163818358, 2.177446029663086, 2.1776869293212893, 2.175968896484375, 2.1757649017333986, 2.1753862396240233, 2.175663153076172, 2.174909780883789, 2.173482019042969, 2.1725784088134765, 2.173015444946289, 2.17222106628418, 2.1720893341064453, 2.1726368713378905, 2.172311279296875, 2.171476779174805, 2.170604669189453, 2.1698166595458983, 2.1705357330322266, 2.169660705566406, 2.169137954711914, 2.1686232147216797, 2.1688878173828123, 2.167948361206055, 2.168047937011719, 2.1676877166748048, 2.168238708496094, 2.1681415100097654, 2.1689197021484374, 2.1667427398681642, 2.1679007080078123, 2.1669760955810546, 2.1667137756347654, 2.16652060546875, 2.1660314208984377, 2.1663369354248045, 2.165293438720703, 2.1651809478759767, 2.1655030822753907, 2.165384634399414, 2.165022756958008, 2.165821240234375, 2.163775299072266, 2.163563217163086, 2.163712356567383, 2.165180776977539, 2.1651094451904296, 2.16469970703125, 2.1629804107666017, 2.1627588958740236, 2.163217742919922, 2.16326982421875, 2.162978192138672, 2.1633001953125, 2.162056182861328, 2.16441064453125, 2.162877407836914, 2.162742611694336, 2.1632867248535157, 2.163622412109375, 2.162729913330078, 2.1634489807128907, 2.1619201080322266, 2.1612625549316404, 2.1625444732666015, 2.163547698974609, 2.161104669189453, 2.1605050201416014, 2.1596931579589844, 2.1628430084228514, 2.1610678558349607], "test_acc": [54.81, 69.7, 77.04, 80.65, 83.76, 85.09, 85.83, 87.51, 88.43, 88.2, 89.27, 89.73, 90.62, 90.91, 91.13, 91.54, 91.85, 91.51, 92.36, 92.47, 92.89, 92.92, 93.05, 93.29, 93.41, 93.73, 93.85, 93.8, 94.32, 94.28, 94.11, 94.33, 94.09, 94.56, 94.43, 94.48, 94.67, 94.72, 94.98, 95.13, 94.94, 95.37, 95.09, 95.12, 95.31, 95.13, 95.32, 95.32, 95.53, 95.5, 95.77, 95.34, 95.42, 95.54, 95.58, 95.76, 95.63, 95.77, 95.46, 95.64, 95.68, 95.86, 95.74, 96.01, 96.06, 95.81, 95.84, 95.68, 95.85, 95.71, 96.14, 96.09, 96.01, 96.22, 96.06, 96.09, 95.98, 96.32, 96.2, 96.25, 96.4, 96.32, 96.5, 96.39, 96.11, 96.48, 96.24, 96.28, 96.39, 96.13, 96.6, 96.37, 96.33, 96.39, 96.61, 96.59, 96.45, 96.72, 96.55, 96.65]}