{"train_loss": [2.2854629622565374, 2.2682183919808803, 2.26258267245741, 2.2596406197955465, 2.257792411196945, 2.2566478685436087, 2.255809969881661, 2.2550728025599422, 2.254528637115772, 2.2539782172594314, 2.253546385683565, 2.2531165801561794, 2.2528012206411767, 2.2524618812096424, 2.2520915560233288, 2.2518795163203507, 2.25154709815979, 2.251311114201179, 2.2510516078044205, 2.250788046254052, 2.2505808839431176, 2.2503226582820597, 2.2500945115700746, 2.249912456060067, 2.2496888403199677, 2.2494924129583898, 2.2492622738210564, 2.249102464089027, 2.2488348718382354, 2.248648626682086, 2.2484922541512384, 2.248266000014085, 2.248117222235753, 2.2478524757246685, 2.247721278769338, 2.247559089945932, 2.24724071759444, 2.24709067436365, 2.2469057608873415, 2.2466969933265295, 2.2465792420582895, 2.2463441455466118, 2.246093178916181, 2.245902961645371, 2.245666560963688, 2.2455256504890246, 2.24524817456547, 2.245045761267344, 2.2447497691863623, 2.2445774715170903, 2.244288756297185, 2.2441021071539984, 2.2437965543861065, 2.2436460929039197, 2.24333166413837, 2.2432583106888666, 2.242924661717863, 2.2426040946927843, 2.242453285262116, 2.2422469400952005, 2.241958130119193, 2.2416238270254216, 2.241347450985868, 2.2411292546834702, 2.240822440538651, 2.2404941972504315, 2.2403404529278097, 2.239933747002202, 2.239749711802882, 2.2392767667770386, 2.2390430630781712, 2.2387580565917187, 2.2385049380807795, 2.238216827567826, 2.2377835237062893, 2.2375869628710623, 2.2371870101007643, 2.236786388943338, 2.2364423871040344, 2.2361852603080945, 2.2357989804357543, 2.2355167055741334, 2.235042225601327, 2.2347670166920395, 2.234511712168017, 2.233997530407376, 2.2337236190453553, 2.2333536540341172, 2.2329002521995807, 2.232603994699625, 2.2320954631536436, 2.2316993062312784, 2.231337387337644, 2.2308853258434524, 2.230513345482003, 2.2301508193342094, 2.229737262949984, 2.2294590493552704, 2.228839406090924, 2.228530798202906], "test_loss": [1.8811914901733398, 1.7869822692871093, 1.7381643310546875, 1.6977813201904297, 1.671178742980957, 1.6586506454467773, 1.6498670440673828, 1.6528617416381837, 1.6491690612792969, 1.6270267761230468, 1.6219286407470703, 1.6232766632080078, 1.6359286209106445, 1.6369312088012695, 1.6228058898925781, 1.609677749633789, 1.6130051803588867, 1.599279571533203, 1.593705255126953, 1.6218110046386718, 1.6012572540283203, 1.5979883560180663, 1.6135818359375, 1.586334880065918, 1.5819708465576172, 1.5954718383789062, 1.5972016082763671, 1.5883183151245117, 1.6235051406860352, 1.5965196228027343, 1.6181467376708984, 1.5901542053222657, 1.603622885131836, 1.5985620178222657, 1.5930204681396485, 1.590425747680664, 1.5960389556884766, 1.600155744934082, 1.5724648681640625, 1.6167150543212891, 1.5628724822998046, 1.6086212509155273, 1.595339813232422, 1.574314077758789, 1.5920487716674805, 1.5960499969482422, 1.5824275436401367, 1.5940591125488281, 1.5895889602661133, 1.5714426315307617, 1.5790302688598632, 1.561358479309082, 1.6213810501098633, 1.5610036743164062, 1.6071615127563477, 1.583692820739746, 1.57536544342041, 1.5996174224853517, 1.5713810363769531, 1.6048928756713867, 1.5713239639282226, 1.6194342498779297, 1.5734245635986328, 1.5972785202026367, 1.568394563293457, 1.5811449737548828, 1.586496240234375, 1.5983770126342773, 1.604044366455078, 1.5687884567260741, 1.5912089599609376, 1.563401564025879, 1.5696047714233399, 1.5563370056152344, 1.61290380859375, 1.623866664123535, 1.6222911819458008, 1.5829513641357422, 1.60587774810791, 1.609640231323242, 1.5634580047607423, 1.5952974349975586, 1.5747351699829102, 1.5506635467529297, 1.5831752639770509, 1.592159669494629, 1.584879428100586, 1.584214926147461, 1.5656651260375976, 1.5761895950317384, 1.607673080444336, 1.6176529800415038, 1.5896998596191407, 1.6139562545776367, 1.608405630493164, 1.6351693237304687, 1.5725507080078125, 1.60013076171875, 1.6205138381958009, 1.5989011581420898], "test_acc": [83.64, 89.64, 92.74, 95.09, 95.58, 96.24, 96.33, 96.69, 96.8, 97.2, 97.31, 97.32, 97.45, 97.62, 97.57, 97.68, 97.68, 97.75, 97.82, 97.9, 97.81, 97.96, 98.07, 97.98, 98.0, 98.02, 97.97, 98.02, 98.1, 98.0, 98.28, 98.23, 98.19, 98.24, 98.36, 98.37, 98.24, 98.33, 98.23, 98.1, 98.36, 98.35, 98.35, 98.18, 98.33, 98.27, 98.21, 98.29, 98.22, 98.22, 98.26, 98.21, 98.16, 98.1, 98.23, 98.1, 98.37, 98.24, 98.25, 97.99, 98.17, 97.88, 98.2, 98.01, 98.04, 98.03, 97.64, 97.78, 98.01, 97.78, 97.91, 97.98, 97.76, 97.59, 96.97, 97.68, 97.29, 97.53, 97.52, 97.12, 97.61, 97.33, 97.56, 97.17, 96.9, 96.95, 96.85, 97.01, 97.07, 97.13, 96.22, 95.9, 96.37, 94.79, 95.33, 93.8, 96.14, 94.02, 94.84, 95.22]}