{"train_loss": [2.2937143419542885, 2.2828143998089, 2.279508596302098, 2.2773761265298242, 2.275989851381025, 2.2750885741323486, 2.274471079182421, 2.274014377186441, 2.273596151262267, 2.2732952181090655, 2.272991579312545, 2.272755386482956, 2.2725340112661705, 2.272362964784997, 2.272183385669676, 2.2720019766408153, 2.2718385906300993, 2.2717050013379154, 2.2715648534970407, 2.271461103207026, 2.271342663683443, 2.2712265538354206, 2.2711143784033947, 2.2710365805870447, 2.270917191464677, 2.2708338081327257, 2.2707477563466782, 2.2706783541247377, 2.270598828792572, 2.270499022088499, 2.2704247674371443, 2.2703680396080017, 2.2702560883301954, 2.2701923882859383, 2.270106056307116, 2.2700693357704034, 2.2699956929581795, 2.2699162119474168, 2.2698717336369376, 2.269813180479229, 2.269756946298811, 2.2696850569839153, 2.269608867983533, 2.2695389395086174, 2.26948298399265, 2.2694456465223913, 2.269376211696201, 2.269325227309496, 2.269268683388702, 2.2692153504771047, 2.2691531430961738, 2.2690674540324087, 2.269050245611077, 2.26898974689663, 2.268933047086765, 2.268870529965458, 2.268840623717023, 2.268773943440527, 2.2687142267186418, 2.2686667574776544, 2.268591566472991, 2.2685433488625746, 2.2685163856571555, 2.2684284494473386, 2.268368789782891, 2.2683182185531683, 2.2683116742688365, 2.268242515050448, 2.2681694351709805, 2.2681155011185212, 2.268062204377264, 2.267994353913853, 2.267949131818918, 2.267869300312466, 2.2678824428819184, 2.2677768667538962, 2.267701299781473, 2.2676673343038964, 2.2676177620887756, 2.2675823951378846, 2.2674961951043873, 2.267441829555055, 2.267385761452536, 2.267371645849994, 2.267329774860643, 2.2672464445105986, 2.267197722553188, 2.267167259485294, 2.267093637560168, 2.267002322225489, 2.2669545035076957, 2.2669470391721807, 2.2668601335623326, 2.2667920130949755, 2.2667423344066, 2.2666703584866648, 2.266675299558884, 2.26655289505282, 2.266512300723638, 2.2664461686060977], "test_loss": [1.9959081344604492, 1.9072874420166015, 1.8524941696166992, 1.8161830429077148, 1.806219401550293, 1.7916958816528321, 1.7730128738403321, 1.7718482192993164, 1.7574940628051758, 1.7606881591796875, 1.7571246292114258, 1.7639504989624024, 1.7492475646972656, 1.744758480834961, 1.7467494766235352, 1.7504129837036133, 1.7487204421997071, 1.7328807907104493, 1.7340599884033203, 1.7436075744628907, 1.7232647430419923, 1.735262811279297, 1.7452084732055664, 1.7219172241210938, 1.7156126708984376, 1.7203424087524415, 1.7353394653320313, 1.7233000213623046, 1.7310841705322266, 1.713357977294922, 1.716864744567871, 1.7218463119506835, 1.732189093017578, 1.7248414978027344, 1.7271556335449219, 1.709856475830078, 1.7139172241210938, 1.7163431930541992, 1.7297673065185546, 1.7056858642578125, 1.7111752182006836, 1.7229639755249024, 1.7024683380126953, 1.7156577133178712, 1.7317590637207032, 1.7237729263305663, 1.7103345108032226, 1.7360555038452148, 1.719875846862793, 1.7237319091796874, 1.7207983139038086, 1.7147207565307616, 1.7193049133300782, 1.710687077331543, 1.7293717880249024, 1.6967327407836914, 1.7174528671264648, 1.7010582107543946, 1.7290886138916015, 1.6968952407836915, 1.722765447998047, 1.7295307876586914, 1.715411280822754, 1.7246564758300782, 1.707328369140625, 1.699736508178711, 1.7140614364624023, 1.699446060180664, 1.6882829376220703, 1.7162640594482421, 1.7410233963012696, 1.7140691711425782, 1.6944673278808593, 1.71276728515625, 1.6919161224365233, 1.6950737197875976, 1.7063343215942384, 1.7239660842895508, 1.7065711318969727, 1.7358530426025391, 1.7017445953369141, 1.7115992141723633, 1.703959376525879, 1.7286795547485352, 1.7079152984619141, 1.7103802764892577, 1.6822995681762696, 1.7103578216552735, 1.6985013671875, 1.720773143005371, 1.7126288665771485, 1.6891822204589844, 1.6877680480957031, 1.707759410095215, 1.7116768798828126, 1.7099821517944336, 1.726952052307129, 1.7314262100219726, 1.7011559295654297, 1.7111811904907226], "test_acc": [82.84, 88.88, 91.34, 93.42, 94.71, 95.41, 95.75, 96.18, 96.35, 96.29, 96.9, 97.06, 97.06, 97.03, 97.27, 97.51, 97.47, 97.43, 97.49, 97.66, 97.26, 97.58, 97.87, 97.84, 97.52, 97.85, 97.94, 97.71, 97.88, 98.03, 97.94, 97.91, 98.0, 97.98, 98.08, 97.98, 98.06, 98.01, 98.04, 98.04, 98.06, 98.16, 98.1, 98.21, 98.18, 98.19, 98.11, 98.16, 98.14, 98.24, 98.23, 98.31, 98.34, 98.43, 98.16, 98.15, 98.3, 98.27, 98.31, 98.38, 98.29, 98.32, 98.33, 98.29, 98.26, 98.31, 98.4, 98.34, 98.38, 98.46, 98.41, 98.43, 98.38, 98.29, 98.38, 98.32, 98.46, 98.49, 98.49, 98.41, 98.34, 98.36, 98.43, 98.42, 98.35, 98.48, 98.31, 98.38, 98.45, 98.31, 98.35, 98.29, 98.3, 98.39, 98.5, 98.37, 98.49, 98.38, 98.46, 98.36]}