{"train_loss": [2.3030395737061133, 2.302529303946047, 2.302281237565554, 2.3019151020253825, 2.3018150156379766, 2.3015379411542516, 2.3012058999803333, 2.3008866651445374, 2.3005521598025265, 2.300153750639695, 2.299855604640439, 2.2993583939014335, 2.2987722545607476, 2.298316785412976, 2.2974851926167807, 2.2968113091256885, 2.2960023620189767, 2.2948147216413775, 2.2937345163434997, 2.2923696861307845, 2.2905988183795896, 2.289198175454751, 2.2870675259166293, 2.285014727176764, 2.282576852884048, 2.2799636619722743, 2.276466625368493, 2.2733388777472014, 2.2694182665939007, 2.264993373145405, 2.2600568665398493, 2.254350326000116, 2.2486947953191576, 2.24192422373682, 2.2343905552839622, 2.2254448629852033, 2.2162118717136545, 2.2054366627310076, 2.192620720109369, 2.1789150441813674, 2.163928215320294, 2.147143244743347, 2.1261720209040194, 2.106609755092197, 2.0833092800572386, 2.0565104092288222, 2.02711190830948, 1.997390691541199, 1.9639996957575154, 1.9273160932919917, 1.8909678825965295, 1.8474426363777912, 1.803011115290161, 1.7563586237593594, 1.7157529421851165, 1.6662426700449398, 1.6228819204191876, 1.5739337771366804, 1.5279134557797358, 1.4809396277126083, 1.441705339994186, 1.393274043360327, 1.3534225510735798, 1.3125106549670553, 1.277877606642552, 1.2405106134903736, 1.2104967967567282, 1.1808173893353877, 1.1544906517379305, 1.130367388582637, 1.1123731256040752, 1.0929246575404437, 1.079969172549044, 1.0670251367438552, 1.0553584836232357, 1.0443170974906693, 1.0363242115475173, 1.0277938411021843, 1.0209140271967292, 1.0138514103033605, 1.007607423978993, 1.0025103001767754, 0.9970239433977339, 0.9924281178376614, 0.9879081887312424, 0.9837332543654319, 0.9796838811320118, 0.9756037382743298, 0.9724052822233266, 0.9691855721494071, 0.9657246391487937, 0.9623372521665361, 0.959284970138827, 0.9568055873243217, 0.9542645969961443, 0.9514493299090964, 0.9489569204230593, 0.9470285648464137, 0.9448663830502421, 0.9425965236802386], "test_loss": [2.292650277709961, 2.2886990692138673, 2.283284240722656, 2.2792103607177734, 2.2721107482910154, 2.267116012573242, 2.2628007720947267, 2.2550162750244143, 2.254164669799805, 2.2505805541992188, 2.2451399993896484, 2.2437886657714845, 2.237684478759766, 2.251359362792969, 2.2436113372802735, 2.2347728240966798, 2.231616680908203, 2.2237717834472654, 2.2435299743652344, 2.242827749633789, 2.2376341735839844, 2.2384926208496094, 2.242006457519531, 2.241982360839844, 2.232289892578125, 2.231665655517578, 2.2481557373046877, 2.2453061706542967, 2.236591278076172, 2.242816436767578, 2.2568037506103518, 2.2659218505859373, 2.231897494506836, 2.2701188293457033, 2.290741995239258, 2.276397021484375, 2.279969271850586, 2.309899102783203, 2.287530859375, 2.322632061767578, 2.339745895385742, 2.320133874511719, 2.3749444885253905, 2.3846544921875, 2.4150174591064455, 2.46969638671875, 2.4256790557861327, 2.467396530151367, 2.5659709106445314, 2.55531962890625, 2.6013400787353516, 2.551763018798828, 2.712368963623047, 2.6376787506103514, 2.7288694061279295, 2.749976336669922, 2.812777444458008, 2.8875963836669922, 2.9095856567382814, 3.2422896759033204, 3.050847979736328, 3.1749055603027343, 3.1925297241210937, 3.1800890869140623, 3.2886963958740236, 3.280360290527344, 3.3567345428466795, 3.3235456604003906, 3.2857822998046875, 3.3255985107421875, 3.3383237731933595, 3.314157928466797, 3.384381512451172, 3.3655533966064453, 3.360181353759766, 3.341967523193359, 3.376096337890625, 3.318335754394531, 3.321816458129883, 3.316478369140625, 3.284394436645508, 3.403004067993164, 3.322818829345703, 3.3871091217041016, 3.358340805053711, 3.3607512237548827, 3.3437543609619143, 3.3395179962158204, 3.3793560546875, 3.3430865509033203, 3.3674587799072264, 3.3736475280761717, 3.356628533935547, 3.3714579833984377, 3.405755728149414, 3.375384118652344, 3.373667431640625, 3.4011844177246093, 3.3623200958251953, 3.3387847442626954], "test_acc": [11.33, 9.92, 32.54, 26.57, 34.8, 31.2, 39.9, 34.0, 28.14, 41.51, 38.46, 41.88, 32.13, 36.18, 25.43, 34.35, 33.85, 36.53, 23.5, 20.85, 23.51, 21.86, 25.48, 17.67, 20.25, 20.64, 16.73, 19.51, 18.54, 16.72, 17.61, 14.56, 15.84, 13.75, 12.48, 13.43, 14.85, 13.25, 13.23, 11.93, 11.74, 13.43, 12.27, 10.86, 12.97, 10.6, 12.48, 14.15, 11.01, 11.43, 11.39, 13.79, 10.77, 13.92, 13.18, 11.88, 11.58, 11.4, 11.73, 10.63, 12.17, 10.61, 11.99, 11.84, 9.93, 11.52, 9.69, 11.5, 11.4, 11.12, 11.0, 11.33, 10.9, 11.0, 11.07, 11.59, 10.72, 11.7, 11.94, 11.55, 12.18, 10.11, 11.17, 10.85, 11.09, 10.88, 11.26, 11.72, 10.72, 11.19, 11.0, 10.63, 11.54, 10.81, 10.72, 10.88, 11.05, 10.54, 11.25, 11.4]}