{"train_loss": [2.2352115649443407, 2.189281213487315, 2.1788937041902137, 2.174601922687302, 2.1719902952512107, 2.1701792269690423, 2.1688108754973126, 2.167792148060269, 2.1668728798882575, 2.1661742976588063, 2.1655342583982353, 2.16499039148673, 2.1645490705457506, 2.164114299492958, 2.163801897285331, 2.1634461156323423, 2.1631148671492553, 2.1627973511687713, 2.162529991732703, 2.162281708839612, 2.16208294670806, 2.1618820062050452, 2.1616610466924486, 2.1614615509652686, 2.161306447452969, 2.1611064799830446, 2.160931040079166, 2.1607646901383357, 2.1606265163829184, 2.1604925419530296, 2.1603632701767816, 2.1602047600297847, 2.160123853601961, 2.1599837933850083, 2.1598531084182935, 2.159799687882774, 2.159686170072637, 2.1595656535564323, 2.159463999617813, 2.159370892577701, 2.159228954050276, 2.1591852113731904, 2.1590622551420813, 2.1590021018289094, 2.1589367863459463, 2.158819161928617, 2.158749488174406, 2.158637704502823, 2.1585894812885513, 2.158504855938447, 2.158478505591042, 2.1583742514634743, 2.1583168048125048, 2.1581993454541917, 2.158185833030277, 2.158098466375954, 2.158014823228885, 2.157963045132466, 2.157910270568652, 2.1578607299388985, 2.157791552380619, 2.1577045056555004, 2.1576195802444067, 2.1576457696083264, 2.1575730611116457, 2.157487026646606, 2.157457919202299, 2.157415380844703, 2.157362525789147, 2.1573119341817675, 2.157251745207697, 2.1571577018142767, 2.1571238555459895, 2.1570700024947143, 2.1570131636073446, 2.1569689512252808, 2.156955687918215, 2.1568655932051506, 2.15685596730974, 2.15679057693889, 2.1567502735007524, 2.156737723921099, 2.156704501209096, 2.156620509094662, 2.156564331971682, 2.156502676825238, 2.1564779541431327, 2.1564519114983387, 2.1564295302089462, 2.156351533201006, 2.156310306655036, 2.156286881520198, 2.156190439167186, 2.1562153875318346, 2.1561835622176146, 2.1560796193587475, 2.1560588244699006, 2.156039230334453, 2.155988693746746, 2.1559364785495987], "test_loss": [1.5169148147583007, 1.4025175842285156, 1.3482714767456054, 1.3522237670898438, 1.333528533935547, 1.3156632904052734, 1.3094241287231445, 1.2963063095092773, 1.3069740615844727, 1.2839159255981445, 1.2782686874389648, 1.2946362533569336, 1.2672025711059571, 1.277488200378418, 1.2665228363037109, 1.280461752319336, 1.2772393676757812, 1.2789577117919921, 1.2769115524291992, 1.2871495574951173, 1.269801383972168, 1.266010885620117, 1.2670092681884766, 1.250492771911621, 1.2906229995727538, 1.307806512451172, 1.2575812164306641, 1.272199021911621, 1.269034715270996, 1.2598549530029297, 1.254642886352539, 1.2672839050292968, 1.254305241394043, 1.2633250671386718, 1.25900255279541, 1.2648840560913086, 1.2462942962646484, 1.2328046646118165, 1.2457822052001952, 1.2476733688354493, 1.252858038330078, 1.273094773864746, 1.2764902572631835, 1.276433251953125, 1.2635811508178711, 1.2711786026000977, 1.2323124786376953, 1.270955776977539, 1.2597546890258788, 1.268444483947754, 1.2429533584594727, 1.27266932220459, 1.2643544342041015, 1.2545405822753906, 1.2418574905395507, 1.2659203033447266, 1.2657899017333984, 1.2546677154541015, 1.2312700744628906, 1.221020783996582, 1.258949021911621, 1.2765523635864258, 1.2782559478759765, 1.2621739776611327, 1.2411355209350585, 1.2575932205200195, 1.2313196578979493, 1.261434536743164, 1.287349740600586, 1.241849496459961, 1.2436231872558594, 1.260293684387207, 1.2537757751464844, 1.2515804962158203, 1.2476116088867188, 1.2432464157104492, 1.2457536087036132, 1.2626157318115234, 1.2635464294433594, 1.247011538696289, 1.245304849243164, 1.2326490188598633, 1.254399981689453, 1.2260873046875, 1.2327941101074218, 1.2292741851806641, 1.2517258438110352, 1.2571157974243163, 1.2436868118286133, 1.2551978942871094, 1.251605763244629, 1.2361929992675782, 1.2376114654541015, 1.2613290390014649, 1.2445232940673827, 1.2525798858642578, 1.2514786849975585, 1.219231117248535, 1.2564206985473634, 1.2464982666015625], "test_acc": [89.44, 94.65, 96.27, 96.79, 97.23, 97.56, 97.74, 97.91, 98.01, 98.14, 98.17, 98.31, 98.16, 98.32, 98.4, 98.49, 98.57, 98.54, 98.53, 98.58, 98.58, 98.68, 98.68, 98.63, 98.71, 98.79, 98.72, 98.82, 98.78, 98.73, 98.82, 98.86, 98.79, 98.88, 98.85, 98.91, 98.89, 98.93, 98.85, 98.91, 98.95, 98.94, 98.97, 98.97, 98.91, 98.95, 98.94, 98.87, 98.92, 98.95, 98.93, 98.94, 99.03, 99.05, 98.95, 99.02, 99.02, 99.02, 99.01, 99.01, 99.03, 99.04, 99.04, 99.05, 99.01, 99.01, 99.03, 99.02, 99.01, 99.04, 98.98, 99.03, 99.02, 99.02, 99.02, 99.06, 99.07, 99.08, 99.01, 99.03, 99.08, 99.06, 99.09, 99.05, 99.01, 99.03, 99.07, 99.05, 99.03, 99.08, 99.05, 99.08, 99.11, 99.05, 99.05, 99.04, 99.12, 99.04, 99.03, 99.09]}