{"train_loss": [2.0971390846957507, 2.00042091220872, 1.9844095694203663, 1.9762293299039204, 1.9709753880643437, 1.9672893930194724, 1.9636491132088196, 1.9608851709426978, 1.958343072070016, 1.9561579173956163, 1.9537219896785214, 1.951835801713487, 1.9498904000999582, 1.9479439579523528, 1.9459668010727973, 1.9441216384243762, 1.9421627078300867, 1.940443094724264, 1.9387870476796076, 1.9366135854496915, 1.9343589732789586, 1.9325606002766862, 1.9305224731946602, 1.9287429003634005, 1.9263838753741012, 1.9239388599864438, 1.9216468545616183, 1.919241138248362, 1.9168236563857803, 1.9142246085863848, 1.9118972275501642, 1.9082607043604565, 1.9056225839333656, 1.9027628684655213, 1.899383296823909, 1.8962816282724724, 1.8931184334632678, 1.8888065127226024, 1.8852678761522994, 1.8818988438345428, 1.8771750468474169, 1.873072657829676, 1.8688997766401014, 1.8645055951216283, 1.8602994130207942, 1.8557243433773007, 1.8501845695014694, 1.8464501479752042, 1.840189364985523, 1.8355007744752443, 1.8301886753139334, 1.824450554756018, 1.8194249746127007, 1.8131553986643114, 1.8080426643037388, 1.802300686764921, 1.7952049193728683, 1.7902607459288378, 1.7839852563845806, 1.7793266070194733, 1.7728290259838104, 1.7664997669366689, 1.761919404196943, 1.7547554376288357, 1.7498274664593558, 1.7438313143375592, 1.7373148470352857, 1.7324589302397182, 1.725795933833489, 1.7210903412256486, 1.7142969206867056, 1.709953283652281, 1.703676068629974, 1.6993498845487578, 1.6943226140788479, 1.687968028916253, 1.6847919452394176, 1.6794133700876155, 1.6744412759430387, 1.6703452327822008, 1.6674604594198048, 1.6630965313340864, 1.6581545306576624, 1.6544033171784165, 1.6505817006795833, 1.6471225805262215, 1.6423836602614477, 1.640156971083747, 1.634991080333025, 1.6318656504154205, 1.629556745545477, 1.626100664974278, 1.623844619999584, 1.6193014806152408, 1.6169430677197938, 1.613959648160853, 1.6113016676698995, 1.6079889762605357, 1.607152198624407, 1.6042661575170665], "test_loss": [1.1357188400268554, 1.0001042335510253, 0.9840682182312012, 0.9629985115051269, 0.981073120880127, 0.9466953636169434, 0.9637876373291016, 0.8906720573425293, 0.9395953758239746, 0.9632625183105469, 0.9396370429992675, 0.9537197151184083, 0.9218606094360352, 0.8804692573547364, 0.8540065170288086, 0.9534030487060546, 0.9835657127380371, 0.8955730880737305, 0.9188961738586425, 1.001618399810791, 0.865173868560791, 0.9301804328918457, 0.9299749114990234, 0.8932907508850098, 0.8775510765075684, 0.8897449760437012, 0.9287625427246093, 0.9009545112609864, 0.9627569206237793, 0.9171115608215332, 0.917123430633545, 0.9476049301147461, 0.8718694282531738, 0.9120776710510254, 0.9104948097229004, 0.9195897193908691, 0.8312328071594238, 0.8854375640869141, 0.8986862609863281, 0.9419995208740234, 0.9079258201599121, 0.900552180480957, 0.9385387420654296, 0.9064846046447754, 0.9670363899230957, 0.9009329627990723, 0.8670772277832032, 0.9610820358276367, 0.9531897575378417, 0.9774148796081543, 0.919869962310791, 0.9496476295471191, 0.9784378646850586, 0.9534810127258301, 0.9902866096496582, 0.9375718032836914, 0.9398520721435547, 0.9973368133544922, 1.0182410522460938, 0.9697740455627442, 0.9471677970886231, 0.9738330276489258, 0.9709444671630859, 0.939115355682373, 0.9504500175476074, 1.011859966278076, 0.9926207893371582, 0.9659716262817383, 1.027447200012207, 0.9871045166015625, 1.0090058647155762, 1.0012499015808105, 1.0239330360412597, 0.9670593574523926, 0.9343910438537598, 1.0262494606018067, 1.0739748474121094, 1.0204435333251953, 0.9872288070678711, 1.06287173538208, 1.0511563606262206, 0.9887973548889161, 0.9823248046875, 1.0341942306518555, 1.0078539642333983, 1.01731529006958, 1.0951517532348634, 1.0675850646972656, 1.0228329246520995, 1.0666235122680665, 1.090309072113037, 1.0057367080688477, 1.0557668151855468, 1.1155639274597169, 1.099225993347168, 1.077868601989746, 1.0747005264282226, 1.0809870811462403, 1.053253874206543, 1.0982368827819824], "test_acc": [93.62, 95.87, 97.17, 97.5, 97.78, 97.95, 98.22, 98.29, 98.29, 98.44, 98.43, 98.54, 98.45, 98.58, 98.7, 98.57, 98.75, 98.7, 98.63, 98.68, 98.72, 98.62, 98.53, 98.62, 98.59, 98.56, 98.61, 98.5, 98.36, 98.24, 98.44, 98.35, 98.28, 98.29, 98.01, 98.11, 98.02, 97.93, 97.62, 97.58, 97.59, 97.13, 96.96, 96.68, 96.57, 96.76, 96.42, 94.25, 95.18, 94.19, 95.61, 92.75, 92.49, 93.8, 93.1, 92.68, 93.38, 90.61, 89.2, 90.9, 91.04, 89.34, 90.26, 90.01, 90.32, 87.07, 87.11, 87.7, 84.87, 87.56, 85.65, 85.89, 85.0, 86.43, 87.03, 83.21, 80.84, 82.66, 84.26, 81.31, 81.39, 84.17, 83.64, 80.84, 82.49, 82.82, 78.12, 78.95, 81.5, 79.39, 78.21, 82.14, 79.52, 77.26, 77.44, 78.63, 77.54, 78.67, 78.1, 77.53]}