{"train_loss": [2.3007901973194547, 2.2971769983951864, 2.2953417611937237, 2.294103956120646, 2.293220462452652, 2.292502347730164, 2.2918321943690634, 2.2911313334081926, 2.2904890016612844, 2.2899259736395288, 2.289359884384351, 2.2888602145716677, 2.2884053699990625, 2.2877969436156445, 2.2872402555922156, 2.2866592672136097, 2.2860262042436843, 2.2853603892856174, 2.284669232164693, 2.2839845016471343, 2.283263590091314, 2.2822584983630056, 2.281443560225332, 2.2804966986688795, 2.279134320397662, 2.2780445554317574, 2.277174992948516, 2.2754502347391896, 2.2741123432787056, 2.2726092053274822, 2.270940990020067, 2.2691042983633842, 2.267040088135972, 2.2646506678344855, 2.2627735560775823, 2.2602745646085496, 2.2575142093193836, 2.2544717696996837, 2.2514487683263598, 2.2479829049517965, 2.244501970262609, 2.2402681907018027, 2.236640145126571, 2.231794892722725, 2.226772920698182, 2.2214556550368285, 2.215973588136526, 2.2098751516423674, 2.2035706710611653, 2.1968869984659376, 2.189646595563644, 2.1813435544315567, 2.173154063713856, 2.16467522454058, 2.1559616546345572, 2.1454122046120148, 2.1363983042219763, 2.125339101012955, 2.1137232459508457, 2.1030496053206615, 2.09144911603031, 2.0782330667870674, 2.06863385056838, 2.0538546690064616, 2.0410617179850226, 2.028147999547486, 2.01430977256889, 2.002566287660191, 1.9903524090082219, 1.976001869664233, 1.9628733365963666, 1.9500074702450352, 1.9363616131819212, 1.9247082971100113, 1.9120169694607074, 1.899370903388048, 1.8906403285825355, 1.8773106573483882, 1.8666300944283478, 1.8544012545010982, 1.8452305612910507, 1.8353974865033076, 1.825322859052919, 1.8156902950543623, 1.8065298051915617, 1.7989325016482263, 1.7901153936345353, 1.7804438364811432, 1.7704179753095677, 1.7655623466031165, 1.7588294696094644, 1.7534266982832525, 1.7456002737212384, 1.7389228787177649, 1.7315924919059134, 1.72784375354775, 1.7231392233799665, 1.7183580057233827, 1.7133222622239692, 1.7072251558813274], "test_loss": [2.199257238769531, 2.1189788665771485, 2.082115200805664, 2.0272399810791017, 2.0232940490722657, 2.012533166503906, 1.9828617065429688, 1.993157472229004, 1.9666500152587891, 1.9822817047119141, 1.9505935516357422, 1.9616248641967773, 1.9422920135498047, 1.9493245071411134, 1.9426739532470703, 1.9499370254516601, 1.946742057800293, 1.9459713150024414, 1.9114138793945312, 1.9416954544067382, 1.9280785034179688, 1.917893731689453, 1.9135468307495118, 1.9359425582885743, 1.9390474365234376, 1.935935922241211, 1.8976225387573242, 1.9313569854736328, 1.9093245986938476, 1.9336384963989257, 1.9269587005615234, 1.924508139038086, 1.9025509201049804, 1.9311548828125, 1.9240038177490235, 1.9003112045288086, 1.9642997772216797, 1.9549435821533203, 1.9137964599609374, 1.933224055480957, 1.916202070617676, 1.9497749404907228, 1.9376243270874023, 1.9830503829956054, 1.9215609649658203, 1.910023811340332, 1.918608233642578, 1.9694418426513671, 1.9721924728393554, 1.8853709091186523, 1.9694748657226562, 2.03788524017334, 1.9821684783935547, 2.0148553695678713, 1.9922072570800782, 1.938697036743164, 1.9609670227050782, 2.0315271118164064, 2.0341873016357424, 2.1109432022094725, 2.1108592987060546, 2.024519104003906, 2.0746916244506837, 2.0905825973510743, 2.2304483978271485, 2.074742532348633, 2.1247416900634764, 2.1642183654785154, 2.1141530822753904, 2.116591403198242, 2.176857699584961, 2.190680195617676, 2.2212552612304686, 2.1819559204101564, 2.2788571685791017, 2.2560664947509768, 2.2003113891601562, 2.299165802001953, 2.1839498413085936, 2.2548145782470703, 2.228662121582031, 2.3482838348388673, 2.4081697265625, 2.306547183227539, 2.3589361419677735, 2.397948190307617, 2.3365327911376954, 2.3692964538574217, 2.35032333984375, 2.360938751220703, 2.3401692596435546, 2.412640740966797, 2.4263897888183594, 2.3671564514160157, 2.3910250610351564, 2.418713833618164, 2.4105817321777345, 2.3970187225341797, 2.460897250366211, 2.4079018737792968], "test_acc": [65.77, 76.69, 82.7, 82.69, 87.32, 87.84, 90.07, 90.59, 89.46, 91.94, 92.29, 92.52, 93.35, 92.28, 92.54, 91.36, 92.65, 93.29, 92.43, 91.33, 91.87, 88.04, 92.13, 89.31, 87.29, 88.38, 88.11, 85.29, 81.98, 79.44, 79.5, 76.44, 76.13, 69.83, 65.83, 68.49, 60.97, 56.57, 64.87, 59.93, 57.81, 54.17, 54.24, 46.9, 53.56, 49.63, 52.15, 45.31, 42.81, 50.39, 39.63, 35.04, 35.99, 34.78, 35.67, 38.57, 38.76, 32.56, 30.9, 25.56, 25.75, 31.29, 27.69, 27.79, 20.18, 27.89, 24.75, 24.98, 26.09, 25.78, 23.44, 24.89, 21.95, 26.12, 21.85, 20.97, 23.83, 21.54, 24.71, 22.24, 24.94, 19.97, 17.37, 21.41, 19.76, 19.45, 20.42, 21.18, 22.5, 19.34, 20.63, 18.77, 18.69, 20.27, 20.39, 18.17, 20.0, 20.56, 18.62, 20.2]}