{"train_loss": [2.270481973631769, 2.2435422208574085, 2.2359542291388554, 2.232391342648074, 2.2304305301772223, 2.2291503120691347, 2.228095050041492, 2.227292748597952, 2.2266412214336233, 2.2260812867400994, 2.2256156384435473, 2.2251980202829738, 2.2248470426624656, 2.224496291233943, 2.224175356901609, 2.2239296512726026, 2.2236395773724613, 2.2233742877968354, 2.2232168418729406, 2.22298501444678, 2.2227908490050554, 2.22260590037729, 2.2224059273035097, 2.222224426065755, 2.222036003557026, 2.221930216010819, 2.221749153911558, 2.2216137622156715, 2.221457755463755, 2.2213801293291597, 2.2212016271729755, 2.2210843909499993, 2.220928384198083, 2.2208658640201273, 2.2207102806140213, 2.2206180528697805, 2.220503391873123, 2.2203735148804817, 2.220312492460267, 2.2201473661977, 2.2201305311969204, 2.2199876588633938, 2.21991081828745, 2.219787861037458, 2.219665121828389, 2.219575309855306, 2.2195329579532657, 2.2194043071860943, 2.2193450352065582, 2.2192328022076535, 2.2191834398823924, 2.2190421712704196, 2.218956914212969, 2.2188767857021756, 2.2188344546872325, 2.21872201638344, 2.2186483633823886, 2.2185177797945137, 2.21845945996097, 2.218401679625878, 2.218271548931415, 2.2181699805789523, 2.2181901381565976, 2.2180453778332114, 2.2179503119908848, 2.2179044999627986, 2.2178077071140976, 2.2177023138755407, 2.217667025888068, 2.21764266389048, 2.217462062326252, 2.2174197170469494, 2.2173191589167995, 2.217266399636228, 2.21716811769029, 2.217101740021991, 2.216998784460573, 2.216978446031228, 2.2168781558672586, 2.216748126042195, 2.216698813642192, 2.2166588785301924, 2.2165071602560515, 2.2164748234626575, 2.2163964082033205, 2.216289487659422, 2.2162551232892223, 2.2161772342828603, 2.216066208150652, 2.2160171907172246, 2.215932061020126, 2.215864773998913, 2.215790456176823, 2.215706677008898, 2.2155594958199396, 2.2155705038298907, 2.2154706701254234, 2.215378822424473, 2.2153447652474427, 2.2152158128909574], "test_loss": [1.734998764038086, 1.6275931579589844, 1.5675251556396483, 1.5452125030517578, 1.5407658538818358, 1.5197305953979492, 1.5150667022705078, 1.516631037902832, 1.5177667434692383, 1.493615283203125, 1.4772409942626954, 1.4859892456054689, 1.47904334564209, 1.4601435211181641, 1.4901853057861327, 1.4667061111450195, 1.4688831848144532, 1.4737141479492188, 1.4951795455932617, 1.466527214050293, 1.4715373016357423, 1.4525140182495118, 1.4851600982666016, 1.461922688293457, 1.4541367202758788, 1.476540283203125, 1.4441093643188476, 1.4599882202148438, 1.4622844329833984, 1.48046219329834, 1.4797633224487305, 1.441452784729004, 1.4759328384399415, 1.464745816040039, 1.4494888061523437, 1.4556139404296875, 1.4612687942504883, 1.4476039352416992, 1.436502069091797, 1.4576367309570313, 1.439095538330078, 1.455727606201172, 1.4582608108520507, 1.427338217163086, 1.4586086486816405, 1.4713077255249023, 1.4474905654907226, 1.4829773590087891, 1.449913395690918, 1.4412152770996094, 1.4215067733764648, 1.4674122497558593, 1.4883849502563478, 1.4565443405151368, 1.4558235458374023, 1.4547175537109376, 1.440095851135254, 1.4425319763183593, 1.4350925262451173, 1.452383790588379, 1.457954783630371, 1.459682357788086, 1.477938691711426, 1.4241666381835938, 1.435645100402832, 1.4660269912719726, 1.4522911895751953, 1.4546469848632813, 1.4545999710083009, 1.4329960021972656, 1.4519126098632813, 1.4578447311401368, 1.4487456481933594, 1.4654727386474609, 1.4505636978149414, 1.4465370330810547, 1.459648112487793, 1.4335187591552734, 1.4367752731323242, 1.474200537109375, 1.4412655715942382, 1.4435613815307617, 1.4918870971679687, 1.4657620620727538, 1.4260864089965821, 1.4407441726684571, 1.4363003280639648, 1.4397511138916015, 1.4783075622558595, 1.4547279373168944, 1.437677456665039, 1.439602734375, 1.4058991088867188, 1.482185105895996, 1.4750515365600585, 1.4531454650878906, 1.4657925857543945, 1.4474590866088868, 1.4457164627075196, 1.4438900497436524], "test_acc": [86.62, 92.72, 94.59, 95.53, 96.29, 96.89, 96.99, 97.11, 97.32, 97.47, 97.6, 97.8, 97.85, 98.01, 97.95, 98.02, 98.07, 98.24, 98.18, 98.16, 98.31, 98.3, 98.37, 98.36, 98.41, 98.39, 98.47, 98.46, 98.31, 98.41, 98.31, 98.52, 98.58, 98.59, 98.49, 98.56, 98.64, 98.64, 98.6, 98.6, 98.7, 98.71, 98.61, 98.63, 98.7, 98.8, 98.73, 98.69, 98.76, 98.72, 98.76, 98.68, 98.83, 98.85, 98.81, 98.78, 98.83, 98.81, 98.8, 98.76, 98.79, 98.81, 98.89, 98.79, 98.84, 98.81, 98.76, 98.81, 98.83, 98.79, 98.84, 98.88, 98.84, 98.89, 98.87, 98.87, 98.8, 98.85, 98.85, 98.79, 98.88, 98.81, 98.79, 98.84, 98.85, 98.82, 98.91, 98.81, 98.8, 98.87, 98.85, 98.87, 98.81, 98.85, 98.85, 98.8, 98.9, 98.83, 98.79, 98.89]}