{"train_loss": [2.0080070444661327, 1.8877076262082808, 1.8681122561295826, 1.8581538793877659, 1.8507533804473715, 1.8448018696573045, 1.8400290944637396, 1.8357276794237969, 1.8324498330426013, 1.8285773455077767, 1.8244271072057576, 1.821172446776659, 1.8171946559196863, 1.814189376994076, 1.8103032058630235, 1.8059190175472162, 1.8022886180979574, 1.797140941915349, 1.7940093317092993, 1.788784482794949, 1.7838394262342372, 1.7789798654042757, 1.7727185233026488, 1.7672977967140002, 1.7609590462639801, 1.7536161437503293, 1.7464946564446149, 1.7379700681592665, 1.729591694397804, 1.7201615172064202, 1.7103897333145142, 1.7011102657032828, 1.6895025909965873, 1.6794509431745253, 1.6666552717359657, 1.6524322580577981, 1.6397488565526457, 1.62508583196208, 1.6088032814172597, 1.5937784892371578, 1.5792244761927514, 1.5619950579781818, 1.5441732141706679, 1.5279392317319527, 1.5096518038175044, 1.4921058263534155, 1.474852493685535, 1.4551516045362523, 1.4360446178505564, 1.4210646585521536, 1.404015696201569, 1.3840343131978288, 1.3685016634627285, 1.349437328740063, 1.334824362117001, 1.3194134291420636, 1.3047348762679303, 1.288729462103966, 1.2747738919196985, 1.263640161508169, 1.2494400775330698, 1.2354198324884105, 1.2253885340486836, 1.2172735626371498, 1.2058433136369429, 1.1981267697281308, 1.1891252966518076, 1.1803353217422452, 1.1738781353347323, 1.1658967096581418, 1.159306906736814, 1.151709040770164, 1.1461875178875067, 1.1416402884528167, 1.1365383878732338, 1.1304933000833561, 1.1258119647828941, 1.1219868275344882, 1.1176328674340859, 1.1143121240485427, 1.110012450788775, 1.1068117139685867, 1.1026060140540457, 1.099610009509274, 1.0960601216707475, 1.0934774781394208, 1.0905189998129494, 1.088598648707072, 1.0851979989271898, 1.0827599055746682, 1.0804011388721628, 1.077908225548573, 1.076128536564672, 1.0737330106079068, 1.07158267727265, 1.0694625879454815, 1.0679819571156788, 1.0659382697354016, 1.0642354985078175, 1.0620894625655606], "test_loss": [0.9994749153137207, 0.8347800621032715, 0.845416926574707, 0.7964630950927735, 0.778147467803955, 0.8655242362976074, 0.7751877784729004, 0.7737433158874512, 0.7447791564941406, 0.7542063278198242, 0.7820942436218262, 0.8280306396484375, 0.7676680480957031, 0.8330529800415039, 0.752263264465332, 0.7199299682617187, 0.7802240341186524, 0.8376778312683105, 0.7381058448791504, 0.8208391807556152, 0.8467753364562989, 0.709893871307373, 0.7509150177001953, 0.7231617393493652, 0.8753665504455567, 0.7581760887145996, 0.763644972229004, 0.735682894897461, 0.855058871459961, 0.7663947082519531, 0.7764264846801758, 0.8236643760681153, 0.8648670120239258, 0.8702173522949219, 0.7893018692016601, 0.819749503326416, 0.8364861869812011, 0.820474609375, 0.892397388458252, 0.8461132377624512, 0.8406182991027832, 0.8055523605346679, 0.824977840423584, 0.8514730079650878, 0.9075371406555176, 0.8340884185791015, 0.8892134399414062, 1.0075955558776855, 0.8555211387634277, 0.9605593032836914, 0.9674726165771484, 0.9514999687194824, 0.9950416259765625, 0.9923934860229492, 0.997071597290039, 1.0098373916625976, 0.9647163528442383, 0.9822028839111329, 1.0063600296020507, 0.9863190818786621, 0.9842559547424317, 1.0353500114440919, 0.9743075012207031, 1.0758931922912598, 1.012249910736084, 1.0218898391723632, 1.0436388313293457, 1.0122179138183593, 1.0845426734924317, 1.0024610542297363, 1.0818374435424805, 0.9836241355895996, 1.0286757713317871, 0.9958848197937011, 1.0615726020812988, 1.0711592376708985, 1.0827399658203125, 1.0640659629821778, 1.025207755279541, 1.0849654022216797, 1.0666166137695312, 1.0574726654052735, 1.0772410469055176, 1.0876692611694336, 1.1198099853515624, 1.042765476989746, 1.129528936767578, 1.143223323059082, 1.0605751113891602, 1.1130232109069824, 1.1415518630981445, 1.1415691497802734, 1.1066297218322754, 1.1221635498046876, 1.1585607810974121, 1.169005096435547, 1.1537121887207031, 1.158601466369629, 1.1239206260681152, 1.1215479713439942], "test_acc": [94.2, 96.65, 97.07, 97.7, 97.82, 98.08, 98.21, 98.39, 98.36, 98.24, 98.43, 98.56, 98.4, 98.65, 98.47, 98.5, 98.54, 98.47, 98.4, 98.44, 98.34, 98.3, 98.1, 98.26, 97.94, 97.83, 97.71, 97.68, 96.08, 96.5, 95.97, 95.94, 94.69, 92.15, 93.76, 93.58, 92.43, 91.84, 87.32, 89.48, 89.31, 88.88, 88.06, 86.57, 82.58, 85.3, 82.26, 77.05, 82.57, 77.64, 76.97, 76.64, 74.69, 73.71, 74.37, 73.0, 74.49, 73.94, 72.83, 73.65, 73.19, 71.06, 72.54, 68.74, 71.69, 71.17, 70.01, 71.1, 68.34, 72.01, 68.32, 72.44, 70.67, 71.89, 68.91, 69.42, 68.19, 68.99, 70.61, 68.32, 68.89, 69.31, 68.55, 68.2, 66.66, 69.77, 67.09, 66.0, 69.04, 67.0, 66.13, 65.84, 67.48, 67.01, 65.17, 64.78, 65.3, 64.65, 66.56, 66.72]}