{"train_loss": [1.9277813014311669, 1.7961894541214674, 1.7779543756419778, 1.7696626283164718, 1.7641891411736481, 1.7606008340660324, 1.7576379149388044, 1.7553181090416052, 1.7532453577742617, 1.7515265348120632, 1.7499932674770682, 1.7489010177106938, 1.7476829290390015, 1.7464965538591402, 1.745772193894427, 1.744845216600304, 1.743832840369298, 1.7429492216334384, 1.7422754250021062, 1.74177312800008, 1.741255060984538, 1.7406872370813646, 1.7401776762090178, 1.739423461449452, 1.7390799035883358, 1.7385632933205009, 1.7380351727334862, 1.7375817701347873, 1.737258001525178, 1.736874947945277, 1.7364619399747279, 1.7360062586446094, 1.735542165163236, 1.735206744609735, 1.7348763675261767, 1.7344711425467434, 1.7342001867090535, 1.7338569469940968, 1.7335198236326885, 1.7333927243693261, 1.732889774008694, 1.7325250101395142, 1.732232688074438, 1.7320122199180799, 1.7315865469793987, 1.7313969955485091, 1.7310634810700376, 1.73078627897124, 1.7307347861620097, 1.730273194037951, 1.72997171119747, 1.7297484928216689, 1.7296037189980857, 1.7292061071110587, 1.7288015596886985, 1.7288124808388898, 1.7284318297846704, 1.7281509744815338, 1.7279732787710989, 1.7277704113059573, 1.7275141961554177, 1.7271168703197415, 1.7269722737817683, 1.7268559311190221, 1.7263718428265336, 1.7263019556163723, 1.7260882895216982, 1.7258912322358189, 1.725697547961504, 1.7253928678667443, 1.7250302923031342, 1.724910118131556, 1.7246000252218328, 1.7244746687575283, 1.7243026749700563, 1.7240185544022129, 1.7238029796853025, 1.7235518846756372, 1.7230934842020018, 1.723210537026071, 1.7229655293317943, 1.7226954925264049, 1.7225640933228354, 1.7223817713749714, 1.7220790737714522, 1.721947556632197, 1.7215604089264176, 1.7215966633242419, 1.7213382731136093, 1.7211452129050198, 1.7209836654683464, 1.7207497554457085, 1.7206868791682088, 1.7202379048889518, 1.720187713447799, 1.7198738114446657, 1.7197272966050694, 1.7195356824459174, 1.7193435387224214, 1.7191245624652276], "test_loss": [0.8533078773498535, 0.7534509155273438, 0.7452686172485351, 0.7133039222717286, 0.7295490425109863, 0.748311686706543, 0.7235394592285156, 0.7030514335632324, 0.7084662788391113, 0.7100049041748047, 0.6939203338623047, 0.7391152046203613, 0.6858648719787598, 0.675667798614502, 0.6981550529479981, 0.6708784217834473, 0.7084264297485352, 0.7118602096557617, 0.7048153785705566, 0.6873948944091797, 0.6702052894592285, 0.6678829353332519, 0.6580509750366211, 0.6517994064331055, 0.6778459526062012, 0.7098254989624023, 0.6770121711730958, 0.6639277862548828, 0.6913448837280274, 0.7096467803955078, 0.6685833251953125, 0.6681130874633789, 0.6489480255126953, 0.6802321784973144, 0.6788073745727539, 0.6471415229797364, 0.6767266380310059, 0.6696656486511231, 0.6664312072753906, 0.6949810150146485, 0.687749885559082, 0.6586243789672852, 0.6574714141845703, 0.6311777267456055, 0.6524566612243652, 0.6589118225097657, 0.6852868797302246, 0.6607015258789063, 0.6457735206604004, 0.6780662284851074, 0.6928891136169434, 0.6718803306579589, 0.6991984733581543, 0.6910179573059082, 0.6594536598205566, 0.6767028060913086, 0.6313495010375977, 0.6733755798339843, 0.6938436050415039, 0.6380804458618164, 0.6711771423339844, 0.7387447654724121, 0.6856243064880371, 0.7175701782226562, 0.6686236419677735, 0.6916232627868653, 0.6586588111877442, 0.6876489639282226, 0.6775284187316895, 0.6640968849182128, 0.6691077972412109, 0.6508092231750489, 0.6690436660766601, 0.6572872703552246, 0.6529847801208496, 0.6496700248718261, 0.6895126243591309, 0.674571614074707, 0.6782943161010743, 0.6569022033691406, 0.6911065559387207, 0.6815020881652832, 0.666456884765625, 0.6928877944946289, 0.6773537925720214, 0.6669794471740723, 0.6683704803466797, 0.6334169456481934, 0.7173748306274415, 0.6948045242309571, 0.7057127792358399, 0.6761889595031738, 0.6389377410888671, 0.6720858558654785, 0.6582176094055175, 0.6454312553405762, 0.695862939453125, 0.6721071296691895, 0.6706466087341308, 0.6527904197692871], "test_acc": [95.56, 97.3, 97.92, 98.15, 98.32, 98.48, 98.71, 98.72, 98.79, 98.84, 98.91, 98.91, 98.93, 98.96, 98.98, 98.94, 98.95, 98.97, 99.03, 99.02, 98.97, 98.96, 98.98, 98.96, 98.98, 99.04, 99.05, 99.07, 99.04, 98.97, 99.02, 99.03, 99.01, 99.05, 99.07, 99.09, 99.1, 99.09, 99.08, 99.11, 99.18, 99.17, 99.14, 99.08, 99.2, 99.17, 99.09, 99.17, 99.2, 99.17, 99.21, 99.23, 99.16, 99.21, 99.2, 99.21, 99.23, 99.22, 99.27, 99.2, 99.25, 99.23, 99.24, 99.28, 99.23, 99.25, 99.12, 99.3, 99.24, 99.25, 99.23, 99.31, 99.22, 99.27, 99.23, 99.24, 99.25, 99.2, 99.18, 99.25, 99.23, 99.28, 99.18, 99.25, 99.25, 99.29, 99.2, 99.25, 99.23, 99.28, 99.28, 99.28, 99.24, 99.19, 99.17, 99.25, 99.21, 99.26, 99.18, 99.26]}