{"train_loss": [2.3001453468942237, 2.2958857712582645, 2.2942673003571663, 2.293252737603636, 2.2924990888334746, 2.2917690180305743, 2.291243942374857, 2.290748598738613, 2.2903887960645886, 2.2900342187310896, 2.289741764211247, 2.289511383089245, 2.2893124849368363, 2.289020096134936, 2.2888486981391907, 2.2886184107544074, 2.288451317538563, 2.2882588495556107, 2.2880454257003264, 2.2879001579732976, 2.2877421017385955, 2.2874825530582004, 2.287351599106422, 2.2871561315324573, 2.2870270176830454, 2.286818342331128, 2.2866127924022512, 2.286435631605295, 2.286222527679215, 2.2860406428320794, 2.285807903505798, 2.285598953564962, 2.2854121551554427, 2.285204408515213, 2.2849245173299413, 2.2847754063769283, 2.2845042256208568, 2.2843145340935798, 2.2839850605043592, 2.2838061421345444, 2.2835501208264604, 2.2832519519023404, 2.2830117747314973, 2.2827113352270207, 2.282412497406332, 2.2820487022399902, 2.2817749538992205, 2.2814518361010103, 2.2810518486886964, 2.280717224137396, 2.280393766032325, 2.2801060870162444, 2.2796229475583787, 2.279219526510972, 2.2788489588305483, 2.2786243063771825, 2.2779816954563827, 2.277491152795971, 2.2770573659839792, 2.276737832615518, 2.2762305899563, 2.275605482932849, 2.275106630773626, 2.2746724486351013, 2.27419265315064, 2.273645191620558, 2.2730447008059573, 2.272347815016396, 2.271731766880068, 2.2711843354070287, 2.270387008658841, 2.2698284081923656, 2.269226124144008, 2.2687564028633966, 2.26782851290499, 2.2672607338326607, 2.266281489123646, 2.26575084323557, 2.2649423057197504, 2.264136384695004, 2.263236331124591, 2.262382345321851, 2.261745425371023, 2.2608207367424273, 2.2600004800364504, 2.2590710999619246, 2.258210176586086, 2.2573050250354996, 2.256179348525838, 2.255430450806251, 2.2544579587431035, 2.2535970725564876, 2.252440186137827, 2.2513077360952, 2.2500939776754785, 2.2489309096947694, 2.248186499135107, 2.246641130019457, 2.245959310959547, 2.2446933103422833], "test_loss": [2.1750374938964843, 2.0838781768798826, 2.0375298568725584, 2.0181453186035156, 2.001302749633789, 1.9839797744750975, 1.9750802307128905, 1.961767091369629, 1.9536107131958007, 1.9296224151611328, 1.9371872985839844, 1.942421600341797, 1.9306509338378905, 1.9145576110839844, 1.937918360900879, 1.9139091522216798, 1.917212973022461, 1.9122543075561524, 1.9216803344726563, 1.9066203567504882, 1.9199536865234375, 1.90924981842041, 1.9005050201416016, 1.9126576263427735, 1.8957762741088868, 1.8937920471191407, 1.9143924957275391, 1.9023628234863281, 1.8889528350830078, 1.8878104400634765, 1.8838682037353516, 1.9074932189941407, 1.89390341796875, 1.9032544815063477, 1.898461181640625, 1.8733999771118164, 1.8931641540527344, 1.8992902542114258, 1.8899193588256835, 1.8935853469848634, 1.8840397994995117, 1.8821173156738282, 1.8940683792114257, 1.90251279296875, 1.9126214904785157, 1.8850887985229492, 1.8845136520385741, 1.8867160202026367, 1.8924511001586914, 1.8815020385742187, 1.8792499053955078, 1.9090875930786133, 1.906345376586914, 1.9157539337158203, 1.8899041397094727, 1.9075317886352539, 1.8800092025756836, 1.8814975723266603, 1.88404072265625, 1.89040975189209, 1.8731936111450196, 1.8742051834106446, 1.8732824920654296, 1.882515966796875, 1.899961151123047, 1.892940753173828, 1.851601951599121, 1.9051849792480469, 1.900056999206543, 1.881250685119629, 1.8896063690185547, 1.853562272644043, 1.8870101959228516, 1.8858378295898437, 1.8939089813232421, 1.9304146270751954, 1.8907495651245116, 1.8735243713378906, 1.8917490158081054, 1.9389009262084962, 1.8787114013671875, 1.915514274597168, 1.928157405090332, 1.938593768310547, 1.8962723205566405, 1.9340241729736327, 1.8995091186523438, 1.875112663269043, 1.9072512649536133, 1.887132502746582, 1.9295524612426758, 1.9458688888549804, 1.9212584869384766, 1.9038608795166017, 1.9361119400024414, 1.9361732025146485, 1.867609634399414, 1.8685082580566406, 1.9268581619262695, 1.8901910552978516], "test_acc": [69.9, 79.21, 87.39, 88.44, 91.09, 91.4, 92.21, 92.84, 94.12, 94.17, 94.63, 94.87, 94.65, 95.57, 95.56, 95.8, 95.9, 96.2, 95.42, 96.34, 96.23, 96.25, 96.42, 96.28, 96.49, 96.39, 96.61, 95.79, 96.78, 96.37, 96.23, 96.65, 96.64, 96.28, 95.83, 96.52, 95.96, 96.07, 96.16, 95.45, 94.8, 96.05, 94.71, 95.32, 94.75, 95.18, 95.19, 95.0, 93.22, 94.74, 92.81, 93.53, 90.94, 92.27, 84.88, 90.02, 90.55, 91.62, 90.09, 88.98, 87.7, 89.17, 90.35, 86.25, 83.85, 83.27, 86.71, 83.79, 83.93, 83.45, 76.28, 85.04, 80.9, 80.23, 77.18, 73.57, 78.45, 77.03, 74.88, 70.16, 78.35, 69.47, 66.82, 66.8, 72.63, 65.48, 67.38, 73.04, 68.04, 70.37, 64.24, 61.58, 63.88, 63.48, 59.8, 58.89, 66.79, 68.59, 57.57, 63.8]}