{"train_loss": [1.787986504725921, 1.6239509666577363, 1.5987214379840426, 1.5848216829646347, 1.5750971146118946, 1.5672914080130749, 1.5599068148523314, 1.554198871820401, 1.5481854318044124, 1.5416636153673515, 1.5353621606133943, 1.5292355239900768, 1.523046189903194, 1.517630121901504, 1.5089493011816955, 1.5021339873982291, 1.494591853557489, 1.484775486919615, 1.4748309466064486, 1.464580820666419, 1.4529520729158678, 1.440459152062734, 1.4270703074259636, 1.4122167219463577, 1.3951687237136385, 1.375230542360208, 1.356947355545484, 1.3349657700611994, 1.3136301150179317, 1.2858713251403255, 1.2593387215055971, 1.228461973942243, 1.1964634199682465, 1.163281483655302, 1.130553893553905, 1.093990441188853, 1.056762026798012, 1.0197307626661072, 0.9817186504857153, 0.9404928865086319, 0.9017425696564536, 0.8605308612951865, 0.8254803389820278, 0.786626097228792, 0.7503101181270729, 0.7169508675479481, 0.6837662471155835, 0.65395357618984, 0.6253297837753581, 0.5995877436083606, 0.576395971270708, 0.5567904089251136, 0.5395582936003677, 0.523584436529722, 0.5122655001588357, 0.5006181644196184, 0.4914745943795921, 0.4844180630822467, 0.47649260654918146, 0.4705241033409396, 0.4653921333643106, 0.45890287061532337, 0.4545394697377824, 0.4500770433208881, 0.44563021549047566, 0.44209037364548087, 0.4376700351126174, 0.43455895787885046, 0.431889643590165, 0.4282622806664206, 0.42502242581457156, 0.4225413290481282, 0.4195548261587436, 0.4170907837076065, 0.41469360015585893, 0.4123487492911836, 0.410095594313919, 0.40765607051360303, 0.4054821277530784, 0.4036430698684138, 0.4012101395135252, 0.3995962568327912, 0.39776381722882265, 0.3959589421621755, 0.3943093897949936, 0.3928061769558833, 0.39110734746751624, 0.3897757076809549, 0.38786626728171975, 0.38627413959584683, 0.38525139623218113, 0.38425917248440605, 0.3827363240540537, 0.38136654500013745, 0.3799849705945732, 0.37912527930278045, 0.3778112907058153, 0.3769316337047479, 0.3759542904221095, 0.37473963895159906], "test_loss": [0.7385491401672363, 0.6530997264862061, 0.6456691692352295, 0.6109675842285156, 0.5953624263763427, 0.5854306621551514, 0.595892919921875, 0.6659436279296875, 0.5827702171325684, 0.5407187782287598, 0.6192972267150879, 0.5349846412658691, 0.5811709335327149, 0.5508318180084228, 0.5498499088287353, 0.5521944896697998, 0.5606741710662841, 0.5237201221466065, 0.6342067039489746, 0.5691609218597412, 0.5365655792236328, 0.5204940120697021, 0.6058856628417969, 0.5780942665100097, 0.5979974628448487, 0.6276705490112304, 0.5486816513061523, 0.557882723236084, 0.6023077018737792, 0.5770685005187989, 0.61008479347229, 0.631884977722168, 0.687824252319336, 0.664277522277832, 0.6010939052581787, 0.6604899585723877, 0.7583816764831542, 0.6589871490478516, 0.6854070823669434, 0.7835958587646484, 0.7508788162231446, 0.8234304992675782, 0.7600463058471679, 0.8464906692504883, 0.8084727157592774, 0.7591490024566651, 0.877107177734375, 0.8845051216125488, 0.8431416244506836, 0.8057941383361816, 0.8299555297851563, 0.8576615173339843, 0.869759391784668, 0.9088545585632324, 0.872857925415039, 0.8663392173767089, 0.9141586189270019, 0.9050640670776368, 0.9293996673583984, 0.8957486282348632, 0.9357009414672851, 0.9536779396057129, 0.9326305793762207, 0.921808829498291, 0.9150762512207031, 0.9609940177917481, 0.9773331008911132, 0.9313230850219727, 0.9719823455810547, 0.9736132545471191, 0.9907321105957031, 1.0093405929565429, 0.9987393844604492, 1.0138308197021484, 0.9930498573303222, 0.9930059043884277, 1.0067947525024414, 1.0091669815063478, 1.0143198318481446, 1.0135026947021484, 1.0093233848571777, 1.0586199104309082, 1.0432737358093263, 1.0391879180908203, 1.0420098754882812, 1.0250870681762696, 1.0508081504821778, 1.0426058029174805, 1.0367518852233886, 1.053374082183838, 1.0537288856506348, 1.065241893005371, 1.0723022621154785, 1.0643438537597656, 1.0652781585693358, 1.0897925849914551, 1.0712810577392577, 1.086387451171875, 1.0742686431884765, 1.0945261978149414], "test_acc": [94.11, 96.99, 97.61, 97.29, 98.11, 98.13, 98.21, 98.42, 98.35, 98.43, 98.59, 98.39, 98.39, 98.4, 98.49, 98.15, 98.14, 98.23, 97.89, 98.09, 97.77, 97.33, 97.01, 96.72, 96.77, 95.25, 94.25, 94.61, 94.49, 92.6, 91.42, 90.17, 86.94, 87.1, 86.58, 85.5, 80.13, 83.77, 82.33, 78.49, 79.28, 74.69, 77.92, 75.1, 75.22, 77.17, 72.32, 73.26, 74.03, 75.56, 75.0, 73.22, 73.21, 71.81, 73.16, 73.61, 71.81, 71.61, 71.33, 71.83, 70.56, 70.21, 70.59, 71.12, 71.68, 70.08, 69.48, 70.82, 69.41, 69.53, 68.82, 68.15, 68.66, 68.03, 68.77, 68.96, 68.62, 67.82, 68.3, 67.97, 68.35, 66.63, 67.26, 67.06, 67.16, 67.66, 66.95, 67.51, 67.68, 67.04, 66.76, 66.44, 66.21, 66.65, 66.39, 65.66, 66.31, 66.0, 66.23, 65.57]}