{"train_loss": [2.2276555630895825, 2.169026444100926, 2.153721926558731, 2.146274055425937, 2.1407443901412506, 2.136492726385084, 2.1322629790530248, 2.128368045020307, 2.1245998192546716, 2.121157544800359, 2.117305740586713, 2.1121975970573916, 2.107581386454085, 2.1025537631959996, 2.0968625886827454, 2.0907112156224046, 2.0835451621275682, 2.075394130924828, 2.067163156138526, 2.057262322586826, 2.045438018619505, 2.033418398637038, 2.0198012027475567, 2.003686885548453, 1.9858623913720124, 1.9654882894112513, 1.942428064906699, 1.9171405350550628, 1.8865048528736472, 1.8539612871459408, 1.8201536238193512, 1.7821114990446303, 1.7379327309437287, 1.688151645100015, 1.6409453492388766, 1.5860765657873235, 1.5325451984874203, 1.4718666097037814, 1.4135841597349217, 1.3493968332425141, 1.288319400487802, 1.223867520562604, 1.1607569189917328, 1.102201238147214, 1.0394062252126188, 0.9820263423980811, 0.9253429445700768, 0.8731797182152414, 0.8212216263398145, 0.7666023230960226, 0.7199309284870441, 0.6671665152932844, 0.6273335084064394, 0.5763113210853349, 0.5371387374834118, 0.4981458512508971, 0.46610899384205157, 0.44051445765882474, 0.42284735979942173, 0.40782729230630094, 0.3955860799576482, 0.3855855682084703, 0.37763720706232595, 0.36995062372113907, 0.3635015461562026, 0.3583656598487471, 0.3520194309262129, 0.3473519516042155, 0.3431718873544636, 0.3380420826948606, 0.33371183639153457, 0.3299124423000548, 0.3260632735541743, 0.3218077435834795, 0.3192134752996966, 0.31583695463899875, 0.31238077657345015, 0.3098772292335828, 0.30625849548313355, 0.3036787257744716, 0.30142392963171005, 0.29819218177571255, 0.2961650900224335, 0.29392069106937474, 0.2913722849299765, 0.2887324110692383, 0.2871914351852531, 0.28522653775846857, 0.2832649134927326, 0.28139092684046835, 0.27960946843919593, 0.277562468416161, 0.27617897602737457, 0.2749115263677051, 0.27345479470797074, 0.2722559091754449, 0.2704367989785651, 0.2694949054947266, 0.2681338283368665, 0.2670543507123605], "test_loss": [1.522470573425293, 1.3362501419067383, 1.3319164611816405, 1.326544856262207, 1.2650280883789062, 1.2383457122802735, 1.2294639373779297, 1.2776017181396484, 1.2582251235961914, 1.2593708343505858, 1.1912638717651367, 1.2272738357543946, 1.2227272415161132, 1.256737142944336, 1.2637501403808593, 1.2191538772583008, 1.2582583480834961, 1.1819086700439454, 1.205906704711914, 1.2246200408935546, 1.3044308944702148, 1.154304507446289, 1.2088215347290039, 1.2909311737060547, 1.2505848434448241, 1.260063571166992, 1.2796205154418945, 1.3440623794555664, 1.3380240631103515, 1.3397307388305664, 1.3309693664550781, 1.399322039794922, 1.3734959777832032, 1.3675268844604491, 1.4390044418334962, 1.5290543029785155, 1.5215585540771484, 1.5570272262573241, 1.5820815795898437, 1.6694002914428712, 1.8861820098876954, 1.9142265945434571, 1.8163126922607422, 1.9103554946899415, 2.0945032409667967, 2.07914716796875, 2.2924227844238283, 2.297868553161621, 2.3381390045166017, 2.614451577758789, 2.345947607421875, 2.6364665573120116, 2.6268040878295897, 2.7590499755859375, 2.748283822631836, 2.7488948028564453, 2.8348901306152343, 2.913624984741211, 2.8416670532226562, 2.8851266693115236, 2.8013520416259765, 2.914314093017578, 2.8592137145996093, 2.9574643676757812, 2.9332560974121096, 2.9229747650146485, 2.9151943603515624, 2.9623605407714844, 2.9484222930908204, 2.9634449188232423, 3.0072708099365233, 3.010146533203125, 3.0075857818603517, 3.0289978118896483, 3.060032321166992, 3.090973580932617, 3.055601290893555, 3.0612143157958984, 3.0743136352539064, 3.119110662841797, 3.1282927947998047, 3.1275296997070314, 3.0891707702636717, 3.171106411743164, 3.1562865325927736, 3.1415284057617185, 3.1842918579101562, 3.161195431518555, 3.1490560150146485, 3.1641699645996093, 3.1856738098144533, 3.1763739532470705, 3.181778884887695, 3.1864851470947264, 3.2068430236816408, 3.191621109008789, 3.185219290161133, 3.1988848205566405, 3.220617709350586, 3.2024125762939453], "test_acc": [88.49, 93.28, 94.81, 95.75, 96.17, 96.59, 97.15, 97.01, 96.87, 97.13, 96.98, 96.62, 97.4, 96.66, 95.89, 96.33, 95.04, 94.17, 94.09, 94.0, 89.63, 92.0, 89.23, 85.31, 84.86, 83.73, 80.29, 72.48, 70.38, 66.96, 68.58, 62.96, 62.5, 61.89, 57.0, 52.51, 52.69, 50.58, 50.19, 48.18, 42.11, 43.38, 44.95, 42.87, 40.33, 41.17, 36.77, 39.28, 38.92, 35.07, 40.53, 35.93, 37.15, 35.63, 36.02, 36.18, 35.22, 33.36, 34.24, 33.88, 35.62, 33.67, 34.6, 32.05, 32.62, 33.22, 33.92, 32.31, 32.88, 33.14, 32.5, 32.57, 32.58, 32.15, 32.03, 31.19, 32.03, 31.72, 32.38, 30.36, 30.45, 30.55, 31.46, 30.0, 30.33, 30.93, 30.02, 30.38, 30.87, 30.63, 30.37, 30.17, 30.22, 30.39, 29.83, 30.05, 30.26, 29.56, 29.55, 29.51]}