{"train_loss": [1.9335286410955281, 1.8014707002374861, 1.7836132630323753, 1.7746928782544584, 1.7685865230030484, 1.7644830720546918, 1.7612107385936966, 1.758433735014027, 1.7561536472067873, 1.7538582909310985, 1.7517519470972893, 1.750589462172272, 1.7490952307851906, 1.7474300092102115, 1.7465599841541715, 1.7448954796179748, 1.7436990939144394, 1.7426649879696023, 1.7415407361128392, 1.740492454960815, 1.7393914168207054, 1.7383523993512504, 1.7372561150636427, 1.736116702740009, 1.7354079082480862, 1.7341636842132633, 1.733258390528524, 1.732403952596534, 1.731655917615972, 1.7305599593708658, 1.7296478738132706, 1.7287164605580843, 1.7278652547771096, 1.7266844192631223, 1.7256676386564205, 1.7250312729778452, 1.7239567550838504, 1.7230341742690811, 1.7223805943105974, 1.7209906837879083, 1.7199040623302133, 1.7190158604047237, 1.718201432727341, 1.7169863630054343, 1.7157404728424854, 1.7149385748765407, 1.7138528301675096, 1.7130767929757762, 1.712181032468111, 1.7106721515838916, 1.7096469651939523, 1.708793886196919, 1.7074313629896214, 1.7063516966807537, 1.7052814417924635, 1.7041580977602901, 1.7030702760586371, 1.7021216582029293, 1.7009891610369723, 1.6996076244574327, 1.6990000824642997, 1.6975138717227511, 1.6964988588777363, 1.6953169357063425, 1.6941447915175023, 1.6932092907591763, 1.6919804205242386, 1.6908808279241252, 1.689502547439347, 1.688676044726983, 1.687541875574324, 1.6861568401511917, 1.6850569556411514, 1.6844272684847188, 1.6824183930189183, 1.6816564097873166, 1.6801251027828608, 1.6791570107651572, 1.6784295108583238, 1.6767152970672672, 1.6762368411589892, 1.6749305126504002, 1.6737792644745264, 1.6725221620156214, 1.6716975671613319, 1.67035183769006, 1.6689655075215886, 1.6680391940296206, 1.6671209302213457, 1.6658965596276472, 1.6646281462958736, 1.6641201562861092, 1.662598204663676, 1.6618199980157053, 1.66086209533561, 1.659806247195627, 1.6587053641804264, 1.6577119422264588, 1.6564147910501203, 1.65566861960623], "test_loss": [0.8572360595703125, 0.7586632804870606, 0.7526727378845215, 0.7328796928405762, 0.7372276023864746, 0.7430977066040039, 0.7198313850402832, 0.7232462631225586, 0.7124265762329102, 0.719011360168457, 0.7189556114196778, 0.6733017517089843, 0.6727873664855957, 0.6787183898925782, 0.6962808204650879, 0.6991527084350586, 0.6661820861816407, 0.7077785789489746, 0.6697105590820313, 0.6928807868957519, 0.6540029891967774, 0.7260916450500489, 0.6728217315673828, 0.6993468696594238, 0.6678857788085938, 0.7285210136413575, 0.6314783401489258, 0.6528637641906738, 0.6850624183654785, 0.6811971961975097, 0.6780591896057129, 0.6815286956787109, 0.6861870460510254, 0.6744914978027344, 0.7018568977355957, 0.6930941696166992, 0.6966505912780762, 0.6618378578186035, 0.708916813659668, 0.7431292488098145, 0.6596783470153809, 0.6709731468200684, 0.6348308265686036, 0.6775272064208985, 0.7112273460388183, 0.6346272354125977, 0.6824430847167968, 0.683535831451416, 0.6830100440979003, 0.6836639533996582, 0.6514246955871582, 0.6387446807861328, 0.6837765884399414, 0.6777923568725586, 0.6649493919372559, 0.6965238182067871, 0.686785708618164, 0.6659700469970703, 0.6657291023254395, 0.7002677856445313, 0.6871837097167969, 0.6848378402709961, 0.6720690544128418, 0.7326808296203613, 0.6416308555603027, 0.6968748146057129, 0.6781391578674316, 0.6823334342956543, 0.7083336540222168, 0.6538473533630371, 0.6806526084899902, 0.6509456436157226, 0.7100258056640625, 0.6916250587463378, 0.7357438819885254, 0.7321243316650391, 0.7033794075012207, 0.7166540794372559, 0.6868640663146973, 0.7086569686889649, 0.7000500038146973, 0.7104455215454102, 0.6857766082763672, 0.6250220802307129, 0.6714112976074219, 0.6315009864807128, 0.6748101989746094, 0.6908461608886719, 0.6782956954956054, 0.6651681968688965, 0.6681664596557617, 0.6852534439086914, 0.6771797622680664, 0.7188010688781739, 0.6629308921813964, 0.7396509826660156, 0.7083627914428711, 0.6796532264709473, 0.6813067375183105, 0.6954903038024902], "test_acc": [95.07, 97.15, 97.81, 97.95, 98.32, 98.24, 98.42, 98.74, 98.68, 98.69, 98.68, 98.77, 98.81, 98.75, 98.8, 98.83, 98.88, 98.81, 98.83, 98.88, 98.94, 98.97, 98.83, 98.91, 98.87, 98.91, 98.95, 98.89, 98.87, 98.78, 98.97, 99.06, 98.85, 98.88, 98.93, 98.88, 98.94, 98.89, 98.96, 99.01, 99.04, 98.99, 98.94, 98.98, 98.92, 98.97, 98.96, 98.98, 98.9, 98.9, 98.85, 98.85, 98.85, 98.88, 98.94, 98.88, 98.87, 98.93, 98.77, 98.86, 98.93, 98.87, 98.87, 98.73, 98.79, 98.76, 98.85, 98.79, 98.86, 98.81, 98.77, 98.65, 98.8, 98.38, 98.58, 98.55, 98.6, 98.51, 98.47, 98.57, 98.49, 98.73, 98.43, 98.65, 98.66, 98.69, 98.64, 98.36, 98.36, 98.44, 98.32, 98.38, 98.2, 98.42, 98.42, 98.36, 98.35, 98.36, 98.37, 98.12]}