{"train_loss": [2.285912796472892, 2.267323376276554, 2.260543570559249, 2.2564409252924795, 2.2540454390721445, 2.25237159545605, 2.2508051930329738, 2.249622901280721, 2.2485690341036544, 2.2474642966547584, 2.2467050516707268, 2.2455280341653743, 2.244523099854461, 2.243598501396994, 2.2426034614571138, 2.2417845894128847, 2.240587658352322, 2.239356953364152, 2.2385435629094768, 2.237170910733378, 2.236194907090603, 2.234650669953762, 2.233293102847205, 2.2315006964227075, 2.229968642577147, 2.2286302788644776, 2.22667565355953, 2.224597088801555, 2.222357968489329, 2.220365543650766, 2.2183608336326404, 2.21548298587147, 2.2127743444891057, 2.209696546069577, 2.206795994542603, 2.203975258729397, 2.2003390763559914, 2.196757188719562, 2.1925080622363295, 2.18900221433395, 2.1836959113422623, 2.179387853695796, 2.1743996352212043, 2.168795751200782, 2.1637573496908202, 2.157983990306528, 2.151883714219444, 2.1443365934567575, 2.1366787140186014, 2.130304963670225, 2.122983086822379, 2.115042268211006, 2.105800182900877, 2.0977618312224364, 2.0886573990186057, 2.0805610097371616, 2.0703537945563975, 2.061292956272761, 2.0516667424613595, 2.040994088619183, 2.0318374305199356, 2.0197338031397924, 2.0107866102813654, 2.000881704000326, 1.9890527967204394, 1.9797714327135656, 1.96875769765968, 1.9576993008964083, 1.9471118870453956, 1.937618323880383, 1.9266829977178166, 1.916263214033893, 1.906662481972295, 1.897083079203581, 1.8896456472894065, 1.877580863288325, 1.8703650312545972, 1.8627170607065544, 1.8523720785593376, 1.8449873379153063, 1.8369477681624584, 1.8282866455041444, 1.8215050949500158, 1.814068605757167, 1.8063357278832004, 1.8005463817180731, 1.7936223781006968, 1.7884272359884703, 1.7825541702600627, 1.7780549324985244, 1.7714357218171797, 1.765747445006656, 1.7608215594903016, 1.7542251488591871, 1.7521364762742295, 1.7458848983813555, 1.7421248353954055, 1.738041340540617, 1.7345059386685364, 1.729165405035019], "test_loss": [1.8845798309326172, 1.7551155990600587, 1.7250173538208007, 1.6507407348632812, 1.654993309020996, 1.6623304290771483, 1.6302355072021484, 1.6334574920654297, 1.6466844680786132, 1.639026400756836, 1.6214878555297851, 1.609174835205078, 1.6106016891479493, 1.581552491760254, 1.5908603820800782, 1.5892561920166015, 1.5855551834106445, 1.5792930297851562, 1.5972675659179687, 1.6151481399536132, 1.6545893356323242, 1.6255686721801759, 1.5616022308349609, 1.5477494552612305, 1.5591374221801757, 1.5969218215942382, 1.610454800415039, 1.5818437362670899, 1.610582957458496, 1.5750167282104492, 1.6188836181640625, 1.538775132751465, 1.6147107025146485, 1.5688358215332032, 1.5871905136108397, 1.5621779739379882, 1.5466363082885741, 1.6030397079467773, 1.5831406936645507, 1.5787295120239258, 1.55765682220459, 1.680452438354492, 1.524639646911621, 1.642565687561035, 1.6360175033569335, 1.6224060256958008, 1.6046346710205077, 1.6358259170532226, 1.7355345397949218, 1.6409974182128906, 1.6292983139038086, 1.7097592834472657, 1.7219178451538086, 1.7364088165283202, 1.6581776748657227, 1.7001558349609376, 1.641054847717285, 1.7008875, 1.6923952774047852, 1.6198245849609374, 1.7075940383911132, 1.6781634979248048, 1.7555615173339845, 1.7780041793823242, 1.7260448654174805, 1.754680078125, 1.746924919128418, 1.75619308013916, 1.8226506607055664, 1.7446073944091798, 1.8584651168823243, 1.8344117095947265, 1.7915544982910157, 1.8312558151245117, 1.8060260467529297, 1.7777791564941405, 1.7901302230834961, 1.823235823059082, 1.9228837768554687, 1.8930562438964844, 1.888928564453125, 1.9464216567993164, 1.9188550949096679, 1.8898227432250976, 1.9030366119384765, 1.932391812133789, 1.9113812866210937, 1.8629207641601562, 1.9912202514648438, 1.8690358093261719, 2.0056503982543945, 1.9895870880126953, 1.946451495361328, 1.9301888748168945, 2.0033365768432616, 2.004962016296387, 1.9716217803955078, 1.9562058731079102, 2.014568699645996, 1.9559279830932617], "test_acc": [83.81, 89.34, 92.89, 92.56, 94.56, 95.46, 95.51, 96.25, 96.43, 96.67, 96.45, 97.0, 96.65, 96.14, 96.49, 96.57, 97.1, 96.86, 96.76, 96.57, 96.8, 96.81, 96.66, 96.58, 95.73, 95.25, 95.64, 95.5, 94.54, 94.53, 91.62, 93.81, 92.53, 91.91, 86.99, 89.46, 87.7, 86.81, 86.55, 86.27, 83.32, 71.5, 82.34, 75.73, 74.38, 72.13, 72.98, 69.67, 59.27, 64.97, 66.87, 57.1, 57.07, 53.28, 59.48, 54.72, 59.04, 53.37, 54.45, 58.05, 53.67, 52.82, 48.21, 47.33, 49.07, 46.38, 47.21, 47.52, 41.33, 45.78, 41.39, 42.17, 44.07, 41.0, 40.5, 44.14, 43.62, 40.89, 37.83, 37.1, 37.55, 36.59, 36.64, 38.08, 35.78, 36.28, 37.52, 39.41, 33.63, 38.79, 33.15, 33.95, 36.59, 36.8, 33.13, 33.61, 35.04, 36.41, 32.95, 35.53]}