{"train_loss": [2.259817681251428, 2.2246045994962382, 2.2149357087591772, 2.2105494172145157, 2.207907210048447, 2.2060378091967006, 2.2042497411752358, 2.2030532828763, 2.201995847062168, 2.2009236955235147, 2.200157318869208, 2.1991620405107484, 2.198411085157313, 2.197626401216556, 2.1968133627858935, 2.1962637880928497, 2.195540691542829, 2.1948469556294956, 2.194102180309785, 2.1932728555467396, 2.1925326387087503, 2.1919925131349483, 2.1913397760472746, 2.190700433193109, 2.1899965894527926, 2.189194972698505, 2.188469385998881, 2.187567287021213, 2.186943107181125, 2.186101919056004, 2.1854161829011054, 2.1845141603396487, 2.1835635248412433, 2.1825378083775187, 2.1817107893462873, 2.1806564488981524, 2.1798005486145997, 2.178634731688051, 2.177654261772449, 2.1763993781855984, 2.1756469923206883, 2.174470536219768, 2.1731151265975757, 2.1718130661891055, 2.1706141085706205, 2.1691678303938646, 2.167761273873158, 2.1666424106328916, 2.165021166842208, 2.163587600756914, 2.161924882322295, 2.1605604372472844, 2.1587521250431356, 2.157253122737265, 2.1553660503819456, 2.1539077656900782, 2.1520965649531436, 2.150184419929472, 2.148104868383489, 2.1462652214571962, 2.1446879353278723, 2.1426537673697514, 2.1405335002475314, 2.137993449329311, 2.1358361962514048, 2.1332619954378176, 2.132281344670516, 2.1294548659243135, 2.1271960195313153, 2.1246034778081455, 2.1219750347300472, 2.119969297678043, 2.117160119052626, 2.114860909616845, 2.112016772103106, 2.109621788191999, 2.1076624867243643, 2.104627955673087, 2.102639467288286, 2.0992871629886136, 2.0970908240375357, 2.0942972786406164, 2.0912874014968548, 2.0888321975357513, 2.086049881246355, 2.083535013545273, 2.0805595461119952, 2.0775821682734366, 2.075085602254949, 2.0724666775801244, 2.069919857713911, 2.067008997640039, 2.0652152080821176, 2.0615118094998546, 2.0594455716956377, 2.0568650094871845, 2.0545606271833434, 2.05172544463068, 2.0489689096426353, 2.045643568548382], "test_loss": [1.6578747634887696, 1.5135109176635742, 1.4914013778686523, 1.4810160888671875, 1.432195181274414, 1.4494619430541993, 1.419412191772461, 1.4620650146484375, 1.42054892578125, 1.4178213623046876, 1.4132434661865234, 1.4447843017578126, 1.3966281524658204, 1.390594822692871, 1.378145361328125, 1.3829029342651367, 1.3977376922607423, 1.4028249526977539, 1.3941954132080079, 1.3857946090698243, 1.393283743286133, 1.4034941268920897, 1.3820034057617188, 1.3655183135986328, 1.4050761123657227, 1.3700307662963866, 1.3634364776611327, 1.3637817306518554, 1.374168586730957, 1.4027293548583983, 1.3649314468383789, 1.3489123565673828, 1.392191064453125, 1.3574317260742188, 1.3742456970214845, 1.351489909362793, 1.385110284423828, 1.3490923263549806, 1.390990625, 1.3926687393188477, 1.3979069381713867, 1.375610595703125, 1.4354905807495117, 1.3773220352172852, 1.4495277938842774, 1.39245810546875, 1.3539872604370118, 1.3938234283447266, 1.3798631210327148, 1.3683296096801758, 1.3573194778442383, 1.4270116424560546, 1.3589042938232423, 1.3971036956787108, 1.3844517684936524, 1.371667025756836, 1.3456213302612305, 1.4101152893066407, 1.3815450973510741, 1.3777500534057616, 1.3832698440551758, 1.3999578735351563, 1.4102702102661133, 1.3829454513549804, 1.3852838577270508, 1.411292254638672, 1.4009677673339844, 1.3658265289306641, 1.413433297729492, 1.4226545227050782, 1.4223878402709962, 1.3796793838500976, 1.4557534729003907, 1.402099870300293, 1.4232321838378905, 1.3938213134765625, 1.4426896347045899, 1.4925486618041992, 1.4011667617797852, 1.4496114532470703, 1.4224164138793944, 1.5013288986206055, 1.4429173950195313, 1.4682226593017578, 1.5050197631835938, 1.406875065612793, 1.4774188323974609, 1.4345718688964844, 1.4461443313598632, 1.4282068099975587, 1.4709717590332032, 1.4754298721313477, 1.4360965957641603, 1.469504916381836, 1.4536917984008788, 1.4347733932495117, 1.4557866821289063, 1.4980472396850586, 1.4671158950805665, 1.4598266876220702], "test_acc": [82.84, 92.58, 95.13, 95.82, 96.13, 96.98, 96.93, 97.19, 97.41, 97.37, 97.83, 97.54, 97.84, 97.88, 97.84, 97.92, 98.15, 98.15, 97.96, 97.93, 98.2, 98.1, 98.06, 98.17, 98.25, 98.11, 98.13, 98.28, 97.92, 98.18, 98.23, 98.16, 98.09, 97.45, 98.1, 98.07, 97.95, 97.95, 97.79, 97.84, 97.11, 97.1, 96.49, 97.54, 96.55, 97.04, 97.25, 96.58, 96.66, 96.07, 96.49, 94.87, 95.47, 93.78, 94.42, 95.52, 95.09, 94.08, 93.83, 93.28, 92.01, 92.4, 90.59, 91.54, 91.39, 90.06, 88.48, 90.42, 89.19, 86.78, 86.29, 87.08, 84.11, 85.78, 83.59, 86.84, 82.09, 80.18, 84.55, 78.77, 83.12, 78.48, 81.52, 78.48, 78.35, 81.08, 72.65, 77.8, 75.15, 78.92, 74.37, 74.37, 76.2, 72.01, 75.58, 77.02, 73.3, 70.98, 73.11, 73.23]}