{"train_loss": [2.300663507392264, 2.297271890517993, 2.2959492267706456, 2.2952014207839966, 2.294635323377756, 2.2941805241454363, 2.293755155343276, 2.2934673403063393, 2.293219357983679, 2.2930266205062213, 2.292843116144849, 2.2926768105254216, 2.2925406801394925, 2.292412135845576, 2.2923134167989097, 2.292219113590371, 2.292138054330125, 2.2920238233020163, 2.2919495686506615, 2.2918724733540135, 2.2917828641386113, 2.2917195385337896, 2.291649361451467, 2.291589665107238, 2.2915062099440484, 2.2914372601060786, 2.2913946728421073, 2.2913130399508352, 2.2912484631579146, 2.291198917943188, 2.2911332050959268, 2.2911010318332248, 2.2910124251985144, 2.2909821149630423, 2.290893390137925, 2.2908579299592566, 2.2908025001868224, 2.2907773291962776, 2.2906814905313344, 2.290643589109437, 2.2905950408715468, 2.290509133766859, 2.290490674666869, 2.2904094936501265, 2.2903765964711833, 2.2903197922258296, 2.2902353706522884, 2.290217831094041, 2.2901625271536346, 2.290087388621436, 2.290026275520651, 2.289980925555922, 2.28991774463246, 2.2898793592412248, 2.289800361690358, 2.2897795474427376, 2.289706812455104, 2.2896343276032014, 2.2895824623923016, 2.2895089846390944, 2.2894815338982477, 2.2894340794310613, 2.289345785593375, 2.289310211299831, 2.2892460150596423, 2.289205603619926, 2.2891268536575837, 2.2890694548941064, 2.288975366160401, 2.2889198197258844, 2.288837606071407, 2.2887888678118715, 2.288725818833734, 2.288668440447913, 2.2886146953982167, 2.288542262509338, 2.288488729387267, 2.2883975429412646, 2.288324112056667, 2.288240696629907, 2.2881814496130004, 2.2880846980290537, 2.2880237015903506, 2.287948880949591, 2.287877280997415, 2.2877768089628625, 2.2877301634886327, 2.2876457016692204, 2.287579753460028, 2.287493599785699, 2.2874408252218847, 2.287339196755336, 2.287229558850965, 2.2871704060807185, 2.287083978836353, 2.28702841202418, 2.286909168602055, 2.286823953828241, 2.2867781423095965, 2.2866711881425648], "test_loss": [2.1925636657714844, 2.101841439819336, 2.063314433288574, 2.0450101470947266, 2.033007627868652, 2.0142638107299806, 2.004330793762207, 1.9963751907348632, 1.983274446105957, 1.9828166793823243, 1.9700574737548828, 1.973858674621582, 1.9728831192016603, 1.9682347198486327, 1.9679838790893556, 1.954014535522461, 1.9585448608398437, 1.9503512557983398, 1.9584240188598634, 1.9493156372070313, 1.9464623596191406, 1.9368030166625976, 1.949839485168457, 1.9485004653930664, 1.948966700744629, 1.9389529541015624, 1.9403463317871095, 1.9434388458251952, 1.9446183853149415, 1.9389745666503906, 1.9434357986450195, 1.9339478500366212, 1.9398097640991212, 1.9440593307495118, 1.9418081268310547, 1.9286619705200196, 1.9347820877075195, 1.9376640670776366, 1.9377416427612304, 1.927352926635742, 1.941518148803711, 1.9308965103149414, 1.9240107666015624, 1.9308882720947265, 1.9244678161621094, 1.9243442642211914, 1.9410156478881837, 1.928087191772461, 1.9232099609375, 1.938292658996582, 1.9371718597412109, 1.9277572540283203, 1.9358073547363281, 1.9337695587158203, 1.9269582321166991, 1.9262551391601563, 1.907063023376465, 1.9318855682373046, 1.9273018829345703, 1.9260555068969727, 1.9225097122192383, 1.9354208557128907, 1.9252084625244141, 1.9315202362060546, 1.9334950546264649, 1.9244608840942383, 1.9318414352416993, 1.928328759765625, 1.9162414916992188, 1.9193767349243165, 1.9359497817993163, 1.9240405838012695, 1.9282436813354493, 1.926408154296875, 1.9198712478637696, 1.9244476104736328, 1.9162876708984375, 1.920146858215332, 1.9283644393920898, 1.9318260162353516, 1.9265155548095703, 1.917499331665039, 1.916057864379883, 1.9083711044311524, 1.9133386978149414, 1.9293629684448241, 1.9247541397094727, 1.9302620544433593, 1.9510488525390626, 1.9347590301513673, 1.9237031051635742, 1.9134655868530273, 1.9161364868164064, 1.9144006103515625, 1.9349825775146485, 1.9153219604492187, 1.9194820846557616, 1.9101006378173828, 1.9276593399047852, 1.9250216125488282], "test_acc": [72.81, 84.5, 86.58, 89.43, 91.17, 91.8, 92.84, 93.65, 94.29, 94.01, 94.89, 95.05, 95.62, 95.93, 95.8, 95.72, 96.18, 96.07, 96.28, 96.54, 96.69, 96.22, 96.65, 96.68, 96.81, 96.91, 96.97, 97.11, 97.04, 97.15, 97.22, 97.32, 96.99, 97.1, 97.36, 97.2, 97.27, 97.45, 97.59, 97.46, 97.46, 97.29, 97.53, 97.27, 97.65, 97.42, 97.64, 97.34, 97.49, 97.68, 97.58, 97.68, 97.57, 97.16, 97.77, 97.59, 97.59, 97.58, 97.47, 97.76, 97.48, 97.86, 97.41, 97.53, 97.64, 97.63, 97.6, 97.34, 97.28, 97.66, 97.49, 97.42, 97.46, 97.75, 97.39, 97.52, 97.23, 97.43, 97.5, 97.41, 97.3, 97.58, 97.13, 97.12, 96.94, 97.09, 97.17, 96.64, 96.97, 96.75, 96.94, 97.09, 97.17, 96.39, 95.94, 96.65, 96.1, 96.41, 96.12, 96.33]}