{"train_loss": [2.2796542501857138, 2.257434881141043, 2.250144655887897, 2.2465547185677748, 2.2445262818254976, 2.2429776487187443, 2.24187048836651, 2.2409559106215453, 2.2401265308388276, 2.2393859629957085, 2.238749665582282, 2.2382489402070003, 2.237568551658565, 2.2370360692342124, 2.2364614993079095, 2.236091871546884, 2.2355650153934445, 2.23511511953468, 2.2346308078521337, 2.2342692389447465, 2.233794448722122, 2.233261987184867, 2.232929635251689, 2.232406437397003, 2.2319479233179336, 2.2316285820088835, 2.2310227491916756, 2.2305482564828334, 2.2301714980704155, 2.2297532711273584, 2.2291780323044867, 2.2287622883788543, 2.2282109785283732, 2.2275749939119716, 2.2272392755899673, 2.22664701887685, 2.2259603672557406, 2.225373112747812, 2.224834457421914, 2.2242174408374686, 2.2236569513622513, 2.2228929731580944, 2.222235128410861, 2.221371471372425, 2.220994709393917, 2.2200903408547754, 2.2194876512910566, 2.2186361734683695, 2.21776055627399, 2.2170816043503265, 2.21610466333536, 2.2153511663787384, 2.2144070104656057, 2.213543864396902, 2.2127312167078004, 2.2116121323699627, 2.210840839606065, 2.209723556653047, 2.2087101793696737, 2.2077383276743765, 2.2064549245386043, 2.2058116803821335, 2.2043363232897897, 2.2031120245273295, 2.202201154496935, 2.2009303152051745, 2.1998991935681076, 2.1986559099621243, 2.1971896677954583, 2.1960028308069606, 2.194977662502191, 2.193207287380838, 2.1920293477865367, 2.1906702671295557, 2.189357905306368, 2.187783678372701, 2.186322978928558, 2.18493993109108, 2.1833262739018497, 2.1818445070177064, 2.180154128971263, 2.1789437568085823, 2.177623494568034, 2.175509783447298, 2.1743445360762443, 2.172513484954834, 2.1707583304144378, 2.169443152908586, 2.1676210857864118, 2.1657790944107576, 2.16379515431885, 2.162823909877712, 2.1609910466732125, 2.1591363625648694, 2.157187519929348, 2.155354309795249, 2.1540185131578364, 2.1518597475483885, 2.1500786216849956, 2.1486580264873996], "test_loss": [1.8317599716186523, 1.6941140548706055, 1.616257046508789, 1.5886066543579103, 1.5916069122314453, 1.5882033660888673, 1.5581003692626954, 1.5825139358520508, 1.5691092407226563, 1.5686898345947267, 1.5710503219604492, 1.558424462890625, 1.5721307922363281, 1.5574838256835937, 1.5518460235595704, 1.533991307067871, 1.5498264862060547, 1.5460416458129882, 1.5381251083374023, 1.5372589294433594, 1.5257135223388671, 1.5161603881835937, 1.5054537292480468, 1.4999130004882812, 1.5417982147216798, 1.54069765625, 1.507737274169922, 1.5089549560546875, 1.5381450881958008, 1.5432813354492187, 1.5507376266479491, 1.5497076858520509, 1.5431796569824219, 1.5014498245239258, 1.5162858215332031, 1.5411283645629883, 1.5059018341064454, 1.5553809188842773, 1.5456375900268555, 1.5838837997436523, 1.543782553100586, 1.4905012954711914, 1.580468782043457, 1.4878520263671875, 1.5404421493530274, 1.5566498229980468, 1.548729180908203, 1.5014816497802734, 1.521757847595215, 1.5089012298583984, 1.5714357543945312, 1.5227152114868163, 1.5073856384277344, 1.5011716156005859, 1.5292284133911134, 1.5352893524169922, 1.5193248931884766, 1.519585726928711, 1.536072216796875, 1.5525842864990234, 1.56665096282959, 1.5031894546508788, 1.4969486923217774, 1.5512771774291991, 1.5081110717773438, 1.5440501495361327, 1.495267007446289, 1.5708220870971679, 1.512134002685547, 1.528277864074707, 1.5393584381103516, 1.515104750061035, 1.5625061157226563, 1.5392455230712891, 1.5292292388916016, 1.5574072067260742, 1.5350860565185547, 1.5716448455810548, 1.4899521362304688, 1.5480239410400392, 1.5072810653686524, 1.4886340438842773, 1.5016563430786132, 1.6305966567993164, 1.5374138076782227, 1.5589414642333985, 1.5380072006225587, 1.544926170349121, 1.5868029373168946, 1.5521946640014648, 1.5407427658081054, 1.5630132995605468, 1.5922420349121094, 1.5947549514770507, 1.5204829711914063, 1.54091337890625, 1.5464176879882812, 1.551785011291504, 1.5857291412353516, 1.6491693222045898], "test_acc": [83.42, 89.7, 93.31, 94.49, 95.7, 96.27, 96.7, 97.08, 97.09, 97.22, 97.58, 97.57, 97.7, 97.56, 97.77, 97.86, 97.6, 97.83, 97.9, 97.93, 97.94, 97.89, 98.0, 97.91, 97.98, 98.06, 98.1, 98.08, 98.0, 97.73, 98.06, 97.93, 97.64, 98.07, 97.92, 98.14, 97.85, 97.9, 97.76, 97.77, 97.71, 98.01, 97.46, 97.63, 97.28, 97.46, 96.95, 97.46, 96.97, 96.83, 96.4, 96.98, 96.77, 95.47, 96.24, 94.89, 94.07, 95.78, 94.67, 93.55, 93.49, 93.89, 94.94, 93.2, 94.78, 92.38, 92.32, 92.3, 92.28, 92.66, 91.71, 90.81, 91.04, 89.77, 89.0, 86.69, 89.65, 85.58, 89.15, 87.71, 87.54, 88.65, 87.94, 80.47, 85.18, 82.79, 82.29, 83.7, 79.23, 80.22, 83.71, 80.87, 76.22, 76.4, 81.81, 79.17, 79.69, 78.62, 77.22, 67.53]}