{"train_loss": [1.7317117032332299, 1.563959798242292, 1.5421911941634283, 1.5303726524878771, 1.5224270430895, 1.51562478654405, 1.511128909058041, 1.5064532091984382, 1.5025288549243894, 1.4991500176425674, 1.4960047788599617, 1.492921768854826, 1.490191427560953, 1.4873808365092318, 1.4843275259193192, 1.481382980560645, 1.478758010089907, 1.4764760495760503, 1.473405641113591, 1.4708132575719783, 1.4676767867854519, 1.4653498864072, 1.4619253099474132, 1.4584440889521542, 1.4552635275400603, 1.4523733551176186, 1.4482737514707777, 1.444554276445992, 1.4412804406422834, 1.4370976869876568, 1.4334372136837397, 1.429492607075944, 1.425389169373064, 1.4207940990598793, 1.4158670708664463, 1.4122393452204192, 1.4067640572022169, 1.402135897650678, 1.3967220683892567, 1.391554155665585, 1.3858440681400461, 1.3804689256044536, 1.3748982958814018, 1.3683829676901174, 1.3633989245973082, 1.3574985451677926, 1.351487027019517, 1.345474690453619, 1.3395713343579545, 1.3331724527554634, 1.3270295965365875, 1.3202753038997324, 1.3150790229312375, 1.3079530930417216, 1.302567233896663, 1.296679016107168, 1.2903352410365374, 1.2838691075642903, 1.2784856934832711, 1.2727287865092611, 1.2681854392728236, 1.2616361680193844, 1.256681034452895, 1.2521871282504156, 1.2463768853081598, 1.241754435066484, 1.236707905928294, 1.2324429989879966, 1.2277307433959765, 1.2226033687082112, 1.21951135687339, 1.2146590940463238, 1.211141615596592, 1.2072961429754894, 1.2048215603726542, 1.2007284235750508, 1.1973943139752772, 1.1941067222346606, 1.1914307551506238, 1.1880333479653058, 1.1848204380426652, 1.1831496959058647, 1.1801641033245966, 1.1780645332784734, 1.1747230966376443, 1.1726434875247824, 1.1700155223027253, 1.1679790970097241, 1.1658804870059347, 1.1637249764723656, 1.161631207435559, 1.160360308793875, 1.158416994361796, 1.1566253587221489, 1.154598645420156, 1.1530441537372067, 1.1519363155731788, 1.149862458053817, 1.148681223901928, 1.1473357677459717], "test_loss": [0.6555914012908935, 0.6090746505737304, 0.5688600704193115, 0.6585391502380371, 0.6034447742462158, 0.5711995044708252, 0.5654471748352051, 0.5765315418243409, 0.49460933380126954, 0.556214635848999, 0.5057538238525391, 0.5443174167633057, 0.4930208969116211, 0.5032411266326904, 0.5299161327362061, 0.5212828414916992, 0.4867002490997314, 0.5774078086853027, 0.523151653289795, 0.5366281902313232, 0.48571589012145994, 0.44988573875427246, 0.5044777984619141, 0.5578567916870117, 0.5550868198394775, 0.5204653709411621, 0.5480554420471191, 0.5855072578430176, 0.4688027591705322, 0.49266781158447265, 0.4503293811798096, 0.5045707874298095, 0.5141987159729003, 0.5000519645690918, 0.4947559623718262, 0.5018187633514404, 0.5467555686950684, 0.5106671142578125, 0.4798571239471436, 0.4826170482635498, 0.543613243484497, 0.5549821891784668, 0.5344044124603271, 0.5205822338104248, 0.5460685749053955, 0.5360594436645508, 0.49629957733154295, 0.5494185394287109, 0.5892906524658204, 0.5892618965148926, 0.6044034183502197, 0.5553464855194091, 0.5191073551177978, 0.5828521251678467, 0.5288806140899658, 0.5499780563354493, 0.6056042671203613, 0.5806201313018798, 0.559055065536499, 0.5339469753265381, 0.5811770801544189, 0.5317384216308594, 0.5334391048431396, 0.5460321029663086, 0.5789616058349609, 0.592408071899414, 0.6057598056793213, 0.5420893878936768, 0.5865210227966309, 0.5570191585540771, 0.5966546817779541, 0.5852401374816895, 0.5793806743621827, 0.5755158584594726, 0.6141148483276367, 0.5658570583343506, 0.5968409675598144, 0.547907939529419, 0.6090912239074707, 0.5683346611022949, 0.5845603340148926, 0.6103203750610352, 0.6120754989624023, 0.6011550064086915, 0.6160223899841308, 0.5759935451507568, 0.5994910736083985, 0.5790911094665527, 0.5960527122497559, 0.5945270603179932, 0.6160702129364014, 0.5921247875213623, 0.5856914974212647, 0.6377687484741211, 0.6001721832275391, 0.6140628112792968, 0.595038313293457, 0.6326818408966064, 0.607494743347168, 0.6558783424377441], "test_acc": [95.91, 97.5, 98.03, 98.15, 98.31, 98.5, 98.48, 98.6, 98.68, 98.78, 98.82, 98.76, 98.67, 98.84, 98.85, 98.89, 98.83, 98.88, 98.93, 98.9, 98.94, 98.86, 98.89, 98.9, 98.85, 98.98, 98.86, 98.92, 98.82, 98.81, 98.85, 98.72, 98.71, 98.64, 98.66, 98.64, 98.55, 98.2, 98.24, 98.36, 98.26, 97.98, 97.58, 97.92, 97.76, 97.47, 97.65, 97.36, 96.52, 96.83, 95.65, 96.77, 96.61, 95.4, 96.38, 96.39, 95.61, 95.21, 95.47, 95.7, 95.08, 95.49, 95.54, 95.3, 94.12, 93.83, 93.66, 94.61, 93.64, 94.3, 93.61, 93.95, 93.75, 93.84, 92.83, 93.62, 93.29, 93.65, 92.96, 93.59, 93.51, 92.51, 92.69, 92.66, 92.02, 93.39, 93.03, 92.63, 92.7, 92.42, 92.06, 92.57, 92.88, 91.6, 92.49, 91.77, 92.62, 91.97, 91.85, 90.76]}