{"train_loss": [2.301075894608457, 2.2984320307389283, 2.2973146438598633, 2.29673645639012, 2.296296370844556, 2.2959143402230024, 2.2956145971249313, 2.2953361456210795, 2.295093876683814, 2.2948955226148295, 2.2947280111475887, 2.294592983702309, 2.294451236215412, 2.2943735886842775, 2.2942513044063864, 2.2941535003164892, 2.2940824357872334, 2.293994667693081, 2.2939195999732385, 2.293846439092587, 2.2937786421205244, 2.293721011051765, 2.293658811821897, 2.293580964080289, 2.2935210374685435, 2.293467550705641, 2.2934150278058825, 2.293351118381207, 2.293310823603573, 2.2932456028767123, 2.2931988004945283, 2.2931448251773148, 2.2930881564433756, 2.293054868013431, 2.293008543487288, 2.2929432667218723, 2.292882583080194, 2.2928387904778504, 2.292795569468767, 2.2927428142637267, 2.292697445449666, 2.292620830046825, 2.2925933375317826, 2.292553945993766, 2.292511358220353, 2.292449989889422, 2.2923798673173303, 2.2923555771509805, 2.292293833871173, 2.29224435131774, 2.292178097953144, 2.292133468338567, 2.292100567593534, 2.2920396735525537, 2.2919834113528585, 2.291935813223195, 2.291890635449662, 2.2918326936216435, 2.291807979090601, 2.2917312358179664, 2.2916705481007567, 2.291625428912986, 2.291550774859567, 2.291493528928512, 2.291461269570212, 2.291425836391938, 2.2913463350035186, 2.2912969451684218, 2.291255205614954, 2.291156027561579, 2.291134465453971, 2.2910681784662428, 2.2910044707803645, 2.290907969332149, 2.290853815201001, 2.2907892755973034, 2.2907473093424087, 2.2906991279023323, 2.290624078522381, 2.290537147440462, 2.2904777985352736, 2.2904280301852102, 2.290371901459164, 2.290295826573657, 2.290195786545419, 2.290134715218829, 2.2900747646633377, 2.2900207333075695, 2.289938282253396, 2.28987200341673, 2.2897988649515004, 2.289702036951342, 2.2896570053874936, 2.28956941050342, 2.2895058235551558, 2.2894212817534423, 2.2893529371318655, 2.2892728162626934, 2.289214242217887, 2.289066962706737], "test_loss": [2.210151818847656, 2.127769253540039, 2.0967940704345702, 2.0770003173828124, 2.0603244247436523, 2.050722457885742, 2.0361925430297854, 2.029344860839844, 2.0163263092041017, 2.0162457427978517, 2.0121478103637696, 2.012766279602051, 2.003435530090332, 1.999973733520508, 2.0012821716308595, 1.9917475143432617, 1.991544532775879, 1.9855439819335938, 1.990500146484375, 1.9897985107421876, 1.9895469497680665, 1.9791371765136718, 1.987318798828125, 1.9810355209350585, 1.9740863876342774, 1.9671872909545898, 1.975235272216797, 1.980599641418457, 1.9790490615844727, 1.9763308837890625, 1.9660868759155274, 1.981167808532715, 1.9666591583251953, 1.9764603546142578, 1.9696446517944335, 1.9655813766479493, 1.9675539123535157, 1.9550545013427734, 1.9627334259033202, 1.9739408264160156, 1.9590146469116212, 1.9703228332519531, 1.967276466369629, 1.9635813919067382, 1.9715646865844727, 1.9638345764160157, 1.9686458374023437, 1.97293253326416, 1.9546402603149413, 1.950091488647461, 1.9629722549438477, 1.9624645889282226, 1.963829266357422, 1.9563816802978515, 1.9580803268432616, 1.96325283203125, 1.9650769607543945, 1.9592643661499023, 1.9612359909057617, 1.9579619247436524, 1.9665568313598634, 1.9632405822753907, 1.9437087265014648, 1.9603932067871093, 1.9679976303100586, 1.9666857742309571, 1.9620630981445313, 1.9626146850585937, 1.9583197479248047, 1.9498109786987305, 1.9587371231079103, 1.9631658416748048, 1.9395911209106445, 1.9672659133911132, 1.9504035537719726, 1.9474671127319336, 1.9638815475463867, 1.9570003860473633, 1.95227646484375, 1.9513392425537108, 1.959453453063965, 1.961395329284668, 1.9595430038452148, 1.9562009872436523, 1.9488782363891601, 1.9650470932006836, 1.9511488906860353, 1.9507375381469727, 1.941603401184082, 1.9564209365844727, 1.934319010925293, 1.9522707763671876, 1.9762077987670899, 1.9590118850708007, 1.9534668823242187, 1.9457913619995117, 1.9338553024291991, 1.9754137283325195, 1.9416485610961913, 1.949310609436035], "test_acc": [71.79, 81.03, 86.8, 86.0, 88.7, 90.27, 91.87, 92.71, 93.49, 94.17, 94.69, 94.56, 95.17, 95.0, 95.09, 95.16, 95.73, 95.63, 95.77, 95.87, 95.98, 96.29, 96.36, 96.24, 95.94, 96.58, 96.3, 96.55, 96.89, 96.61, 96.76, 96.76, 96.68, 96.92, 97.0, 96.93, 97.04, 96.93, 96.98, 96.89, 97.06, 97.2, 96.98, 96.83, 96.67, 97.1, 96.86, 97.02, 96.95, 96.96, 97.12, 97.22, 97.0, 97.31, 97.27, 96.82, 97.22, 97.2, 97.13, 97.2, 97.15, 97.23, 97.21, 96.93, 96.62, 96.98, 96.84, 97.04, 96.83, 97.24, 96.59, 97.09, 97.22, 96.78, 97.01, 97.18, 96.58, 96.76, 96.93, 96.94, 96.5, 96.4, 96.12, 96.81, 96.54, 96.27, 96.02, 96.48, 96.64, 96.45, 96.78, 96.09, 96.08, 96.3, 95.56, 96.18, 96.22, 95.21, 95.41, 94.79]}