{"train_loss": [2.21017302152438, 2.145242587623433, 2.129055987056504, 2.120715084238949, 2.1153479534336643, 2.1104048921002283, 2.1061362109632573, 2.1018282857715573, 2.0978627469804554, 2.093835103460866, 2.090000928721876, 2.085498007444235, 2.080818184165873, 2.07622016265861, 2.07055149322901, 2.0644236606919866, 2.058149424628315, 2.0504559352357163, 2.042338309889166, 2.032640891452121, 2.0236217078999577, 2.010943507536864, 1.9978630749078898, 1.9825536720773094, 1.9662955296345246, 1.9478867716259427, 1.927972600246087, 1.9049348815893516, 1.8781672051319709, 1.8497153339732406, 1.8180295307921548, 1.7817594164457076, 1.7451616640274341, 1.702845272854862, 1.6592462322650812, 1.610910159145665, 1.5624997310149364, 1.5117540214306269, 1.4547257576233301, 1.4003989159042, 1.3435782211968021, 1.2857848472065396, 1.2282946905773928, 1.1720703185623527, 1.1175354012312033, 1.0617490898594897, 1.007784747542479, 0.9554397577149236, 0.9058752712021526, 0.85503787935799, 0.808120911829492, 0.7660547418472095, 0.7247713718913559, 0.6867976533806223, 0.64690716093422, 0.615786244853949, 0.5889688561487402, 0.5663366805539172, 0.5518101633996026, 0.5389008024054714, 0.5258775683931816, 0.5166989571900449, 0.5075197729926842, 0.5010459356837802, 0.49431459688478047, 0.4886100318314683, 0.4825489286046762, 0.4773434625349493, 0.4724994991452266, 0.4681433316352021, 0.4636276820913339, 0.4600380564856733, 0.45525030861807686, 0.4513419243132966, 0.4484849342296266, 0.4448153477193963, 0.44244062734974754, 0.43890276092749375, 0.43552043040593463, 0.43370464329536146, 0.4305551676159231, 0.4280988591221663, 0.42540415089864, 0.42325102270413667, 0.42035462204207724, 0.4181819735811307, 0.416476592548892, 0.41427417131315947, 0.4120465525959292, 0.40985183564261496, 0.4084436036964767, 0.40633938474278164, 0.4044654201875385, 0.40241511057839435, 0.4013283011368197, 0.39916102938417697, 0.39768772393974483, 0.39628728466410923, 0.3950965424888154, 0.39352387616522294], "test_loss": [1.4349557846069336, 1.2525858497619629, 1.2119324119567871, 1.25136111907959, 1.207511392211914, 1.1671360122680665, 1.199611410522461, 1.2431972259521484, 1.1940404388427734, 1.213268083190918, 1.1718025634765625, 1.1618441589355468, 1.189026383972168, 1.1785337127685547, 1.2431470703125, 1.245993553161621, 1.1471771575927734, 1.1483651748657226, 1.1834245452880858, 1.1816242919921875, 1.2187746185302735, 1.16181279296875, 1.1773416381835937, 1.2101014709472657, 1.16699161529541, 1.1368264465332032, 1.1391674232482911, 1.2376040359497071, 1.2301829666137696, 1.2609435562133788, 1.1812493377685547, 1.3310233657836914, 1.2185840621948243, 1.3917664810180663, 1.3868206115722657, 1.3219114669799805, 1.3966164962768555, 1.3768137145996093, 1.5387249328613282, 1.5026164489746094, 1.5150107482910156, 1.6039999465942383, 1.7096998062133788, 1.7233761032104493, 1.834547900390625, 1.9071206466674804, 1.9203689239501953, 1.9826910781860352, 1.984194300842285, 2.0139760131835938, 1.9936692306518555, 2.283543125915527, 2.05455400390625, 2.3231808349609375, 2.2385140548706053, 2.3290601196289065, 2.307337829589844, 2.295332308959961, 2.3320486129760742, 2.353739775085449, 2.3910227905273436, 2.4041875778198243, 2.3818772354125977, 2.378513626098633, 2.404887190246582, 2.4669338333129884, 2.412481433105469, 2.425904507446289, 2.422854615783691, 2.4799049850463866, 2.483348225402832, 2.4558713653564452, 2.464579588317871, 2.571652914428711, 2.5052040161132814, 2.456428855895996, 2.5385485717773437, 2.510258724975586, 2.539012355041504, 2.5755117095947266, 2.5243879318237306, 2.585681164550781, 2.5579192779541016, 2.5726815856933594, 2.552718249511719, 2.6047077239990233, 2.6006839630126954, 2.6102322357177736, 2.5948326416015624, 2.6399694244384766, 2.6052344146728514, 2.6340956481933593, 2.7093524688720705, 2.6440655670166016, 2.6535483001708986, 2.6538214752197264, 2.6445983612060546, 2.6593757568359373, 2.695517840576172, 2.696012435913086], "test_acc": [91.03, 92.68, 95.22, 95.66, 96.47, 96.64, 97.11, 96.99, 97.46, 97.06, 97.52, 97.12, 97.14, 97.3, 96.87, 96.5, 96.22, 96.04, 95.22, 93.56, 93.73, 92.36, 91.05, 86.55, 86.2, 87.5, 85.72, 78.96, 78.1, 72.85, 75.08, 66.48, 69.16, 60.48, 59.32, 62.82, 58.28, 58.42, 52.1, 52.63, 52.24, 48.87, 45.82, 46.72, 45.87, 42.8, 42.43, 42.95, 43.88, 43.16, 43.37, 38.88, 43.1, 38.18, 40.11, 37.69, 38.73, 39.77, 38.81, 38.85, 37.15, 36.99, 36.49, 37.88, 37.73, 36.15, 36.25, 36.46, 36.97, 35.71, 35.44, 36.3, 36.93, 34.01, 35.05, 36.55, 34.97, 35.37, 34.7, 34.28, 35.75, 34.01, 34.84, 34.69, 35.36, 33.66, 33.7, 34.37, 34.43, 32.96, 33.72, 33.55, 31.43, 33.17, 33.71, 32.71, 33.28, 33.64, 32.12, 32.54]}