{"train_loss": [1.98580661135861, 1.8653587956204374, 1.8476383622385497, 1.8388460441532297, 1.8333220092149882, 1.8294478153061664, 1.8260365474937308, 1.8234352010947008, 1.8212257840185084, 1.8191642098956637, 1.8173681133323245, 1.815839911882694, 1.81405956342689, 1.8130478382620037, 1.8115581141577826, 1.8103474938971365, 1.8092323949194362, 1.8081829321180654, 1.8068131086153862, 1.8060826840054276, 1.8045668301419315, 1.80361479622686, 1.8026913485975347, 1.8014580189672291, 1.8007275451961746, 1.7998355390169682, 1.7981643656380155, 1.797352500196196, 1.7963929583883693, 1.7952834599547915, 1.7943984366889694, 1.7933197235449767, 1.7921437119316852, 1.790949112075007, 1.790213231347565, 1.7888030952368028, 1.788124951796654, 1.7867629976354094, 1.7854469892306206, 1.784565543771809, 1.7834883090267835, 1.7820395404457028, 1.7807193406117268, 1.7794223667209983, 1.7784429401414008, 1.7771968163995662, 1.7758006787198222, 1.7742875549528334, 1.7730315034715538, 1.7717941859339037, 1.7709096853549664, 1.7692394108853788, 1.7681688900686736, 1.7666888430587246, 1.7646337477569907, 1.7641398351416628, 1.762028502093421, 1.7603433376703508, 1.7592677086846442, 1.7580188683464997, 1.7562698062159057, 1.755014670964999, 1.7533720186632922, 1.751505128084085, 1.7503282572978582, 1.74883838953116, 1.7470297084914312, 1.7455934604518435, 1.7443634179922252, 1.7429435714187784, 1.7408855509044778, 1.7388481011248043, 1.737972558563591, 1.7362490790521996, 1.7349102237285712, 1.7335150399778643, 1.7317546756349058, 1.7300914036921966, 1.7291217268022716, 1.7268695668277578, 1.7251718933256264, 1.7238800859349406, 1.7222075429227617, 1.7209358047216365, 1.719495110022716, 1.7178326409596663, 1.716444043776928, 1.715163806055346, 1.7136076930751147, 1.7118872483061929, 1.7109747944224594, 1.7091080309488835, 1.7082028755774865, 1.7063388409268143, 1.7052169635764554, 1.7039492145562782, 1.7024715257506084, 1.7010586496092315, 1.6995105292552557, 1.6985169269590297], "test_loss": [0.9411793640136719, 0.8308795280456543, 0.7767530059814454, 0.8386439849853515, 0.7512051330566406, 0.7816224174499512, 0.7732072906494141, 0.7772925071716309, 0.7493124687194824, 0.7492576568603516, 0.7277562568664551, 0.7657446189880371, 0.7640007415771485, 0.7645334480285645, 0.7177035133361817, 0.7032150314331055, 0.760429135131836, 0.7866365730285645, 0.7012543548583985, 0.7485520141601563, 0.7772982551574708, 0.7571914154052735, 0.7911853088378906, 0.8016778465270996, 0.7467945442199707, 0.7533324417114258, 0.7237048606872558, 0.7653234176635743, 0.6880786781311035, 0.7626166366577148, 0.7141599411010742, 0.746089981842041, 0.7946725479125977, 0.7379908409118653, 0.718192301940918, 0.7669259971618653, 0.7793392219543457, 0.7096560272216796, 0.736679401397705, 0.7568004402160644, 0.7829982139587403, 0.6880795249938965, 0.7714723625183105, 0.6615506301879883, 0.7444730911254883, 0.7374508575439453, 0.7034426033020019, 0.7397737350463868, 0.7634203750610351, 0.7390228942871093, 0.7418313293457032, 0.7748852676391601, 0.7453003166198731, 0.7219210441589355, 0.7513352806091309, 0.7342791961669922, 0.7401988128662109, 0.7623162368774414, 0.6995776885986328, 0.7491834358215332, 0.7408763656616211, 0.7659556091308594, 0.7285038513183594, 0.7812989082336426, 0.7082305343627929, 0.7637547157287597, 0.7859866844177246, 0.7628615028381348, 0.7391128875732422, 0.7381483711242676, 0.727045832824707, 0.7960703964233399, 0.7380289230346679, 0.7378282981872558, 0.7378264526367188, 0.7931319343566895, 0.732206428527832, 0.7885475929260254, 0.7535740020751953, 0.7939686264038086, 0.8006925338745117, 0.7402735916137695, 0.7319546905517578, 0.7474705947875977, 0.7602478607177734, 0.7264390029907226, 0.7610951461791993, 0.7570968162536621, 0.7708916465759277, 0.7486716842651367, 0.7675320549011231, 0.7524799827575683, 0.8073846466064453, 0.7533974189758301, 0.7714387176513672, 0.7989586380004883, 0.7952508476257324, 0.7441507423400879, 0.799229281616211, 0.8032641891479492], "test_acc": [94.39, 97.11, 97.84, 97.9, 98.22, 98.32, 98.51, 98.65, 98.67, 98.71, 98.8, 98.72, 98.83, 98.82, 98.92, 98.9, 98.91, 98.92, 98.94, 99.01, 98.91, 98.92, 98.85, 98.93, 98.92, 98.96, 98.96, 99.02, 98.98, 98.95, 98.95, 98.99, 99.04, 99.04, 98.99, 98.95, 98.99, 98.94, 99.06, 98.98, 99.02, 99.02, 98.99, 98.96, 98.97, 98.87, 98.91, 98.97, 98.8, 99.03, 99.03, 98.95, 98.93, 98.9, 98.89, 98.84, 98.88, 98.82, 98.94, 98.71, 98.81, 98.8, 98.88, 98.58, 98.77, 98.73, 98.34, 98.72, 98.61, 98.46, 98.65, 98.38, 98.5, 98.6, 98.43, 98.29, 98.34, 98.11, 98.35, 98.16, 98.03, 98.28, 98.16, 98.1, 97.5, 98.0, 97.85, 97.83, 97.64, 97.61, 97.71, 97.86, 96.94, 97.71, 97.2, 97.21, 96.93, 97.64, 96.82, 96.8]}