{"train_loss": [2.075616923917053, 1.975527458720737, 1.9599735179008582, 1.95226849297173, 1.9470224734554944, 1.9436309689130538, 1.9404040824653757, 1.9378982130278888, 1.9358848315528316, 1.9338183487072969, 1.9322089924771562, 1.930757305560968, 1.9288951138145902, 1.9276081996086316, 1.9262641879737887, 1.9249042476344311, 1.9236268757754922, 1.922062106621571, 1.9211545668096623, 1.9196013301356225, 1.9183599062455006, 1.9170653091536627, 1.915853240296372, 1.9146116498189094, 1.9133766311356144, 1.9120659114968064, 1.9104822746708863, 1.909054833599645, 1.9080519711869395, 1.906690486985394, 1.905277934594032, 1.9040980071593554, 1.9025386918304312, 1.900830145065601, 1.8996572940268068, 1.8973497534409547, 1.8962759090285015, 1.8946562518930843, 1.893233464569108, 1.8913065500748463, 1.8897231200821378, 1.8880388125395164, 1.8860417393028226, 1.88412671822768, 1.8823199086209648, 1.8805869591032338, 1.878066700238448, 1.876427116811785, 1.8743198949557085, 1.8721546731952927, 1.8700945576032002, 1.8677354582354553, 1.865887134248375, 1.8637246670376542, 1.8614051627297687, 1.8592473006146586, 1.8567575781773298, 1.8543055653572083, 1.8517340126200619, 1.8498869222453518, 1.8470281041585481, 1.8446310939442399, 1.8415367644057314, 1.8390115377230523, 1.8366175044296134, 1.8347544473970039, 1.8318612758929913, 1.8296691082481644, 1.8261803202649467, 1.8238951767611706, 1.8208186315675068, 1.8180726886305034, 1.8156411039014149, 1.813300501077603, 1.8097394567269545, 1.8084195592464545, 1.805901639481895, 1.8033895500195332, 1.8003129166925056, 1.7980743190671644, 1.7955873547456203, 1.7924544701718876, 1.7906363425601242, 1.7881662695326357, 1.7850991533352778, 1.7835759189393785, 1.7812480050274448, 1.778604368114064, 1.7764005072605915, 1.7739629513687558, 1.7715889268960707, 1.769794241994874, 1.7677931156423357, 1.7651528497027535, 1.7634736133946314, 1.761412685752934, 1.7592365046342213, 1.7566568400615301, 1.7549842410107963, 1.752748243829124], "test_loss": [1.044540602874756, 0.9419768356323243, 0.9354120292663575, 0.9361289443969727, 0.9382811447143554, 0.9149268211364746, 0.8971827674865722, 0.9987583610534668, 0.8984248512268066, 0.8684260955810547, 0.8561439208984375, 0.9005079597473145, 0.9119547134399414, 0.8551922058105469, 0.896149161529541, 0.8909915664672852, 0.920025676727295, 0.8711097160339355, 0.8874674324035644, 0.8814838592529297, 0.9078140518188477, 0.8876384101867676, 0.8733969741821289, 0.8822976631164551, 0.8518167449951172, 0.8895254745483399, 0.8630627815246582, 0.8616703315734864, 0.8777172386169434, 0.8943181739807129, 0.8897157928466797, 0.8341707908630371, 0.8380764862060547, 0.911223957824707, 0.8586729827880859, 0.8874167915344239, 0.8881657089233398, 0.835812914276123, 0.8448141525268554, 0.8983658096313477, 0.8812105972290039, 0.860058267211914, 0.88729847946167, 0.856525375366211, 0.9424119453430175, 0.8621886528015137, 0.8884562210083008, 0.8804382652282715, 0.8402374626159668, 0.8592480255126953, 0.8590024879455567, 0.913027182006836, 0.919583561706543, 0.8919563079833984, 0.8978035980224609, 0.8420417617797852, 0.8488304275512696, 0.8962653663635254, 0.8776331596374511, 0.8652746635437012, 0.9449163398742676, 0.8426428169250488, 0.8755421699523925, 0.8368198181152344, 0.8192495216369629, 0.9094443099975585, 0.9151136306762695, 0.871132154083252, 0.9112175926208496, 0.8812188110351562, 0.8399322799682617, 0.9496249336242676, 0.9001156158447265, 0.8345954513549805, 0.9576413780212403, 0.9066402122497559, 0.9200243438720703, 0.9011863754272461, 0.9108794357299804, 0.9041384910583496, 0.8931587951660156, 0.9244739753723145, 0.8928712242126465, 0.8941686401367187, 0.9370568977355958, 0.9262958328247071, 0.8501727088928223, 0.9098060707092285, 0.955661841583252, 0.908223201751709, 0.8945722541809082, 0.8856091705322265, 0.9082516937255859, 0.8987652488708496, 0.9348629760742188, 0.9418191635131836, 0.8975678527832032, 0.9525585006713867, 0.9525892784118652, 0.944395263671875], "test_acc": [94.14, 96.28, 97.08, 97.69, 97.57, 97.98, 98.16, 98.28, 98.53, 98.49, 98.39, 98.56, 98.63, 98.66, 98.73, 98.75, 98.78, 98.76, 98.77, 98.68, 98.71, 98.66, 98.68, 98.85, 98.79, 98.73, 98.85, 98.72, 98.79, 98.73, 98.55, 98.65, 98.74, 98.56, 98.72, 98.62, 98.39, 98.57, 98.61, 98.48, 98.56, 98.51, 98.46, 98.6, 97.94, 98.41, 98.19, 98.44, 98.46, 98.28, 98.22, 97.96, 98.08, 98.13, 97.97, 98.28, 97.8, 97.98, 97.67, 97.8, 97.26, 97.82, 97.47, 97.45, 97.42, 97.13, 96.68, 96.83, 95.68, 96.64, 96.45, 95.57, 96.3, 96.71, 94.42, 95.11, 94.77, 95.72, 94.86, 94.89, 94.9, 93.74, 94.16, 94.49, 93.88, 93.74, 95.13, 93.25, 93.09, 93.94, 93.91, 93.77, 93.64, 92.55, 92.7, 93.03, 92.96, 90.52, 91.3, 91.63]}