{"train_loss": [2.2654928310304627, 2.235083888738583, 2.226614457419795, 2.22294567232458, 2.2208098407484527, 2.2193016088925877, 2.218171599583748, 2.2173245625618176, 2.2164664258304825, 2.215869659032577, 2.2152571260419665, 2.214775121619559, 2.2143490243161845, 2.2139424966950703, 2.2135413910588646, 2.213199552307781, 2.2129165433410907, 2.212712710739201, 2.2123404659776607, 2.2120712796847024, 2.2118074766591063, 2.211598587851239, 2.21138013784702, 2.211132035805629, 2.2108880118427114, 2.210692092903659, 2.210438436932034, 2.210238179589948, 2.2100230750874577, 2.209826964088994, 2.2097511785662074, 2.2094728819325438, 2.209350547219953, 2.209106109590612, 2.208944343094133, 2.208760749580514, 2.2085436577470894, 2.2084293156607537, 2.208191721357851, 2.2080869262035074, 2.207854587807615, 2.207778394731701, 2.2075813830408277, 2.2074083497381616, 2.207272422619355, 2.2070713781902933, 2.2068698258481474, 2.206756484304738, 2.206528233666705, 2.206342047605759, 2.206157486153464, 2.2060676568593736, 2.2058050571343837, 2.2057322284095306, 2.205575351531689, 2.2053499996152697, 2.205176745215033, 2.204975562217908, 2.2048673833537307, 2.20475993044356, 2.2045440684016953, 2.204323737539797, 2.204108873493651, 2.2039467366332683, 2.203905097949199, 2.2036598686479096, 2.2035137435309906, 2.2033238410949707, 2.2030378768586707, 2.2029026542973313, 2.2027550528192115, 2.2025822686333942, 2.2024861202280746, 2.202281662541577, 2.2020951045884027, 2.201882416366512, 2.201611034381084, 2.2014787018808546, 2.2013296250604157, 2.2010012722422934, 2.2008661337387867, 2.200686320789859, 2.2004902622638602, 2.2003396352132163, 2.200128843641689, 2.1999462827658043, 2.1997461915016174, 2.19958017167882, 2.199244064653022, 2.1991135630852137, 2.198978221314585, 2.198785731425652, 2.198577349002545, 2.1983282229839225, 2.1981066546888433, 2.1979766386186976, 2.1976590278821115, 2.197373325498695, 2.197161411627745, 2.196937191690135], "test_loss": [1.692973873901367, 1.570389793395996, 1.5245733947753906, 1.4958099472045898, 1.4943178588867188, 1.4772501998901366, 1.463430061340332, 1.4694915786743163, 1.4519791427612305, 1.4601645797729492, 1.4288540161132812, 1.4535252334594726, 1.4421976654052735, 1.4260063888549805, 1.4251045196533203, 1.4597983108520507, 1.4228547134399414, 1.421570098876953, 1.4352230041503906, 1.41560302734375, 1.4484747894287109, 1.4217420959472655, 1.414586944580078, 1.4194284149169922, 1.401352554321289, 1.4561852447509767, 1.4404419952392578, 1.4244439361572265, 1.4091468948364259, 1.381591961669922, 1.4321874114990234, 1.3767091323852538, 1.4328638626098633, 1.414477960205078, 1.4172169982910157, 1.4227542938232423, 1.3998097244262695, 1.4270221923828126, 1.4193843322753905, 1.3882720733642577, 1.4173220825195312, 1.4107602294921875, 1.3919705047607422, 1.403695458984375, 1.4070901611328126, 1.4027105117797851, 1.4268280059814453, 1.4287524017333983, 1.4318453964233397, 1.4104562026977538, 1.3878526962280273, 1.391886329650879, 1.4201656951904298, 1.4370552032470703, 1.4077764343261718, 1.4281141815185547, 1.4176643432617186, 1.4205792373657227, 1.4300579315185546, 1.3874083602905274, 1.4052735244750976, 1.3531189361572267, 1.4111772506713867, 1.4365851028442382, 1.4223092910766602, 1.4161735687255859, 1.3853504501342773, 1.4229785736083984, 1.4033012756347656, 1.392579751586914, 1.4318938247680664, 1.3962355667114257, 1.4283751586914062, 1.4145279922485352, 1.3951889404296876, 1.428987466430664, 1.4050260269165038, 1.3789023559570313, 1.4513615447998047, 1.3961278884887696, 1.4091967407226562, 1.4120284317016603, 1.3860335632324219, 1.438977490234375, 1.429887939453125, 1.4181665496826172, 1.4081153564453126, 1.409757893371582, 1.368808790588379, 1.4411303909301758, 1.3933046478271485, 1.406700975036621, 1.4000513992309571, 1.4246665161132812, 1.4111522628784179, 1.419084356689453, 1.4460607223510742, 1.3887919860839844, 1.3931946685791015, 1.4227827713012695], "test_acc": [86.0, 93.05, 94.45, 96.07, 96.72, 97.07, 97.31, 97.44, 97.58, 97.74, 97.69, 97.84, 97.87, 98.14, 98.15, 98.18, 98.32, 98.28, 98.24, 98.36, 98.35, 98.18, 98.43, 98.34, 98.47, 98.55, 98.44, 98.54, 98.39, 98.32, 98.58, 98.52, 98.57, 98.54, 98.55, 98.57, 98.47, 98.58, 98.64, 98.56, 98.6, 98.49, 98.67, 98.64, 98.52, 98.58, 98.74, 98.59, 98.69, 98.61, 98.66, 98.51, 98.48, 98.7, 98.63, 98.66, 98.66, 98.48, 98.64, 98.51, 98.59, 98.63, 98.7, 98.68, 98.55, 98.62, 98.63, 98.59, 98.53, 98.63, 98.41, 98.63, 98.61, 98.56, 98.52, 98.58, 98.66, 98.59, 98.47, 98.52, 98.48, 98.51, 98.56, 98.53, 98.51, 98.58, 98.43, 98.46, 98.56, 98.46, 98.53, 98.46, 98.54, 98.4, 98.34, 98.46, 98.24, 98.52, 98.4, 98.09]}