{"train_loss": [2.1318627565335007, 2.0391823468554735, 2.0213817396225076, 2.0093518778299675, 2.0029119291366677, 1.9971058432363038, 1.9911023202614906, 1.9855075758746548, 1.9808560502834809, 1.974917523881309, 1.969832795043277, 1.9644456439548068, 1.9583999738733993, 1.9512387081089182, 1.944484339055852, 1.936235094936485, 1.925550413182658, 1.9167823766031835, 1.9052909192366478, 1.8914028322085357, 1.8775470554828644, 1.8612535725801418, 1.841229484631465, 1.8206463308415861, 1.794760086852261, 1.7704817948178349, 1.7382035996669378, 1.704164854481689, 1.6680819247013483, 1.628950470023685, 1.5811557958268712, 1.5290500246561491, 1.4778399335013495, 1.4211559942644885, 1.3578093258234172, 1.2941260825619738, 1.2295123709317965, 1.1626805307773442, 1.0947537627230344, 1.0266998763013089, 0.9639907597731321, 0.8983424694364907, 0.8341363285087112, 0.7809564017205157, 0.7166116985882449, 0.6765930249522893, 0.6269555617856164, 0.5889816856027669, 0.5489593828972589, 0.5225608998384231, 0.48003178889043313, 0.43844033408368754, 0.43280025068511313, 0.38753903402477247, 0.36862123490144044, 0.35470094235661703, 0.3457446902926661, 0.32900479107967806, 0.3118686605340395, 0.3148577091180616, 0.30214318703127724, 0.27379039232420105, 0.27514258864471036, 0.2561769412878232, 0.24074789778225952, 0.2288340465603476, 0.2361184530851678, 0.22101281616741267, 0.22583325621154574, 0.2256907800323943, 0.21909676239881506, 0.19275565020357951, 0.18389129910108626, 0.16833374195565015, 0.1510621802085358, 0.1743632829310293, 0.162945721585017, 0.17285521429541528, 0.20644960576334062, 0.19506713177244633, 0.15402118150845298, 0.15879204065308103, 0.1408561920094439, 0.13588174490226257, 0.13776503661329037, 0.13262628198752546, 0.11996690597401088, 0.1383842083139934, 0.1465001030641998, 0.13901321633328867, 0.11098189792858484, 0.11099844951278125, 0.10754495702333684, 0.11708618431455559, 0.12824031718584716, 0.15619343648959175, 0.16749710821283934, 0.12130891004752399, 0.10718510735732241, 0.08269695846093261], "test_loss": [1.1859599578857423, 1.072049705505371, 1.1231867378234863, 1.0928538955688476, 1.0148398124694824, 1.040712303161621, 1.0371816497802735, 1.0333947631835938, 1.0099515449523926, 1.0252768661499023, 0.9543141075134277, 1.0107600875854492, 0.97567470703125, 1.0074675491333007, 0.881971996307373, 0.973715828704834, 0.9069390243530273, 0.9341719787597657, 0.9080706665039062, 0.9242342407226563, 1.0958780479431152, 0.9819027870178223, 1.009008782196045, 1.052858038330078, 0.9899635665893555, 1.01211103515625, 1.0258980186462403, 1.1208404861450196, 1.0879956634521484, 1.120390364074707, 1.1766771743774413, 1.1818887176513673, 1.1896717086791992, 1.214314769744873, 1.1881218597412109, 1.3182845443725586, 1.1659936317443849, 1.3998965942382813, 1.5013326293945313, 1.443338996887207, 1.6544115661621093, 1.7236017669677735, 1.6768001098632812, 1.8150263076782227, 1.9700342681884766, 1.9105840087890624, 2.0679642684936526, 2.1722179138183595, 2.3451541061401366, 2.39502850189209, 2.3303883544921873, 2.4163988021850584, 2.596378189086914, 2.6860050445556642, 2.755806332397461, 2.878471405029297, 2.9601740447998046, 3.0971150939941405, 3.0744089630126954, 3.2324895538330076, 3.3071134216308593, 3.356477191162109, 3.3074239440917967, 3.422745999145508, 3.755826419067383, 3.5455245483398437, 3.725982711791992, 3.6600178009033204, 3.877130822753906, 3.750013540649414, 3.8213341186523437, 3.988238491821289, 3.932985498046875, 4.047314669799805, 4.177432635498047, 4.277571304321289, 4.112396887207031, 4.142449075317383, 4.410945974731446, 4.455657434082031, 4.396965887451172, 4.3486243347167965, 4.246248059082031, 4.3921270751953125, 4.495387606811524, 4.593537734985351, 4.886996343994141, 4.7660258148193355, 4.841594122314453, 4.83269494934082, 4.714884069824219, 5.16633630065918, 5.084646334838867, 4.944467794799805, 5.133352276611328, 5.005050936889648, 5.078641644287109, 5.239945132446289, 5.383415606689453, 5.364594171142578], "test_acc": [90.75, 95.41, 96.31, 96.15, 97.43, 97.3, 96.95, 97.87, 97.49, 97.88, 97.75, 97.93, 97.69, 97.54, 97.22, 97.67, 97.36, 96.8, 96.39, 96.28, 93.42, 92.74, 91.92, 88.27, 89.01, 85.41, 83.0, 76.37, 78.23, 75.74, 68.48, 68.48, 66.61, 64.05, 64.39, 58.52, 64.33, 57.29, 52.67, 54.4, 49.99, 48.6, 52.2, 48.4, 46.77, 48.76, 46.44, 45.92, 44.68, 45.33, 47.85, 45.74, 44.28, 45.59, 45.05, 44.02, 44.96, 43.77, 43.74, 43.68, 43.76, 43.89, 44.06, 43.04, 41.42, 43.86, 42.75, 43.7, 41.03, 43.5, 43.47, 43.21, 43.68, 43.8, 43.17, 44.1, 44.41, 44.41, 41.67, 42.44, 44.08, 44.09, 44.61, 44.57, 44.76, 42.28, 42.3, 44.28, 43.13, 43.51, 46.42, 42.25, 42.94, 44.22, 43.1, 44.23, 42.07, 42.71, 41.88, 42.36]}