{"train_loss": [2.3029244358722982, 2.302243470126747, 2.301738921393696, 2.301360265821473, 2.300872901566008, 2.3003622797819285, 2.3000504053556003, 2.299563959113553, 2.298903319570753, 2.2982339675609884, 2.2976249721315174, 2.296784148257003, 2.295904470814599, 2.294877665165143, 2.2935559291106005, 2.292156459429325, 2.2902782752982573, 2.2887316325790863, 2.2866821757748594, 2.2841108471919327, 2.281276950978825, 2.2781963827263594, 2.274101079529167, 2.2698107056128674, 2.2652938330275383, 2.2593822626986055, 2.2532745665974088, 2.245736168999957, 2.23761087605077, 2.2282274049571438, 2.2175731236099177, 2.205307302821396, 2.1923100953428154, 2.1751949415247664, 2.1572722925080194, 2.1357082373056655, 2.112331398277201, 2.0840071342949176, 2.054490271032366, 2.0187406058494863, 1.98012766140139, 1.9360660584563882, 1.8841291923298795, 1.8319081317665231, 1.7760289910002651, 1.7112429085959735, 1.6480680125900822, 1.5797810467899356, 1.5095212530886006, 1.4398459241940424, 1.3670920103024213, 1.2973775119863005, 1.2277314795388117, 1.1544729624039087, 1.0880290990711277, 1.0272372706323607, 0.9629896928866705, 0.9045580461239203, 0.8424463340869317, 0.7916382218782718, 0.7447600211852636, 0.7069928626983594, 0.6757528650709707, 0.6493552790747749, 0.6316697785996983, 0.6163249879311292, 0.603053030040529, 0.5936021771695879, 0.5845001404866194, 0.5758633491320487, 0.5693088865432984, 0.563799534470607, 0.5570910969096371, 0.5508742588452804, 0.5461792096368268, 0.5414741693908333, 0.5367060553314339, 0.5325569395198781, 0.528368875830092, 0.5248853956532274, 0.5214196315560585, 0.5181949797731179, 0.5147334165298022, 0.5118799103885634, 0.508982270064517, 0.5065088648444567, 0.504212077993613, 0.5017233364220358, 0.49956397311045575, 0.4976237836556557, 0.49539272423483366, 0.4937415995404252, 0.4918226683114329, 0.4899898067626179, 0.4886736520844647, 0.48709597343053573, 0.4856612308539896, 0.4843566419604497, 0.48293888403309715, 0.48186380269690454], "test_loss": [2.285110989379883, 2.271945959472656, 2.258683517456055, 2.2441859130859374, 2.2380201812744143, 2.229638052368164, 2.2212883514404296, 2.2184908203125, 2.2029712493896483, 2.209204800415039, 2.1968479583740232, 2.1914537811279295, 2.179628384399414, 2.1787747802734376, 2.1666842712402343, 2.168735754394531, 2.171938275146484, 2.1776326080322264, 2.1912856048583986, 2.181591229248047, 2.1740649536132812, 2.184801138305664, 2.175587435913086, 2.1779926849365236, 2.159788604736328, 2.2220170623779296, 2.198004962158203, 2.1844232360839846, 2.1904511444091797, 2.225060025024414, 2.176932702636719, 2.174223797607422, 2.2520657623291016, 2.2447999267578127, 2.2877908782958984, 2.2492929138183593, 2.3521665802001954, 2.274065362548828, 2.302643963623047, 2.4390671264648436, 2.3738663787841796, 2.346040133666992, 2.4941644927978515, 2.587685092163086, 2.7214686920166016, 2.6637826751708986, 2.780283694458008, 2.935527670288086, 2.8315023071289063, 2.9731159606933595, 3.075030416870117, 3.359795788574219, 3.3998169097900393, 3.4190725555419923, 3.5308751647949217, 3.591967126464844, 3.616340057373047, 3.8522343170166016, 4.00260570678711, 3.9477070892333983, 3.9512798950195314, 4.03110783996582, 4.037241137695313, 4.112628219604492, 4.027825543212891, 4.0743607299804685, 4.0106352600097654, 4.047076080322266, 4.0890913024902344, 4.09431149597168, 4.098628524780273, 4.108388259887695, 4.084807662963867, 4.02677790222168, 4.072517687988281, 4.101467910766601, 4.113917098999023, 4.070571691894531, 4.082187564086914, 4.113574969482422, 4.098127902221679, 4.058587307739258, 4.125223693847656, 4.123470184326172, 4.091136941528321, 4.126287033081055, 4.0880219207763675, 4.089544198608398, 4.095934197998047, 4.051430303955078, 4.113467980957031, 4.06944750366211, 4.099346615600586, 4.092692767333984, 4.099388729858399, 4.098583511352539, 4.124964154052734, 4.083933154296875, 4.093054827880859, 4.042690606689453], "test_acc": [9.74, 11.26, 42.89, 46.18, 61.58, 38.23, 49.68, 44.62, 61.85, 56.79, 46.74, 55.51, 54.87, 50.29, 55.7, 46.8, 44.84, 41.54, 34.46, 34.82, 32.56, 28.89, 32.34, 26.27, 28.47, 20.9, 19.73, 22.43, 22.33, 19.31, 23.54, 25.19, 17.72, 17.41, 14.36, 17.34, 13.94, 16.55, 15.02, 11.87, 14.85, 15.87, 13.02, 12.75, 10.23, 13.06, 12.7, 11.85, 13.15, 13.59, 12.47, 12.18, 12.15, 11.87, 12.44, 14.1, 14.35, 11.61, 11.07, 12.18, 12.47, 11.79, 11.75, 10.57, 12.06, 11.58, 11.83, 11.78, 11.3, 11.37, 10.97, 11.2, 11.18, 11.95, 11.28, 10.75, 10.66, 11.6, 11.17, 11.07, 11.63, 11.89, 11.19, 10.88, 11.65, 11.11, 11.42, 11.33, 11.34, 11.89, 11.11, 11.55, 11.25, 11.34, 11.53, 11.2, 11.08, 11.47, 11.4, 11.71]}