{"train_loss": [1.3585158451500101, 1.1401804832057056, 1.1138197150495317, 1.1003604186141593, 1.0915661770054417, 1.0845387524519212, 1.079182974803142, 1.0739958938370404, 1.0699362056887047, 1.0656003438764148, 1.0620471810937946, 1.0586190377799873, 1.0560833014484146, 1.0527537228205266, 1.0499058763186138, 1.047565481474257, 1.0447149702116973, 1.0421455004531095, 1.0396684791542525, 1.0372667031155691, 1.03437747570694, 1.0323780638794613, 1.0297813137881777, 1.0268742304581862, 1.024531923680224, 1.021846977691365, 1.0189319778966088, 1.0160379062096279, 1.0134340425332387, 1.0103295892477036, 1.0080871764156554, 1.0047186443693616, 1.001874202591741, 0.9983438233025054, 0.9961260973643034, 0.9930146786137524, 0.9898438415466211, 0.9861686079420595, 0.9834996149835423, 0.9803883351831355, 0.9769085617656381, 0.9730324724800566, 0.9702419071880162, 0.9669942790881182, 0.9630754368427472, 0.9605588721923339, 0.9572805241387115, 0.9537226420182449, 0.9503486055848945, 0.9467157325428776, 0.9440512548909228, 0.9403072897440348, 0.9369412249224818, 0.93370513834505, 0.9306512802329838, 0.9278457986238675, 0.9247811558919076, 0.9220860502404026, 0.9190353658209499, 0.9159423121784487, 0.9131548018791736, 0.9106598462049778, 0.907913779728433, 0.9051502242557004, 0.903287757283602, 0.9002553936507967, 0.8988808066162288, 0.8969468057919772, 0.8936463419952964, 0.8912590956076597, 0.8894974816049266, 0.8875823083341631, 0.8856448471291453, 0.8840066059532329, 0.8820006137984431, 0.8809112276022251, 0.8789794042579129, 0.8772508845879481, 0.8760314907273675, 0.8740684704648124, 0.8731602458362906, 0.8715967125872262, 0.8696539514085166, 0.869174463626666, 0.8675739892527589, 0.8664368903025602, 0.8651817502119602, 0.8641057853770052, 0.8630063780862042, 0.8621602358981075, 0.8607091926611387, 0.8598811189588319, 0.8587374224876746, 0.8575546411622283, 0.8565929232754259, 0.8557797630882671, 0.8550478351167125, 0.8543522925967844, 0.8531710393408425, 0.8525852920153202], "test_loss": [0.41936396808624266, 0.3537688112258911, 0.3329513961791992, 0.3340848937988281, 0.35783404884338377, 0.34019547882080076, 0.3514300977706909, 0.3103691467285156, 0.3000408020019531, 0.30685708656311034, 0.3102720663070679, 0.30606507472991945, 0.28504118728637695, 0.3392559326171875, 0.3163965711593628, 0.2912957820892334, 0.37692155990600584, 0.31584557991027834, 0.3118544452667236, 0.31156499156951906, 0.2753515714645386, 0.31937689819335935, 0.2857594633102417, 0.3061396270751953, 0.3150652679443359, 0.3066791820526123, 0.29345348625183104, 0.29222375793457034, 0.321665832901001, 0.308192569732666, 0.3253239364624023, 0.3067614154815674, 0.29734003467559816, 0.3165041486740112, 0.30737406635284426, 0.29780356369018557, 0.2612109994888306, 0.28207039756774904, 0.3246563117980957, 0.28959472846984863, 0.26297474842071533, 0.283492684173584, 0.2974810417175293, 0.30020684356689453, 0.28253871154785154, 0.3411684513092041, 0.2836361639022827, 0.29659375, 0.28315497131347656, 0.2971793193817139, 0.2874194248199463, 0.3040898935317993, 0.31815922813415526, 0.295844255065918, 0.29032266845703125, 0.29600058155059816, 0.3604685817718506, 0.34699485664367674, 0.31452502212524414, 0.2983579608917236, 0.29159179229736326, 0.31682823314666747, 0.310984024810791, 0.28393463077545167, 0.3015920036315918, 0.30885511932373044, 0.2870715454101562, 0.30364275093078613, 0.30800923919677736, 0.3161721939086914, 0.28182406902313234, 0.330236177444458, 0.33442074928283694, 0.31270480308532717, 0.30431284065246583, 0.3043319627761841, 0.30257968311309813, 0.3292843189239502, 0.3103993146896362, 0.32338923416137694, 0.3259540508270264, 0.3056566673278809, 0.2926296009063721, 0.2947796539306641, 0.31860336074829104, 0.30491422519683836, 0.317662854385376, 0.3070593915939331, 0.3314927104949951, 0.29250359439849855, 0.3081416555404663, 0.3146913887023926, 0.314432818031311, 0.307273631477356, 0.3161924995422363, 0.31283039302825927, 0.3198214519500732, 0.3035233963012695, 0.32546149597167967, 0.3388084915161133], "test_acc": [96.73, 97.9, 98.44, 98.57, 98.62, 98.64, 98.8, 98.91, 98.9, 98.92, 98.97, 98.93, 98.94, 99.0, 99.03, 99.09, 98.98, 98.98, 99.01, 99.0, 99.01, 99.02, 99.01, 99.05, 99.0, 99.0, 99.01, 98.95, 98.89, 98.96, 99.0, 99.04, 99.0, 98.89, 98.92, 98.93, 98.92, 98.78, 98.79, 98.85, 98.74, 98.78, 98.71, 98.78, 98.79, 98.6, 98.74, 98.61, 98.6, 98.59, 98.77, 98.53, 98.53, 98.53, 98.51, 98.58, 97.99, 98.35, 98.37, 98.38, 98.36, 98.3, 98.44, 98.51, 98.4, 98.34, 98.38, 98.26, 98.28, 98.25, 98.28, 97.88, 98.15, 98.19, 98.25, 98.12, 98.27, 98.19, 98.18, 98.13, 97.94, 98.19, 98.21, 98.2, 98.06, 98.27, 98.13, 98.23, 97.98, 98.2, 98.13, 98.0, 98.18, 98.19, 98.11, 98.14, 98.16, 98.09, 98.22, 97.98]}