{"train_loss": [2.3005572185557113, 2.297046220710135, 2.295679464808896, 2.2948896737180204, 2.294314550028907, 2.2938436748635054, 2.2934436589224725, 2.2931356394392814, 2.2928876316445503, 2.2926574828278303, 2.292499195306729, 2.2923441060587892, 2.292213836286822, 2.2920630834041495, 2.2919421430326934, 2.2918582196928496, 2.2917660928180075, 2.291659273652949, 2.291565857381902, 2.2914881772465177, 2.2914059136667824, 2.29134140513901, 2.291269046628577, 2.291194235157763, 2.29111330376731, 2.291048004077031, 2.2909849510233626, 2.290906780295902, 2.2908642852408256, 2.290792795837435, 2.2907146490537205, 2.2906706073345284, 2.290602004935599, 2.2905349048793826, 2.290484232780261, 2.290417086874318, 2.290332920021481, 2.290291988951528, 2.2902228490919128, 2.2901524386854253, 2.290090275116456, 2.290038296300122, 2.2899999949667187, 2.289922066223927, 2.289840283556881, 2.2897869908911552, 2.2897361338648023, 2.289686226946676, 2.289615305061014, 2.289527883896461, 2.289494356029054, 2.2894143258404527, 2.2893476598283167, 2.2892911108131084, 2.289220437534854, 2.2891654514858866, 2.289079349774581, 2.2890072184750156, 2.288958847013294, 2.288892838690016, 2.288798628709255, 2.2886841714891615, 2.288676760135553, 2.2885645627975464, 2.288526698564872, 2.288452356799036, 2.288361490282238, 2.2882843292676487, 2.288202753943256, 2.288079952582335, 2.288087624769944, 2.2879720396465726, 2.2878880032107363, 2.287839388745463, 2.287746759561392, 2.2876342030671926, 2.2875973016787796, 2.2874710687205324, 2.28739336413196, 2.2872935615034184, 2.2872111471290264, 2.287160572333214, 2.2870493388583517, 2.286916773033957, 2.2868623891447344, 2.2867442557954383, 2.2866145754471803, 2.2865493022478542, 2.2864748845752487, 2.286407970974588, 2.2862358179866757, 2.286132585289132, 2.2860874630447126, 2.28592136884347, 2.285809508755676, 2.285787157013885, 2.2856303438162193, 2.285516445962792, 2.2854162021579905, 2.285283049966535], "test_loss": [2.1885568725585935, 2.0983077911376955, 2.0639689819335936, 2.0420133743286133, 2.0216066818237306, 2.009773878479004, 1.9992511337280274, 1.9950662139892579, 1.982721743774414, 1.9708657821655273, 1.9703214401245117, 1.9669799224853515, 1.9673383178710937, 1.9649061416625977, 1.9583311813354491, 1.9540307098388672, 1.9560733444213867, 1.9533141052246095, 1.9435663711547853, 1.9537673873901367, 1.9505020263671875, 1.9460853927612305, 1.943034292602539, 1.9433010467529297, 1.940648616027832, 1.934183184814453, 1.937875338745117, 1.937031768798828, 1.9459755599975586, 1.9340485610961915, 1.9291736404418944, 1.9295120468139648, 1.9370925643920898, 1.9252328918457031, 1.9323282089233398, 1.9347957748413085, 1.9235560180664062, 1.9269657135009766, 1.9434171829223632, 1.931325604248047, 1.9246778121948243, 1.9300626708984374, 1.925653744506836, 1.9362643859863282, 1.9369198532104492, 1.9249571594238282, 1.9308458053588866, 1.9355225570678711, 1.9215814102172852, 1.9245198654174804, 1.9444383697509766, 1.9284866973876953, 1.9248800888061524, 1.9212571868896484, 1.9273980667114259, 1.929222607421875, 1.9294600952148437, 1.9300960113525392, 1.9200060302734374, 1.9235990097045899, 1.9300602203369142, 1.9413756393432617, 1.9146162551879884, 1.9196169784545898, 1.91879031829834, 1.9324916931152343, 1.9376636291503906, 1.9273200881958008, 1.9186374877929688, 1.9092865478515626, 1.913629234313965, 1.9217663803100586, 1.926111001586914, 1.9209609115600585, 1.9127286193847657, 1.9315998245239259, 1.922877960205078, 1.9169900161743163, 1.9113755294799806, 1.91919306640625, 1.9186130905151366, 1.8996418518066407, 1.9132467239379882, 1.9111584167480469, 1.9262876403808593, 1.9239803771972657, 1.905662730407715, 1.9216381118774415, 1.919286309814453, 1.924739045715332, 1.9137432678222657, 1.933306719970703, 1.9280182495117189, 1.90574306640625, 1.9364551239013672, 1.904034046936035, 1.9074597137451172, 1.9167660125732422, 1.9033591247558594, 1.9076963821411133], "test_acc": [73.95, 80.32, 86.89, 90.1, 91.31, 91.62, 92.7, 93.75, 93.92, 94.86, 94.93, 95.27, 95.18, 95.94, 95.62, 95.86, 96.07, 95.99, 95.78, 96.11, 96.53, 96.53, 96.51, 96.22, 96.76, 96.64, 96.7, 96.77, 96.67, 96.63, 96.87, 97.05, 96.69, 96.87, 97.06, 97.04, 96.87, 97.07, 97.14, 96.92, 97.28, 96.93, 97.19, 97.26, 97.11, 97.22, 97.16, 97.35, 97.13, 97.15, 96.9, 97.17, 97.19, 97.22, 97.16, 96.83, 97.43, 97.18, 97.16, 97.16, 97.27, 97.27, 97.16, 97.24, 96.8, 97.0, 96.8, 97.08, 96.92, 97.24, 97.01, 96.89, 96.82, 96.96, 96.87, 96.85, 96.75, 97.01, 96.87, 96.54, 96.67, 96.9, 96.52, 96.45, 96.82, 96.1, 96.38, 95.74, 96.44, 95.82, 95.4, 95.14, 95.62, 96.23, 95.14, 95.41, 95.55, 95.0, 95.02, 95.28]}