{"train_loss": [2.2721055048143763, 2.2442360973765707, 2.235490848366012, 2.231124910024496, 2.228554671136742, 2.2267293125136285, 2.2254145843350988, 2.2242421956143827, 2.222955965078794, 2.2220947701706844, 2.221287953547942, 2.220522443962912, 2.2196095942432046, 2.218956912175203, 2.2180448052210684, 2.217260432039571, 2.2165644775089035, 2.21595792281322, 2.2151048534955735, 2.2143597674166036, 2.2135138511657715, 2.212564241172921, 2.212113157296792, 2.211046506197025, 2.2102127961623363, 2.209363876244961, 2.2083344102924705, 2.2075248926113815, 2.20652056300742, 2.2054603099823, 2.2044835401396465, 2.203072302361839, 2.202116694715288, 2.200916472663227, 2.199802171980214, 2.1984656570304155, 2.1972657798701882, 2.195713505276248, 2.1941193933160896, 2.1925836832095413, 2.190937935287117, 2.189428110407968, 2.187646338572869, 2.1857696649355765, 2.1841476422089796, 2.18218234512541, 2.179823511176639, 2.1780007838184, 2.1758188712291227, 2.173829527492197, 2.170878210128882, 2.1689038057612557, 2.1660425785260324, 2.163494327638903, 2.161087077907008, 2.1582352325447602, 2.155607981559558, 2.1519479333844957, 2.1496139275722013, 2.1461517887237744, 2.143137901257246, 2.140273639279553, 2.1370805405144, 2.1331217854450912, 2.1292729820960608, 2.1265210972891913, 2.1229541026628933, 2.119038031141982, 2.115143218101599, 2.1115792449722943, 2.107436929503058, 2.1028594756737733, 2.0996815108845377, 2.0959065704264193, 2.091812560191521, 2.0877689072209544, 2.083776249844804, 2.078958037572029, 2.076112548000792, 2.0712822314001555, 2.0678505795633693, 2.0635557268929277, 2.058231467874641, 2.055275078003223, 2.051537317597968, 2.0471203080099873, 2.043293398160201, 2.0388718048731485, 2.0353127259474535, 2.030915482176675, 2.0273422219304957, 2.0240980310317798, 2.0204567381968865, 2.016359623171325, 2.013828143859521, 2.00847957837276, 2.0055368023040967, 2.0022260847254696, 1.9985618688102462, 1.9950189493660233], "test_loss": [1.748338053894043, 1.6295425735473632, 1.6024368209838866, 1.5855119674682616, 1.5217260864257813, 1.5331236694335937, 1.521406135559082, 1.5429374328613281, 1.459745851135254, 1.4735767959594726, 1.510881185913086, 1.5206175338745118, 1.448118244934082, 1.4975769638061522, 1.4689391555786133, 1.4912182540893555, 1.5145918060302734, 1.4590949325561524, 1.4335372314453125, 1.4404214462280274, 1.4776063659667968, 1.4404983993530274, 1.4418078628540039, 1.4340003784179687, 1.4568725326538086, 1.4615436599731446, 1.4113160339355468, 1.4721317977905273, 1.4654882598876953, 1.4861648162841796, 1.4382798965454102, 1.4642965515136719, 1.523630599975586, 1.415356430053711, 1.4601259323120117, 1.5047917541503906, 1.5388991958618163, 1.4382277099609375, 1.4392462600708007, 1.4168532150268556, 1.4928113067626954, 1.458491976928711, 1.5046592544555664, 1.4313841659545898, 1.4254335784912109, 1.4361749069213867, 1.4359689483642577, 1.4924623489379882, 1.5345173919677735, 1.4560200088500976, 1.4488065780639647, 1.4917048583984376, 1.559960888671875, 1.4957103805541991, 1.4719947692871094, 1.519592822265625, 1.4940826858520508, 1.4376247329711913, 1.53904140625, 1.4942290847778321, 1.4885962966918946, 1.5072763244628906, 1.4949792388916017, 1.4793992614746094, 1.5224501266479493, 1.5179036834716797, 1.4379895080566407, 1.4486048583984374, 1.568623974609375, 1.5273353485107422, 1.4879545593261718, 1.5212342163085937, 1.557739421081543, 1.5426085174560547, 1.5380048370361328, 1.5216007904052735, 1.5200530426025392, 1.5366870330810547, 1.5679587356567384, 1.5134140899658204, 1.5146760848999024, 1.5321170623779297, 1.6056253158569336, 1.5656139526367188, 1.5477574096679687, 1.614691033935547, 1.5661075317382813, 1.582083737182617, 1.615458576965332, 1.5780054382324218, 1.5589382431030274, 1.6012870788574218, 1.6275119384765624, 1.595478890991211, 1.6290444107055664, 1.644310154724121, 1.5709504119873048, 1.6504359771728516, 1.6115609481811524, 1.6214305541992187], "test_acc": [84.16, 92.5, 93.56, 95.85, 96.26, 96.6, 96.62, 96.97, 97.17, 97.12, 97.71, 97.87, 97.67, 97.93, 97.84, 98.24, 98.15, 98.14, 98.1, 97.99, 97.91, 97.58, 98.21, 97.83, 98.18, 98.11, 98.05, 97.82, 97.8, 97.61, 97.92, 97.89, 97.55, 97.72, 97.01, 97.25, 96.2, 96.78, 96.85, 97.09, 95.5, 95.57, 93.33, 95.98, 95.9, 95.3, 94.94, 92.87, 88.67, 92.77, 92.97, 90.98, 86.97, 89.57, 90.37, 86.42, 87.88, 87.14, 83.95, 83.88, 82.45, 81.8, 82.65, 79.38, 78.31, 80.57, 81.99, 80.4, 74.89, 75.27, 75.14, 74.02, 71.78, 71.19, 71.63, 72.9, 72.49, 69.43, 66.12, 70.3, 69.96, 66.79, 62.8, 64.08, 65.63, 60.54, 63.92, 61.65, 58.1, 61.59, 63.58, 59.18, 58.48, 58.02, 57.16, 55.93, 60.57, 55.27, 57.86, 57.66]}