{"train_loss": [1.9943872623973422, 1.870156716587197, 1.8494815918115468, 1.8392424445885878, 1.830954079189871, 1.8246338515200167, 1.8190800005044692, 1.8137853914855893, 1.8101112598027937, 1.8051686116263397, 1.8012702454868545, 1.7966076851400554, 1.7924762001404395, 1.7877662930733118, 1.7827040639697995, 1.7784734699461195, 1.7721933223243453, 1.7671497909941225, 1.7605536901033843, 1.753758429716795, 1.7471450011954348, 1.7391437378704038, 1.731285850207011, 1.7210722267627716, 1.7125375087444599, 1.7019282747537663, 1.6899190680084066, 1.6780252927898343, 1.664430325357323, 1.6504142220713134, 1.6352489718005188, 1.6162216459584033, 1.5994026688938467, 1.580975210819489, 1.559466233365556, 1.5391081490068355, 1.5146095694130302, 1.4908577962818308, 1.463462072559911, 1.4397947711822314, 1.4104994387708158, 1.383957795607738, 1.3596849326904004, 1.3299998376104567, 1.3005322485398023, 1.2713437037080781, 1.243392993751754, 1.2193030923859687, 1.1888390677606957, 1.1673604733923562, 1.14303569151805, 1.118815802101396, 1.0980369401538475, 1.075938694497459, 1.0561015664512277, 1.0387015658566074, 1.0217673477963505, 1.0075183612668617, 0.9919002669998723, 0.9791597839858797, 0.9684911850425932, 0.9573103426358639, 0.9475583482501854, 0.9393473917093033, 0.9309743935735817, 0.9231547526060007, 0.9170117928431585, 0.9106735343861784, 0.9052347330710827, 0.8981322192738199, 0.8938099897315359, 0.8888323992236048, 0.8843960149420632, 0.879826493242867, 0.8756879764234918, 0.8723359248067579, 0.8693441555031345, 0.8659574158935466, 0.8624716664736087, 0.8592793120023532, 0.8565188953254976, 0.8537539860122224, 0.8509945967513272, 0.8478595493440955, 0.8455614586416472, 0.8438794710951992, 0.8407819469769796, 0.8386645998455521, 0.8367008090528667, 0.8347800269595578, 0.8330608007744846, 0.8309203516214322, 0.8288449785138807, 0.8269587355291742, 0.8259439602112159, 0.8238154000196701, 0.8225174359022043, 0.8201915663786423, 0.8188210546206205, 0.8177876103128123], "test_loss": [0.9949923843383789, 0.830307192993164, 0.8532369750976563, 0.8444148330688477, 0.8018567985534668, 0.8318112747192383, 0.8047225273132325, 0.8036605880737304, 0.7919594978332519, 0.8141488456726074, 0.7840560661315918, 0.7644011665344238, 0.7862753242492676, 0.7596416282653808, 0.7966619720458984, 0.7103129692077637, 0.6924535461425781, 0.7957587036132813, 0.770980428314209, 0.7188997383117676, 0.7220508186340332, 0.7468121513366699, 0.7929660446166992, 0.7439749794006347, 0.7797111053466796, 0.7881211784362793, 0.8234207595825195, 0.7659002326965332, 0.7831029251098632, 0.738498477935791, 0.7928562835693359, 0.7816861892700195, 0.8064235229492187, 0.800276318359375, 0.818838289642334, 0.8928111885070801, 0.8028988136291504, 0.8049325508117676, 0.8281113136291504, 0.8732598670959473, 0.9267713829040527, 0.8261805076599121, 0.9176819351196289, 0.9483075698852539, 0.9170887367248535, 0.8888952728271484, 0.9689072097778321, 0.9506758522033691, 0.9613934059143067, 0.9955016372680664, 0.981248722076416, 0.9939029823303223, 1.074638249206543, 1.0180229286193847, 1.0334863578796387, 1.1112509857177735, 1.0429996887207031, 1.0784242942810058, 1.1142821754455567, 1.0758108665466308, 1.0791005043029784, 1.1281233169555664, 1.086528042602539, 1.1274353790283203, 1.1426370277404785, 1.1267653297424316, 1.0763691955566406, 1.1260917289733887, 1.1304005096435548, 1.154091455078125, 1.1187535575866698, 1.2119530128479004, 1.1934618927001952, 1.193063387298584, 1.184203574371338, 1.1985150756835938, 1.1748232803344727, 1.19659278717041, 1.207762100982666, 1.1969789558410644, 1.2243196655273438, 1.2325348403930665, 1.254041107940674, 1.235486166381836, 1.2508101814270018, 1.252151383972168, 1.2496913681030273, 1.2289736289978028, 1.2419515663146972, 1.2489211563110352, 1.238782440185547, 1.2600176147460938, 1.2574867141723634, 1.2772123931884765, 1.2662050689697266, 1.2575080337524414, 1.2817680587768554, 1.2611489158630371, 1.2714189208984374, 1.2825578414916992], "test_acc": [94.28, 96.37, 96.73, 97.5, 97.8, 98.02, 98.09, 98.06, 98.17, 98.21, 98.28, 98.41, 98.2, 98.29, 98.33, 98.33, 98.14, 98.18, 98.23, 98.08, 98.07, 98.08, 97.57, 97.55, 97.29, 96.95, 95.15, 96.22, 95.19, 95.16, 93.79, 92.54, 92.17, 90.17, 88.73, 86.08, 86.3, 86.31, 85.82, 83.03, 78.97, 82.27, 78.03, 76.49, 77.47, 75.63, 72.51, 73.44, 72.43, 71.41, 71.55, 71.19, 67.06, 69.6, 68.88, 66.46, 68.56, 66.94, 65.87, 67.46, 66.61, 65.27, 66.88, 65.27, 64.62, 65.32, 67.19, 64.67, 65.57, 64.49, 65.74, 62.1, 63.14, 62.98, 63.18, 62.71, 63.82, 62.9, 62.34, 63.1, 61.52, 61.58, 60.77, 61.54, 61.09, 60.96, 61.05, 62.03, 61.51, 61.18, 61.31, 60.57, 61.14, 60.29, 60.31, 60.95, 60.58, 60.5, 60.52, 60.05]}