{"train_loss": [2.2603992101473684, 2.2274095023799148, 2.218570343959026, 2.214862481651143, 2.2127303476007576, 2.2111559133244376, 2.209960818800152, 2.209034592167944, 2.208305516304114, 2.2076297927106547, 2.2070513148593087, 2.20662011906632, 2.2061835965539656, 2.2057972484164767, 2.205467154327621, 2.2050807195850926, 2.20479413586804, 2.204528329209385, 2.204284282831045, 2.204028861135499, 2.2037682365148497, 2.2036059885962396, 2.2034143489650173, 2.2032478533239446, 2.2030124531851873, 2.2028586625033975, 2.202689060798058, 2.2024754805442615, 2.202362038131453, 2.202218807151175, 2.202052866291796, 2.2018811906504836, 2.2018055620356503, 2.2015805957663774, 2.2014819847212896, 2.201290650245471, 2.2011799537218533, 2.2011131460850057, 2.2009622174450474, 2.200834615617736, 2.200693636877924, 2.200581007533603, 2.200466477463388, 2.200376799982837, 2.2002733579048743, 2.2001503828244333, 2.200026857547271, 2.1999554522017126, 2.199874096446567, 2.199748442723201, 2.199611072866326, 2.1994819844889846, 2.199408742607149, 2.1993355221218533, 2.1992133662231965, 2.199067512129107, 2.1989432731245317, 2.1989380141608734, 2.1987949482396116, 2.1987095933694105, 2.1986461077999864, 2.1984584871520343, 2.198384358842149, 2.198256614880684, 2.1982340272675214, 2.198092616521395, 2.197970852892623, 2.1978743091607704, 2.1977513967416225, 2.197612156215896, 2.197598961173979, 2.1975221802026796, 2.1973925553835354, 2.1973043506980963, 2.1971310805051756, 2.197150777038346, 2.196995977153126, 2.196892865193196, 2.1968171428411436, 2.1966543391219573, 2.1966144187837586, 2.1965059067448998, 2.196392216743567, 2.1963517497747373, 2.1962160997920566, 2.196107194973872, 2.196024800977136, 2.195923634064503, 2.195863882700602, 2.195723854069017, 2.1955649073307333, 2.1955281047739534, 2.1954150286495175, 2.1952849713146176, 2.195155158511594, 2.195152225657406, 2.1949194358964252, 2.194954238895677, 2.194755821655958, 2.1947204974981456], "test_loss": [1.6618372100830079, 1.5434267776489259, 1.4911840576171875, 1.4710912338256836, 1.4566046813964844, 1.4412465393066407, 1.448448011779785, 1.420583088684082, 1.4348300521850585, 1.4366186416625977, 1.4165234405517577, 1.416757713317871, 1.3873744140625, 1.416106640625, 1.4109116241455077, 1.4092901519775392, 1.3814998840332031, 1.4124752288818359, 1.393319255065918, 1.3959280471801758, 1.404663314819336, 1.3842393600463867, 1.3987818771362304, 1.3772647872924804, 1.4042391418457032, 1.4167304504394531, 1.3810439575195312, 1.4079966018676757, 1.3885207550048828, 1.3815129821777343, 1.3977202713012695, 1.376974755859375, 1.375788362121582, 1.3595735610961914, 1.368375050354004, 1.374722184753418, 1.3809306518554687, 1.3945931777954101, 1.3986822296142578, 1.3667097076416015, 1.3635287460327148, 1.3800554656982422, 1.416870118713379, 1.3996487426757813, 1.3724773330688476, 1.3913297210693358, 1.4369739959716796, 1.3982685272216797, 1.3868150985717773, 1.4174573806762696, 1.4262321823120117, 1.3671364349365234, 1.404841079711914, 1.3796996383666993, 1.4035706573486328, 1.3762759552001953, 1.393885676574707, 1.3914611877441405, 1.4090200057983397, 1.3798050430297852, 1.3951162643432617, 1.384661097717285, 1.3691284362792968, 1.3445994430541992, 1.336855729675293, 1.3846419677734374, 1.387453533935547, 1.3938748306274413, 1.3849651351928711, 1.3968814987182616, 1.3936778533935548, 1.3728966659545898, 1.392546061706543, 1.3808210388183593, 1.4356638656616212, 1.3485520645141602, 1.3806017791748046, 1.3835536026000976, 1.3966292205810547, 1.3764244049072265, 1.3753600540161133, 1.374853337097168, 1.3682586410522461, 1.3656026229858398, 1.407468704223633, 1.3994264511108399, 1.3678552612304689, 1.3629833770751953, 1.3800495742797851, 1.3790282760620116, 1.4334417739868164, 1.407539826965332, 1.353597314453125, 1.3944650497436524, 1.413633331298828, 1.3513161071777344, 1.3718458374023437, 1.3813280700683594, 1.393889434814453, 1.3816797225952149], "test_acc": [87.5, 93.49, 95.39, 96.08, 96.78, 96.94, 97.32, 97.48, 97.81, 97.92, 97.83, 98.07, 98.04, 98.17, 98.17, 98.27, 98.31, 98.4, 98.25, 98.42, 98.48, 98.45, 98.55, 98.54, 98.64, 98.65, 98.63, 98.61, 98.59, 98.61, 98.77, 98.71, 98.67, 98.77, 98.7, 98.79, 98.79, 98.85, 98.8, 98.81, 98.8, 98.84, 98.78, 98.86, 98.82, 98.88, 98.9, 98.9, 98.83, 98.94, 98.92, 98.87, 98.99, 98.88, 98.91, 98.94, 98.93, 98.91, 98.91, 98.9, 98.95, 98.88, 98.94, 98.86, 98.92, 98.92, 98.96, 98.91, 98.94, 98.9, 98.95, 98.92, 98.96, 98.98, 98.95, 98.95, 98.93, 98.93, 99.0, 98.95, 98.95, 98.94, 98.85, 98.94, 98.93, 98.92, 98.96, 98.94, 98.98, 98.96, 98.98, 98.9, 98.95, 98.89, 98.94, 98.9, 98.9, 98.91, 98.96, 98.93]}