{"train_loss": [2.217339888597146, 2.15595615725232, 2.140414021208755, 2.132407793122479, 2.127402803582004, 2.1227647736031785, 2.11877837140336, 2.1147868752988996, 2.1109348632331586, 2.107403807151012, 2.103809628985886, 2.0998780164453716, 2.0956302672369866, 2.0916013656518397, 2.086578312337908, 2.0811204553669334, 2.0754697587754993, 2.0687110416400127, 2.0616990592744617, 2.0537645164717975, 2.045787464094977, 2.034903111620846, 2.024403907549687, 2.011367476394034, 1.997889563568637, 1.9825190259860113, 1.9661144199024918, 1.9473714403107636, 1.9263357104908707, 1.903039166305819, 1.8765232489149795, 1.8473723163971534, 1.8164475707926302, 1.7821901040708916, 1.7470695682061024, 1.7059683486437187, 1.6646234151135144, 1.6215337494499662, 1.5768318377498887, 1.5295159274186843, 1.4811876548661127, 1.4315510893988812, 1.37759305906092, 1.3341162375405304, 1.2821994948590922, 1.2294259048425233, 1.180403783153265, 1.137532947664587, 1.083956715133455, 1.0449268770778282, 0.9997861694831115, 0.9606262747293863, 0.9193576597250425, 0.8826776376137366, 0.8518677464662454, 0.8225624860606642, 0.7942457644857912, 0.7700976609674275, 0.7490723685831087, 0.7322212958183044, 0.7167228308753071, 0.7040861838648462, 0.6928928083079493, 0.6828908410846678, 0.6736755676758595, 0.6667882891801687, 0.6588591984194568, 0.6532585990225148, 0.6474104847154046, 0.6411925196392924, 0.6362173310202411, 0.6309718218369361, 0.6258682539829841, 0.6221855673779789, 0.6180644653037063, 0.6136097891463174, 0.611046384797137, 0.6063537807800831, 0.6036440089472339, 0.6005135127621838, 0.5971747420282445, 0.59425406005138, 0.5917114465155153, 0.5883253844630005, 0.5856601514367976, 0.5834196290144553, 0.5814588929598148, 0.5791068873089603, 0.5766492903742015, 0.5742180921837815, 0.5722523246310715, 0.5699389480118059, 0.5680981354835706, 0.5663642482115672, 0.5645106158450118, 0.5627751467574356, 0.5607443082536387, 0.5593321691466193, 0.5575857717766721, 0.5556378051256522], "test_loss": [1.4677385208129883, 1.2809259132385253, 1.2391787452697753, 1.2729576965332032, 1.2330555221557618, 1.1934460525512696, 1.221696990966797, 1.267005778503418, 1.217213705444336, 1.2376974472045899, 1.1984123458862306, 1.1886514068603515, 1.2111525009155273, 1.2033303756713867, 1.2658254989624023, 1.2656553833007813, 1.1637322875976563, 1.171744792175293, 1.198079963684082, 1.2005034301757813, 1.2427465026855469, 1.1842340744018556, 1.1899709762573243, 1.2238120086669921, 1.1797072937011719, 1.1570135009765625, 1.141079874420166, 1.2424730880737305, 1.247592790222168, 1.2595402221679688, 1.2047076553344727, 1.3329503494262696, 1.2502158996582031, 1.4250082244873048, 1.3987727142333983, 1.3164787063598633, 1.328603434753418, 1.3454531341552733, 1.4749467071533202, 1.4372988388061523, 1.4876154418945313, 1.435988949584961, 1.666707501220703, 1.594806867980957, 1.7220309783935548, 1.6762280364990234, 1.8862140747070313, 1.8497469451904296, 1.6850675643920898, 1.833370297241211, 1.9622251556396484, 1.9584334838867188, 1.9431463256835937, 2.1553627563476563, 2.0674857574462893, 2.083750494384766, 2.1885844009399413, 2.1039034622192383, 2.1495118377685545, 2.10413896484375, 2.2030622421264647, 2.2191731735229494, 2.2144333663940428, 2.2218021041870117, 2.244376461791992, 2.2713739852905275, 2.286209558105469, 2.2619565551757814, 2.2426685195922853, 2.3044148513793945, 2.2832468505859373, 2.2703833801269533, 2.3031193557739256, 2.3759593475341796, 2.3059520294189455, 2.3492376586914063, 2.3402060165405274, 2.3334762771606443, 2.332395997619629, 2.3447184432983397, 2.360739854431152, 2.415198457336426, 2.412940994262695, 2.4079399291992187, 2.3661780807495116, 2.4149652587890627, 2.4359743881225584, 2.382614588928223, 2.4111859664916993, 2.4185632431030273, 2.413885194396973, 2.4062748611450195, 2.5066168701171874, 2.414095231628418, 2.4634669326782226, 2.4602659561157227, 2.459753288269043, 2.4577967529296876, 2.4705135040283204, 2.483666743469238], "test_acc": [90.71, 92.59, 95.11, 95.44, 96.39, 96.58, 97.05, 96.98, 97.27, 97.08, 97.44, 97.24, 97.28, 97.47, 96.9, 96.77, 96.51, 96.54, 95.57, 94.44, 94.64, 93.15, 92.52, 88.87, 88.16, 89.81, 88.65, 81.65, 81.01, 76.82, 76.97, 70.23, 70.2, 60.05, 60.5, 64.49, 62.42, 61.47, 55.42, 55.95, 53.69, 55.9, 46.8, 50.14, 46.73, 48.27, 43.18, 44.15, 48.97, 44.45, 40.96, 43.11, 43.67, 38.71, 41.65, 40.76, 37.52, 40.81, 39.45, 40.67, 38.75, 37.29, 37.81, 38.14, 37.45, 37.03, 36.72, 36.35, 38.0, 36.98, 37.24, 37.38, 36.78, 35.09, 36.19, 35.71, 35.83, 35.87, 35.56, 35.44, 35.39, 33.81, 34.41, 34.19, 35.68, 33.63, 33.81, 35.18, 34.72, 34.19, 34.37, 34.42, 31.85, 34.45, 33.34, 33.47, 33.52, 33.65, 33.26, 32.54]}