{"train_loss": [1.562221161575399, 1.3686921176237938, 1.3440149645520072, 1.3308870957957373, 1.321793899576888, 1.3148011565208435, 1.3092373380294213, 1.3047903139367063, 1.3002313604721656, 1.2958532003765433, 1.2918618922559624, 1.2878725574566767, 1.284990257687039, 1.2808753860811901, 1.2778706311160684, 1.2736853493584528, 1.2710521399465382, 1.2671198495942304, 1.263041967764879, 1.2596665546934829, 1.2551976656302428, 1.2522277959391601, 1.247643272846173, 1.2441444649146154, 1.2391778368216295, 1.2349881142632575, 1.2305546555763636, 1.2249443446978545, 1.221188721875859, 1.2153678212919805, 1.210460053040431, 1.2047144872510536, 1.1979246595476427, 1.192268869561008, 1.1872384680642023, 1.180857678509166, 1.1736567282778585, 1.1667095985677507, 1.1604216172654405, 1.1537655113089798, 1.1461558693494551, 1.1393439914935675, 1.1325005224117866, 1.1252216127438424, 1.1173380305114975, 1.1096464049102914, 1.102200610260678, 1.0962994410696192, 1.088200343088207, 1.08101542497802, 1.0742584824816794, 1.0677414284302638, 1.0607166915622532, 1.053815882302757, 1.0474045561929035, 1.0414179874281597, 1.0351510347209425, 1.0296849326954947, 1.024093939198388, 1.0181929387597957, 1.0125871528672357, 1.0073053007706618, 1.0017330995482256, 0.9981751094261805, 0.9929392252467636, 0.9890543214785747, 0.9843136618534724, 0.9800498446083477, 0.9765448653035693, 0.9722087090341454, 0.9696334376294389, 0.9667100517922996, 0.9629579643663179, 0.9606818496926218, 0.9572977996789492, 0.9553155397248064, 0.952454319749123, 0.9493153642894875, 0.9465524713453065, 0.94492471893119, 0.9425670015506256, 0.9402532229820887, 0.9377222911924379, 0.9361236956384447, 0.9349428257371626, 0.9323182933860354, 0.9310531858195606, 0.9294579549987092, 0.9280042128685193, 0.9261192192888668, 0.9242139785972416, 0.923137064036141, 0.9220033126254367, 0.9200439704024893, 0.9187621676769012, 0.9174026818866403, 0.9167748429836371, 0.9155694158413471, 0.9142205066915251, 0.912710819998358], "test_loss": [0.4914073263168335, 0.4684109600067139, 0.4916164459228516, 0.4208786533355713, 0.43864849967956543, 0.44495489654541015, 0.41576388664245606, 0.46688505096435545, 0.4246864910125732, 0.38003422164916995, 0.38958455657958985, 0.4577499496459961, 0.4023059715270996, 0.42600394248962403, 0.38472806510925295, 0.40706212005615233, 0.4371090286254883, 0.41574099807739257, 0.40932475662231443, 0.41811914863586425, 0.4296755111694336, 0.4436466056823731, 0.43440080909729006, 0.4065587306976318, 0.4228974681854248, 0.43411066970825196, 0.45119779357910156, 0.48554757766723633, 0.4013628620147705, 0.36603536338806153, 0.40187788581848144, 0.3878412094116211, 0.46537576141357423, 0.39568926887512207, 0.43896600189208984, 0.3896566738128662, 0.4424524631500244, 0.37568488159179686, 0.4359123817443848, 0.392781770324707, 0.3990956661224365, 0.38904522628784177, 0.3422398223876953, 0.4426306491851807, 0.4615231498718262, 0.3889106327056885, 0.42031612892150877, 0.42211713905334475, 0.43597896423339844, 0.44161911544799803, 0.40511398849487307, 0.40702159538269045, 0.4021836238861084, 0.3946431655883789, 0.41508607635498046, 0.46476686820983887, 0.47630194358825684, 0.4528233764648438, 0.4384555461883545, 0.41315952606201173, 0.43117433700561525, 0.4289275047302246, 0.47266890869140626, 0.4293024139404297, 0.40930484008789064, 0.44185787506103513, 0.45815524520874024, 0.4584392925262451, 0.43021718482971194, 0.4342888332366943, 0.4094242805480957, 0.47001428260803224, 0.48186942863464355, 0.4716701313018799, 0.43602004776000974, 0.43946985778808595, 0.42599145889282225, 0.43780032348632814, 0.4652915229797363, 0.4751871715545654, 0.4543210033416748, 0.47860335311889646, 0.4509727481842041, 0.45493392295837404, 0.4931330669403076, 0.45638014755249023, 0.444047940826416, 0.48935832443237304, 0.461571773147583, 0.4673771831512451, 0.4792232498168945, 0.46007917251586916, 0.4719858856201172, 0.48435424194335935, 0.47515543365478513, 0.49631418533325194, 0.47206865272521975, 0.47412833786010744, 0.4678446376800537, 0.4784135261535645], "test_acc": [95.82, 97.67, 98.02, 98.31, 98.36, 98.52, 98.66, 98.72, 98.71, 98.85, 98.88, 98.75, 98.97, 98.92, 98.97, 98.75, 98.83, 98.82, 98.89, 98.89, 98.92, 98.86, 98.78, 98.74, 98.63, 98.71, 98.69, 98.61, 98.63, 98.68, 98.61, 98.62, 98.38, 98.46, 98.27, 98.41, 98.42, 98.08, 97.67, 98.14, 98.0, 98.16, 98.2, 96.86, 96.84, 97.51, 97.31, 97.23, 96.64, 96.43, 97.31, 97.2, 96.84, 96.7, 96.43, 94.9, 93.73, 95.81, 95.8, 96.36, 95.67, 95.86, 95.32, 95.59, 95.84, 95.65, 94.28, 94.51, 95.36, 95.17, 95.56, 94.87, 94.74, 93.99, 95.08, 94.74, 95.29, 94.77, 94.42, 94.0, 94.52, 94.05, 94.55, 94.66, 93.4, 94.45, 94.67, 93.58, 94.21, 93.73, 93.86, 94.11, 94.05, 93.78, 93.98, 93.42, 94.06, 94.03, 93.81, 93.85]}