{"train_loss": [1.6965178169755855, 1.5229076664162498, 1.5005664608926854, 1.488460266437286, 1.4801506731245253, 1.4729651449582515, 1.468299721296017, 1.4633231634258206, 1.4591945929405017, 1.455629791968908, 1.4522473929274795, 1.449032037686079, 1.4460937092956314, 1.4430302274532807, 1.439848311436482, 1.4366755814124377, 1.4339067418860574, 1.431327389091508, 1.4280608831307826, 1.4251251531462383, 1.421696144546199, 1.4192325966989892, 1.415420766060169, 1.4114329066032019, 1.4080124515244083, 1.4048138505373247, 1.4000092528314672, 1.395776097336386, 1.3922502767835927, 1.387513309971899, 1.3830833529305255, 1.3788466186095507, 1.3737402678045452, 1.368582924716493, 1.363259541682708, 1.358652881322763, 1.3522057607133164, 1.3466323359399779, 1.3406857695334997, 1.334709655525338, 1.3281075256502526, 1.3214751303705394, 1.3153740722908933, 1.307694332467185, 1.3018021733842344, 1.2949346441489, 1.287344148271104, 1.2813247098372533, 1.2743636275458539, 1.2673223719128177, 1.2604071464803484, 1.251795808474223, 1.2467534340854385, 1.2387123642823634, 1.2327121901206481, 1.225704597102271, 1.2193487841858823, 1.2123026626232343, 1.205483524208395, 1.200034053152443, 1.1945905247305193, 1.1886340894250789, 1.1822223691349356, 1.1782842617259066, 1.1723508070676754, 1.167619082917515, 1.1621668560382648, 1.1583510471714868, 1.1534977252157326, 1.1481528190466075, 1.1451589340328152, 1.1405820958634727, 1.1371308692500122, 1.1327641061228564, 1.129823031843218, 1.1263031039991949, 1.1224829860222645, 1.1191235905529087, 1.1169357974814553, 1.1133938235604866, 1.1100967730212414, 1.1087488695087595, 1.105920624274474, 1.1035146104474354, 1.100854869836416, 1.098626323744782, 1.0965791647760277, 1.0941199999079745, 1.091979573170344, 1.0898651106235309, 1.0878848357078357, 1.0870235226093194, 1.08458226486149, 1.0832921681750534, 1.081458396381802, 1.0797842313081791, 1.0788676471282275, 1.0768743228708577, 1.075456804699368, 1.0742554425174355], "test_loss": [0.626885888671875, 0.5822991539001465, 0.5390804027557373, 0.6405854244232178, 0.5730873817443848, 0.5446501415252686, 0.5410442443847656, 0.5492862949371338, 0.4667612953186035, 0.5314020458221436, 0.4794473304748535, 0.5188723674774169, 0.46712572135925295, 0.4796209342956543, 0.5039846889495849, 0.4990332897186279, 0.4608646911621094, 0.551608544921875, 0.49478414154052736, 0.512498486328125, 0.46257052726745607, 0.4234699131011963, 0.487705700302124, 0.5334819728851319, 0.5325281654357911, 0.4950852325439453, 0.5267500144958496, 0.5630105079650879, 0.4402801658630371, 0.46841953201293945, 0.42728744049072265, 0.47686039237976074, 0.4987351043701172, 0.4727351070404053, 0.47527502403259275, 0.47626303329467773, 0.5225507091522217, 0.4958698169708252, 0.452340181350708, 0.4742557476043701, 0.5010427742004394, 0.5417265254974365, 0.5067421257019042, 0.4958234790802002, 0.5342917415618896, 0.5376685409545898, 0.4809863494873047, 0.5125835460662842, 0.5514388801574707, 0.5543894676208496, 0.6046408782958984, 0.5267500034332275, 0.5158628715515137, 0.5717566883087158, 0.4976804832458496, 0.5358098640441894, 0.5753918876647949, 0.5559835102081299, 0.5409617694854736, 0.5126362323760987, 0.5570833206176757, 0.5140904121398926, 0.5209627735137939, 0.5232208076477051, 0.5615769577026367, 0.5761674907684327, 0.5688137016296386, 0.5213999687194825, 0.5684019268035889, 0.5388476448059082, 0.5794430515289307, 0.5728566329956055, 0.5674656238555909, 0.554449021911621, 0.5900080402374268, 0.556363648223877, 0.5795193222045898, 0.5298039077758789, 0.5718241237640381, 0.5536284027099609, 0.5595278491973877, 0.5684734622955322, 0.580337871170044, 0.5744846897125244, 0.574869934463501, 0.5763681396484375, 0.5862566390991211, 0.5427131763458252, 0.5805826148986817, 0.5897727001190185, 0.5822010635375977, 0.5872840721130371, 0.5597785724639892, 0.609453464126587, 0.6021427810668946, 0.5778936775207519, 0.6049789722442627, 0.6142920108795166, 0.5826435260772705, 0.6222992305755615], "test_acc": [95.94, 97.53, 98.05, 98.11, 98.34, 98.48, 98.59, 98.63, 98.74, 98.81, 98.85, 98.8, 98.67, 98.86, 98.85, 98.9, 98.86, 98.87, 98.94, 98.93, 98.95, 98.82, 98.87, 98.95, 98.94, 98.98, 98.86, 98.9, 98.8, 98.75, 98.85, 98.72, 98.64, 98.58, 98.55, 98.44, 98.32, 98.06, 98.22, 98.06, 98.16, 97.63, 97.47, 97.86, 97.41, 96.91, 97.27, 97.02, 96.2, 96.14, 93.41, 96.01, 96.14, 94.37, 96.23, 95.7, 94.81, 94.26, 94.77, 95.07, 94.46, 95.11, 94.67, 94.58, 93.54, 93.59, 93.06, 93.99, 92.62, 93.35, 93.35, 93.06, 93.06, 93.39, 92.5, 93.33, 93.33, 93.59, 93.07, 92.85, 93.36, 92.66, 92.35, 92.21, 91.66, 92.52, 92.58, 92.83, 91.74, 91.79, 92.32, 92.13, 92.53, 91.22, 91.8, 92.08, 91.79, 91.57, 91.43, 90.71]}