{"train_loss": [2.3021271677098722, 2.3012867590301056, 2.300779462370098, 2.30051258741281, 2.3003410243580484, 2.30020628321884, 2.300080225508437, 2.299984293615716, 2.299897139398461, 2.2998201923492627, 2.2997508889589553, 2.2996827465856176, 2.29962672942724, 2.299573858579, 2.2995287190135727, 2.29948875741062, 2.299455832212399, 2.2994126183354955, 2.299382480800661, 2.299353643360301, 2.2993217492714906, 2.2992984815540476, 2.2992765083272233, 2.299257167893597, 2.2992295327349606, 2.2992067540812697, 2.299193207015339, 2.2991696366896996, 2.2991496462088366, 2.2991341097742066, 2.299116956372546, 2.299106062986912, 2.299082213996822, 2.299073779175424, 2.2990497299748607, 2.299041960993384, 2.299025982363611, 2.299017570976518, 2.298995293613173, 2.2989879031466622, 2.2989758044226556, 2.2989547609264016, 2.2989487046869392, 2.2989312333938403, 2.298923822549673, 2.2989109550785813, 2.29889088206821, 2.298889786769182, 2.2988776345538278, 2.298859510666285, 2.298846300341125, 2.2988375899119253, 2.298824443266942, 2.298819138453557, 2.2988007491470404, 2.2987981973550258, 2.2987851734854217, 2.2987699050169725, 2.298759016725752, 2.2987474569907556, 2.2987441807730584, 2.2987348972222743, 2.298720497860868, 2.2987164590093823, 2.2987049975965776, 2.29869810740153, 2.2986865909690533, 2.2986741116923146, 2.298658960395389, 2.2986537095827932, 2.298638686665103, 2.2986319375853252, 2.2986237748056397, 2.298617508676317, 2.298609087609837, 2.2985978931443305, 2.2985928603726573, 2.298579646481408, 2.2985674789828114, 2.298558756836459, 2.298548642386738, 2.2985339465304317, 2.298530978524787, 2.29851758836681, 2.2985106609825396, 2.298500330529661, 2.298491574760176, 2.298481363007146, 2.298478952330402, 2.2984651800913687, 2.298459443781111, 2.2984495173152695, 2.298435432279212, 2.298427265423995, 2.2984190430396643, 2.2984138594733343, 2.298397933316027, 2.298387850451673, 2.2983827371882577, 2.298369521768684], "test_loss": [2.257816497802734, 2.2166918182373045, 2.1873557708740234, 2.1725181640625, 2.1638740142822264, 2.1555370330810546, 2.148728546142578, 2.1432968963623047, 2.136402377319336, 2.1339728302001952, 2.1268648834228516, 2.1251131896972657, 2.123449713134766, 2.120252569580078, 2.1174110870361327, 2.1114277587890626, 2.110910504150391, 2.107782305908203, 2.109038668823242, 2.1065432891845703, 2.1031116638183596, 2.0989853912353515, 2.1026221649169923, 2.1007497955322267, 2.0993801818847655, 2.0970742706298826, 2.0979474517822267, 2.0971057373046875, 2.0963409484863282, 2.094669839477539, 2.0951105590820314, 2.091775653076172, 2.093898629760742, 2.0939714721679685, 2.092832604980469, 2.089896130371094, 2.0899068115234374, 2.0909707275390623, 2.0917627716064455, 2.086998468017578, 2.0915137420654295, 2.088696319580078, 2.086240200805664, 2.0859359985351564, 2.0871464294433593, 2.0848641876220704, 2.0894166931152345, 2.085638433837891, 2.084333807373047, 2.0890933502197266, 2.0866486450195314, 2.0833659240722655, 2.086267501831055, 2.085708187866211, 2.084801126098633, 2.0847455230712892, 2.078104260253906, 2.0860294189453126, 2.0830430450439454, 2.084406021118164, 2.0832210998535157, 2.083840643310547, 2.0811563385009766, 2.083161932373047, 2.0833172607421875, 2.0787518127441404, 2.085262515258789, 2.0812911560058596, 2.075492181396484, 2.078238427734375, 2.0811547943115234, 2.0819032836914064, 2.0789479522705077, 2.079256149291992, 2.0775532012939455, 2.079861050415039, 2.0760887969970705, 2.078252697753906, 2.0799611694335938, 2.082232766723633, 2.078408428955078, 2.0788470764160154, 2.0788549285888673, 2.073818130493164, 2.075378771972656, 2.0792540710449217, 2.078714242553711, 2.0817392852783203, 2.0823177978515623, 2.0777956787109373, 2.076626983642578, 2.073542398071289, 2.0776323577880857, 2.0738530090332032, 2.0789462005615236, 2.0770063385009765, 2.075909262084961, 2.0735298614501954, 2.077687045288086, 2.0752447540283203], "test_acc": [63.45, 78.22, 83.01, 85.6, 88.36, 87.92, 89.58, 90.19, 91.2, 90.91, 92.38, 92.06, 93.3, 93.65, 93.71, 93.52, 94.31, 94.33, 94.52, 94.85, 95.12, 94.71, 95.22, 95.27, 95.49, 95.63, 95.58, 95.92, 95.92, 96.02, 96.11, 96.17, 95.87, 96.02, 96.29, 96.26, 96.06, 96.54, 96.48, 96.52, 96.47, 96.4, 96.5, 96.39, 96.8, 96.65, 96.86, 96.7, 96.61, 96.85, 96.92, 96.9, 96.78, 96.43, 97.01, 96.94, 96.96, 97.03, 97.02, 97.04, 97.03, 97.33, 96.92, 97.1, 97.02, 97.08, 97.29, 96.96, 97.06, 97.39, 97.27, 97.16, 97.23, 97.38, 97.21, 97.26, 97.17, 97.36, 97.36, 97.39, 97.45, 97.47, 97.22, 97.29, 97.01, 97.48, 97.2, 97.23, 97.47, 97.24, 97.38, 97.46, 97.48, 97.34, 97.34, 97.58, 97.33, 97.26, 97.36, 97.32]}