{"train_loss": [2.2540125041945367, 2.216677808863485, 2.2069509798644953, 2.2027767647025933, 2.200165796993125, 2.198292214646299, 2.196757819917467, 2.1956153119731154, 2.1946925551463394, 2.1938735710250006, 2.1929819502382197, 2.192351979068202, 2.191629482130719, 2.1911476779187846, 2.190595747059227, 2.1899176117701407, 2.1895016498035855, 2.188839301084861, 2.1885687454133973, 2.1880208421976137, 2.18755909622225, 2.1871368197294383, 2.186661956147251, 2.1862382038026795, 2.1858194042474794, 2.185396805787698, 2.184968336015685, 2.184517149232392, 2.1840759255947213, 2.1835930770278997, 2.1831962415295787, 2.1827482886803455, 2.182375140169747, 2.182029051658435, 2.1815990683359976, 2.1809485412051535, 2.180629608468113, 2.1801119625058947, 2.1795786048612023, 2.1792381604512534, 2.178741135658362, 2.1782093170361643, 2.177601989517864, 2.177307545629322, 2.1765723972239046, 2.176110567190708, 2.175694823774517, 2.175202039571909, 2.174551687688909, 2.1742032302750482, 2.173560049289312, 2.172824187665923, 2.1723990216214433, 2.1716572795158777, 2.171181201425373, 2.170482201453967, 2.1699765217609897, 2.169213998521495, 2.1686568672840414, 2.1682649086683226, 2.1673006761787286, 2.1666565231787853, 2.1659443154294267, 2.1653737446181793, 2.164585314754747, 2.164016983957372, 2.1632227897644043, 2.16233991812437, 2.16182909001652, 2.161060223212609, 2.1599896035642705, 2.1594255678674097, 2.1584626971147, 2.158058095182109, 2.157092108685746, 2.1562872987527113, 2.1554347944055867, 2.1544742472151404, 2.1538918757031107, 2.1530577214355144, 2.1522221183165526, 2.15134111021319, 2.150586899019714, 2.1495906787040906, 2.14851219429929, 2.1480822624304357, 2.1467020323133874, 2.1462890612773404, 2.1448504124951158, 2.14403203359017, 2.143443433647482, 2.1420188006172833, 2.1410760782722735, 2.1402539045382767, 2.139301711677486, 2.1383091843026314, 2.137890561014159, 2.1367074337779965, 2.135769814507574, 2.134736631670569], "test_loss": [1.633572593688965, 1.492849055480957, 1.4651992858886718, 1.416940216064453, 1.393251434326172, 1.4197615707397462, 1.383723863220215, 1.3903073013305665, 1.3688319152832031, 1.3775534194946288, 1.3782117446899413, 1.3922764175415039, 1.3578447387695312, 1.393142219543457, 1.351300114440918, 1.3469689224243164, 1.3684281646728516, 1.3848583114624022, 1.3416968872070312, 1.3795155792236329, 1.3871669342041015, 1.3296832412719726, 1.3438380142211914, 1.3228170837402344, 1.393108285522461, 1.3361881042480468, 1.3465139999389648, 1.311973274230957, 1.3838194320678712, 1.334008090209961, 1.332105061340332, 1.3531469696044922, 1.4073561279296876, 1.364956802368164, 1.334070445251465, 1.3447916961669921, 1.3588830627441406, 1.3367823791503906, 1.3634422897338867, 1.342019822692871, 1.347907322692871, 1.3061907791137695, 1.31614951171875, 1.3282449111938477, 1.3767080581665039, 1.342474087524414, 1.3360092514038087, 1.400927638244629, 1.3423816864013671, 1.358937060546875, 1.3489818038940429, 1.3626338272094727, 1.3740287551879882, 1.3593135986328124, 1.3767884552001952, 1.4198204666137695, 1.3588321487426758, 1.3709946075439454, 1.3894477294921874, 1.3541367050170898, 1.3492720794677735, 1.3546761611938476, 1.312302001953125, 1.3559010696411133, 1.324585125732422, 1.325341209411621, 1.375853645324707, 1.3669585083007814, 1.4162543487548829, 1.3156153289794923, 1.4035840454101562, 1.31228563079834, 1.356716630554199, 1.3484798645019531, 1.3721558837890624, 1.323061749267578, 1.4079139434814454, 1.3717257934570313, 1.2995865280151366, 1.3942193161010743, 1.3542557540893554, 1.3316098388671875, 1.3712468627929688, 1.3494356872558593, 1.3894231719970702, 1.3407561660766603, 1.374859034729004, 1.4082407775878907, 1.3390326248168944, 1.3564470184326172, 1.4190214492797852, 1.3669661804199218, 1.3552064483642579, 1.3706727005004882, 1.367438298034668, 1.3578064880371095, 1.378283627319336, 1.3639831359863281, 1.3477458953857422, 1.3747628448486329], "test_acc": [86.73, 93.77, 95.02, 96.22, 96.99, 97.24, 97.31, 97.59, 97.77, 97.79, 97.97, 97.98, 97.88, 98.17, 98.18, 98.3, 98.4, 98.27, 98.37, 98.43, 98.4, 98.4, 98.33, 98.52, 98.5, 98.47, 98.43, 98.6, 98.43, 98.43, 98.57, 98.44, 98.58, 98.57, 98.53, 98.57, 98.63, 98.6, 98.5, 98.43, 98.63, 98.66, 98.61, 98.53, 98.37, 98.6, 98.53, 98.33, 98.5, 98.34, 98.32, 98.36, 98.3, 98.41, 98.1, 98.11, 97.99, 98.06, 98.14, 98.0, 98.02, 98.01, 98.21, 97.88, 98.07, 97.64, 97.72, 97.37, 96.56, 97.87, 97.32, 97.24, 97.6, 96.73, 96.92, 97.55, 96.31, 96.85, 96.97, 96.02, 96.18, 96.92, 94.55, 95.73, 94.15, 96.37, 95.1, 93.04, 95.89, 94.69, 93.58, 94.53, 95.11, 94.33, 93.49, 94.27, 93.41, 94.35, 93.32, 91.91]}