{"train_loss": [1.987815031893233, 1.8635864639893556, 1.8430456381577711, 1.8323607811560998, 1.8246727860890901, 1.8186817286360977, 1.8135717287022843, 1.8086158139073951, 1.8044438953073616, 1.8006768654554317, 1.7960336310231788, 1.7911064981395364, 1.7880338667294917, 1.7836487005409012, 1.7792514058259816, 1.7737946227574959, 1.7684431129541152, 1.7640831327845907, 1.7572748044617155, 1.7515895623936613, 1.7455985421298916, 1.7390476144277132, 1.7308907208279667, 1.7222409312032227, 1.7136134752350995, 1.7039643948913639, 1.6940628565274751, 1.6830556688145695, 1.6706584730209448, 1.657834494470531, 1.6445499485374515, 1.6289015198365235, 1.6140468627469153, 1.5975084556983068, 1.5807525625086238, 1.5613259301226363, 1.543060417358692, 1.5208035995308151, 1.500377403619962, 1.4773501679938064, 1.4558141249367313, 1.4317093150228517, 1.4088135873660064, 1.385551001271631, 1.3616853216265001, 1.335655741711967, 1.3175076404188433, 1.2918279616751223, 1.2695650234181657, 1.2477619683640635, 1.224758690239018, 1.2075518270333607, 1.1858049801781647, 1.1691115470523508, 1.150800415338614, 1.1342900846249018, 1.1195950131131034, 1.1042156097216485, 1.0896941238743627, 1.0777346247281783, 1.0671184660277815, 1.0554524410484183, 1.0461229972350292, 1.03644075913307, 1.028400159926496, 1.0204391865394054, 1.0122623550586212, 1.005507183762697, 0.9988896794553496, 0.9927412267678823, 0.9872540078866177, 0.9824166249515663, 0.9768754447627271, 0.9724044424091649, 0.9683215498414814, 0.96417860317434, 0.9602407010701987, 0.9561156435654714, 0.9538491715987524, 0.9501914646890428, 0.9459927885705589, 0.9432177527083291, 0.9409880010236022, 0.9380375089553686, 0.935503184540659, 0.9326400975895743, 0.9304439422921238, 0.92790856014969, 0.925831750035286, 0.9234504366022909, 0.9210781493248084, 0.9198640955564303, 0.9173130517841405, 0.9150822619851838, 0.9136348958963003, 0.9119538149008384, 0.9105124272342421, 0.908182460273433, 0.9067820123372934, 0.9052889046505985], "test_loss": [0.9653583969116211, 0.8528017280578614, 0.7714805236816407, 0.8231567321777343, 0.7915349479675293, 0.7820432060241699, 0.789824153137207, 0.7932145393371582, 0.7792811584472656, 0.7891259033203125, 0.7944535209655762, 0.8480233268737793, 0.6688666000366211, 0.7844310493469239, 0.7254194786071777, 0.7188513130187988, 0.7042022926330567, 0.7814237159729004, 0.7011896682739258, 0.7519631317138672, 0.7580254745483398, 0.6320551246643067, 0.7730797508239746, 0.7659620964050293, 0.8341576515197754, 0.7115898750305176, 0.790599609375, 0.7698738670349121, 0.8006975273132324, 0.8083411880493164, 0.7912439826965332, 0.7045220497131348, 0.7614300430297851, 0.7561464241027832, 0.865336669921875, 0.8168489936828613, 0.9847316329956055, 0.8328189643859863, 0.7964475425720214, 0.8319718826293945, 0.8351139259338379, 0.8399900177001953, 0.9295234680175781, 0.871774309539795, 0.8673934692382812, 0.9556551452636719, 0.9962926437377929, 0.9429075942993164, 0.9481511283874512, 0.9377156440734863, 0.9493577957153321, 0.9813851799011231, 0.9603421417236329, 1.0101394416809082, 0.9971098663330078, 1.0242248970031738, 1.044333765411377, 1.0185724639892577, 1.0276224044799804, 1.006391707611084, 0.9798656242370606, 1.0424791641235351, 1.0519545623779296, 1.073616803741455, 1.0755222038269043, 1.0502584426879882, 1.0859133445739746, 1.0563510971069336, 1.1238891654968262, 1.0247137748718262, 1.0730158958435059, 1.0730057525634766, 1.0931000816345215, 1.097469817352295, 1.1040213806152344, 1.1689537841796875, 1.102020767211914, 1.1548214958190919, 1.0983409057617188, 1.1540912017822265, 1.110458014678955, 1.1293494087219238, 1.131431372833252, 1.1219801284790039, 1.1455892333984374, 1.1802726890563964, 1.1487310234069825, 1.1455853172302246, 1.1540525131225585, 1.1504281173706055, 1.1614007919311524, 1.1927621055603028, 1.1752854682922362, 1.1813208770751953, 1.184024523162842, 1.1862367889404297, 1.2048532035827637, 1.2088593841552735, 1.1895545677185058, 1.2101120811462402], "test_acc": [94.46, 96.44, 96.95, 97.56, 98.12, 98.09, 98.23, 98.37, 98.53, 98.47, 98.5, 98.13, 98.43, 98.32, 98.51, 98.41, 98.39, 98.32, 98.41, 98.16, 98.21, 98.01, 96.87, 97.76, 97.12, 97.13, 96.29, 96.97, 95.46, 93.36, 94.18, 95.08, 92.06, 91.78, 88.31, 89.89, 84.1, 87.0, 86.43, 83.89, 84.09, 83.0, 80.21, 79.83, 79.74, 75.43, 74.42, 75.26, 74.77, 75.21, 74.45, 72.66, 73.26, 70.73, 71.48, 69.99, 69.02, 69.43, 69.32, 70.37, 71.03, 67.95, 68.22, 67.86, 66.97, 68.73, 66.64, 67.3, 65.57, 69.39, 66.87, 67.86, 66.54, 66.67, 66.17, 63.6, 66.19, 63.83, 66.16, 63.69, 65.67, 65.41, 64.95, 65.35, 64.63, 63.2, 64.73, 64.46, 64.28, 64.28, 63.74, 63.01, 63.45, 63.49, 63.36, 62.97, 62.14, 62.41, 63.52, 62.53]}