{"train_loss": [2.1851695984856696, 2.115811514548766, 2.1021718800577345, 2.0956633162294698, 2.091406249337726, 2.088063896466524, 2.0850374800527196, 2.082442486897493, 2.0802064876780553, 2.0782850922172904, 2.0765059941854234, 2.074121766620212, 2.0726069632249002, 2.070508763830886, 2.068901296609487, 2.0671175769251637, 2.0650039771173754, 2.063096542388965, 2.061222636546844, 2.058610897288363, 2.056695587359942, 2.0542178011348105, 2.051885247739971, 2.0490205616523056, 2.046434101385948, 2.0433480400814967, 2.040866115409085, 2.037394170322989, 2.0335096935940604, 2.0301648075254555, 2.0261971570997157, 2.022829681634903, 2.0184607062584314, 2.013909951234475, 2.009451654731718, 2.0041836097709136, 1.99898925372678, 1.9941181797757108, 1.9882842287039146, 1.981778853978866, 1.975500114962586, 1.96895203860397, 1.96146859954565, 1.9542747476162055, 1.946284116588087, 1.9383637675872216, 1.9304519985985553, 1.9216757429461193, 1.913524439956388, 1.903559379852735, 1.8949242509328401, 1.8847005583791652, 1.8754228598032243, 1.8653211547778203, 1.8555407638733203, 1.8463735532047403, 1.8355068228183649, 1.8263785006144109, 1.816147836100342, 1.8065862889982696, 1.7968512167278519, 1.7869366809853122, 1.7762330156615658, 1.7667828273569417, 1.756756187758894, 1.7481885315516057, 1.7393391909252884, 1.7304925307249412, 1.721990763886362, 1.712996585501565, 1.7051241698428097, 1.697607405929484, 1.6881823009914823, 1.6809969134310372, 1.6744136514826717, 1.6677277162034287, 1.6609975690515633, 1.6538965926211104, 1.6474828883114023, 1.6424654037015052, 1.6369868004933381, 1.6293076979808319, 1.6257830949930043, 1.6196228191893325, 1.6153777254442883, 1.6106305254830255, 1.6056005264449322, 1.6017712759665954, 1.596319226627676, 1.5921706789069705, 1.589283427876285, 1.5853746755000873, 1.5805622662743952, 1.5780930896090646, 1.5736628393841605, 1.5706390343670151, 1.5686689717137916, 1.5652227773625627, 1.5617470142678318, 1.5596940150627723], "test_loss": [1.3604176773071288, 1.243808455657959, 1.2198497604370118, 1.1715117301940918, 1.1283749755859376, 1.123957829284668, 1.1404230720520019, 1.124816480255127, 1.1423223495483399, 1.0750734504699706, 1.1511069702148438, 1.1808655822753906, 1.175867495727539, 1.123712077331543, 1.1574783279418945, 1.0498142639160157, 1.1060166595458985, 1.079595629119873, 1.1145507385253905, 1.1021939865112305, 1.0823391448974609, 1.0808610649108887, 1.092641283416748, 1.0380236114501953, 1.0267871681213379, 1.08234150390625, 1.124562875366211, 1.158863491821289, 1.155273648071289, 1.1318678024291993, 1.0844335052490235, 1.1155601486206055, 1.1461987106323241, 1.1367567260742188, 1.1636277938842774, 1.1295444358825684, 1.1300359420776367, 1.121384048461914, 1.1255611923217774, 1.09133650970459, 1.0931347885131837, 1.135128155517578, 1.152915643310547, 1.1371852157592774, 1.1593291809082031, 1.1120743133544921, 1.1907948318481445, 1.235126611328125, 1.1707655227661133, 1.1159878074645997, 1.1388577827453614, 1.1680704895019531, 1.1658985298156739, 1.2117756622314453, 1.1832475593566893, 1.1519631240844728, 1.2127618881225586, 1.1787328819274903, 1.249041877746582, 1.2365395050048829, 1.2330958740234375, 1.2037176925659179, 1.194256460571289, 1.2189112854003907, 1.1802436111450196, 1.2468676040649413, 1.268834001159668, 1.2702197357177734, 1.2734369018554688, 1.2898375961303712, 1.2538540283203126, 1.2835642211914062, 1.2245777969360352, 1.2597495559692382, 1.3774127685546875, 1.3271944946289063, 1.2828929748535156, 1.3336855728149415, 1.2960778762817382, 1.3368140747070312, 1.3390448379516602, 1.3126312271118163, 1.3347884292602539, 1.2742967697143555, 1.3606231582641601, 1.335878089904785, 1.3657154418945312, 1.3548575653076171, 1.3606850952148437, 1.3684133850097657, 1.3405995101928712, 1.3728370254516602, 1.3868430862426757, 1.3681471771240235, 1.3770864624023438, 1.3782563919067383, 1.3725076400756835, 1.3944422149658202, 1.4504762298583984, 1.4439859359741212], "test_acc": [91.45, 95.14, 96.3, 96.74, 97.08, 97.58, 97.63, 97.83, 97.52, 98.21, 98.17, 98.22, 98.16, 98.11, 97.94, 98.15, 98.3, 98.26, 98.05, 98.11, 98.28, 98.18, 97.9, 98.02, 97.91, 97.8, 97.72, 97.42, 97.37, 97.39, 96.76, 96.78, 96.16, 95.12, 95.97, 95.13, 94.35, 94.24, 94.39, 93.04, 91.42, 91.23, 89.77, 90.29, 89.39, 89.64, 86.59, 82.83, 85.69, 85.77, 84.47, 82.99, 83.08, 80.03, 80.11, 79.61, 76.15, 78.26, 72.17, 74.49, 74.94, 74.66, 74.89, 73.48, 74.16, 70.3, 69.0, 68.48, 68.37, 67.52, 68.07, 67.58, 70.36, 67.9, 61.19, 64.18, 66.12, 63.43, 65.43, 62.96, 63.14, 64.2, 62.92, 65.9, 62.12, 62.7, 60.73, 61.92, 61.79, 61.41, 61.84, 60.88, 60.29, 61.53, 60.29, 60.62, 61.1, 59.28, 57.2, 56.9]}