{"train_loss": [2.276970410448873, 2.2536946132651763, 2.246609362781557, 2.243217099426139, 2.2413640475680685, 2.240117495895451, 2.2391220168170767, 2.2383643322520785, 2.2377407632322392, 2.2371542713580985, 2.236619761866382, 2.2361645153445058, 2.2357677425074782, 2.2354901702994976, 2.2350966166227293, 2.234854568783035, 2.234573648016677, 2.2342795530954995, 2.2340228323243623, 2.2338100778750882, 2.233578724738879, 2.2333522031449866, 2.233191435153668, 2.233003489482097, 2.232769798519265, 2.2325186072251735, 2.2323850428956185, 2.2321803437338934, 2.2320455903680916, 2.2319217787848578, 2.2317237390412226, 2.2315260467366276, 2.231335748974075, 2.231160891871167, 2.2310006307740498, 2.2309075222056136, 2.2307060992615853, 2.2305276103508778, 2.2304508461911454, 2.2302451627886195, 2.2300888850138736, 2.2299135301867103, 2.229710199894049, 2.229631662878216, 2.2294541638121648, 2.229311040833465, 2.2290716976182074, 2.2290149422792287, 2.228866475769597, 2.228713472174783, 2.2285329592533603, 2.228332311169714, 2.2281827269456325, 2.2280342711342707, 2.227880088182596, 2.2277842021396017, 2.2275388816483, 2.2274272594696436, 2.227193696376605, 2.2270726184559684, 2.2269443757513647, 2.2267186819997606, 2.22655869090659, 2.226349253430326, 2.226165704238109, 2.2260240357146306, 2.225872282798474, 2.225604426657033, 2.2255574393476176, 2.2252836023640428, 2.2250939332521877, 2.225005342410161, 2.224733618589548, 2.224621303570576, 2.224435919879848, 2.2242488652213006, 2.2239930945583897, 2.2238956302659125, 2.2236343637490883, 2.223507211249099, 2.223315488578927, 2.2230574391845965, 2.2229062884281845, 2.222696156073839, 2.2224778359771795, 2.2222839476715803, 2.2220668889518476, 2.2218805882665844, 2.2216864849767113, 2.221462064828628, 2.2213324654815545, 2.221159420461736, 2.220863228170281, 2.220662790485936, 2.2203537837052956, 2.2202450597388115, 2.220085921959999, 2.2198501203814125, 2.2196755215652986, 2.2193420132001243], "test_loss": [1.787025973510742, 1.6821649658203126, 1.6320289642333985, 1.5954012481689452, 1.5888078308105469, 1.5758490829467773, 1.5725979705810547, 1.577593556213379, 1.551586360168457, 1.5475523208618165, 1.5569450408935548, 1.5366450698852538, 1.5300636779785157, 1.5284260726928711, 1.5211822921752929, 1.5294015502929688, 1.51151844329834, 1.5108149383544922, 1.5393648635864259, 1.520743504333496, 1.5028673233032226, 1.5050043975830079, 1.535525830078125, 1.5049044403076173, 1.5272705032348632, 1.5263404861450196, 1.4867061126708985, 1.4900031265258789, 1.52111319732666, 1.5083319396972656, 1.5182184310913085, 1.4930623901367188, 1.5278464385986328, 1.5031797622680665, 1.4955250518798828, 1.5125116897583009, 1.5224415405273437, 1.4912151489257812, 1.5087605484008788, 1.5124751998901367, 1.479992495727539, 1.5133357452392577, 1.5055187103271483, 1.5268119934082032, 1.5176895629882812, 1.4939256576538087, 1.5092068649291992, 1.5352096786499023, 1.5150128372192382, 1.4709626754760743, 1.4974655075073242, 1.5141320922851562, 1.5174741836547851, 1.5121973114013672, 1.497407228088379, 1.518095848083496, 1.523214405822754, 1.5001235916137696, 1.5072748016357422, 1.4925677352905273, 1.5180247924804688, 1.508318048095703, 1.4652837219238282, 1.4989462036132812, 1.4977582046508788, 1.5320177963256836, 1.4957995635986328, 1.5089154190063476, 1.5218917022705079, 1.5228160507202149, 1.4704608779907227, 1.487758494567871, 1.516656640625, 1.5002331588745117, 1.4929519638061524, 1.4696178115844727, 1.4760627166748046, 1.51692109375, 1.5237684494018555, 1.5139470123291017, 1.490869190979004, 1.5217366149902343, 1.5003536178588868, 1.4942193603515626, 1.5233800155639647, 1.5010869689941406, 1.5189815216064453, 1.4812946350097655, 1.4801288681030274, 1.5006689880371094, 1.520063070678711, 1.4883464981079102, 1.4721323837280273, 1.5131416793823242, 1.4759763610839844, 1.5089149490356446, 1.4754818664550782, 1.5011734344482421, 1.4995802734375, 1.4743284545898439], "test_acc": [81.19, 92.11, 94.56, 94.58, 95.9, 96.49, 96.79, 97.07, 97.26, 97.22, 97.52, 97.43, 97.5, 97.56, 97.83, 97.82, 97.88, 97.93, 97.88, 98.01, 97.94, 97.95, 98.14, 98.19, 98.13, 98.24, 98.07, 98.28, 98.31, 98.28, 98.52, 98.33, 98.34, 98.46, 98.46, 98.35, 98.37, 98.31, 98.38, 98.39, 98.4, 98.5, 98.36, 98.42, 98.36, 98.41, 98.54, 98.59, 98.43, 98.38, 98.51, 98.51, 98.51, 98.5, 98.46, 98.48, 98.32, 98.46, 98.47, 98.37, 98.53, 98.52, 98.44, 98.55, 98.49, 98.5, 98.46, 98.42, 98.45, 98.39, 98.54, 98.33, 98.57, 98.54, 98.49, 98.45, 98.43, 98.3, 98.41, 98.37, 98.44, 98.41, 98.35, 98.33, 98.22, 98.12, 98.13, 98.29, 98.11, 98.33, 98.41, 98.35, 98.12, 98.22, 98.08, 98.11, 98.09, 97.88, 98.17, 98.16]}