{"train_loss": [2.3014310476107473, 2.2993561416609674, 2.298414671013498, 2.297926009720207, 2.297565892720834, 2.297259654754247, 2.2969968283278313, 2.296777087399083, 2.296599267384945, 2.2964441001924696, 2.2962984514032674, 2.296176087143075, 2.296075749091613, 2.2959899795361056, 2.2959090506928597, 2.2958169976870217, 2.2957535253630743, 2.295694746522822, 2.295629191602397, 2.295560108290778, 2.295516580597967, 2.295471847566784, 2.2954149337915273, 2.2953640757462916, 2.2953155723392453, 2.2952717231889057, 2.29522823013811, 2.295183213857504, 2.295146197335333, 2.295095677559192, 2.2950673959194083, 2.295019840073382, 2.294985501175253, 2.294943175254724, 2.294917928866851, 2.2948719191754985, 2.294827156087272, 2.294819820130992, 2.2947652956359406, 2.2947292959588204, 2.294689514188685, 2.2946573928890066, 2.2946171189984703, 2.294583355769133, 2.294534344958444, 2.294494932023888, 2.2944831226626015, 2.294426378531334, 2.294399364381774, 2.294383813173343, 2.294332853749267, 2.2942988765545382, 2.2942507750967627, 2.2942468284541726, 2.2941963392445164, 2.294179161389669, 2.294121361695803, 2.2940766694199324, 2.294058143073677, 2.2940302832513795, 2.293986406081762, 2.2939553428918886, 2.29390938516356, 2.293884533592778, 2.293859888855209, 2.2938242412021017, 2.2937869465249214, 2.2937400575376983, 2.293705389030978, 2.29366315735711, 2.293608950753497, 2.2936101591485176, 2.293540893966316, 2.293527546091976, 2.2934721463765855, 2.293442320619893, 2.2934046341822696, 2.2933604763104367, 2.293323459278824, 2.2932842491019487, 2.2932249139516783, 2.29322767104858, 2.2931571485649824, 2.2931199048319435, 2.2930866041754046, 2.2930441631211176, 2.2930016721415725, 2.292955465296395, 2.292917559798966, 2.2928830665400906, 2.2928319889256077, 2.2927989985188866, 2.2927392476644273, 2.292710803512834, 2.292655034452422, 2.2926009878134117, 2.2925660926052647, 2.292527491210872, 2.292479337280632, 2.2924352109941664], "test_loss": [2.2246657318115233, 2.1511179748535154, 2.1196064880371095, 2.0993510681152343, 2.0892632873535155, 2.0764531768798826, 2.0687742202758788, 2.06051650390625, 2.051369369506836, 2.046082974243164, 2.0358709732055664, 2.036538507080078, 2.037029704284668, 2.0302426467895507, 2.029665071105957, 2.024395690917969, 2.0205762924194337, 2.0215252044677734, 2.01872606048584, 2.0194403854370115, 2.014477763366699, 2.015387126159668, 2.0156127731323243, 2.017546794128418, 2.010907359313965, 2.0074420623779297, 2.009040367126465, 2.007604699707031, 2.010577018737793, 2.0084395278930662, 2.003866703796387, 2.009570817565918, 2.0042664077758787, 2.003944985961914, 2.0057959121704103, 2.006159208679199, 2.0041092559814455, 2.0022745269775393, 1.9953536056518555, 2.004334962463379, 1.995288902282715, 1.997154866027832, 2.0045835739135742, 2.0045047454833984, 2.0048894973754883, 1.9957909606933595, 1.9929038528442382, 1.9976080642700196, 1.9942456726074218, 1.9931997497558593, 1.996996730041504, 1.9950250030517578, 1.9978580352783204, 1.9883505798339844, 1.9933885986328126, 1.9955636459350585, 1.9950305252075196, 2.0012589080810548, 1.9839106979370118, 1.9971819183349608, 1.9916629653930664, 1.9912606689453125, 1.9885655166625977, 1.986864064025879, 1.9948032974243164, 1.9831703338623048, 1.9889739334106444, 1.993662078857422, 1.9920997680664063, 1.9913993713378906, 1.9954110443115234, 1.9847590240478516, 1.9836604934692383, 1.9863236053466797, 1.9905512313842773, 1.996195947265625, 1.9848962799072265, 1.9781267807006835, 1.9803666275024414, 1.9845218795776367, 1.9871569549560546, 1.9870767181396485, 1.9849347564697266, 1.9856059661865235, 1.9966722915649413, 1.986278678894043, 1.981600912475586, 1.9915578674316405, 1.9927768829345702, 1.9988055541992187, 1.9917899002075194, 1.9817289978027344, 1.9892672912597655, 1.9956321838378905, 1.9886317657470702, 1.9830909744262695, 1.9786492813110352, 1.977106982421875, 1.9936088424682616, 1.9863625778198242], "test_acc": [69.71, 80.55, 85.31, 87.98, 89.54, 90.67, 91.0, 92.36, 92.85, 93.26, 93.46, 94.42, 94.63, 94.57, 94.52, 94.97, 95.41, 95.04, 95.8, 95.6, 95.89, 95.93, 95.85, 96.19, 96.01, 96.55, 96.28, 96.28, 96.8, 96.67, 96.49, 96.62, 96.1, 96.79, 96.51, 96.46, 96.8, 96.77, 96.89, 97.06, 96.81, 97.16, 97.01, 97.25, 97.02, 97.05, 97.05, 97.05, 97.25, 97.42, 97.43, 97.09, 97.28, 97.41, 97.21, 97.23, 97.47, 97.45, 97.14, 97.34, 97.38, 97.46, 97.34, 97.44, 97.49, 97.37, 97.29, 96.78, 97.28, 97.13, 97.49, 97.38, 97.24, 97.35, 97.25, 97.27, 97.15, 97.46, 97.28, 97.39, 97.42, 97.33, 97.35, 97.22, 96.89, 97.38, 97.22, 97.25, 96.99, 96.47, 97.23, 97.23, 96.91, 97.14, 97.19, 96.96, 96.77, 97.02, 96.96, 96.68]}