{"train_loss": [2.291381508876116, 2.2787022972718263, 2.274554420230735, 2.2716359343284216, 2.270059495909601, 2.268934282991621, 2.2680270738071866, 2.26731895432513, 2.266776603001815, 2.2662608455388975, 2.2658436094593797, 2.2653965099245057, 2.2650655263509507, 2.264665355030288, 2.2643563997032294, 2.2640623047820525, 2.2636612485616636, 2.2634322689129758, 2.263145180339487, 2.2627806444453378, 2.262525404620374, 2.2622527077666716, 2.262000530703455, 2.2617787413108044, 2.2614732598647094, 2.2611894969247346, 2.2609443684928436, 2.260613310540843, 2.2603817948928246, 2.2601275627429667, 2.259788202933776, 2.2594764217352257, 2.259249917462341, 2.2589967673660345, 2.2586468692518706, 2.2583414112400804, 2.2580542870056934, 2.257696965820769, 2.257336042375646, 2.2570564064205203, 2.256740253705245, 2.256370688605512, 2.2559537969083867, 2.255633969082792, 2.2553211333405256, 2.2548847055842733, 2.254432908490173, 2.253995397661486, 2.2536733955399604, 2.2532295513356853, 2.25282337421026, 2.252468990973937, 2.251956285065056, 2.251362780220488, 2.2509481825380244, 2.2504122980639467, 2.249924670936715, 2.2496046209946656, 2.248914549493382, 2.2484559508470388, 2.247893205055824, 2.247443856846573, 2.2467117416553006, 2.2461434551793285, 2.245754891481155, 2.24505845298115, 2.2444102397331824, 2.2437771940842652, 2.2430717746416726, 2.24260510950007, 2.2419549364310045, 2.241141005458995, 2.240397482855707, 2.2397664984067283, 2.2386914369387503, 2.2380818464817147, 2.237413479731633, 2.2366641520434976, 2.236123050889398, 2.2352755889933333, 2.234270266488067, 2.2336171753386145, 2.232532317821796, 2.231823228363298, 2.2309479239659433, 2.230114858884078, 2.2292026770420565, 2.2283115443001447, 2.227534126522195, 2.2266709911517606, 2.2255190254276633, 2.224725326921186, 2.223794722658956, 2.2226715210156565, 2.221787133787432, 2.22071665015995, 2.219868134229611, 2.2187106298585224, 2.2173419737408304, 2.216565755187956], "test_loss": [1.9538729797363281, 1.8667319076538087, 1.8151209594726563, 1.7947956771850586, 1.7590782485961913, 1.750610302734375, 1.7491026473999023, 1.7454729431152343, 1.7150689483642578, 1.7341327743530273, 1.70242156829834, 1.7274113479614257, 1.7057619689941406, 1.6972387329101561, 1.669923600769043, 1.6906876571655274, 1.681504360961914, 1.6705508880615234, 1.6750175415039064, 1.6598266235351562, 1.7150377014160156, 1.6691752105712891, 1.6863252105712891, 1.7022067840576172, 1.676160841369629, 1.6809966323852539, 1.6641706008911132, 1.6863227249145507, 1.6783682968139648, 1.704226171875, 1.688276350402832, 1.6699325164794923, 1.6866205673217773, 1.6864495651245117, 1.6630897399902345, 1.6681628814697265, 1.6382344314575195, 1.672428010559082, 1.6670838989257812, 1.6632669998168945, 1.6791483184814453, 1.6776166427612305, 1.6617059677124024, 1.6671486206054686, 1.7036107620239258, 1.6846533905029297, 1.681264958190918, 1.6808384399414062, 1.6972696670532226, 1.6606935668945313, 1.6465761138916015, 1.6722508850097657, 1.695971661376953, 1.652274299621582, 1.6722798904418945, 1.6839183425903321, 1.638622964477539, 1.6862013214111329, 1.6714300537109374, 1.684976971435547, 1.7122256134033202, 1.6214748168945312, 1.6540155715942382, 1.6735295791625977, 1.690864485168457, 1.6780025268554688, 1.6671173233032226, 1.7102399780273438, 1.6969202209472656, 1.6879263442993164, 1.6967894760131836, 1.6772514083862304, 1.669402847290039, 1.7153271545410156, 1.6632559982299804, 1.643705715942383, 1.6746134552001952, 1.6841485076904297, 1.7131998092651368, 1.68085213470459, 1.67133065032959, 1.679938739013672, 1.695348030090332, 1.7071983489990235, 1.6800203063964845, 1.7071503051757813, 1.6576894836425782, 1.69111766204834, 1.6778693954467774, 1.6453383392333985, 1.6441270568847657, 1.7118455459594726, 1.6912877670288087, 1.6921959014892578, 1.6892648223876954, 1.6956081298828125, 1.7150029876708985, 1.6944655288696289, 1.6921458694458007, 1.7019395721435546], "test_acc": [79.0, 88.39, 92.15, 92.54, 94.92, 94.68, 95.11, 96.3, 96.09, 96.61, 96.63, 97.12, 96.94, 97.25, 96.7, 97.5, 97.39, 97.46, 97.53, 97.63, 97.63, 97.52, 97.7, 97.35, 97.93, 97.61, 97.9, 97.71, 97.9, 97.98, 97.78, 98.11, 98.02, 97.95, 98.11, 97.73, 98.07, 97.69, 97.94, 97.97, 97.58, 97.66, 97.81, 97.42, 97.57, 97.42, 97.36, 97.58, 96.65, 97.15, 97.5, 97.45, 96.79, 97.04, 96.82, 95.95, 96.6, 96.39, 96.04, 95.31, 94.58, 96.11, 95.23, 95.06, 93.97, 95.02, 94.17, 91.38, 93.95, 91.84, 91.24, 91.06, 92.22, 88.82, 92.09, 93.03, 90.97, 90.02, 89.94, 89.81, 89.05, 89.67, 86.73, 87.07, 86.37, 85.22, 86.22, 86.32, 84.34, 85.8, 86.61, 81.9, 80.66, 82.75, 82.7, 76.76, 75.98, 82.36, 79.52, 78.55]}