{"train_loss": [2.297638210475954, 2.289980712099972, 2.28723140200998, 2.28534382276046, 2.2840039994981556, 2.282825506141043, 2.2820278839168386, 2.281285483103532, 2.2807425861684685, 2.280200780966343, 2.279727798751277, 2.279359177646474, 2.2790208178707676, 2.2785178091790943, 2.2781873951610336, 2.277746490943126, 2.2774285516168318, 2.2770685874498806, 2.276620510806385, 2.27627808925433, 2.2759312049955382, 2.2753835019902287, 2.2750341632427316, 2.2745956880414586, 2.274254945608286, 2.273773741008889, 2.2732548520096345, 2.2727983430919485, 2.272225518511911, 2.2717237880087304, 2.2710821761025324, 2.270499978819464, 2.2699341723042674, 2.269303743655865, 2.268520870269873, 2.2680279953866944, 2.267200095531268, 2.266536463529636, 2.2655294771887298, 2.2648479765297003, 2.263966920538845, 2.2630342749448924, 2.2620541494116826, 2.261107774881216, 2.259968975160876, 2.2587805084693127, 2.257720680318327, 2.256467585380261, 2.255203211918855, 2.253897082601857, 2.2525759808018675, 2.251404105598091, 2.2495683742384625, 2.2480904515991864, 2.2465957505071263, 2.245574525788299, 2.2432235010668764, 2.241273407243256, 2.239360549001612, 2.23813713921441, 2.2360853624140096, 2.233512453543834, 2.2317028763966684, 2.2294846375783286, 2.2274127684087834, 2.224922169477512, 2.222696340491629, 2.2196649511655173, 2.2172982376864834, 2.2146187618247466, 2.211635848395845, 2.208661507846963, 2.206570534115164, 2.2035409675704107, 2.200091083844503, 2.197349289034167, 2.1939878723560233, 2.1909305224051843, 2.187925209856441, 2.184634928010468, 2.180730255241068, 2.1774557100401983, 2.1741413637104197, 2.1707189312348, 2.1672875891383896, 2.1636270636167283, 2.160250476282886, 2.156753355111831, 2.1521698959872255, 2.149358941958501, 2.1454637218744326, 2.142487579431289, 2.139001744934636, 2.134508276087606, 2.1311461293799248, 2.126295280762208, 2.1236130136709948, 2.1195978629283414, 2.1166691622163496, 2.11263389668913], "test_loss": [2.0946021728515625, 1.9996736541748046, 1.9368024719238282, 1.9099157821655273, 1.8964749069213866, 1.870142254638672, 1.8672651885986329, 1.8582215957641601, 1.847409373474121, 1.8082485458374022, 1.833696810913086, 1.8397915740966797, 1.8256396469116212, 1.796958447265625, 1.8330593521118164, 1.8024587188720702, 1.8078695526123048, 1.8008948883056641, 1.8139407287597655, 1.7915932708740234, 1.8174430282592773, 1.7953667465209961, 1.7962631301879883, 1.8066706085205078, 1.784604766845703, 1.7789699447631835, 1.8128525177001953, 1.795457162475586, 1.772937808227539, 1.7765325241088867, 1.7697248321533203, 1.7969045471191407, 1.7862104217529298, 1.8042351791381837, 1.7924960525512694, 1.7535145156860352, 1.7907626770019531, 1.7911976181030274, 1.7945115188598633, 1.798378875732422, 1.7688055358886718, 1.7728697799682618, 1.8103515167236328, 1.8164923294067383, 1.8202058944702149, 1.7985409164428712, 1.7938931503295898, 1.7864148376464843, 1.7923766494750977, 1.7790706344604492, 1.7998204299926759, 1.8101869888305664, 1.810281886291504, 1.8417183319091797, 1.8159892120361327, 1.8424565521240235, 1.7916178619384766, 1.775586297607422, 1.7949372100830079, 1.8043623123168946, 1.7938245330810547, 1.7797400970458985, 1.7931345184326173, 1.8131875091552734, 1.83586787109375, 1.8435703567504882, 1.7603223037719726, 1.8592757415771484, 1.8225763549804688, 1.8078122772216796, 1.8214756088256836, 1.7585751358032227, 1.8280580780029296, 1.8389504959106446, 1.806349836730957, 1.9029253799438477, 1.8198941329956055, 1.8130860229492187, 1.831272673034668, 1.8940625701904297, 1.8150023971557616, 1.871777813720703, 1.875127102661133, 1.9183202087402345, 1.8516552032470703, 1.9127727508544923, 1.872249642944336, 1.809847492980957, 1.8459029769897461, 1.857153776550293, 1.9225948699951172, 1.9404183654785156, 1.9077454696655274, 1.9145595108032227, 1.9413586624145507, 1.9459107879638673, 1.894629669189453, 1.8414785522460937, 1.9267107131958008, 1.888615153503418], "test_acc": [71.78, 82.27, 89.9, 90.82, 92.29, 93.24, 93.55, 94.3, 95.07, 95.12, 95.61, 95.66, 95.18, 96.16, 96.07, 96.35, 96.24, 96.76, 95.83, 96.84, 96.42, 96.54, 96.73, 96.62, 96.78, 96.45, 96.49, 95.23, 96.78, 96.26, 95.78, 95.97, 95.96, 95.21, 94.08, 95.59, 94.4, 94.38, 93.63, 92.17, 89.86, 93.06, 87.78, 88.62, 86.7, 88.87, 85.6, 88.01, 82.61, 86.96, 82.51, 83.54, 78.83, 77.29, 65.48, 75.28, 77.18, 79.71, 74.03, 71.97, 70.98, 74.93, 74.4, 66.43, 64.77, 60.71, 69.74, 62.48, 63.84, 64.78, 56.69, 65.77, 59.44, 58.04, 59.18, 46.27, 57.53, 54.92, 54.85, 46.7, 57.25, 49.93, 50.59, 46.56, 51.02, 44.46, 48.12, 53.5, 50.68, 47.19, 41.05, 39.67, 43.19, 41.44, 40.53, 40.16, 43.44, 47.34, 39.09, 44.27]}