{"train_loss": [1.62538002189408, 1.4435187376971939, 1.420854328534542, 1.4101525557856274, 1.4028758373525407, 1.398006359481404, 1.393961881725197, 1.390757028108988, 1.387715924754102, 1.385266991252573, 1.3830438467681918, 1.3813732449824994, 1.37961404878869, 1.377824639917439, 1.3766159580813513, 1.375231193171607, 1.373655611123794, 1.3722296298569083, 1.3711735020335922, 1.37037675604861, 1.3694397570231023, 1.368481607773365, 1.3675478044738116, 1.3663886395784526, 1.365661968023349, 1.3648421252385163, 1.3638462487958436, 1.3629879268825564, 1.362475845294121, 1.361723789292523, 1.3609277901486454, 1.3600400851832495, 1.3591518445402129, 1.3585563054961016, 1.357934856516683, 1.3571063845585554, 1.3564013604424958, 1.3557361124927163, 1.3551438458454914, 1.3547259999646082, 1.353825176628227, 1.3529553945757384, 1.3524167198910673, 1.3519667432858393, 1.351021713935412, 1.3505357004638412, 1.349799914747222, 1.3492072937834976, 1.3490402777480264, 1.3481491890727964, 1.3473746911582785, 1.346782624721527, 1.346443992649388, 1.3455286227230332, 1.3447524423782642, 1.3444847316823454, 1.343692988411993, 1.3430596539097974, 1.3425831662284002, 1.3421538948503315, 1.3415356148511937, 1.3406996783028302, 1.3402222318527026, 1.3399262509794316, 1.338892527625092, 1.3386574616798987, 1.3380854376870344, 1.3376312999643831, 1.3370469238004115, 1.3363011930233393, 1.3356621127862196, 1.3352696526254344, 1.3343933512512436, 1.33421680993504, 1.333667602803972, 1.3331788750285776, 1.3326347024522276, 1.3318304600369217, 1.3311173294344518, 1.3310536795701735, 1.3306247655652528, 1.329937064494842, 1.3294801368163183, 1.3291055363977058, 1.3286049427130284, 1.3282130541455033, 1.3274522370252855, 1.327300239322532, 1.3266064104361412, 1.326145641824119, 1.3257323508588676, 1.3252083577661433, 1.324977828651412, 1.3242153150913043, 1.3240341763211112, 1.3233009594627934, 1.3230588252727802, 1.322620422157467, 1.3222978122723408, 1.3217194477717082], "test_loss": [0.5836146701812744, 0.49448478546142577, 0.5083112148284912, 0.4589793514251709, 0.4842634777069092, 0.5068341724395752, 0.47804407653808595, 0.4589872158050537, 0.4604918338775635, 0.4694309467315674, 0.45314390144348143, 0.48729477195739745, 0.4374499652862549, 0.4300898555755615, 0.4608192211151123, 0.4267972839355469, 0.46091838455200196, 0.4787145195007324, 0.4623927314758301, 0.4472910903930664, 0.4274629875183105, 0.4320728443145752, 0.4133811233520508, 0.40702659225463866, 0.43664314727783204, 0.4651498031616211, 0.4352105693817139, 0.4319578609466553, 0.44330871543884276, 0.47000365715026854, 0.42735964851379393, 0.42363103103637695, 0.4149529682159424, 0.4348709644317627, 0.4313680530548096, 0.4122278335571289, 0.4395342140197754, 0.4360642021179199, 0.4276824604034424, 0.4451353122711182, 0.44911632614135744, 0.4193902244567871, 0.4159062309265137, 0.395918185043335, 0.41332137985229495, 0.4193300491333008, 0.44598391456604003, 0.41817528228759765, 0.40442422218322754, 0.44028650932312013, 0.4373851997375488, 0.43348848266601564, 0.4762977767944336, 0.4382911315917969, 0.421674015045166, 0.4386343494415283, 0.3956449607849121, 0.4409668815612793, 0.44446348304748534, 0.4069503818511963, 0.44505291595458984, 0.48830066528320315, 0.459187553024292, 0.4776686485290527, 0.4306025047302246, 0.4582095630645752, 0.4136385265350342, 0.4585483768463135, 0.4349988594055176, 0.4256173408508301, 0.43327644920349123, 0.4151430690765381, 0.43375334815979005, 0.4228505619049072, 0.4183837413787842, 0.42325673599243163, 0.45857071990966797, 0.4341066814422607, 0.4430659309387207, 0.42887548599243164, 0.4565503265380859, 0.4365255214691162, 0.4232875846862793, 0.4598476909637451, 0.43916319618225097, 0.4292902908325195, 0.44517933959960937, 0.4116442321777344, 0.47855355529785154, 0.4484755874633789, 0.4774341415405273, 0.446692338180542, 0.41222948684692384, 0.43299719467163084, 0.43053836555480957, 0.4189097316741943, 0.47470052604675295, 0.4404731731414795, 0.4475151802062988, 0.4258369609832764], "test_acc": [96.49, 97.78, 98.24, 98.45, 98.54, 98.75, 98.73, 98.91, 98.91, 98.95, 98.94, 98.97, 98.97, 99.01, 99.08, 99.04, 99.02, 99.04, 99.09, 99.09, 99.08, 99.08, 99.03, 99.1, 99.09, 99.17, 99.12, 99.09, 99.14, 99.1, 99.09, 99.08, 99.16, 99.08, 99.16, 99.23, 99.17, 99.13, 99.16, 99.11, 99.14, 99.19, 99.18, 99.14, 99.18, 99.19, 99.19, 99.17, 99.18, 99.24, 99.15, 99.2, 99.18, 99.15, 99.16, 99.18, 99.21, 99.17, 99.22, 99.19, 99.18, 99.2, 99.23, 99.16, 99.26, 99.2, 99.12, 99.23, 99.19, 99.19, 99.15, 99.21, 99.17, 99.16, 99.18, 99.18, 99.19, 99.19, 99.14, 99.2, 99.22, 99.16, 99.12, 99.14, 99.16, 99.19, 99.15, 99.17, 99.13, 99.17, 99.12, 99.17, 99.15, 99.14, 99.15, 99.15, 99.04, 99.12, 99.09, 99.14]}