{"train_loss": [2.270255481076037, 2.2424801766362963, 2.23412543331456, 2.230285941535591, 2.2280890371045494, 2.226534143472329, 2.2251912956563835, 2.224157234032949, 2.2233096447765317, 2.22259366665131, 2.2219675514433117, 2.2212033174995685, 2.2206714703486514, 2.220086109943879, 2.2196492888988595, 2.219146535437331, 2.218583965403402, 2.2182078926991196, 2.2177915104434023, 2.217224458343962, 2.216823247762827, 2.2163356160506225, 2.2158898955736404, 2.215440159679478, 2.2150173482731876, 2.2144734935882764, 2.2142046608476558, 2.21366905198138, 2.2131170375734315, 2.2127320053231, 2.212161544551197, 2.2118021305809674, 2.211264422816089, 2.210758240813883, 2.210422395131527, 2.20980452421384, 2.2092255532232103, 2.208787406611646, 2.208108232062087, 2.207536356571393, 2.2070253318191595, 2.206510987546709, 2.2056854316312022, 2.20517699738853, 2.204488699252789, 2.203805926009121, 2.2032831825761714, 2.2024216988147836, 2.201951904174609, 2.2010554829214373, 2.200422826485756, 2.1997170947555804, 2.1987714094993396, 2.198134240941105, 2.197187362573086, 2.1964175497364793, 2.1955470784097657, 2.1947643542901063, 2.1938242183791266, 2.1930675414892344, 2.1920933840621233, 2.1912404823507, 2.190108277858832, 2.189184122105949, 2.1879033960847774, 2.187151386697068, 2.1861453784836664, 2.1849361989233227, 2.184125496281518, 2.1826013769858923, 2.1818821919270053, 2.1806872685750327, 2.1793233956027236, 2.178234503309951, 2.1770234586846113, 2.175902227560679, 2.174810214429839, 2.1734338565769358, 2.1722196432260366, 2.1710046825245914, 2.1699884712186632, 2.168529582838727, 2.1671358224673147, 2.166010751683488, 2.1646382686419363, 2.1633784806626473, 2.1617092301702905, 2.1606423212931705, 2.158903463273986, 2.157250562794188, 2.1563852459956436, 2.1551311092498975, 2.1535115588424554, 2.152341627667093, 2.1506457262569003, 2.1490710764868646, 2.14787458609312, 2.146220217912625, 2.1447829232256637, 2.14337988388844], "test_loss": [1.7514263381958008, 1.616770765686035, 1.5810712463378906, 1.542444741821289, 1.5246981689453125, 1.5006153121948242, 1.503853923034668, 1.4932436584472657, 1.503152392578125, 1.4581216674804687, 1.5048026947021484, 1.516690756225586, 1.5020600173950196, 1.4842234008789061, 1.4973196685791015, 1.4488452285766602, 1.4722059463500976, 1.4448745819091797, 1.4627955062866211, 1.45602529296875, 1.4497467163085938, 1.4479915924072266, 1.4446002197265626, 1.425596452331543, 1.4148810577392579, 1.4370846405029296, 1.4797993148803712, 1.4834325866699218, 1.4679193359375, 1.472738752746582, 1.4486604598999024, 1.4474856002807617, 1.4690761093139648, 1.4810131607055663, 1.4809306106567384, 1.4603713760375976, 1.4691885330200196, 1.4487129516601562, 1.4699211349487304, 1.4406663787841796, 1.4104214096069336, 1.45726339263916, 1.4424066787719727, 1.4388569488525391, 1.456455206298828, 1.4407457015991212, 1.4771628341674805, 1.5018478775024413, 1.4754015594482421, 1.4365161865234375, 1.4277743927001953, 1.4494413787841798, 1.465963035583496, 1.4543392715454102, 1.452803645324707, 1.437853514099121, 1.4511988555908204, 1.4343910415649415, 1.4760644729614258, 1.458118472290039, 1.444630876159668, 1.4608065170288087, 1.4307484649658204, 1.4568510131835937, 1.4044589553833007, 1.4286027420043945, 1.485603921508789, 1.423906965637207, 1.4315984283447265, 1.4479184768676758, 1.4673199935913086, 1.4507621856689452, 1.4028240844726563, 1.4690036666870117, 1.490195782470703, 1.4772059921264649, 1.4389786727905274, 1.4746675338745117, 1.4269158966064452, 1.4754634689331054, 1.445178579711914, 1.432054832458496, 1.464349900817871, 1.4406650695800782, 1.5003175216674804, 1.4539345977783202, 1.4931122009277344, 1.433576040649414, 1.443137435913086, 1.4690525299072266, 1.4764527801513672, 1.4911598999023437, 1.4721590316772462, 1.4630954452514648, 1.5320026657104493, 1.5178095840454102, 1.4682832275390625, 1.521644596862793, 1.568698469543457, 1.5540835006713867], "test_acc": [85.43, 92.67, 94.67, 95.35, 96.04, 96.5, 96.97, 96.95, 97.16, 97.52, 97.72, 97.85, 97.79, 97.93, 97.62, 97.97, 98.14, 98.08, 97.92, 98.02, 98.24, 98.13, 98.04, 98.2, 98.15, 98.21, 98.29, 98.04, 98.27, 98.27, 97.88, 98.22, 98.21, 97.66, 98.25, 98.15, 98.15, 98.02, 98.19, 98.04, 97.88, 97.92, 97.98, 97.82, 97.89, 97.71, 97.68, 97.48, 97.6, 97.74, 97.66, 97.19, 97.34, 97.25, 97.2, 96.7, 96.73, 97.17, 96.46, 96.49, 96.72, 96.08, 96.23, 96.07, 96.54, 95.99, 94.23, 94.93, 94.74, 92.91, 93.29, 93.72, 93.63, 92.76, 89.73, 91.93, 92.83, 90.57, 92.15, 90.02, 92.49, 91.81, 89.93, 91.74, 88.29, 90.11, 86.38, 89.9, 90.28, 86.92, 88.03, 87.59, 89.07, 86.3, 82.99, 84.96, 83.87, 83.51, 79.71, 81.79]}