{"train_loss": [2.2542777249955726, 2.2180783356356826, 2.208831730051937, 2.2048564792698264, 2.202637377457741, 2.201030227363619, 2.199909820006444, 2.1990194448039064, 2.1982271706956062, 2.197631622990991, 2.197095011544024, 2.196687723836328, 2.1962522354900327, 2.195906866309989, 2.1955835248670006, 2.195335867567959, 2.195042768604735, 2.194793272222209, 2.1945862892346506, 2.1943679018917246, 2.1941837082561264, 2.194021346222641, 2.193842950539711, 2.1936908119764085, 2.1935643141086283, 2.1933810451091866, 2.193251213966272, 2.1931521199707293, 2.193000018596649, 2.1928563551006155, 2.1927693338475676, 2.192668055367266, 2.1925830183885036, 2.1924866432817574, 2.1923798353244095, 2.1923033544141, 2.192218926217821, 2.1921393285449753, 2.192039225346003, 2.191966088918539, 2.191883715808901, 2.1918096104238787, 2.1917386865004516, 2.1916711860232883, 2.191599315048283, 2.1915200133608956, 2.1914822494881783, 2.191445694519923, 2.191373866847438, 2.19129874665513, 2.191235933548365, 2.1911954793155703, 2.191137099877382, 2.1910930851585846, 2.191047297583686, 2.1910010540587272, 2.1909362429227586, 2.19087743300658, 2.190863250157772, 2.1907859877643423, 2.1907437718831577, 2.190712497784541, 2.1906686848045416, 2.190630680984921, 2.1905752298159475, 2.1905313913638773, 2.1904721963099942, 2.1904505557484097, 2.1904185185065637, 2.190378537035396, 2.190316533431029, 2.1902871972475295, 2.1902842990353575, 2.1901982925895953, 2.190189555160001, 2.190161805886489, 2.1901106416669665, 2.1900642830082493, 2.1900263000757265, 2.1900079973742494, 2.1899840414014635, 2.1899362955337915, 2.1899043892183876, 2.1898850192371597, 2.1898444671916146, 2.18982843354217, 2.189775289633335, 2.1897597435193186, 2.1897125544711056, 2.189689656098684, 2.1896426045996513, 2.189629647976313, 2.189604856010176, 2.1895758010383344, 2.1895388374980698, 2.18951589276648, 2.1894934646084776, 2.189466565083235, 2.1894586162689404, 2.189426716576275], "test_loss": [1.6343705291748047, 1.5031817886352539, 1.4517278594970704, 1.4281081268310547, 1.4199675659179687, 1.40901953125, 1.3938996551513672, 1.400693000793457, 1.3851979751586914, 1.3833592971801758, 1.3826773162841797, 1.3708933303833009, 1.380709245300293, 1.362443913269043, 1.3701567840576172, 1.3799283142089844, 1.3719394836425782, 1.3678150787353516, 1.356111785888672, 1.3706033981323242, 1.353704475402832, 1.3630469467163087, 1.3719874114990234, 1.342442347717285, 1.3631360168457032, 1.3774431274414063, 1.344866227722168, 1.351865170288086, 1.3560512390136719, 1.3653999771118164, 1.350746842956543, 1.335191357421875, 1.3466029983520509, 1.3572202301025391, 1.3693169311523437, 1.3627126007080077, 1.3687048080444335, 1.3416743804931641, 1.3629159286499024, 1.3462030029296874, 1.357713636779785, 1.3555778427124023, 1.3435897506713868, 1.3350227828979493, 1.352880307006836, 1.3530534088134765, 1.3294575180053712, 1.3437273742675782, 1.375154020690918, 1.3575814712524414, 1.338490022277832, 1.3394649169921875, 1.3472735214233398, 1.3463716918945312, 1.3594736358642578, 1.341666062927246, 1.347802653503418, 1.3548634704589844, 1.3413841415405274, 1.3186751068115234, 1.3543031112670898, 1.3413709609985351, 1.3396514022827148, 1.3421063735961913, 1.343282844543457, 1.3489551086425782, 1.3508830184936524, 1.3427387496948242, 1.3474151733398438, 1.3471335021972657, 1.3739912475585938, 1.3393472854614257, 1.3394789993286134, 1.3591118682861327, 1.3620733505249023, 1.3327794860839843, 1.3466243881225586, 1.3510128128051757, 1.3692712646484375, 1.3706296951293946, 1.3240268371582031, 1.3192651733398437, 1.3661870819091797, 1.3467250091552734, 1.3632918716430664, 1.3396895874023438, 1.323645701599121, 1.3404880813598632, 1.322792706298828, 1.3260895767211913, 1.347917253112793, 1.3424021347045898, 1.3155278732299804, 1.3477794906616212, 1.342987843322754, 1.349631365966797, 1.3522684036254884, 1.3468882202148438, 1.330677589416504, 1.3477633743286133], "test_acc": [88.29, 93.82, 95.77, 96.76, 96.86, 97.32, 97.57, 97.71, 97.88, 97.98, 98.04, 98.12, 98.14, 98.14, 98.32, 98.42, 98.49, 98.44, 98.51, 98.52, 98.46, 98.59, 98.62, 98.65, 98.66, 98.73, 98.66, 98.74, 98.71, 98.71, 98.77, 98.78, 98.8, 98.84, 98.85, 98.84, 98.81, 98.84, 98.88, 98.81, 98.87, 98.86, 98.86, 98.89, 98.87, 98.9, 98.85, 98.93, 98.93, 98.95, 98.92, 98.9, 98.9, 98.89, 98.96, 98.94, 98.96, 99.02, 98.94, 98.97, 99.01, 98.95, 98.95, 98.99, 98.99, 99.02, 99.01, 98.97, 98.99, 98.99, 99.0, 99.0, 98.98, 99.02, 99.01, 99.0, 99.01, 99.07, 99.09, 99.03, 98.99, 99.02, 99.01, 99.04, 99.04, 99.04, 99.03, 99.02, 99.0, 99.03, 99.01, 99.04, 99.05, 99.03, 99.1, 99.06, 99.06, 99.05, 99.05, 99.02]}