{"train_loss": [2.301846713082403, 2.2997474079458122, 2.298350302072672, 2.297517933906653, 2.296674288236178, 2.2961377903946443, 2.2955427633391485, 2.294917219214969, 2.294288762104817, 2.2935523176804566, 2.2929729060230093, 2.2923706347106867, 2.291710707366976, 2.291044591838478, 2.2904303909366965, 2.2894691447926383, 2.2886407889871516, 2.2878074737695546, 2.286820417795426, 2.28559511849004, 2.284550399861784, 2.283281312539027, 2.2819560827353063, 2.280156881890745, 2.278781336087447, 2.2768822755569067, 2.2746512956089444, 2.2726322473623815, 2.2700910181061835, 2.267313905251332, 2.2645735857833147, 2.261580606811067, 2.2578880878595204, 2.2539730484669027, 2.2496835966395516, 2.245054181314941, 2.239917465764233, 2.2343638045156102, 2.228926106905326, 2.222232405955975, 2.215373820728726, 2.2070509506087017, 2.1975565715732737, 2.189158951624846, 2.1784187397386274, 2.167270376132085, 2.1550845361163473, 2.1410846358690505, 2.128169813217261, 2.1118075837436905, 2.095941406539363, 2.0781737726468306, 2.059919248279343, 2.0418127579057317, 2.0197530498361993, 1.9991624928437746, 1.9758290401381304, 1.9540981023739545, 1.9303202812488263, 1.9079874208849719, 1.884955506803643, 1.860827553476024, 1.8386294541195927, 1.815165772397294, 1.7898544878022284, 1.7690874019749143, 1.74582610400314, 1.7260315662775285, 1.7026466289137163, 1.6821763339715126, 1.6656726333830092, 1.644825263410552, 1.6260984843103294, 1.6126671209294572, 1.5935941106743283, 1.5826363512593458, 1.5655959612793393, 1.555334522173955, 1.5403906911866279, 1.5298357371591096, 1.5185565062058277, 1.5078808252628033, 1.4996329543427525, 1.4890116791949313, 1.4813220811705303, 1.4748459649391663, 1.4659403414807768, 1.461559308390332, 1.4551562075940971, 1.4482378159832752, 1.442627558596114, 1.4379128576853337, 1.4332917852279468, 1.4286707466484134, 1.4235879384044907, 1.420891723316959, 1.4167372240470006, 1.4137939540748923, 1.4099714277137039, 1.4070581337835035], "test_loss": [2.2398512420654297, 2.1741812042236326, 2.1527510955810545, 2.1177359954833985, 2.1009835845947267, 2.0934003204345704, 2.0642232543945314, 2.064232914733887, 2.0515859298706056, 2.0514005554199217, 2.02878688659668, 2.045839358520508, 2.051229981994629, 2.014037532043457, 2.0403268249511717, 2.019977104187012, 1.9886717025756835, 2.0221185546875, 2.0225677261352537, 2.0067918991088867, 2.0119549468994142, 1.9890099166870117, 2.0027587692260744, 2.01469892578125, 2.0171797317504883, 2.016128060913086, 2.0158972106933595, 2.005779899597168, 2.0187167526245116, 1.9739008087158203, 1.9725117141723634, 1.9850631729125976, 1.999810009765625, 2.0190450271606446, 2.027804676818848, 2.0244475112915037, 1.9674715209960938, 2.0459461288452148, 2.056367970275879, 1.9894282485961914, 1.9874285919189454, 2.082359979248047, 1.9706166900634765, 2.014089956665039, 2.033010087585449, 2.1227397979736327, 2.110688185119629, 2.0895814727783204, 2.1303811462402344, 2.1448818588256837, 2.187440679931641, 2.1518965270996095, 2.27943366394043, 2.1367691390991213, 2.169408638000488, 2.2500571044921873, 2.2416033294677735, 2.127681134033203, 2.2635075012207033, 2.3406093322753905, 2.414426385498047, 2.327801419067383, 2.3392834716796873, 2.3294144592285155, 2.438662942504883, 2.3645001434326174, 2.5405684448242187, 2.505626876831055, 2.537282620239258, 2.4968674224853515, 2.577448355102539, 2.5614559753417967, 2.5592911193847656, 2.526502575683594, 2.6086552886962893, 2.5357308502197267, 2.5874288024902343, 2.5342984466552734, 2.549852740478516, 2.56703095703125, 2.649299951171875, 2.650161380004883, 2.6702774322509764, 2.5939898498535157, 2.6862799743652346, 2.7136748931884767, 2.711681365966797, 2.725228518676758, 2.654821340942383, 2.7181357696533204, 2.6464979736328127, 2.651823892211914, 2.71403994140625, 2.6955491302490233, 2.7105603576660156, 2.707531655883789, 2.7337932678222656, 2.6909686737060547, 2.6783785705566405, 2.724126303100586], "test_acc": [46.44, 74.22, 78.1, 78.87, 75.24, 86.14, 85.75, 80.96, 85.02, 86.63, 88.13, 87.42, 86.95, 85.31, 86.77, 85.17, 86.52, 85.66, 82.64, 81.34, 75.09, 79.29, 78.39, 74.48, 65.57, 60.82, 62.11, 63.08, 62.4, 66.29, 59.82, 59.23, 52.04, 48.75, 44.8, 45.31, 47.79, 39.62, 38.72, 40.15, 41.71, 30.86, 40.42, 35.38, 32.9, 25.61, 28.33, 28.18, 25.8, 25.37, 21.88, 22.33, 21.13, 26.72, 25.12, 19.76, 20.63, 26.82, 18.8, 16.97, 16.42, 19.21, 19.77, 18.77, 17.73, 20.4, 15.91, 16.57, 15.98, 18.51, 16.74, 17.15, 16.82, 17.78, 16.67, 18.9, 17.16, 19.1, 17.63, 18.46, 15.92, 16.25, 16.44, 17.1, 16.15, 16.39, 15.06, 14.78, 17.55, 15.49, 17.18, 16.21, 14.76, 15.58, 15.5, 15.83, 15.04, 15.5, 17.0, 15.29]}