{"train_loss": [2.1285124826125608, 2.0338474738801646, 2.015419446505033, 2.005904151333703, 1.99843036950144, 1.992881013542159, 1.9876770369517498, 1.9822565357909243, 1.9781847532488341, 1.9732030186897669, 1.9684755814890575, 1.9623433341327896, 1.9580085134913778, 1.9522233531515822, 1.9465487836263118, 1.9398495519263113, 1.9322741380614092, 1.923208180655781, 1.914468210731816, 1.9034432165133648, 1.891826838000208, 1.8799884039112644, 1.8650297660094042, 1.8478831075705016, 1.8319855553981585, 1.8105545525367444, 1.7878256694883363, 1.7621104831878955, 1.7349159437367039, 1.704147451199018, 1.671356508619765, 1.6328719744824955, 1.5945823732604327, 1.5515835804817004, 1.511119197576474, 1.4624737366142435, 1.409024780886805, 1.3604599560937312, 1.307577833915368, 1.2549300820399554, 1.202470872264642, 1.1458842509832137, 1.093638044137221, 1.0396245365214145, 0.9902379056836805, 0.9424118391978435, 0.8911144546209238, 0.8435341571895485, 0.8025606804423862, 0.7569984193795767, 0.7195940290251349, 0.6793140212440083, 0.6450843223903933, 0.6164572903106356, 0.5899444793661436, 0.5667372400689329, 0.5490182341418715, 0.5354576187892857, 0.5229951692187887, 0.5126395683385369, 0.5040671840692178, 0.4958360716700554, 0.4883651572924394, 0.4819012616689389, 0.47706428475869006, 0.4701905669564875, 0.4656045056051678, 0.4600850164762929, 0.4556528150271147, 0.45230674024066353, 0.44718125704516715, 0.4442104883810394, 0.4403141891727081, 0.4372618600216686, 0.43392496989068824, 0.43086525657747543, 0.4285705186362959, 0.42516545410084927, 0.4219892280351402, 0.4201671659437, 0.41734124229759234, 0.4144485427910446, 0.41231679336892235, 0.4105136664504679, 0.4083895646354072, 0.4059332513656372, 0.40437637008408195, 0.4021189747075749, 0.4008072107775599, 0.3984612572269562, 0.39699244944967776, 0.3955530950911025, 0.39364617254234785, 0.3925243608462505, 0.3910260872963147, 0.3894999821980794, 0.3882322270646055, 0.3866588705115848, 0.385748790943215, 0.3848536404279562], "test_loss": [1.1117481636047364, 1.0162716331481934, 1.0858471321105958, 1.0097941139221192, 0.9650416786193847, 0.9949984817504883, 0.9879482818603516, 0.9579622756958008, 0.9442200370788574, 0.9092643615722656, 1.0034568649291993, 1.0205180435180663, 1.0877831062316894, 0.9607069183349609, 0.9169371849060058, 0.9757360115051269, 1.0096790214538574, 0.9916764404296875, 1.0103241531372071, 0.9535415901184082, 1.0864472190856933, 0.9541798500061035, 1.036052498626709, 0.9406081275939941, 0.9922564292907715, 1.0709984031677247, 1.038252400970459, 1.108672395324707, 1.1072273765563965, 1.0245137908935547, 1.1167733283996581, 1.0438128982543946, 1.107219598388672, 1.0961581657409667, 1.1534302024841308, 1.0925453201293944, 1.094743334197998, 1.249974267578125, 1.2317985038757324, 1.2578531127929689, 1.3215915863037109, 1.3893428451538086, 1.3536633987426758, 1.4045147247314453, 1.4677760284423829, 1.5356413696289062, 1.474680308532715, 1.5441664886474609, 1.6385790588378906, 1.8390403213500977, 1.7418675338745118, 1.7514961776733398, 1.7414978729248047, 1.752820133972168, 1.8467666259765625, 1.8275416351318359, 1.7700724502563476, 1.8759789108276368, 1.8338561111450196, 1.927791729736328, 1.904657550048828, 1.9222452499389648, 1.9193277725219726, 1.9457679061889648, 1.9538494262695312, 1.9396408416748048, 1.9766510269165039, 2.023453678894043, 1.9874570236206055, 2.0010635177612306, 1.9941374404907226, 2.0386562881469725, 2.030252635192871, 2.0437543319702147, 2.027794151306152, 2.0431212463378907, 2.0576415267944337, 2.0460145111083983, 2.0982126724243164, 2.084072303771973, 2.0555026565551757, 2.0984147033691407, 2.091158888244629, 2.120194236755371, 2.088398731994629, 2.0996697006225586, 2.081317218017578, 2.1088566650390623, 2.097243928527832, 2.1009174209594725, 2.1405984756469727, 2.1381451385498047, 2.1556625915527343, 2.174755294799805, 2.159795797729492, 2.1619201461791993, 2.11784596862793, 2.1423277618408205, 2.1566442596435547, 2.1800184951782224], "test_acc": [91.93, 94.72, 96.48, 97.06, 97.24, 97.23, 97.43, 97.7, 97.32, 97.82, 97.86, 97.5, 97.56, 97.84, 97.73, 97.64, 97.64, 96.96, 96.27, 95.64, 94.74, 95.52, 93.37, 92.74, 92.4, 89.27, 88.48, 82.04, 80.26, 81.08, 76.05, 77.56, 73.13, 71.46, 69.17, 69.37, 69.19, 61.45, 63.6, 61.01, 58.38, 56.46, 57.49, 56.99, 54.56, 53.45, 55.62, 54.7, 52.51, 47.48, 50.23, 50.2, 50.69, 50.26, 47.96, 48.14, 50.75, 47.46, 49.04, 45.74, 47.71, 46.37, 46.97, 46.0, 45.37, 46.34, 45.59, 43.91, 44.39, 44.29, 45.52, 43.84, 44.4, 43.77, 44.46, 43.51, 43.34, 43.97, 42.7, 42.64, 44.37, 42.81, 43.15, 41.96, 43.14, 43.16, 43.6, 42.83, 43.11, 42.7, 41.87, 42.17, 41.73, 41.13, 41.76, 41.52, 42.31, 41.51, 41.76, 41.16]}