{"train_loss": [2.302753736320724, 2.3025129585184603, 2.302362996798295, 2.3022676130645294, 2.30215355168041, 2.3020320774143577, 2.301971802344689, 2.3018761251726723, 2.301754055879055, 2.3016389424984274, 2.3015625359665632, 2.3014551818880262, 2.301333394315508, 2.301234812818022, 2.301085664675786, 2.3009206301126723, 2.300779306481027, 2.3006400618797693, 2.3005132822908907, 2.3002842985666714, 2.3001096681651907, 2.299909371596116, 2.299630016852648, 2.2994153265260224, 2.2992124827499065, 2.2988653656763907, 2.298605185798091, 2.2982587264134335, 2.2978808543620963, 2.297544827318599, 2.297091633336157, 2.296643532748915, 2.2962337497972016, 2.2956513196994095, 2.2951483757067948, 2.294552274239369, 2.293893419779264, 2.2932246668725953, 2.2925937843118978, 2.291667491961748, 2.290880297493731, 2.290087217449123, 2.2889741582748218, 2.2880722793758426, 2.286977992607997, 2.286001237029703, 2.284805181698921, 2.2833745499961395, 2.2820363085494084, 2.280690384726239, 2.2793620814625015, 2.2777359368454695, 2.2760614696730914, 2.2743909695209603, 2.272547620993394, 2.2703514853094378, 2.2680952676341066, 2.2659769363892384, 2.26344097017223, 2.2610065422506413, 2.2585183264862776, 2.25558042475301, 2.2527833718519945, 2.249644762939877, 2.2464464001166515, 2.242647151661734, 2.2390792003044715, 2.234975881046719, 2.2307762345697126, 2.2259360139186564, 2.222051703522348, 2.2164458571336207, 2.2121672146340723, 2.2064792473092036, 2.20054627636559, 2.1940551451128774, 2.1887494835079226, 2.1824083195792303, 2.1762179946288085, 2.168664027992477, 2.1615410696746955, 2.1551129140405574, 2.148390786260621, 2.139685821838868, 2.1325484157627463, 2.124851772418389, 2.1163696682351265, 2.1088788748806357, 2.1007913570118766, 2.0912591952543993, 2.084200098983243, 2.0767709750395555, 2.068603223715073, 2.0592757947424536, 2.0511668948536244, 2.043505709904891, 2.0364655880337086, 2.0286175975432763, 2.0210922421553197, 2.012927990438592], "test_loss": [2.2885775451660155, 2.2831796661376953, 2.278959289550781, 2.273775811767578, 2.2706024963378906, 2.2673313720703123, 2.2634969329833985, 2.262629898071289, 2.2574726959228517, 2.2567641906738283, 2.252707498168945, 2.250570852661133, 2.2469425598144532, 2.245084954833984, 2.2442828857421877, 2.2430180114746094, 2.243322406005859, 2.2417120849609375, 2.243623358154297, 2.240885614013672, 2.23781257019043, 2.2391650817871094, 2.235287271118164, 2.2341066955566404, 2.2315936706542967, 2.2384173095703126, 2.23539333190918, 2.2290110443115236, 2.227242565917969, 2.2345164459228517, 2.2236752014160155, 2.2252061767578124, 2.2310944702148436, 2.238298422241211, 2.226233776855469, 2.2229737854003906, 2.231937545776367, 2.224864126586914, 2.223356967163086, 2.235321813964844, 2.2273578796386717, 2.2224348083496093, 2.2347081115722656, 2.24116083984375, 2.2407061462402345, 2.218865982055664, 2.2243445037841796, 2.2209042236328127, 2.2241022308349607, 2.242657986450195, 2.230658233642578, 2.2295750091552735, 2.2164014709472655, 2.2408298461914065, 2.2388178161621095, 2.223236349487305, 2.216605749511719, 2.2358671020507814, 2.2652548583984373, 2.237884014892578, 2.2584735778808596, 2.2583334594726563, 2.265721566772461, 2.3075127044677735, 2.272374523925781, 2.280395489501953, 2.2784650787353518, 2.245971325683594, 2.2944635955810546, 2.243211895751953, 2.2875766815185545, 2.2602234252929687, 2.2847499908447264, 2.2504425720214845, 2.2868201263427737, 2.292631430053711, 2.303730419921875, 2.3125890533447264, 2.297038638305664, 2.3007729278564453, 2.3602879821777343, 2.3620508850097655, 2.3602531616210936, 2.3584139739990233, 2.363014828491211, 2.390673846435547, 2.3818092864990232, 2.366925018310547, 2.409846969604492, 2.366493313598633, 2.439396841430664, 2.406434820556641, 2.4587700134277344, 2.4117064208984376, 2.423288366699219, 2.443345672607422, 2.4305203125, 2.405657177734375, 2.4937746704101564, 2.4009008728027346], "test_acc": [20.59, 12.6, 39.78, 42.24, 53.59, 31.94, 46.32, 39.24, 58.41, 55.17, 46.71, 56.7, 52.21, 54.37, 62.55, 53.76, 57.62, 54.66, 53.42, 50.24, 49.99, 45.3, 47.3, 48.15, 47.21, 40.45, 35.98, 40.25, 40.17, 35.23, 41.05, 37.94, 29.42, 28.34, 29.52, 31.62, 24.72, 30.68, 30.42, 20.93, 26.79, 27.98, 22.61, 22.01, 21.77, 21.94, 23.48, 23.9, 25.45, 18.6, 21.01, 18.41, 23.18, 19.89, 17.54, 23.56, 23.37, 21.0, 15.49, 17.47, 15.24, 15.54, 13.99, 10.82, 12.68, 14.83, 14.71, 17.52, 12.81, 17.45, 14.87, 15.95, 13.02, 17.32, 13.88, 13.3, 13.24, 16.38, 14.18, 14.43, 12.14, 12.73, 14.22, 12.97, 11.89, 11.22, 12.51, 13.35, 12.2, 14.37, 11.45, 14.7, 10.5, 11.48, 11.75, 12.6, 11.86, 13.2, 11.08, 14.29]}