{"train_loss": [2.3026992291466803, 2.302366176731566, 2.3021828175609946, 2.301993007843311, 2.3018747043405843, 2.3017438013329463, 2.30159235968549, 2.3015011462390933, 2.3013629735025587, 2.3012693794364605, 2.3011222298328695, 2.301025519004235, 2.300824085361937, 2.300740531876556, 2.300590025563525, 2.3004193092003846, 2.3002177925191374, 2.300090311938881, 2.2998940572779403, 2.299686771682185, 2.2995154455176787, 2.299264558360108, 2.299005348967691, 2.2987796450272584, 2.2985261133593373, 2.298157406668378, 2.2978954809343715, 2.297511853214003, 2.2971970591789637, 2.296715258023678, 2.2963040216356263, 2.2958770007149787, 2.2953508608361597, 2.294915946630331, 2.2942991114070272, 2.2937195163506727, 2.293120882450006, 2.292465466719407, 2.291701045810667, 2.2909748987254934, 2.2901437929552846, 2.2890869165078187, 2.288227231074602, 2.28737107046649, 2.2862609395614037, 2.2850532164940467, 2.283863704938155, 2.2827842143865733, 2.2813172442281346, 2.2798943983183966, 2.2784777217441134, 2.276908213766212, 2.275325124589806, 2.2735998946377354, 2.271413424076178, 2.269366727934943, 2.2676082161756663, 2.264793799473689, 2.2627118372509623, 2.2602180471787086, 2.2570632619735522, 2.254603086373745, 2.2513908738763924, 2.248301759744302, 2.2451081775192523, 2.2415801892932663, 2.2373151483698788, 2.2337292585617456, 2.229607430788187, 2.22550660218948, 2.2204268865096264, 2.2155280189636426, 2.2114433493369665, 2.206011003918118, 2.2008461147292047, 2.1959284090588236, 2.189099576738146, 2.183763588595594, 2.1779677057877564, 2.1719424495330224, 2.165027201685131, 2.1589623485874925, 2.152703999963581, 2.1447660530734267, 2.138446060001341, 2.131378003165253, 2.1246306417334795, 2.117817608719198, 2.110438180784894, 2.1024972821912193, 2.095094593671652, 2.0897907135833025, 2.082642897581443, 2.074774673861316, 2.0677181696280456, 2.059994550851675, 2.053808502661876, 2.0485040224515476, 2.040319721158753, 2.035166901146245], "test_loss": [2.284230453491211, 2.273733758544922, 2.2648557678222656, 2.256478143310547, 2.2500673919677734, 2.243659490966797, 2.237581820678711, 2.2363372161865236, 2.230168118286133, 2.227694403076172, 2.2263063354492187, 2.2230128997802736, 2.220602127075195, 2.2189872650146483, 2.2162729614257812, 2.2085229248046874, 2.2092517730712893, 2.2061031311035157, 2.2027078002929685, 2.1991766174316405, 2.204471841430664, 2.2031638793945314, 2.1984927032470702, 2.1943695037841797, 2.196550631713867, 2.196467919921875, 2.1894570892333984, 2.1915573608398438, 2.1929863037109376, 2.1925480438232423, 2.191900698852539, 2.1906656890869143, 2.1816918853759764, 2.1914375762939455, 2.184379470825195, 2.1803735137939455, 2.1916251770019533, 2.1907985595703123, 2.189087060546875, 2.1742669158935546, 2.182081823730469, 2.1910448486328127, 2.201104244995117, 2.187049594116211, 2.2150355865478515, 2.2117895233154297, 2.196142788696289, 2.169311361694336, 2.2189654693603518, 2.1976345764160157, 2.206242630004883, 2.2003501495361326, 2.1973102752685545, 2.20871413269043, 2.206571957397461, 2.1979508911132815, 2.176155990600586, 2.226066244506836, 2.199355877685547, 2.178527569580078, 2.220975765991211, 2.2109281463623045, 2.235728274536133, 2.237892874145508, 2.1979448211669923, 2.2308705963134767, 2.2040585723876953, 2.2903976837158204, 2.2164138885498046, 2.2315406646728517, 2.2266571838378906, 2.2558712097167968, 2.278153759765625, 2.23942236328125, 2.2688907623291015, 2.224143017578125, 2.2404144989013672, 2.3076666076660155, 2.2661976654052736, 2.268682223510742, 2.2534000244140624, 2.2680988464355467, 2.308488424682617, 2.31206298828125, 2.3243181060791014, 2.294410791015625, 2.3762314697265623, 2.322356854248047, 2.34378837890625, 2.3355519805908203, 2.3884752838134764, 2.357232748413086, 2.3427024841308595, 2.4045372039794923, 2.3562266174316404, 2.415375421142578, 2.3939079223632813, 2.395066442871094, 2.4509789947509764, 2.4148170959472655], "test_acc": [37.25, 40.47, 45.09, 42.02, 64.77, 64.28, 65.28, 64.87, 69.92, 67.78, 65.34, 69.87, 66.3, 68.2, 68.25, 68.01, 69.64, 65.74, 72.93, 69.35, 60.99, 67.43, 68.81, 64.15, 63.26, 58.32, 57.75, 61.3, 55.28, 53.46, 50.28, 51.88, 52.25, 45.38, 45.22, 47.59, 41.98, 36.96, 41.81, 45.82, 38.82, 32.55, 30.48, 33.11, 27.37, 24.47, 26.41, 34.42, 22.69, 25.62, 22.3, 25.38, 24.07, 21.95, 23.06, 26.63, 27.65, 19.42, 23.55, 24.0, 18.68, 19.51, 19.3, 20.18, 21.96, 17.69, 18.57, 13.31, 18.79, 16.29, 18.58, 17.43, 14.59, 17.48, 17.58, 18.03, 17.31, 14.48, 16.96, 15.77, 17.13, 15.9, 14.68, 16.04, 14.62, 15.87, 11.28, 15.85, 13.48, 13.9, 13.42, 13.5, 15.87, 14.05, 13.82, 12.98, 13.11, 14.27, 12.56, 14.9]}