{"train_loss": [2.2991102521236124, 2.2938114878458853, 2.2919896703500013, 2.290815441017477, 2.2898513027745433, 2.2891380669724226, 2.2885467532353525, 2.28818768568528, 2.2877774539156857, 2.287458113116077, 2.2872244109455337, 2.2869585665882144, 2.2867644770532594, 2.2865965391835594, 2.286437860920898, 2.286233287591201, 2.2860520186587276, 2.2858847552894526, 2.2857385272653694, 2.2856043908331127, 2.28541409307056, 2.285279925052936, 2.285114499238821, 2.285040957805438, 2.2847870608680267, 2.2847553664802485, 2.284562680965815, 2.28444462046664, 2.284301465902573, 2.284185212901515, 2.284025406735575, 2.2838628684353623, 2.283719102032164, 2.283579517633487, 2.283493595754998, 2.2833007788046813, 2.283162204628317, 2.2830225351529245, 2.282879600667546, 2.282722995831416, 2.2825465278747754, 2.2823919526532164, 2.282289466287336, 2.282068541416755, 2.281912171942556, 2.281795623974922, 2.2815653681755066, 2.281457756319617, 2.281255802537641, 2.281037894069639, 2.280871072386065, 2.2806860320588465, 2.2805403099100814, 2.2803284974179716, 2.2800429677351928, 2.2799546311044288, 2.2796836271245255, 2.2794835954649835, 2.2792518536249795, 2.279087267879747, 2.278799520089076, 2.2786091535519333, 2.278433210319943, 2.278101724946601, 2.2779361941875558, 2.2777943499067907, 2.2774506466001525, 2.2771962264664154, 2.277025968600542, 2.2767230893811607, 2.2764449725803146, 2.2761540718567677, 2.2758161537667627, 2.275629247865106, 2.275238298962259, 2.2749868656834984, 2.2747253332382593, 2.2744963199664383, 2.2741401684589877, 2.2737934375420594, 2.273418698555384, 2.2731859016622233, 2.2728752009889, 2.2725437064456124, 2.2721407423671494, 2.271733467395489, 2.2714460629683275, 2.271025239911854, 2.2707696786293616, 2.270428805779188, 2.269988365152962, 2.2695147502116666, 2.2691497649901953, 2.268876478712783, 2.2684135472672615, 2.2679602198111706, 2.267628987120767, 2.2671322104258413, 2.2666738537641673, 2.266311003611638], "test_loss": [2.134489956665039, 2.0385047622680665, 2.010783467102051, 1.9841841796875, 1.954041731262207, 1.941235890197754, 1.9259253295898437, 1.9177698043823241, 1.9047876022338868, 1.9075647415161132, 1.8958404373168944, 1.8990852813720702, 1.8996757385253906, 1.8862400115966798, 1.8950056427001953, 1.8806032897949219, 1.875935499572754, 1.8813476669311524, 1.88227158203125, 1.8841119308471679, 1.8821878997802735, 1.8561435821533203, 1.8787873413085938, 1.8734625259399413, 1.867197006225586, 1.857181770324707, 1.8623987075805664, 1.8636149124145507, 1.8639591674804687, 1.8460709533691406, 1.8638396728515625, 1.8654827896118165, 1.8589175079345703, 1.841348941040039, 1.8664274108886718, 1.8614559036254883, 1.8633070114135741, 1.8656108489990235, 1.8562347518920899, 1.8420600860595704, 1.8452055221557617, 1.8573339294433593, 1.8772429946899414, 1.862302688598633, 1.8537373931884766, 1.8440754592895507, 1.8627236022949218, 1.8587941604614258, 1.8408597045898438, 1.849311686706543, 1.8298133529663085, 1.8576424713134765, 1.8701332855224608, 1.8467017303466797, 1.8692247344970703, 1.839792710876465, 1.8529446609497071, 1.8470448486328126, 1.8501726150512696, 1.8315958923339843, 1.835044854736328, 1.8585074081420898, 1.8203070770263672, 1.8557009078979492, 1.8380626052856446, 1.8505917861938477, 1.8600214065551757, 1.8694337936401366, 1.8452143356323243, 1.8678480072021484, 1.8384908630371093, 1.8591355529785156, 1.8397588317871094, 1.9061954406738282, 1.8444760986328126, 1.860475535583496, 1.857776628112793, 1.8173905288696288, 1.8379081192016602, 1.8546347625732422, 1.8711296905517578, 1.8359266082763672, 1.8717357696533203, 1.852017625427246, 1.8646946853637696, 1.871830337524414, 1.8583786209106445, 1.8291676849365235, 1.8602799972534179, 1.8330571380615235, 1.8582936904907226, 1.8396132522583009, 1.849098211669922, 1.8858146881103515, 1.8404234298706055, 1.8581417541503906, 1.822502117919922, 1.8728726821899413, 1.8802600692749023, 1.855702424621582], "test_acc": [75.4, 80.33, 88.76, 90.45, 92.19, 93.19, 93.17, 94.37, 94.19, 94.64, 95.8, 95.91, 96.05, 96.17, 96.49, 96.56, 96.31, 96.74, 96.68, 96.63, 96.7, 96.87, 97.2, 96.97, 96.64, 96.76, 97.1, 97.18, 97.04, 97.06, 97.4, 97.13, 97.03, 97.19, 96.9, 97.18, 97.12, 96.97, 96.84, 97.14, 97.33, 97.26, 96.95, 97.11, 96.28, 97.01, 97.06, 96.58, 97.08, 97.04, 97.07, 96.59, 96.52, 96.66, 95.31, 96.58, 96.55, 96.59, 96.24, 96.39, 95.27, 95.78, 96.29, 95.24, 96.31, 95.94, 94.52, 92.75, 95.58, 93.2, 94.8, 93.85, 94.04, 92.31, 93.97, 93.23, 92.18, 94.01, 93.72, 91.93, 90.07, 89.67, 90.8, 89.99, 90.93, 89.36, 89.55, 91.61, 85.33, 87.91, 89.86, 89.42, 88.25, 82.01, 88.9, 86.35, 87.13, 76.23, 81.67, 83.96]}