{"train_loss": [2.2998104273763476, 2.2951622162109766, 2.2934758968842335, 2.292446843579284, 2.2916574590226526, 2.290920744084904, 2.2904459273713265, 2.2900249402747197, 2.289669365964384, 2.289380359343993, 2.2891300993087964, 2.288874888012552, 2.2887047896018395, 2.288543481602628, 2.288319341137878, 2.2881811505708938, 2.2880017563828035, 2.2878748728678775, 2.287692693563608, 2.287560302987058, 2.2874359040178804, 2.2872410890383597, 2.287131210168203, 2.2870293560191097, 2.2868484386012087, 2.2867304020457797, 2.286610818316794, 2.286460786803156, 2.2863224484981637, 2.286196446316874, 2.286056152266315, 2.2859199897855773, 2.2857372083215632, 2.285616572596069, 2.2854336719227653, 2.285334780684903, 2.285127737073817, 2.285026437196976, 2.284839327009315, 2.284699101223905, 2.284533616824028, 2.2843133761332584, 2.284177186142685, 2.2840311797256145, 2.2838128993653846, 2.283602470006698, 2.2834006232074184, 2.283264928903335, 2.2831121183868146, 2.282872853625534, 2.2826951838966107, 2.28245263833266, 2.2822916777724895, 2.2820084787841535, 2.281808173045134, 2.2815837126511793, 2.2812784074718118, 2.2810608938209014, 2.280770296214992, 2.280627195651715, 2.2803004124225716, 2.2800544413745913, 2.2797692861312475, 2.279536163705027, 2.2792038494705134, 2.279026856279781, 2.2786233282496786, 2.2783852418263755, 2.277982447901343, 2.277766659219041, 2.277337272452493, 2.277038156476795, 2.276705661900023, 2.2763231131765576, 2.276055596832536, 2.2756079649313903, 2.2752951118681164, 2.2748266601154947, 2.2744028272791805, 2.2741365819914727, 2.2736979345990043, 2.27326107942141, 2.2729349620321875, 2.2724012768166695, 2.2720167759137277, 2.271489802588764, 2.27112539863994, 2.270560110736097, 2.27015443948599, 2.269638230657985, 2.2692222671631055, 2.2686756966460466, 2.2681800896285944, 2.267870546915592, 2.266912354872777, 2.2667427017138553, 2.2660482907906556, 2.2654172054722777, 2.2647262409202056, 2.264384077145503], "test_loss": [2.1642691284179687, 2.058457649230957, 2.0334757217407224, 1.9988203170776366, 1.9837417892456055, 1.968502670288086, 1.9503267028808593, 1.9417640289306641, 1.9326492919921876, 1.9230313262939454, 1.925601545715332, 1.9263592987060547, 1.9174050827026368, 1.9172538482666015, 1.912348356628418, 1.9191558837890625, 1.9150397994995116, 1.9140288482666015, 1.895501741027832, 1.9125542388916015, 1.9004880126953125, 1.8988066131591796, 1.8940104125976562, 1.8900609420776366, 1.8860520095825195, 1.8835255599975587, 1.888035661315918, 1.8935468170166017, 1.8955379989624024, 1.886004409790039, 1.8867041259765625, 1.8796287780761718, 1.8776775146484375, 1.87118983001709, 1.884639096069336, 1.8852030502319337, 1.870369123840332, 1.903868572998047, 1.8892046188354492, 1.8860321960449218, 1.8778966278076172, 1.878351495361328, 1.9019105377197265, 1.8850305435180663, 1.8751158340454102, 1.8976923568725586, 1.8813881652832032, 1.8626708282470703, 1.8843985092163087, 1.8892820556640626, 1.8883510009765625, 1.8913853271484375, 1.8671334274291993, 1.8942485778808593, 1.8735863037109375, 1.867381770324707, 1.8642178909301759, 1.8672875305175782, 1.8720412475585937, 1.8799830764770509, 1.8772026626586915, 1.8729535476684571, 1.8830074890136719, 1.8779261810302734, 1.8658440139770507, 1.8842313308715821, 1.894844467163086, 1.8653571334838868, 1.8601376541137695, 1.8434992416381837, 1.9016382522583009, 1.8910527328491211, 1.8841515197753906, 1.8646814056396483, 1.8574003326416015, 1.8548924468994141, 1.8632180267333984, 1.8883766891479492, 1.8830179000854492, 1.866006916809082, 1.8899592254638673, 1.8571287841796875, 1.8668516708374023, 1.9046736450195312, 1.8919727920532226, 1.8592164855957032, 1.9076794631958007, 1.8467585845947265, 1.8789996765136718, 1.9135659530639648, 1.8856451690673828, 1.9214805618286133, 1.8866156845092774, 1.8583162384033203, 1.90229287109375, 1.8807977066040038, 1.8850329177856446, 1.877755192565918, 1.8757519622802734, 1.894842137145996], "test_acc": [68.22, 86.26, 86.7, 90.14, 92.36, 92.81, 92.97, 94.19, 94.23, 94.48, 95.19, 95.16, 95.52, 95.6, 95.61, 95.48, 95.93, 96.06, 95.83, 96.25, 96.31, 96.2, 96.3, 96.34, 96.44, 96.62, 96.55, 96.66, 96.38, 96.53, 96.6, 96.67, 96.48, 96.73, 96.56, 96.58, 96.58, 96.49, 96.35, 96.51, 96.66, 96.62, 96.17, 96.78, 96.42, 96.27, 96.14, 96.5, 95.81, 95.96, 96.61, 95.83, 96.18, 95.06, 95.77, 96.07, 95.33, 95.61, 95.22, 94.4, 94.73, 94.2, 93.81, 93.68, 94.51, 94.13, 93.18, 93.32, 93.95, 93.39, 92.09, 90.86, 84.95, 90.45, 92.21, 91.82, 91.23, 89.32, 89.53, 88.96, 86.8, 88.83, 83.95, 86.23, 82.68, 85.7, 80.57, 85.27, 83.3, 80.08, 82.02, 77.69, 77.64, 84.78, 79.36, 79.11, 76.15, 79.55, 78.77, 73.31]}