{"train_loss": [2.301418672260056, 2.2986327562576685, 2.2970020990086417, 2.2961094415085945, 2.295267933454269, 2.294462295169504, 2.2937638107528033, 2.2931170621488848, 2.2924241275868864, 2.2917829150827522, 2.291156174790146, 2.290460784211118, 2.2897417983438215, 2.2891891980782533, 2.288321830268599, 2.287396953656123, 2.286637270043039, 2.285602878811013, 2.28462754864978, 2.2836474664190893, 2.2822484058192654, 2.2812977244711328, 2.2795354667891803, 2.2779467987199116, 2.276308781061417, 2.274154980467935, 2.272101187807882, 2.2699735867671476, 2.2670614724485283, 2.265084691027291, 2.2616764052301392, 2.2586774652839727, 2.254730805882022, 2.2504445161574926, 2.246431962037698, 2.2411136428515115, 2.2359754646945205, 2.2299332537202754, 2.2238677663680835, 2.21767737569972, 2.210406949886909, 2.2012133012470017, 2.1929100293379564, 2.182672488893199, 2.1721915332680073, 2.159776802246387, 2.149299608845996, 2.135705189827161, 2.1222880660978136, 2.1070583722530265, 2.0907016248784513, 2.073810086545781, 2.054356443831044, 2.037614351918555, 2.0180856901356297, 1.9964244880227962, 1.9773575574414344, 1.9562043122246735, 1.9338618534752445, 1.9105784793694813, 1.889124702439349, 1.8666853619436932, 1.843242585659027, 1.819790851101916, 1.7981763703700824, 1.7768337145829811, 1.7541276932272136, 1.7325392426588597, 1.7130480153947814, 1.6950099559930654, 1.675858347843855, 1.6592225901082032, 1.6398222117851942, 1.6218894108747826, 1.6090818549323285, 1.5918166214584286, 1.5790663552589905, 1.564139662644802, 1.5519421989591713, 1.5433188141920628, 1.531287975800343, 1.5201818441223895, 1.510720514334165, 1.5016223278820005, 1.4927245485476959, 1.4858927520421834, 1.4783101150622735, 1.4709499936837416, 1.4648547827178597, 1.4582996605298457, 1.4524022511437409, 1.447706933459665, 1.4430903417941852, 1.4382106478397663, 1.4319094692030523, 1.4288930768131192, 1.4255609570914864, 1.4222436531996117, 1.4166059399771893, 1.4136904493356361], "test_loss": [2.222360675048828, 2.1464414764404296, 2.11418359375, 2.0901016082763673, 2.073553302001953, 2.0720342376708984, 2.047285346984863, 2.04822322845459, 2.024532572937012, 2.00118913269043, 1.994107566833496, 2.005815589904785, 1.9907094833374024, 1.9759032363891602, 1.977026643371582, 1.9738563018798827, 1.9571880798339845, 1.971960319519043, 1.9769821823120117, 1.95836806640625, 1.973850555419922, 1.958764175415039, 1.9707179458618165, 1.9718270782470704, 1.9342540084838866, 1.9962065979003907, 1.9727894989013672, 1.9363048110961913, 1.9762671279907227, 1.9581759628295898, 1.932117431640625, 1.9429596237182618, 1.9795979171752929, 1.9804063369750977, 1.972549725341797, 1.97670069732666, 1.9266038436889648, 2.0131288330078125, 1.9742295028686523, 1.984687171936035, 1.9328109222412109, 1.998346061706543, 2.0223706970214845, 2.067319403076172, 1.9795292282104493, 2.070261328125, 2.0584520477294923, 2.013386557006836, 2.099924176025391, 2.0505138275146484, 2.1372307067871095, 2.1025326385498047, 2.1446358306884767, 2.079931639099121, 2.077777314758301, 2.2048070404052735, 2.2068340545654297, 2.1876784805297853, 2.2417085021972656, 2.309357083129883, 2.2908162078857424, 2.344837322998047, 2.2404382049560545, 2.3614615173339844, 2.3800243591308594, 2.3995959259033204, 2.4081801788330077, 2.4030979614257815, 2.3771625396728515, 2.430795120239258, 2.4821226684570314, 2.5100982330322266, 2.5869232849121095, 2.5869427673339844, 2.512304232788086, 2.5259183135986327, 2.606715158081055, 2.6196280364990234, 2.5559687713623047, 2.547892010498047, 2.65151142578125, 2.636838784790039, 2.5649264587402345, 2.5988480041503905, 2.6504914794921874, 2.6598523223876955, 2.608257586669922, 2.626841339111328, 2.6575972198486326, 2.664148031616211, 2.5919053771972655, 2.648026171875, 2.6457955505371094, 2.650115203857422, 2.6623671264648436, 2.6720294647216796, 2.6248861267089842, 2.6689467742919923, 2.670511993408203, 2.715428485107422], "test_acc": [57.09, 62.58, 76.16, 78.61, 83.87, 83.47, 88.25, 86.56, 90.13, 91.67, 91.72, 90.09, 91.89, 90.39, 90.79, 89.9, 90.64, 89.74, 87.71, 86.84, 85.61, 84.98, 83.02, 80.05, 79.72, 70.73, 73.7, 75.47, 62.63, 63.45, 66.15, 62.68, 53.45, 51.46, 52.1, 49.04, 56.0, 43.16, 47.04, 43.68, 47.84, 37.65, 37.86, 29.97, 38.59, 27.29, 29.23, 31.07, 26.23, 30.76, 23.91, 25.37, 25.1, 27.75, 29.43, 20.86, 22.87, 23.8, 20.26, 19.58, 19.54, 18.2, 22.81, 20.42, 19.31, 19.32, 19.63, 20.09, 20.0, 19.07, 18.01, 17.65, 18.19, 15.54, 19.52, 17.91, 16.91, 15.61, 17.3, 17.86, 15.76, 16.43, 19.05, 16.86, 17.2, 16.48, 17.51, 17.17, 16.85, 16.5, 18.38, 16.78, 17.28, 16.41, 17.28, 16.56, 17.4, 16.34, 16.38, 15.64]}