{"train_loss": [2.227685473413549, 2.176173907569331, 2.1644105060487733, 2.1587490159222202, 2.1556838328002863, 2.15287824268015, 2.150708028393933, 2.1489107608795166, 2.1475435505565414, 2.145883452688527, 2.144763441167326, 2.1433904838358235, 2.142250538891197, 2.1411735659990554, 2.1400678356488547, 2.1387728977407146, 2.1376157112610645, 2.1363196413741155, 2.135098030933967, 2.133824478866708, 2.132747894168919, 2.131263454245706, 2.1301387818450603, 2.128812792464199, 2.1272438891932497, 2.1258329254949193, 2.1242398196815424, 2.1228981140332346, 2.1210108587884497, 2.1193211445441613, 2.1173647509680853, 2.115212399990131, 2.1135194576703586, 2.1112156021289334, 2.1089497993135047, 2.1069609904900575, 2.1041570224313655, 2.1018032798400292, 2.0990443372318888, 2.0966674165847974, 2.0933979724207497, 2.0908908090020857, 2.0876577944837065, 2.0844469029679256, 2.080906772205972, 2.077309037885095, 2.0740948874726253, 2.0705633260246015, 2.0667420941540318, 2.0627232058944864, 2.0583256480530796, 2.0540999973941054, 2.0490450843786583, 2.0450410404775896, 2.0402993702480936, 2.035931707956852, 2.0304022456845665, 2.026321438387928, 2.0209969783950057, 2.015917219667353, 2.010166671795723, 2.005595039862853, 2.0006813957140994, 1.9935516857693338, 1.9889378343891895, 1.9833456973234813, 1.9781514250824594, 1.9727993994696527, 1.9666607919921222, 1.9605158521578863, 1.9557777678864634, 1.9498222646040795, 1.9453617540689616, 1.9380071945170052, 1.9336011412306728, 1.927573873446538, 1.9231497512923346, 1.9164390074901092, 1.9139559737637513, 1.9076029615015047, 1.9021703789376805, 1.89750209909219, 1.8929449057477152, 1.8889868386790283, 1.8828604185683095, 1.8780344133703117, 1.8743553744931507, 1.869309074094153, 1.8658866574112167, 1.8602225721901298, 1.8569253410539057, 1.8533935737915528, 1.8491335411866505, 1.8459655446374519, 1.8421495070314815, 1.837312961745466, 1.8360949166310139, 1.8313259940880995, 1.8283433822485118, 1.8253314388103974], "test_loss": [1.5111276794433595, 1.332670590209961, 1.3037026596069337, 1.3124986968994141, 1.3212354919433593, 1.3287278701782226, 1.231214013671875, 1.2456776290893554, 1.2655776565551757, 1.2606906158447266, 1.2752720581054688, 1.2930312942504882, 1.2355662704467774, 1.2992373901367187, 1.2213957931518555, 1.28020458984375, 1.2721328094482423, 1.2936341354370118, 1.2154712478637695, 1.2366757278442382, 1.2197141860961913, 1.2366636978149415, 1.2380326644897461, 1.255247100830078, 1.201440951538086, 1.195474967956543, 1.2493363830566406, 1.2493713775634765, 1.2191053649902344, 1.1875051971435546, 1.2474788650512696, 1.2205441650390625, 1.2757651641845704, 1.2564558624267579, 1.2690001861572267, 1.2901202514648438, 1.2923132904052734, 1.1930103103637695, 1.2143235290527343, 1.2937844635009765, 1.2327038345336914, 1.2649043380737304, 1.2806318786621094, 1.2105445053100585, 1.276431153869629, 1.2421537628173829, 1.2515575271606445, 1.2744892669677734, 1.2632293685913085, 1.3124117965698243, 1.2217483016967774, 1.2789681838989257, 1.1959513122558594, 1.3233238403320313, 1.2975495712280274, 1.2791710968017578, 1.2986086822509766, 1.2934019332885742, 1.2957430541992188, 1.323738346862793, 1.3233917404174804, 1.3386980834960938, 1.2867617736816406, 1.239668049621582, 1.3212821868896485, 1.2667553634643556, 1.2994648895263672, 1.327807194519043, 1.265430172729492, 1.306809196472168, 1.409137855529785, 1.3766262603759765, 1.3696056671142578, 1.3834157043457032, 1.356702685546875, 1.3146717575073241, 1.3915841979980468, 1.3566092895507813, 1.291866096496582, 1.3997588180541993, 1.3347201568603515, 1.3782768173217774, 1.3564647598266601, 1.3965602462768554, 1.4129903152465821, 1.3851285751342775, 1.339706022644043, 1.378484016418457, 1.3787124862670899, 1.3522718215942382, 1.4449562438964845, 1.4275199096679687, 1.4059276275634767, 1.3740987258911133, 1.4254144393920898, 1.4386906356811524, 1.3993080490112304, 1.4101222686767578, 1.4018590377807618, 1.4028758071899414], "test_acc": [90.91, 94.29, 95.7, 96.04, 96.81, 97.21, 97.37, 97.37, 97.61, 97.86, 97.78, 97.58, 97.83, 97.91, 97.89, 97.99, 98.03, 98.08, 98.14, 98.05, 98.15, 98.08, 98.17, 98.15, 97.94, 98.15, 97.91, 97.97, 97.95, 97.96, 97.78, 97.51, 97.41, 97.46, 97.28, 97.02, 96.71, 96.83, 96.03, 96.3, 96.25, 95.76, 94.79, 95.68, 93.65, 94.21, 92.8, 93.07, 92.56, 90.86, 92.82, 90.04, 90.69, 86.48, 86.85, 87.63, 83.74, 87.15, 82.42, 84.39, 83.12, 78.62, 82.14, 83.38, 79.96, 81.08, 80.4, 74.55, 81.12, 78.32, 73.12, 75.07, 73.95, 72.96, 72.29, 73.95, 71.14, 71.23, 74.5, 69.31, 73.88, 68.67, 70.59, 68.84, 67.08, 67.13, 70.59, 68.78, 68.09, 69.82, 64.03, 65.17, 65.74, 67.31, 64.38, 63.3, 65.06, 65.52, 64.63, 65.13]}