{"train_loss": [1.9899765156273148, 1.8700526861044078, 1.8531924980318444, 1.844677110767772, 1.839189626976975, 1.8347137162828038, 1.831891139348348, 1.8289598919387557, 1.8265843778593926, 1.8245280127749484, 1.8227436598549542, 1.8209458441815825, 1.8195026578047337, 1.81799303746631, 1.816463404486322, 1.8149716726735108, 1.8137277930210798, 1.8126945337678633, 1.8112553477796733, 1.810176823893164, 1.8088383506505916, 1.8079972053185487, 1.8066087731948266, 1.8053615865034935, 1.8042264313269885, 1.8031364394049358, 1.8017498662329128, 1.8005359200840323, 1.799572421190066, 1.7980134688381455, 1.7970348632233775, 1.7957803306416569, 1.7946300397061894, 1.7931940155661004, 1.7920195969760928, 1.7909548978010814, 1.7896205553641686, 1.7881842548521156, 1.7868164245389466, 1.7853771830216432, 1.7839379356457636, 1.7825072608951829, 1.7811515904389894, 1.7794400091864104, 1.7780832964130955, 1.77649080600494, 1.7746580948687007, 1.7735320953731863, 1.7719486411820111, 1.770264240156891, 1.768860327382373, 1.766594409942627, 1.765473272301193, 1.7633551005114856, 1.7616302365930672, 1.7600615587499406, 1.758625530024879, 1.756319782163343, 1.7544535930849547, 1.7526132668185437, 1.7511393868515635, 1.7490255552479343, 1.7471133758369675, 1.7455943608895326, 1.7433315072304163, 1.74142828456357, 1.73985289177324, 1.737869884723272, 1.735985344546473, 1.7335905539683807, 1.732204217177171, 1.7302640159415383, 1.7282079837770543, 1.7262152143013783, 1.7247911472605844, 1.7224723607556434, 1.7205155117389483, 1.7183232969707913, 1.7167736905762272, 1.714653682250243, 1.7129705698571653, 1.711539786340844, 1.7092502616409562, 1.7081005927334485, 1.7057825209748032, 1.704031792206642, 1.7023806146576874, 1.7003220872491853, 1.699235286977556, 1.6968067642460523, 1.6952871257423336, 1.6939271999220562, 1.6920170366254628, 1.6903578595727937, 1.6891355720850139, 1.6870406040778527, 1.6860576103895137, 1.6840601507415118, 1.6826710647497423, 1.681411267345787], "test_loss": [0.935773560333252, 0.8559352577209473, 0.8260922485351563, 0.8901908493041992, 0.8462337471008301, 0.816429029083252, 0.80421728515625, 0.8211192489624023, 0.7439891082763672, 0.8045460746765136, 0.7479273132324219, 0.7874198631286621, 0.7356169708251953, 0.7511008880615234, 0.7739338554382325, 0.7696747161865234, 0.7277152000427246, 0.811674838256836, 0.7605036003112793, 0.7785683540344238, 0.7338930519104004, 0.7000608482360839, 0.7475112426757813, 0.7971611686706543, 0.7925768280029297, 0.7706921142578125, 0.7846060745239258, 0.8052078247070312, 0.7095170433044433, 0.7389074562072754, 0.6889861579895019, 0.7368313682556152, 0.7448052337646485, 0.7257026016235352, 0.7253290031433105, 0.7223507347106933, 0.7735165237426758, 0.7530102645874024, 0.7073298545837402, 0.7100488105773926, 0.7693788436889648, 0.7893185897827149, 0.7603138771057129, 0.7349346832275391, 0.8078700294494628, 0.7446908470153809, 0.725489909362793, 0.7648862503051758, 0.8089299270629883, 0.7951472831726074, 0.8038982620239258, 0.764615030670166, 0.7415968803405761, 0.8000909309387207, 0.717368270111084, 0.7538776679992676, 0.8050563682556152, 0.7949684104919433, 0.7879919609069824, 0.7232770690917969, 0.7683901939392089, 0.7383931419372559, 0.7650459480285644, 0.7656922592163086, 0.8118466873168946, 0.8027743270874024, 0.8025040466308594, 0.7467669540405274, 0.7929984809875489, 0.7484284255981445, 0.769553702545166, 0.8100042503356933, 0.7959448333740234, 0.7531254524230957, 0.806693172454834, 0.7678722076416016, 0.7729603805541992, 0.7505973754882812, 0.7785004150390625, 0.7589005966186524, 0.7741150939941406, 0.809147647857666, 0.7733853942871094, 0.7833718765258789, 0.7905838577270508, 0.7740421699523926, 0.7980496063232422, 0.7521463760375977, 0.7833831558227539, 0.7545205711364746, 0.7972700660705566, 0.7760162017822265, 0.7531446807861328, 0.8195382980346679, 0.7952100051879882, 0.803471109008789, 0.8123020568847656, 0.8319740409851074, 0.7876866775512695, 0.8273381446838379], "test_acc": [94.92, 97.03, 97.76, 98.0, 98.05, 98.28, 98.34, 98.51, 98.62, 98.62, 98.69, 98.68, 98.64, 98.74, 98.87, 98.76, 98.78, 98.78, 98.85, 98.87, 98.86, 98.81, 98.89, 98.94, 98.88, 98.92, 98.82, 99.0, 98.87, 98.93, 98.97, 98.84, 98.9, 98.83, 98.85, 98.95, 98.88, 98.89, 98.88, 98.96, 98.93, 98.81, 98.71, 98.82, 98.88, 98.79, 98.84, 98.8, 98.68, 98.83, 98.67, 98.7, 98.75, 98.51, 98.63, 98.71, 98.57, 98.44, 98.4, 98.56, 98.44, 98.56, 98.62, 98.48, 97.62, 97.63, 98.22, 98.19, 98.02, 98.24, 98.11, 97.4, 97.66, 97.83, 97.87, 97.72, 97.74, 97.48, 97.71, 97.34, 97.64, 97.18, 97.53, 97.37, 96.87, 97.1, 97.27, 97.29, 96.83, 96.88, 97.15, 96.95, 97.09, 96.34, 96.63, 96.26, 96.38, 96.37, 96.3, 95.63]}