{"train_loss": [2.242597584031586, 2.195681571960449, 2.1828431650104685, 2.1762119725219207, 2.1721727832769737, 2.1685049722337317, 2.1653478782401128, 2.162614316512377, 2.160279609199263, 2.1577700473304486, 2.1551633334567404, 2.1526302883767676, 2.1502541079480424, 2.147549954744486, 2.1447648548672342, 2.1414888378901358, 2.138447338953996, 2.1352441845796046, 2.1316986995884495, 2.1271764860193954, 2.1235574055940676, 2.119092298878564, 2.113902686498104, 2.1081683462501593, 2.1024023989836373, 2.0964760579105115, 2.0891800790261, 2.0812500091190014, 2.073788026968638, 2.064033721502011, 2.0547144919888587, 2.043172677867433, 2.032215447252632, 2.0196325654148035, 2.005653217052802, 1.990089804188818, 1.9746521199360871, 1.9585450706828353, 1.9386323749000192, 1.918276222088398, 1.8997367026968899, 1.8774375589484842, 1.8550908733636906, 1.8329760312524617, 1.8061489378794646, 1.7820046806437337, 1.7557570475798387, 1.728857922503072, 1.7043925055071838, 1.6797214756664047, 1.6520532333952749, 1.6257776284319723, 1.5984660127224066, 1.5768164538929605, 1.5512616685313037, 1.529459557726852, 1.5061678703014667, 1.4837008215423324, 1.4634188530791519, 1.445144714708002, 1.4251905723005278, 1.407501014888796, 1.388968388748984, 1.3751734576673589, 1.3588913505912845, 1.345581349144634, 1.3325859534944224, 1.320749635115648, 1.308514988065785, 1.2996186746491327, 1.2897264305342975, 1.2809791677018516, 1.2717617362992377, 1.2639063853993375, 1.2568494985755692, 1.249812982785396, 1.2425387175674112, 1.2374119880871894, 1.2323351504965725, 1.2268200473398225, 1.2212577495310042, 1.2176813338047419, 1.2119081863480756, 1.2091114643292549, 1.2044485708077748, 1.199949047759048, 1.196480302219717, 1.1923672572160378, 1.1906502269781554, 1.1869717062029064, 1.1837114337672534, 1.1804737629544022, 1.1780090971380217, 1.1754436352823534, 1.172635798780327, 1.1705288397960174, 1.167896419763565, 1.165462479632125, 1.1629635057388208, 1.1611850208196886], "test_loss": [1.5605902053833007, 1.390303677368164, 1.3482349075317384, 1.3508897232055663, 1.3491059005737305, 1.2926136001586914, 1.3034742401123047, 1.341091290283203, 1.3070318313598632, 1.2913959091186524, 1.2646168701171876, 1.279261149597168, 1.303782568359375, 1.2678665832519531, 1.2929602111816407, 1.3084355880737304, 1.2947598754882812, 1.2696484909057617, 1.2752413070678712, 1.3058796966552735, 1.2607551651000977, 1.2745260314941407, 1.2972584289550781, 1.3293450241088867, 1.2345707977294922, 1.3030412796020507, 1.3341929901123046, 1.3452804443359374, 1.291755584716797, 1.304578416442871, 1.3216496627807617, 1.3082936157226563, 1.3875198272705078, 1.3493113220214843, 1.3738754180908204, 1.401049560546875, 1.3456477798461914, 1.3947360321044922, 1.3476492568969727, 1.3896749374389648, 1.445830451965332, 1.47196162109375, 1.4488799621582031, 1.4777682144165039, 1.4882235626220703, 1.4131768981933595, 1.5091864028930664, 1.4964121536254882, 1.48038455657959, 1.4467906036376954, 1.6785085494995118, 1.615667059326172, 1.6319142517089844, 1.5758843048095703, 1.7383954696655273, 1.6388029815673828, 1.6686170852661133, 1.7223237442016601, 1.6656637573242188, 1.8180744354248046, 1.7131569931030273, 1.7480713943481445, 1.7433971755981446, 1.8318508590698241, 1.7061272613525391, 1.7584292037963867, 1.8972256134033203, 1.8789176315307616, 1.785947100830078, 1.8356190887451171, 1.8903737762451172, 1.8815792861938476, 1.8582351898193359, 1.8428224838256837, 1.8619277694702148, 1.8674772521972656, 1.9568409973144532, 1.8972565979003906, 1.8940754623413085, 1.9313890350341796, 1.963318948364258, 1.9183980224609376, 1.9573976272583007, 1.9486840621948243, 1.9834925384521485, 1.9791548599243165, 1.9385564865112304, 1.9702209213256836, 2.011339633178711, 2.0537295333862304, 2.0419069442749023, 2.0018124374389648, 2.0125048904418947, 2.0572449676513673, 1.9713356018066406, 2.032732843017578, 2.0596705673217772, 2.031768421936035, 2.0145653366088867, 2.0355703491210937], "test_acc": [86.51, 92.32, 94.77, 95.74, 95.92, 96.66, 96.83, 97.24, 97.23, 97.28, 97.5, 97.68, 97.35, 97.14, 97.26, 97.41, 97.4, 96.89, 97.02, 96.78, 96.64, 95.94, 95.34, 94.05, 94.52, 94.19, 90.85, 88.07, 90.57, 89.01, 87.8, 85.31, 76.98, 79.43, 75.61, 74.66, 75.67, 73.83, 72.77, 68.95, 62.8, 61.47, 61.2, 58.2, 57.28, 61.29, 55.06, 55.28, 55.61, 57.25, 46.87, 49.6, 48.83, 49.69, 43.32, 48.32, 46.4, 43.96, 46.82, 41.4, 45.6, 43.96, 43.65, 40.92, 45.03, 43.72, 39.38, 39.47, 42.69, 40.89, 38.03, 39.63, 39.93, 41.06, 40.78, 40.72, 37.41, 39.66, 39.49, 38.8, 37.53, 38.98, 37.63, 38.59, 36.68, 37.34, 38.46, 37.72, 36.53, 35.17, 35.34, 36.43, 36.29, 35.07, 38.59, 35.37, 34.96, 35.89, 37.12, 35.92]}