{"train_loss": [2.300741125375797, 2.2975794927686706, 2.2963815178626623, 2.295685469594776, 2.2952080246729727, 2.2947944555527124, 2.294433636033637, 2.2941382410179854, 2.293904232673156, 2.2937129685002513, 2.2935586678676114, 2.2934146156677833, 2.2932998965948057, 2.293182479520129, 2.2930935942209683, 2.293013909433642, 2.292904326548943, 2.2928379947303705, 2.2927714036061215, 2.2926857817886224, 2.292621681323418, 2.292562291662917, 2.292507049874363, 2.292465288924356, 2.2924003224087577, 2.2923515194501634, 2.2923052922273293, 2.292242515290904, 2.292194112753257, 2.2921612008005128, 2.2921047022200036, 2.2920536103411617, 2.2920296859537435, 2.2919942354544616, 2.2919451146044283, 2.291894386976193, 2.2918610980368066, 2.2918092211087546, 2.291769856061691, 2.2917272886659346, 2.2917021100337687, 2.291659821302463, 2.291611784034305, 2.291577097697136, 2.2915491548358884, 2.291503745775956, 2.291453013053307, 2.29140806147176, 2.2913948266934128, 2.2913513336426172, 2.2913148209579988, 2.2912901950697613, 2.291245678041735, 2.2911839770455646, 2.291165016655229, 2.2911167149869804, 2.291083415858766, 2.291064085613968, 2.291005887536921, 2.2909795799825945, 2.2909450495344963, 2.2909156517085867, 2.2908645338482327, 2.29083024793201, 2.2908112967116203, 2.2907725058050237, 2.290714415729555, 2.290692527070005, 2.2906551147118592, 2.2906250790653067, 2.2905902933870625, 2.2905526803090024, 2.2905052905408745, 2.2904505286461267, 2.290411578793811, 2.2903653923262897, 2.2903376486566334, 2.290301748830029, 2.290276819314712, 2.290241764141963, 2.2901730705530214, 2.2901424159351578, 2.2900903530609913, 2.2900640587521415, 2.2900090181929436, 2.2899566155213575, 2.2899422018955917, 2.289876152817001, 2.289859110983009, 2.2898181503654547, 2.2897612697038894, 2.289713740348816, 2.2896852819328632, 2.2896154314024835, 2.2895944413975773, 2.2895414100752935, 2.289497938930479, 2.2894371427022495, 2.289395444922977, 2.2893640470300984], "test_loss": [2.1960279724121095, 2.108023944091797, 2.0751214141845704, 2.0589069107055664, 2.0420092498779296, 2.0300240585327147, 2.019922640991211, 2.0091508377075193, 1.996860060119629, 1.9982626541137696, 1.9870727798461914, 1.992383689880371, 1.9824595458984375, 1.9758390548706055, 1.9716993560791016, 1.9680150344848633, 1.9692903259277343, 1.9662463485717774, 1.966099446105957, 1.9579136138916016, 1.9707129119873046, 1.960146208190918, 1.9647035598754883, 1.9667274444580078, 1.9611193145751953, 1.9621697082519531, 1.9531258499145507, 1.9600149627685546, 1.9544738662719727, 1.9648774963378906, 1.958039889526367, 1.9509749740600586, 1.9562089401245117, 1.954077165222168, 1.9514185317993165, 1.9474310119628906, 1.9418899551391602, 1.9557232009887695, 1.947426890563965, 1.948317481994629, 1.9488940673828126, 1.9506952102661133, 1.9429297592163086, 1.94832374420166, 1.9555868682861328, 1.9509046646118164, 1.946721630859375, 1.9448630767822266, 1.9475345809936524, 1.9463241775512696, 1.9369060165405274, 1.9459684463500977, 1.9453020889282227, 1.939933415222168, 1.9460839416503906, 1.9450495483398438, 1.9336914184570313, 1.9404722946166992, 1.9324832107543946, 1.935765151977539, 1.9476222061157227, 1.925437307739258, 1.9366826080322266, 1.9335127532958984, 1.9430931838989258, 1.9444682830810547, 1.9378126068115233, 1.938772917175293, 1.9402674118041991, 1.9392015243530274, 1.936487823486328, 1.9361586715698242, 1.9346105087280274, 1.9448188339233399, 1.92919854888916, 1.9204885787963868, 1.9320394775390626, 1.927735986328125, 1.939883120727539, 1.9379920120239258, 1.922890885925293, 1.9339586822509767, 1.9312155487060547, 1.9431805282592773, 1.9247828308105468, 1.9444323745727539, 1.9328059310913086, 1.9339038467407226, 1.924349769592285, 1.9253964691162109, 1.9182417419433593, 1.930331689453125, 1.929550192260742, 1.9340075592041015, 1.9305720657348633, 1.9353763885498048, 1.9289084945678712, 1.9363292846679687, 1.9333691268920898, 1.9244058563232422], "test_acc": [70.92, 82.81, 87.97, 89.64, 90.8, 91.55, 92.0, 93.51, 93.67, 94.31, 94.46, 95.13, 95.29, 95.73, 95.28, 96.01, 96.15, 96.05, 96.28, 96.53, 96.55, 96.33, 96.74, 96.36, 96.89, 96.6, 96.88, 96.88, 97.08, 97.07, 97.02, 97.19, 97.21, 97.22, 97.32, 97.22, 97.29, 97.09, 97.49, 97.43, 97.09, 97.5, 97.54, 97.42, 97.35, 97.51, 97.44, 97.71, 97.48, 97.44, 97.51, 97.75, 97.62, 97.75, 97.76, 97.67, 97.28, 97.73, 97.7, 97.7, 97.77, 97.7, 97.89, 97.89, 97.85, 97.86, 97.84, 97.7, 97.86, 97.69, 97.75, 97.77, 97.57, 97.97, 97.47, 97.88, 97.77, 97.78, 97.87, 97.86, 97.63, 97.81, 97.72, 97.76, 97.64, 97.77, 97.81, 97.66, 97.64, 97.67, 97.66, 97.85, 97.75, 97.59, 97.61, 97.05, 97.36, 97.71, 97.45, 97.78]}