{"train_loss": [2.039627615712647, 1.9298912200153384, 1.912474079264535, 1.9040893986184373, 1.8983238293574407, 1.8938600545764988, 1.8904257730031624, 1.8877221661755161, 1.88477411127498, 1.8823917480106027, 1.8802015040165339, 1.877974402700734, 1.8759883053791828, 1.8742812339566712, 1.8720321107623923, 1.8700021260823958, 1.8684273000456328, 1.8671644533801282, 1.8648350748241458, 1.8628534137183785, 1.861012629718862, 1.859122230201705, 1.8571668921882272, 1.8550916785358365, 1.8530515381413648, 1.850824607997878, 1.847940073054061, 1.846025607524774, 1.8434608392735832, 1.840951758572179, 1.8390205869307885, 1.8359024583274484, 1.833419870871764, 1.8301936655472486, 1.827120755218033, 1.8240546869416523, 1.8210581467192397, 1.8180866465609298, 1.8141523123296917, 1.811099652805899, 1.8072517758760698, 1.80407455843738, 1.8000358200480795, 1.79633009306386, 1.7920944397775536, 1.7878489535079043, 1.7834431006867661, 1.779052596571099, 1.7742964370637877, 1.7699211328967004, 1.7648127886474643, 1.7610179122187133, 1.755602176882263, 1.7505543970654154, 1.7472555115182176, 1.7405919852929237, 1.7361980123907073, 1.7313137889927268, 1.726666290535886, 1.7210401446900816, 1.7160914586140559, 1.710514671017981, 1.7057741350597806, 1.700332328549817, 1.6956592856818795, 1.6913671529191172, 1.6863850969025211, 1.6809602716030219, 1.6758423108830411, 1.6699777920531411, 1.6671149939553351, 1.6613616545995076, 1.6573268964759305, 1.65266919721905, 1.6483530491335778, 1.6433290286451323, 1.638623086305765, 1.634767229230995, 1.6311083438559475, 1.6257383851414053, 1.6228685088646717, 1.6191811767908244, 1.6150368268673236, 1.6122210018145733, 1.6092489359215794, 1.6048006415367126, 1.6014739460924752, 1.599123527861049, 1.594024685712961, 1.591598988088787, 1.589686382530082, 1.585934561287236, 1.5842070742550058, 1.580753580117837, 1.5786100569953265, 1.5760203915783482, 1.573056993066755, 1.569948511500644, 1.5675041479432685, 1.565555134899596], "test_loss": [0.9810782814025879, 0.8939701042175293, 0.9066560310363769, 0.8675919647216797, 0.8619451622009278, 0.8459840148925781, 0.8370801666259765, 0.8817502471923828, 0.81739175491333, 0.8454657096862793, 0.7911855323791503, 0.8818434928894043, 0.8222411605834961, 0.7945107978820801, 0.7878952125549317, 0.8662904235839843, 0.7954127456665039, 0.8049862098693847, 0.8420641105651856, 0.7874038444519043, 0.8628899879455566, 0.7928910346984863, 0.7683621765136719, 0.7928608070373535, 0.7685580200195312, 0.8701244903564453, 0.8213780899047851, 0.8207033363342285, 0.7979525016784668, 0.7512120193481445, 0.8388187820434571, 0.7547622009277344, 0.8391055221557617, 0.7979304306030274, 0.8064287048339843, 0.802338491821289, 0.7935292388916015, 0.8563693183898926, 0.8405519187927246, 0.8041211944580078, 0.8731919563293457, 0.8111380897521973, 0.7846042602539063, 0.8082484451293945, 0.827111614227295, 0.7998703742980957, 0.8373126792907715, 0.8610155197143554, 0.8577057388305664, 0.8406383682250976, 0.7858865013122559, 0.8031610908508301, 0.8657584259033203, 0.8845424995422363, 0.8450760406494141, 0.9018395683288575, 0.8345852264404297, 0.8184345062255859, 0.8919786590576172, 0.8233199974060058, 0.8356977561950684, 0.796611353302002, 0.8585996810913086, 0.9059282035827637, 0.9228720542907715, 0.943347193145752, 0.8283254470825195, 0.85559521484375, 0.8835315292358399, 0.8361581092834472, 0.9370777465820312, 0.9012912368774414, 0.922309513092041, 0.8794299018859864, 0.8873416732788086, 0.8985786972045898, 0.8803598731994629, 0.8361546035766602, 0.986032633972168, 0.921697998046875, 0.9122874839782715, 0.908850025177002, 0.8708924720764161, 0.993576318359375, 0.9275552299499512, 0.9186515571594238, 0.9045832748413086, 0.9060860313415527, 0.8948295715332031, 0.9617235115051269, 0.9264902305603028, 0.9261707931518555, 0.9104576080322265, 0.9525414390563964, 0.9219063438415528, 0.9239479072570801, 0.9482159606933593, 0.8947916000366211, 0.9263592864990234, 0.9710194328308105], "test_acc": [94.36, 96.73, 96.99, 97.78, 98.1, 98.1, 98.28, 98.45, 98.51, 98.47, 98.46, 98.58, 98.66, 98.7, 98.66, 98.76, 98.73, 98.73, 98.84, 98.66, 98.81, 98.5, 98.75, 98.62, 98.71, 98.8, 98.67, 98.71, 98.58, 98.57, 98.72, 98.66, 98.38, 98.42, 98.16, 98.41, 98.3, 98.46, 98.21, 97.94, 97.81, 97.91, 97.93, 97.69, 97.59, 97.47, 97.22, 96.21, 96.7, 96.83, 96.75, 96.77, 96.04, 94.55, 95.25, 94.81, 94.93, 94.58, 94.45, 94.23, 94.35, 94.71, 92.9, 91.3, 91.82, 91.22, 93.49, 91.59, 89.54, 91.98, 88.03, 89.71, 89.57, 90.13, 90.07, 88.32, 89.48, 90.06, 82.12, 87.14, 88.54, 87.4, 89.69, 84.31, 87.29, 87.01, 87.88, 87.6, 86.71, 84.76, 85.94, 86.53, 87.1, 84.46, 85.56, 85.97, 84.17, 86.8, 85.72, 83.55]}