{"train_loss": [2.0294499343786483, 1.9182379627839112, 1.9013843844589005, 1.8931927991728497, 1.8875227267416115, 1.8833785184428222, 1.8800141849578955, 1.8771076245695097, 1.8747708845851767, 1.8724291793301575, 1.8707043441951785, 1.868492473139722, 1.8669652302041013, 1.8653207589418461, 1.8638572481452909, 1.8621928536484385, 1.8606977093423533, 1.8591693863909469, 1.857610579739269, 1.8566023434838679, 1.8551483110994356, 1.8537476697029212, 1.8520257006853054, 1.8508005883449163, 1.8493785142389119, 1.847807412728285, 1.8463419841395483, 1.844873155029411, 1.8433860726336129, 1.8417016356928735, 1.8402555348017278, 1.838314327164593, 1.8370544999583154, 1.8351255380190337, 1.8333122781199267, 1.8316636801275432, 1.8298156449937413, 1.8276025507694635, 1.826154458981294, 1.8239326622241583, 1.82211618240063, 1.8195394893996737, 1.8174300127559238, 1.8158065093378735, 1.8131678708088703, 1.8112365865809286, 1.8087687235102694, 1.8060654873012478, 1.8033428001098144, 1.801413863642603, 1.7987680022533123, 1.7966853464261079, 1.7939986110243022, 1.7904125161660023, 1.7887769881476703, 1.786000369450985, 1.7826118372444413, 1.7801772073293343, 1.7776175648228736, 1.7738002976800642, 1.7715152744044604, 1.7685114104523618, 1.7657538402793753, 1.7627739254226031, 1.7597860971577146, 1.7571160138672233, 1.7542691811537132, 1.7513174811999004, 1.7480352031878936, 1.7452008999311006, 1.742898313408224, 1.7393758309702587, 1.7368045999453618, 1.7334891626468072, 1.7305617141417968, 1.7270042323149168, 1.7247159529445517, 1.722872252902414, 1.719403948284622, 1.717091020865318, 1.714019308742295, 1.7112593543835175, 1.7079029995152073, 1.7060938709312015, 1.7034702693295276, 1.701160032270301, 1.698679616053899, 1.6963999699323604, 1.6933116963785937, 1.6915121491138752, 1.6892575950194628, 1.6874703767462673, 1.6843995719383924, 1.6825218628614376, 1.6803259923417344, 1.677589238454134, 1.676552177239687, 1.6741388381546378, 1.672327432112816, 1.6709640823368332], "test_loss": [0.986817180633545, 0.8564481048583984, 0.8910998214721679, 0.8667908088684082, 0.8600451736450195, 0.801296085357666, 0.8429021865844727, 0.8420675422668457, 0.8490002868652343, 0.7588122077941895, 0.7888580039978027, 0.8075151275634765, 0.8168237197875976, 0.7913469711303711, 0.7681635429382324, 0.7372112800598144, 0.8192476577758789, 0.7772581405639648, 0.8167566169738769, 0.8653013282775879, 0.8930140472412109, 0.8058637901306153, 0.8089581886291504, 0.8315389541625977, 0.8256818664550781, 0.8390556755065918, 0.775314517211914, 0.7796404518127441, 0.861918856048584, 0.778719253540039, 0.7742697807312011, 0.8257239921569824, 0.7767968070983887, 0.7745589614868164, 0.8137071571350097, 0.7311487846374511, 0.7789295478820801, 0.7908994445800781, 0.7428771530151367, 0.7720981513977051, 0.7196925498962402, 0.8390600082397461, 0.8072789985656739, 0.8312261192321777, 0.8284299476623536, 0.7949675186157227, 0.8081181442260742, 0.8291340957641602, 0.8584962074279785, 0.7783890296936035, 0.7864990493774414, 0.8263197494506835, 0.7771756034851074, 0.8366576583862305, 0.8232834861755371, 0.8114722961425781, 0.8286285133361816, 0.8257037704467773, 0.8416312873840333, 0.7787666847229003, 0.7738068580627442, 0.8059740943908691, 0.7888096824645996, 0.832277252960205, 0.7676625694274902, 0.8699059791564941, 0.8394419563293457, 0.8185318077087402, 0.9071390357971192, 0.8622493087768555, 0.8468556266784668, 0.8365778739929199, 0.7946399139404297, 0.822850545501709, 0.8397296203613281, 0.8366129051208496, 0.8253058563232422, 0.8803917297363282, 0.8910389404296875, 0.8651493621826172, 0.8044800750732422, 0.8264311157226563, 0.8304196006774902, 0.866724146270752, 0.885004751586914, 0.8236467788696289, 0.8380836944580078, 0.8716129417419434, 0.8160563903808594, 0.882807308959961, 0.8892705062866211, 0.8760733154296875, 0.8340741485595703, 0.8345391021728515, 0.8560015380859375, 0.8364373138427734, 0.87887470703125, 0.8400340782165527, 0.8688680625915527, 0.8855835189819335], "test_acc": [94.71, 96.65, 97.25, 97.71, 97.95, 98.2, 98.12, 98.41, 98.47, 98.45, 98.54, 98.56, 98.63, 98.72, 98.67, 98.72, 98.75, 98.81, 98.74, 98.73, 98.84, 98.78, 98.75, 98.72, 98.85, 98.76, 98.79, 98.74, 98.79, 98.77, 98.75, 98.68, 98.82, 98.78, 98.69, 98.75, 98.79, 98.7, 98.71, 98.67, 98.61, 98.47, 98.67, 98.62, 98.43, 98.5, 98.31, 98.25, 97.67, 98.23, 98.21, 98.23, 98.23, 97.99, 98.14, 97.66, 97.99, 97.64, 97.24, 97.61, 97.38, 97.37, 97.35, 97.1, 97.5, 95.09, 96.78, 97.04, 95.03, 95.69, 96.13, 95.92, 96.52, 95.83, 94.81, 94.47, 95.75, 94.72, 94.93, 93.75, 95.55, 95.07, 93.44, 94.27, 93.72, 94.71, 94.74, 93.05, 93.98, 93.27, 92.35, 92.6, 93.67, 93.94, 93.35, 93.59, 92.12, 93.1, 91.9, 93.04]}