{"train_loss": [2.2900182997059617, 2.2748907717884097, 2.2693161281765017, 2.265491004173572, 2.2634609815401907, 2.261788292318328, 2.2604806071672683, 2.2594793897408705, 2.25841052002377, 2.257445157593132, 2.256594656369625, 2.255726350678338, 2.254735048000629, 2.2539795209199953, 2.253146413554493, 2.2522503652124324, 2.2513835883548117, 2.2505418561462665, 2.2493876616160073, 2.248581510833186, 2.247349626488156, 2.2463243084076123, 2.2452976525339308, 2.243997284489819, 2.2427345142405257, 2.241534045109382, 2.2399356884834094, 2.2386499103317914, 2.236589473536891, 2.2353144894298325, 2.2333122751651664, 2.2312708257609963, 2.2292801646085887, 2.2269974610744376, 2.224943514053638, 2.2220154914081607, 2.219946942268274, 2.2168513684191256, 2.2137961998963966, 2.2108573648664684, 2.2071557360836582, 2.2039948768085904, 2.2003621861465974, 2.196165129669711, 2.1923463105136514, 2.1873382003898296, 2.1825224925310183, 2.177867297942822, 2.1733174797816153, 2.166983109763545, 2.16210944377459, 2.1564830302173257, 2.1497647461728153, 2.1432528781075764, 2.1368489963376622, 2.1297650036648808, 2.122432838138352, 2.1146512164009943, 2.1072297162479825, 2.1000205889726296, 2.0925389151287894, 2.084392180809608, 2.0754733498279867, 2.066638455941127, 2.059305597574283, 2.0514608652163773, 2.042038414722834, 2.0333967191031856, 2.0243861242237253, 2.0149771502384772, 2.00677776718751, 1.9983853878628495, 1.9904835376984034, 1.9821062658587072, 1.9726539919009576, 1.9659882305014846, 1.9579019044709003, 1.9482331359997773, 1.9418653649652107, 1.933769907706823, 1.925082003713673, 1.9190419922527084, 1.912540309704267, 1.9052288840469132, 1.8979498805143895, 1.891510462659037, 1.8849370100049891, 1.878558128562748, 1.8722162468311114, 1.8670438153621478, 1.861304436993395, 1.8577408609736679, 1.8500714518575587, 1.8462070147705893, 1.83871037277401, 1.8361334905155704, 1.8309007200420413, 1.82566706263102, 1.8219004260678577, 1.8177481484718812], "test_loss": [1.9517282287597657, 1.835318702697754, 1.7574190521240234, 1.7471237045288086, 1.7388284454345704, 1.6998667709350586, 1.7088112518310548, 1.6604392471313476, 1.6789019500732423, 1.681187646484375, 1.6696645401000976, 1.6808994354248046, 1.6612989639282227, 1.6776369598388672, 1.706620034790039, 1.6291205062866212, 1.6401722503662108, 1.6416931640625, 1.6595430786132812, 1.6720813873291016, 1.681559326171875, 1.6370585678100587, 1.6459388549804688, 1.6817302627563477, 1.6354885025024415, 1.6194574905395507, 1.642949055480957, 1.6625568572998046, 1.62278377532959, 1.6168380096435546, 1.673723829650879, 1.583148762512207, 1.6079885391235351, 1.6578557830810547, 1.6817592834472657, 1.596080908203125, 1.6227010803222657, 1.6648094177246093, 1.6989924407958985, 1.6577517288208008, 1.6013037567138673, 1.6611629760742188, 1.6602736465454102, 1.6133253860473633, 1.6910126831054688, 1.6514164474487305, 1.6468607086181641, 1.6729233276367188, 1.6518685989379882, 1.6820091842651368, 1.6940732589721679, 1.6796128280639648, 1.758450468444824, 1.641221955871582, 1.751736653137207, 1.6992843505859374, 1.7046596710205077, 1.749653384399414, 1.7157818252563477, 1.7572199249267577, 1.8004726531982422, 1.7763783096313477, 1.7803730026245117, 1.6549036087036133, 1.7304409072875977, 1.8147048706054687, 1.8184344329833984, 1.8776442947387695, 1.8247712295532226, 1.8459672012329102, 1.7953014297485352, 1.8380424758911134, 1.8603052017211914, 1.913099787902832, 1.8687878021240234, 1.8294574493408202, 1.834287663269043, 1.8695082107543946, 1.9693930252075196, 1.9023291900634767, 1.9156445892333984, 1.8450178466796876, 1.929622346496582, 1.9091356353759765, 1.9447115371704102, 1.9962945205688476, 1.990410887145996, 2.031650424194336, 1.9810092422485353, 1.8656019241333008, 1.893780924987793, 1.8943665512084962, 1.9424810134887696, 1.95816026763916, 1.9891999267578124, 2.0029623748779297, 1.934355647277832, 1.982666993713379, 2.03512696685791, 1.9530237670898438], "test_acc": [78.26, 89.82, 92.16, 93.47, 94.44, 95.07, 95.46, 96.05, 96.06, 95.55, 96.43, 96.49, 96.23, 96.82, 97.15, 96.93, 97.23, 96.75, 96.93, 97.08, 96.52, 96.87, 96.54, 96.35, 96.0, 95.67, 96.24, 94.06, 93.98, 94.74, 93.11, 93.58, 94.29, 91.35, 90.12, 91.05, 87.94, 88.09, 81.45, 79.46, 83.12, 78.99, 80.77, 80.79, 71.01, 74.1, 74.74, 72.09, 70.58, 67.26, 64.85, 66.79, 57.09, 67.33, 55.47, 58.04, 56.05, 54.7, 54.58, 52.77, 46.35, 48.73, 48.08, 56.48, 51.56, 46.19, 45.08, 43.59, 43.54, 43.61, 43.82, 41.97, 41.5, 37.42, 40.57, 41.06, 40.23, 36.83, 33.91, 37.71, 36.52, 40.51, 37.25, 36.97, 36.34, 33.46, 33.86, 30.4, 33.62, 37.86, 38.84, 37.53, 35.7, 34.44, 32.59, 32.45, 35.31, 33.78, 31.18, 36.01]}