{"train_loss": [2.308381367341066, 2.3051246881484984, 2.3046574433644613, 2.304730139634548, 2.30455783697275, 2.3044808216584034, 2.3045149986560527, 2.304510064002795, 2.3043166612967467, 2.3045448407148705, 2.30456432562608, 2.3044553029231536, 2.30406983204377, 2.3041273019252677, 2.3037957845590054, 2.303831061950097, 2.3038826734591753, 2.303799217175215, 2.303620954660269, 2.303557150791853, 2.3032903463412553, 2.3034760389572533, 2.3033578915473742, 2.3032113111936128, 2.3033224662144978, 2.3033174453637537, 2.3031625790473744, 2.3032194761129525, 2.303033987681071, 2.3030176621216993, 2.3028664179337333, 2.30303221482497, 2.3028493312688973, 2.302751174951211, 2.3027292545025166, 2.3026170290433443, 2.3026030179781793, 2.302477301695408, 2.302369140356015, 2.3022888825489924, 2.3021511304072844, 2.302089954033876, 2.3018820102398214, 2.3017761633946345, 2.3016197815919535, 2.3014557398282562, 2.301259767703521, 2.3011360535254846, 2.3007868534479385, 2.3005015153151294, 2.2986594444666153, 2.297896482394292, 2.297558939151275, 2.2971363110420033, 2.2969503586108866, 2.2968666651310063, 2.296482550180875, 2.2962641838269358, 2.2960920926852104, 2.2959275875336083, 2.295599241134448, 2.2953626082493708, 2.295211201447707, 2.2949198612800012, 2.294792065864954, 2.2945017313345883, 2.29432481496762, 2.2940107363920945, 2.2935562488360284, 2.2934378880720874, 2.293185646106035, 2.2930051033313457, 2.292601223481007, 2.292317760907687, 2.2921247139955176, 2.291815779148004, 2.2913778023842055, 2.291014518493261, 2.2907184961514595, 2.290361046179747, 2.2900156614107963, 2.289786980090997, 2.289262878589141, 2.2889470748412304, 2.288422879805932, 2.2881931610596484, 2.2877747700764584, 2.287052883857336, 2.286796221977625, 2.2863015052599787, 2.2858610085951976, 2.2855351087374567, 2.2851584752400718, 2.2844128688176473, 2.2836696777588283, 2.283697385665698, 2.282906131255321, 2.2825255204469728, 2.2818540518100443, 2.2814372576200044], "test_loss": [2.294890673828125, 2.287266928100586, 2.290681869506836, 2.2817286193847655, 2.289155261230469, 2.287937854003906, 2.287972570800781, 2.284684487915039, 2.283985971069336, 2.2841005950927733, 2.282399917602539, 2.2829217346191406, 2.288258984375, 2.27770407409668, 2.2799308074951172, 2.2830673950195313, 2.280474154663086, 2.2826548431396483, 2.2794627014160156, 2.2808965423583984, 2.2775883697509767, 2.278634539794922, 2.2786790618896484, 2.2757650177001953, 2.276528082275391, 2.2806280395507814, 2.277633071899414, 2.27614123840332, 2.2741292663574217, 2.275621032714844, 2.27537082824707, 2.2718925354003905, 2.273947113037109, 2.273374591064453, 2.268543637084961, 2.268800360107422, 2.2714431671142576, 2.265400549316406, 2.260427197265625, 2.260530059814453, 2.265770883178711, 2.2596952026367187, 2.260549966430664, 2.2569089385986327, 2.2557120239257813, 2.257088525390625, 2.2546999603271485, 2.2567235015869143, 2.258323406982422, 2.2546749145507814, 2.240299514770508, 2.240562890625, 2.2445731567382814, 2.2416706970214846, 2.2409277648925783, 2.240735949707031, 2.242676135253906, 2.243779034423828, 2.242212683105469, 2.2426891052246094, 2.2446234252929687, 2.245213510131836, 2.2458836334228516, 2.2488447021484377, 2.2458360137939453, 2.2461434326171874, 2.2470409057617187, 2.243074722290039, 2.2490518524169922, 2.247741748046875, 2.244075457763672, 2.247634716796875, 2.247759036254883, 2.24942317199707, 2.246730471801758, 2.2478083679199217, 2.2510241638183595, 2.2488272705078125, 2.2545392883300783, 2.2524317474365234, 2.250700476074219, 2.2460518371582032, 2.25664912109375, 2.2538990325927735, 2.25379931640625, 2.2521988342285155, 2.2511968078613283, 2.254770233154297, 2.249047036743164, 2.255654098510742, 2.256138607788086, 2.2597910278320312, 2.255858010864258, 2.258715701293945, 2.2592910064697267, 2.2624391632080076, 2.2595268829345705, 2.262771047973633, 2.2615235229492185, 2.2602737731933593], "test_acc": [10.97, 12.49, 10.21, 16.43, 11.55, 9.98, 16.18, 14.73, 10.02, 10.03, 10.17, 16.6, 16.57, 21.84, 22.83, 18.87, 20.38, 19.84, 21.98, 19.39, 12.8, 19.71, 16.36, 18.06, 27.09, 21.41, 18.11, 27.67, 14.29, 22.75, 26.2, 25.95, 28.03, 22.66, 28.51, 25.0, 24.19, 27.34, 29.16, 30.63, 23.95, 29.7, 24.76, 26.8, 29.69, 28.16, 26.31, 26.14, 26.27, 25.81, 27.87, 27.1, 25.34, 25.66, 25.29, 25.23, 24.63, 24.1, 24.15, 23.78, 23.11, 23.4, 22.85, 22.19, 22.95, 22.02, 22.12, 22.77, 21.3, 21.18, 21.72, 21.03, 20.85, 20.44, 21.28, 20.38, 19.83, 20.4, 19.29, 19.48, 19.46, 20.54, 18.72, 19.22, 19.04, 18.92, 18.83, 18.9, 19.28, 18.72, 18.05, 18.13, 18.24, 17.91, 17.72, 17.58, 17.35, 17.57, 17.3, 17.64]}