{"train_loss": [2.2434363725857858, 2.1949626910380826, 2.1620321765924113, 2.136453099739857, 2.119425847897163, 2.1052467685479384, 2.0895052102895884, 2.0796984321031813, 2.066593747261243, 2.053622802404257, 2.043174118262071, 2.0342551439236374, 2.025174318521451, 2.0162972202667824, 2.0047725142576756, 2.0002950821167382, 1.9923899430495042, 1.9857420285542806, 1.976018375922472, 1.967641739661877, 1.9619310837525588, 1.951552452185215, 1.944567983272748, 1.933748051447746, 1.9240146933457791, 1.9145826847125322, 1.9028085253177545, 1.888791851202647, 1.876334559611785, 1.865671331760211, 1.850034268391438, 1.8334153028634879, 1.8171204796204201, 1.8000894953043034, 1.7759694640453045, 1.7580486331230556, 1.7308757641376593, 1.7085416940542368, 1.6745442952865208, 1.6516986868320367, 1.6200288812319437, 1.588752409433707, 1.5514894733062157, 1.5233944663634666, 1.4829633159515185, 1.4491806030273438, 1.4082356783059926, 1.3733803311983743, 1.3313036741354527, 1.2877488830150703, 1.0781923870245615, 0.9965066150212899, 0.9569253895527278, 0.9388872577593876, 0.9071536259773451, 0.8915442440754328, 0.8702407384530092, 0.8621906289687523, 0.8440403123696645, 0.8237257049633906, 0.8160383553077013, 0.7983089778667841, 0.7864745057546175, 0.7780836484371088, 0.767136013507843, 0.7542044147467002, 0.7420023378653404, 0.7326774808076711, 0.7158806884900117, 0.7041847109794617, 0.6969255782854863, 0.689146299010668, 0.6699543703825046, 0.6633552857698538, 0.6561161498992871, 0.6434464100079659, 0.6320787195211802, 0.6181626062362622, 0.6080197263222474, 0.6034944859834818, 0.5948112650559498, 0.5844617873430252, 0.5770435986610559, 0.5648236981569192, 0.5611149742053105, 0.547036877580178, 0.5385886854086167, 0.5295833810017659, 0.524484993555607, 0.5101169697749309, 0.5076042532920837, 0.49066481926502326, 0.48616881607434687, 0.47967007947273743, 0.4726690895282305, 0.46539187576526253, 0.4640493474709682, 0.4475753353956418, 0.4441242046845265, 0.4367060989141464], "test_loss": [1.8263789657592773, 1.6900728744506837, 1.6173249694824219, 1.5786747436523438, 1.528129867553711, 1.4857834503173828, 1.4089430786132813, 1.3638054779052735, 1.3666190399169922, 1.3337595275878906, 1.3586779983520507, 1.3053783737182618, 1.2661658386230468, 1.331015934753418, 1.186551432800293, 1.2249218276977538, 1.1986332107543944, 1.2446751190185548, 1.1927187225341798, 1.2170777313232422, 1.1835157119750976, 1.143806502532959, 1.218110743713379, 1.1573420043945313, 1.1185457992553711, 1.1668337966918945, 1.212013606262207, 1.1914324508666991, 1.1347078147888183, 1.21343224029541, 1.1235035469055177, 1.2120220443725587, 1.212623291015625, 1.194489242553711, 1.2299848068237305, 1.2226727767944336, 1.2291134231567382, 1.2425153701782226, 1.3137641143798828, 1.2870241790771484, 1.3830241134643555, 1.3359762893676759, 1.388055418395996, 1.3826226806640625, 1.4624075714111329, 1.4210450439453124, 1.5673982620239257, 1.485162239074707, 1.6120371475219726, 1.6330920547485352, 1.7696148635864257, 1.8794131393432618, 1.9005959732055664, 1.9593587768554688, 2.014843930053711, 1.9929888916015626, 2.1118902572631835, 2.0535014587402345, 2.140138963317871, 2.1468642333984373, 2.1847965560913085, 2.2352307220458982, 2.2232415893554687, 2.268338471984863, 2.273465953063965, 2.307384338378906, 2.296616119384766, 2.3638078643798828, 2.422501985168457, 2.4188987533569337, 2.4328131362915038, 2.4675185668945314, 2.4791638763427732, 2.544544085693359, 2.5521940795898437, 2.5939963043212892, 2.5598173767089842, 2.6132611541748045, 2.6352133575439454, 2.6331491516113283, 2.656711947631836, 2.692929296875, 2.7577927124023436, 2.7236183380126953, 2.7603223327636717, 2.754309442138672, 2.8165803955078124, 2.7660427429199217, 2.9044167388916016, 2.9033971771240235, 2.9425182556152345, 2.931527536010742, 2.903417532348633, 2.9348991912841798, 2.985904946899414, 3.0747476837158203, 3.1118786590576173, 3.073690414428711, 3.098730212402344, 3.148845785522461], "test_acc": [40.55, 49.9, 56.56, 55.08, 62.01, 61.93, 64.18, 67.07, 63.74, 69.88, 69.67, 70.95, 74.02, 72.51, 75.62, 76.14, 74.29, 74.85, 76.01, 76.88, 77.53, 77.97, 75.57, 76.38, 77.56, 77.41, 75.52, 75.23, 75.0, 75.24, 75.73, 73.45, 73.15, 72.23, 70.71, 70.64, 70.86, 68.8, 66.7, 66.97, 64.64, 64.35, 63.99, 64.8, 59.23, 61.61, 56.5, 59.29, 54.66, 54.71, 52.55, 50.64, 50.62, 49.82, 48.34, 50.07, 47.08, 49.34, 47.35, 48.1, 47.02, 46.24, 46.89, 46.41, 46.95, 46.33, 46.9, 45.4, 44.87, 45.46, 45.43, 45.27, 45.13, 43.88, 44.6, 43.92, 45.09, 44.42, 44.39, 45.56, 44.29, 44.27, 43.57, 44.45, 44.34, 44.37, 44.14, 45.35, 43.08, 43.34, 42.45, 43.33, 43.94, 44.0, 42.9, 42.02, 42.15, 43.19, 42.75, 42.18]}