{"train_loss": [2.251457273043119, 2.2117805163065594, 2.1924695571263633, 2.1799434716884907, 2.172721935541202, 2.1663784986887222, 2.1618926983613234, 2.1580131170077204, 2.155092603732378, 2.1522934650763488, 2.1488549201916425, 2.1468349083876, 2.1451002548902465, 2.143341352389409, 2.1417648498828594, 2.1396816644913113, 2.138922113027328, 2.137105294374319, 2.1360691773585785, 2.13477911460094, 2.133274813187428, 2.132515873053135, 2.131956106577164, 2.1303687523572874, 2.1295452503057626, 2.1285908099932547, 2.127595335397965, 2.127299797229278, 2.126364679214282, 2.1257346471150718, 2.1250150753901553, 2.124002018952981, 2.1235091753495046, 2.1234915690544325, 2.122228067960495, 2.122002550271841, 2.1215763746163785, 2.120831447992569, 2.1203190956360256, 2.119977016326709, 2.1195281585057577, 2.119240368940891, 2.1185783734688393, 2.118103713866992, 2.1177425977511284, 2.117574137907762, 2.117177376991663, 2.116813582640428, 2.1162814611043688, 2.115875019171299, 2.111734733214745, 2.110016163801536, 2.109400427647126, 2.1089522624627137, 2.108422632095141, 2.108158041880681, 2.107671107389988, 2.107504758468041, 2.107300362831507, 2.1069192776313197, 2.106517898119413, 2.106380425966703, 2.1059752421501354, 2.1059357435275348, 2.105390563989297, 2.1052597779494064, 2.1051035379752134, 2.104750177799127, 2.1045263718336056, 2.104313991008661, 2.1041245674475646, 2.10387680713947, 2.1036315104900263, 2.1033957884861874, 2.103024351902497, 2.1028078354321993, 2.102496688793867, 2.1024618264956354, 2.1020213176042604, 2.1019333185293734, 2.10147981154613, 2.10139653132512, 2.1009522474729097, 2.100685974267813, 2.1005821680411314, 2.100390571202987, 2.100114532617422, 2.0998615093720265, 2.0995866420941476, 2.0994681119918823, 2.099065026258811, 2.0989695139420337, 2.0986574912682556, 2.098372228940328, 2.0981149710141693, 2.0979102440369437, 2.0975647694025286, 2.0974797377219567, 2.0973059287438027, 2.097095938829275], "test_loss": [1.7064128784179688, 1.6068837158203124, 1.4946111572265626, 1.5231081298828124, 1.4749826141357423, 1.405208837890625, 1.4133243774414062, 1.416497215270996, 1.3602212448120117, 1.3752168991088867, 1.3627434738159179, 1.3343132415771484, 1.3468136825561523, 1.3099270721435547, 1.3047289962768556, 1.3039048889160156, 1.3145339141845702, 1.280976547241211, 1.3041841110229493, 1.2735814193725585, 1.3158644821166992, 1.3184828414916991, 1.2888158416748048, 1.2960810653686523, 1.3037130340576173, 1.2507741149902343, 1.2474864868164062, 1.2775335083007813, 1.2709233535766602, 1.2682094772338868, 1.2640738632202149, 1.2685399383544922, 1.266900798034668, 1.2715682998657227, 1.257151153564453, 1.2597332229614258, 1.2406510223388671, 1.2657895309448242, 1.2686999572753905, 1.2625123504638671, 1.2687716186523437, 1.267691976928711, 1.2600921401977538, 1.266756282043457, 1.270569317626953, 1.2555856567382813, 1.2681983764648437, 1.2649425460815429, 1.2676310913085937, 1.276361474609375, 1.2514305297851562, 1.2505853591918945, 1.2547770812988281, 1.2515500534057618, 1.243612060546875, 1.2529129638671874, 1.2590761123657226, 1.2633020233154297, 1.2656828002929688, 1.261973063659668, 1.265093977355957, 1.269043914794922, 1.2606703399658203, 1.2708872817993164, 1.2663793548583984, 1.274698226928711, 1.278864875793457, 1.2751074340820312, 1.2726761795043946, 1.2833165557861328, 1.2823935653686522, 1.2769258209228516, 1.2807490112304687, 1.2810473587036133, 1.2853485931396484, 1.284022772216797, 1.2833792190551758, 1.2805604598999023, 1.2852907730102539, 1.287175114440918, 1.286946354675293, 1.2921022720336914, 1.2886418060302733, 1.297061767578125, 1.2951998336791992, 1.294116017150879, 1.2872469039916992, 1.2922021209716796, 1.2923569595336915, 1.2929786315917968, 1.2943752197265626, 1.2943315994262696, 1.298437760925293, 1.2877760803222655, 1.288512417602539, 1.2951943389892577, 1.3040293075561524, 1.3141000701904297, 1.2987058364868165, 1.307972038269043], "test_acc": [58.05, 69.02, 74.09, 74.14, 78.02, 80.98, 79.04, 81.57, 83.57, 83.76, 85.07, 86.58, 85.74, 87.7, 87.91, 87.14, 87.01, 88.86, 86.94, 88.97, 87.41, 88.2, 88.72, 88.53, 88.89, 89.48, 90.22, 89.73, 89.82, 89.56, 89.91, 89.65, 90.13, 88.48, 89.57, 89.84, 90.53, 89.25, 90.06, 90.27, 90.33, 89.96, 89.41, 90.19, 89.51, 89.85, 89.85, 89.86, 90.25, 89.28, 91.17, 91.52, 91.45, 91.5, 91.35, 91.25, 91.25, 91.22, 90.94, 91.05, 90.84, 90.84, 90.8, 90.65, 90.48, 90.53, 90.36, 90.26, 89.92, 89.87, 89.82, 89.76, 89.74, 89.59, 89.23, 89.37, 89.43, 89.34, 89.2, 89.13, 89.04, 88.98, 88.96, 88.64, 88.52, 88.64, 88.37, 88.09, 88.48, 88.13, 88.02, 88.09, 87.94, 88.29, 88.5, 88.09, 87.83, 87.55, 88.21, 87.83]}