{"train_loss": [1.5132925693805401, 1.1093872212446654, 0.944826445212731, 0.8415590591919728, 0.7794790341303899, 0.7277551602858764, 0.688528539507817, 0.6532650907070209, 0.6282142654443399, 0.6003398653024282, 0.5788961642063581, 0.5563014038098164, 0.5383402118316063, 0.5229944856120989, 0.5073867712647487, 0.4882081050139207, 0.47268629391223954, 0.4620255545545847, 0.446078292070291, 0.4332426606462552, 0.42254749142970793, 0.4060712707348359, 0.39821609480258746, 0.3838308192598514, 0.37150864918262533, 0.35867352795142393, 0.348100441465011, 0.3373944548842234, 0.3255503576535445, 0.3130013198042527, 0.3033660504680413, 0.28854372990437044, 0.28314875620297897, 0.2681567285878536, 0.2597807093881644, 0.2456317368799295, 0.23677896217275887, 0.22903467478851477, 0.22303366013444387, 0.2086578977604707, 0.20023474227159452, 0.18779438101710416, 0.18071449732360167, 0.17528465429368692, 0.16403004540464816, 0.15548607484461405, 0.14591506679470723, 0.14118463499710346, 0.1330477699350852, 0.12855147841649178, 0.07950560259035765, 0.054058713656969556, 0.04365536021785094, 0.04165158328624108, 0.037253368569490235, 0.03530155119653314, 0.03148919316725089, 0.0292365366497483, 0.027986804226365607, 0.02544779069482898, 0.02360876763526064, 0.023047053083204306, 0.019952171947807074, 0.01915539947266762, 0.019915379946812604, 0.01672742134437729, 0.016529974119307903, 0.015235645956813525, 0.014536242091502899, 0.013326556054063332, 0.012922495128348088, 0.011959284331458502, 0.012425643425339307, 0.012063521914518415, 0.010847036676624646, 0.009624488630260412, 0.010210123727432428, 0.009733831588751995, 0.008554528039903976, 0.008750627156442557, 0.008887259965428175, 0.008351841545066772, 0.008935753497271201, 0.007972570351110054, 0.007717090266016431, 0.007532111466981662, 0.007529109850143775, 0.007879908822285822, 0.007425379884453156, 0.006747385250547758, 0.005849987619484846, 0.007134311340558223, 0.006495360113107241, 0.005913285557658244, 0.0060228503165909875, 0.005814167773589874, 0.006176556441455316, 0.005297126246090883, 0.005721711589453312, 0.005672767564940911], "test_loss": [1.2611673843383788, 0.7764235984802246, 0.7213811027526855, 0.6896186302185059, 0.5939875820159912, 0.529305475616455, 0.5114765663146973, 0.5203976894378662, 0.483499031829834, 0.48599440879821776, 0.4477810054779053, 0.4078233131408691, 0.4084411029815674, 0.40143792133331296, 0.38844703311920165, 0.4199371784210205, 0.40559850101470946, 0.36307433547973633, 0.3827387327194214, 0.3915514234542847, 0.37353315563201905, 0.360416077041626, 0.3815122381210327, 0.3642939346313477, 0.381726393699646, 0.40195532302856446, 0.36650881938934327, 0.40145513343811035, 0.36822170543670657, 0.3647124782562256, 0.4067338981628418, 0.4090802761077881, 0.4126596956253052, 0.4402029363632202, 0.4265607135772705, 0.4107023750305176, 0.4500502918243408, 0.4612996026992798, 0.4468126100540161, 0.4782345384597778, 0.4210433841705322, 0.500799850845337, 0.49405619287490843, 0.5057968685150146, 0.4898183832168579, 0.5358994346618652, 0.5096571193695069, 0.5514193059921265, 0.5104957384109498, 0.5391035097122192, 0.4440242401123047, 0.4455428568840027, 0.44961355981826784, 0.45280729780197143, 0.4537135419845581, 0.46887661485672, 0.4800975601196289, 0.48358577299118044, 0.4930594455718994, 0.5067260135650635, 0.513865611076355, 0.5140151844024659, 0.5204828175544739, 0.5311487693786621, 0.532213708114624, 0.5420200073242187, 0.5480176574707031, 0.544496996307373, 0.5569594625473022, 0.5703733188629151, 0.5643168308258056, 0.5890245151519775, 0.5941069833755493, 0.5818700687408447, 0.5904608062744141, 0.5931140810966492, 0.5993850698471069, 0.5987274740219116, 0.6075640616416931, 0.6198790027618408, 0.6246873888015747, 0.6356968812942505, 0.6361791650772095, 0.6382030813217163, 0.6421944664001464, 0.6390836984634399, 0.6396872180938721, 0.6490887973785401, 0.6499930469512939, 0.6455966005325318, 0.642773616027832, 0.6537138195037842, 0.6448973627090454, 0.6634621416091919, 0.6522204273223877, 0.6588983030319214, 0.6635575532913208, 0.6735081474304199, 0.670269964981079, 0.673025883102417], "test_acc": [56.36, 73.51, 75.47, 76.64, 79.67, 82.77, 83.4, 83.18, 84.45, 84.44, 86.32, 87.18, 86.94, 87.33, 87.9, 86.77, 87.49, 88.29, 88.15, 87.84, 88.59, 89.12, 88.01, 88.68, 88.82, 88.21, 89.33, 88.48, 89.47, 89.48, 88.46, 88.81, 88.19, 88.35, 88.45, 88.71, 87.9, 88.03, 88.3, 87.73, 89.36, 87.42, 88.33, 87.96, 88.53, 87.06, 87.91, 86.79, 88.4, 87.62, 89.69, 89.78, 89.87, 89.79, 89.83, 89.8, 89.99, 89.94, 89.72, 89.64, 89.63, 89.79, 89.73, 89.72, 89.68, 89.41, 89.61, 89.99, 89.85, 89.55, 89.9, 89.36, 89.48, 89.65, 89.87, 89.69, 89.57, 90.18, 89.87, 89.71, 89.48, 89.82, 89.71, 89.65, 89.58, 89.69, 89.55, 89.58, 89.45, 89.56, 89.59, 89.66, 89.69, 89.75, 89.98, 89.82, 89.72, 89.77, 89.76, 89.77]}