{"train_loss": [2.2595416631454075, 2.2227904429802527, 2.2010933741545067, 2.1849428769869683, 2.1736543954947054, 2.164411183503958, 2.1556725715979552, 2.1508675367404253, 2.144328481111771, 2.1391744094017224, 2.13597991894453, 2.1313218685296866, 2.127511220711928, 2.1241214422079233, 2.1198287346424203, 2.1167897707376726, 2.112934566766788, 2.109965540201236, 2.106431985512758, 2.1036859286137117, 2.101080541121654, 2.097190801913922, 2.0945008663030773, 2.091348013205406, 2.087454054294488, 2.0833097097201225, 2.0801170168778835, 2.076647943716783, 2.0727093024131578, 2.068742912854904, 2.0640858420958885, 2.059586620025146, 2.0548303228158216, 2.0505002128772247, 2.0457689331128046, 2.0412453296857, 2.0354213051306895, 2.0315842350323994, 2.0254531252078523, 2.0199615120887757, 2.013794679519458, 2.009281075306428, 2.0035818714361926, 1.9975411170568222, 1.9919763861558377, 1.9843092083930969, 1.9798978313421591, 1.9737353334060082, 1.9671029179524153, 1.9600404384808663, 1.9238867142261602, 1.907652270182585, 1.9003372922921793, 1.8938045318310077, 1.890980637073517, 1.887647509880555, 1.8833758271657504, 1.880519845852485, 1.8774788963489044, 1.8744840771724016, 1.8719555952610114, 1.8695962248704372, 1.866747717673962, 1.8650882351092803, 1.8611852902632493, 1.8590362826983133, 1.8569949394617324, 1.8547539973870302, 1.8528375500287766, 1.8508323055047256, 1.8474864256687653, 1.845982764623104, 1.8436265844565172, 1.8424706929769272, 1.8387076478738051, 1.838638569147159, 1.8348738584762965, 1.8339970200489728, 1.8305437344771165, 1.828937631386977, 1.8274619802450522, 1.8258405138284732, 1.8231851348510155, 1.8227990239094465, 1.8202593112603211, 1.8183366858042203, 1.8176398515701293, 1.8150932452617548, 1.8136198814098652, 1.8110447412882096, 1.8099292186590341, 1.808225649748093, 1.8060374767352374, 1.805858274606558, 1.8035974557583148, 1.8025521834691365, 1.801556514471005, 1.7986960667830247, 1.7961774951372391, 1.795266464123359], "test_loss": [1.8108086486816406, 1.6626694259643555, 1.6533364547729492, 1.5402823348999024, 1.4811896591186524, 1.4324548858642578, 1.480110627746582, 1.4733865798950194, 1.4230797073364259, 1.4281268142700196, 1.3729504669189454, 1.4092906326293946, 1.4166948806762696, 1.317339614868164, 1.3323058975219726, 1.3301682540893556, 1.2887165435791015, 1.3462556930541991, 1.3163947036743164, 1.3353151336669922, 1.3160369384765624, 1.2837060195922851, 1.305540301513672, 1.2829297897338867, 1.3031828048706056, 1.2996001953125, 1.310080320739746, 1.3065715942382812, 1.2697069595336914, 1.275807600402832, 1.2714340744018555, 1.2705811416625976, 1.3149429794311522, 1.335797038269043, 1.3181412948608398, 1.2588166778564454, 1.3075508499145507, 1.2887412551879882, 1.284426741027832, 1.3083796447753906, 1.3671622787475586, 1.3145624160766602, 1.2840780715942384, 1.351102653503418, 1.314721432495117, 1.3716678680419923, 1.383543051147461, 1.40008671875, 1.3662745193481445, 1.3807969390869141, 1.3749481552124023, 1.3903949829101563, 1.4136346252441405, 1.4128485794067382, 1.4289262023925782, 1.4127821548461914, 1.4283230133056641, 1.4485412048339843, 1.411355694580078, 1.4383914825439452, 1.4613837951660156, 1.473681753540039, 1.4481160537719726, 1.4353406646728515, 1.4707899841308594, 1.4637553359985351, 1.4665488708496093, 1.4975471649169922, 1.4925615005493165, 1.4812947265625, 1.4901561950683593, 1.4728151611328124, 1.4484755294799805, 1.4802289932250976, 1.4733353210449218, 1.4983374145507813, 1.4998328201293945, 1.480669354248047, 1.471651368713379, 1.4907067443847657, 1.5046866577148437, 1.4822507354736327, 1.5248576141357422, 1.4941441589355469, 1.5033099212646484, 1.5096696578979492, 1.4964709396362306, 1.5209231246948243, 1.5070643753051758, 1.4926718887329102, 1.495777197265625, 1.5166941955566406, 1.5138736694335937, 1.5184115356445314, 1.493516827392578, 1.5247247024536132, 1.4866346466064453, 1.5306704528808595, 1.522382746887207, 1.5287599487304688], "test_acc": [48.16, 59.94, 61.64, 69.32, 71.34, 75.45, 71.99, 75.05, 76.88, 79.56, 79.48, 80.92, 75.5, 81.6, 81.6, 81.79, 83.75, 82.01, 81.58, 82.02, 81.02, 83.32, 81.24, 83.51, 82.99, 83.9, 82.18, 81.45, 83.66, 83.07, 83.45, 82.51, 80.88, 79.69, 80.45, 81.13, 80.67, 79.88, 80.21, 78.19, 76.51, 78.87, 78.78, 75.45, 76.72, 74.59, 74.08, 72.58, 73.26, 71.51, 71.56, 70.69, 69.06, 68.62, 67.95, 68.34, 67.8, 66.35, 68.0, 66.82, 65.49, 64.69, 66.02, 66.35, 64.49, 64.68, 64.69, 63.18, 63.24, 63.88, 63.16, 64.14, 64.81, 63.65, 63.92, 62.71, 62.57, 63.56, 63.75, 62.62, 62.02, 63.11, 60.74, 62.0, 61.76, 61.88, 61.93, 61.1, 61.62, 62.11, 61.82, 61.14, 61.07, 61.04, 61.58, 60.19, 61.9, 60.23, 60.32, 60.03]}