{"train_loss": [2.32303804006332, 2.3099313473090146, 2.3068882936086412, 2.3076414432281105, 2.306630596747765, 2.3019063980151446, 2.3039303480050504, 2.3006982075862394, 2.3000258225661057, 2.2983512297654762, 2.2977997908225425, 2.2969650335800953, 2.295989433924357, 2.2966371004398054, 2.2937166336255195, 2.2938835584200348, 2.2926492146956616, 2.2916847204550717, 2.2895537119645337, 2.288907864766243, 2.288104348916274, 2.2860766575886653, 2.2852939391747498, 2.2849048333290294, 2.2825531672208736, 2.281838901226337, 2.27930174607497, 2.277895620541695, 2.274457031641251, 2.2724342798575377, 2.2719403321926412, 2.268608272381318, 2.2665802069199392, 2.2632433683444293, 2.2605871487886477, 2.2570652594933143, 2.252652242856148, 2.248054844293839, 2.2439454152033877, 2.2385871171951295, 2.233596526659452, 2.2272952599403184, 2.220991567464975, 2.211050702364017, 2.2011104944424753, 2.192789815633725, 2.182178788918715, 2.1701171208650636, 2.1556544958016812, 2.1383141526809104, 2.060303832628788, 2.0218346598820807, 2.006915218096513, 1.9890245422338828, 1.979242586172544, 1.9694215037883855, 1.962197184562683, 1.9532647172609965, 1.9447999651615435, 1.932261882378505, 1.9258565071301583, 1.9159746802770175, 1.9062793331268506, 1.8981839806605607, 1.892980898037935, 1.8817453952936025, 1.8767185217294937, 1.8662076583275429, 1.8538224602356934, 1.8450396684499888, 1.8397076927698575, 1.8308201141846485, 1.8177264283864927, 1.8126528153052697, 1.8027714570363362, 1.7908089659152886, 1.780066730120243, 1.7732367610320068, 1.763198346663744, 1.7559446062797155, 1.7406618087719647, 1.734617657539172, 1.72216071165525, 1.713468114229349, 1.7052407044630784, 1.6930612606879993, 1.685350476167141, 1.6715655241257106, 1.6677680984521523, 1.657663542490739, 1.6421088823905359, 1.6285795734478876, 1.6203888663878807, 1.606479154794644, 1.5942313050612424, 1.58222168194942, 1.5768411327631047, 1.5648258392627423, 1.5487898034927172, 1.541963665607648], "test_loss": [2.222930679321289, 2.2069934631347654, 2.166149694824219, 2.177058239746094, 2.1631980651855467, 2.173309048461914, 2.1446355773925783, 2.151430239868164, 2.1307112365722656, 2.1566492126464842, 2.103098992919922, 2.127861532592773, 2.123338232421875, 2.107968029785156, 2.0390678665161133, 2.110875405883789, 2.0810824798583982, 2.0707310546875, 2.0345467224121094, 2.0395153259277343, 2.0571710372924805, 2.0458074127197268, 2.034721321105957, 2.0341004943847656, 2.0160775466918945, 1.9995699371337892, 2.0155117584228517, 1.9895657745361328, 2.021851953125, 2.0035716522216798, 2.0185205764770506, 1.9606905853271483, 1.9723015228271485, 1.9703129196166993, 1.9688814331054687, 1.9703431167602539, 1.9710329177856445, 1.929788442993164, 1.9556912506103517, 1.9501375396728515, 1.970288621520996, 1.9545156661987304, 1.9526168838500977, 1.9707826263427735, 1.9766914413452148, 1.9512048141479492, 1.978616731262207, 2.0104715225219727, 1.9673736602783203, 2.0107631546020506, 2.0385013458251953, 2.0892194091796874, 2.11006075592041, 2.1073466873168947, 2.1468320724487304, 2.146849349975586, 2.1511327194213865, 2.1638811248779297, 2.170123794555664, 2.1897400985717774, 2.2011844009399413, 2.2010840759277346, 2.2097465591430665, 2.2355511840820315, 2.231610467529297, 2.2482769439697265, 2.249298696899414, 2.23621882019043, 2.277166067504883, 2.298656970214844, 2.2829637451171876, 2.311035140991211, 2.3253030029296875, 2.322668963623047, 2.3508224182128905, 2.3563149688720704, 2.373228176879883, 2.385338381958008, 2.404985745239258, 2.389224996948242, 2.414823666381836, 2.4229242309570314, 2.42503346862793, 2.4452109924316408, 2.461772445678711, 2.4773721130371094, 2.4925033294677736, 2.500029949951172, 2.4891086456298828, 2.532560369873047, 2.58174958190918, 2.5768107116699217, 2.5866215942382813, 2.5938379364013673, 2.6108166320800783, 2.6473583251953126, 2.6119747375488283, 2.6372800689697264, 2.6733513000488283, 2.6945231872558595], "test_acc": [27.95, 18.81, 26.65, 25.62, 26.72, 20.49, 26.37, 30.34, 38.39, 19.49, 39.34, 33.48, 33.67, 35.87, 40.3, 41.63, 41.25, 41.32, 40.94, 44.07, 41.13, 44.97, 46.96, 43.5, 43.22, 44.92, 45.26, 46.87, 46.65, 46.97, 45.35, 47.77, 47.22, 45.64, 44.54, 45.38, 44.89, 45.65, 44.19, 44.09, 42.08, 42.27, 41.27, 39.12, 38.57, 39.65, 35.97, 33.22, 36.16, 31.88, 30.69, 27.95, 27.21, 27.5, 26.01, 26.25, 25.94, 25.59, 25.65, 24.92, 25.01, 24.85, 24.63, 23.92, 24.65, 23.86, 24.01, 24.73, 23.73, 22.67, 23.61, 23.29, 22.39, 23.15, 22.67, 22.25, 22.41, 22.55, 21.81, 22.47, 21.66, 21.96, 22.12, 21.79, 21.58, 21.37, 21.65, 21.87, 21.77, 20.68, 20.07, 20.39, 20.27, 20.87, 20.63, 20.0, 21.14, 20.81, 20.47, 19.79]}