{"train_loss": [2.299331851494618, 2.2916053570233856, 2.287815067095634, 2.285097801990998, 2.282965800089714, 2.281136794579335, 2.279620815546085, 2.2784771705285096, 2.2776982600872335, 2.27663659071311, 2.2758297431163297, 2.2750920937611507, 2.274375089009603, 2.2738531675094213, 2.273133795077984, 2.2724588638696916, 2.272087940802941, 2.271296250514495, 2.2710741825592824, 2.270241461044703, 2.2698852899747015, 2.269445548302088, 2.2687840027686876, 2.268139122082637, 2.267789346743853, 2.267326650252709, 2.2667722335228553, 2.2659469879590546, 2.2655954061410366, 2.2651679809276875, 2.2645919451346765, 2.2639744049463517, 2.263142912204449, 2.2626593608122607, 2.2620171057872285, 2.261479822183267, 2.2607184177789934, 2.2601200305498566, 2.259535710628216, 2.2589602574323995, 2.258240481523367, 2.257689538368812, 2.2570451204593365, 2.2562644108747825, 2.2556739311951857, 2.2550120066373776, 2.2543791416363836, 2.2538025525900034, 2.253090789379218, 2.2524618106010634, 2.247526481212714, 2.245668864250183, 2.2447526381565974, 2.2442405321659185, 2.2435089832697157, 2.2430524648764196, 2.242572887738546, 2.242263241303273, 2.2419007026232207, 2.2413801254370274, 2.241082692757631, 2.2407648496138743, 2.240292698297745, 2.2400587821618103, 2.2397942151778785, 2.2393567751615477, 2.2390861988067625, 2.2388514909988793, 2.2385748967146264, 2.2382712382536667, 2.2379787591787483, 2.2377547135719884, 2.2373134924815252, 2.236968917724414, 2.2368607215392284, 2.2364655684202144, 2.2362181486227573, 2.235923877129188, 2.2355024374448336, 2.2352215840266303, 2.2350297554945335, 2.2347132878425793, 2.2345229589022124, 2.2343468776116002, 2.233945716955723, 2.2336914313145173, 2.2331434635015635, 2.2330741588885967, 2.2331433870853523, 2.2328130948237885, 2.232571966220171, 2.23223827679952, 2.2320125524814314, 2.231684193244347, 2.2316342677825536, 2.231171981493632, 2.2309507296635553, 2.2307023354065723, 2.2306417459096664, 2.2303174929741103], "test_loss": [2.0892690643310545, 1.9862256317138671, 1.9800211212158203, 1.900702001953125, 1.8839517333984375, 1.922283561706543, 1.85057781829834, 1.8923731048583985, 1.8135249282836914, 1.8426277557373048, 1.7897909194946289, 1.8219516021728515, 1.8154387496948243, 1.7732479232788085, 1.7873028244018554, 1.785323828125, 1.7874808181762696, 1.7574306350708009, 1.7948943771362305, 1.792066261291504, 1.7755611114501952, 1.786604493713379, 1.7933307662963867, 1.760567286682129, 1.7528626052856446, 1.7480358139038086, 1.731634747314453, 1.7611704238891601, 1.7590417266845704, 1.79481904296875, 1.7550540252685547, 1.7679760238647462, 1.7430445373535157, 1.7711145614624024, 1.7622365951538086, 1.7938294647216797, 1.7538195755004882, 1.7429575103759765, 1.7714003112792969, 1.789024642944336, 1.7527404067993164, 1.7832132354736328, 1.7373031616210937, 1.7664030197143554, 1.771677764892578, 1.7732995819091797, 1.7520298217773438, 1.781589176940918, 1.788962257385254, 1.8042238204956054, 1.774879377746582, 1.786930828857422, 1.7890912017822265, 1.7992018951416016, 1.7883523742675782, 1.7911854965209961, 1.7952959762573242, 1.785181101989746, 1.788805450439453, 1.805356349182129, 1.8010768081665038, 1.7949653350830077, 1.788786492919922, 1.8041468490600585, 1.795587483215332, 1.7987100479125977, 1.8170745895385743, 1.7980236465454102, 1.8080173080444335, 1.8132280105590821, 1.79907195892334, 1.810790574645996, 1.8062947128295899, 1.8120906646728516, 1.8069697357177734, 1.8166393859863281, 1.810689971923828, 1.803825437927246, 1.8072943634033203, 1.7896641464233398, 1.8077523071289063, 1.8134588287353515, 1.80886357421875, 1.8080877853393555, 1.807543081665039, 1.810114714050293, 1.8176545806884765, 1.810552244567871, 1.8216926300048828, 1.822732781982422, 1.8072454177856445, 1.8146703842163086, 1.806028759765625, 1.820938604736328, 1.8232739212036133, 1.8176581634521485, 1.8112419158935547, 1.7987919021606444, 1.819881819152832, 1.814757373046875], "test_acc": [49.97, 58.11, 60.99, 63.89, 69.29, 68.43, 76.57, 72.01, 78.49, 77.96, 79.84, 81.06, 80.24, 82.28, 82.66, 83.87, 81.53, 84.36, 84.23, 84.32, 84.72, 84.8, 82.31, 83.92, 85.51, 85.82, 85.48, 84.16, 84.28, 84.78, 83.97, 84.41, 84.23, 84.32, 83.32, 82.01, 83.6, 84.04, 81.78, 82.5, 82.65, 82.07, 82.36, 81.45, 80.58, 80.75, 81.4, 80.35, 79.56, 78.72, 78.27, 76.68, 75.71, 74.98, 74.57, 74.41, 73.51, 74.22, 73.37, 71.83, 71.8, 71.51, 72.09, 70.52, 71.32, 70.22, 69.15, 70.09, 69.1, 68.79, 69.75, 68.3, 68.51, 68.58, 68.48, 67.04, 67.84, 68.38, 67.56, 68.93, 67.23, 67.05, 66.81, 66.9, 66.64, 66.73, 65.65, 66.11, 65.02, 64.91, 66.22, 66.04, 65.95, 64.92, 64.82, 64.83, 65.27, 66.24, 65.02, 64.72]}