{"train_loss": [2.226188453649863, 2.173662014496632, 2.1431179113877126, 2.121399953426459, 2.1063051376587305, 2.0943370262781777, 2.0844579617182415, 2.0779630911655915, 2.0703465660413105, 2.0645802827981803, 2.05855708916982, 2.053814141566937, 2.04868369102478, 2.0451761392446666, 2.040183771267915, 2.035781045449086, 2.0334952125182517, 2.0301149606704714, 2.026302132545373, 2.022500672095861, 2.019244376512674, 2.016388796843015, 2.0126072253936376, 2.0088960155462607, 2.006208812273466, 2.00193676612316, 2.000150008690663, 1.9952352523803711, 1.9911851396927467, 1.9883689192625194, 1.9849848970388755, 1.9812957641405937, 1.977143055964739, 1.9733936175321922, 1.9704670508702595, 1.9662786728296524, 1.9622855611336536, 1.9579582388584431, 1.9546579336508727, 1.950283494973794, 1.9458367904027303, 1.942499800828787, 1.9400550484657288, 1.9337114159877484, 1.9298146914213132, 1.9254358530044555, 1.9216013058637962, 1.9165628323188195, 1.9128904449634063, 1.908825498360854, 1.87820250193278, 1.8653564159686749, 1.8593752378072494, 1.8564625504689338, 1.852247746174152, 1.8492644025729252, 1.8466354373173837, 1.8430650228109116, 1.841970830391615, 1.8395786893673431, 1.836860181735112, 1.8348236832863245, 1.832598851277278, 1.831125204379742, 1.8290887569769836, 1.8258551356119987, 1.82489243440139, 1.8231506949815994, 1.8203068259434823, 1.819601719501691, 1.817420279368376, 1.8154222054359241, 1.81334109214636, 1.811524348686903, 1.8096338987350464, 1.8085107317337623, 1.8067703818663572, 1.8052743988159374, 1.803569430877001, 1.8031042713385361, 1.7992601131781554, 1.797952338671073, 1.7977289707232744, 1.794678923411247, 1.7942196638156207, 1.7924385770773277, 1.790950842698415, 1.7891792306533227, 1.7879782401598416, 1.7875994373590518, 1.7851740727057823, 1.7831414751517467, 1.7826282323935092, 1.780380248106443, 1.7798761835465065, 1.778525443566151, 1.776655592673864, 1.7744682281445234, 1.7744412853167608, 1.7732852639296115], "test_loss": [1.67103963470459, 1.6117551712036133, 1.590078289794922, 1.389764596557617, 1.3849883911132812, 1.3058590621948243, 1.2806039428710938, 1.2639439544677735, 1.2899541397094727, 1.2681475036621093, 1.2006197616577148, 1.2305180068969725, 1.1941848266601562, 1.2147883911132813, 1.1797929626464845, 1.1818826614379883, 1.1649422088623047, 1.1471261306762695, 1.144091571044922, 1.1553588134765624, 1.155719758605957, 1.0847189758300781, 1.1301429824829101, 1.176445652770996, 1.2073411254882813, 1.1533922286987304, 1.1164077896118163, 1.139233253479004, 1.1359472030639648, 1.1853248992919923, 1.1195531143188477, 1.1520191513061524, 1.155676350402832, 1.1386873344421387, 1.1645111602783202, 1.1356562210083008, 1.1566727127075196, 1.1676820556640626, 1.1668147811889649, 1.1465740905761719, 1.161143994140625, 1.1617076614379882, 1.1600317153930664, 1.1359084838867188, 1.203400735473633, 1.1425476760864257, 1.1888407791137696, 1.191625796508789, 1.2058581283569336, 1.1826813049316407, 1.1879635360717773, 1.2269281478881835, 1.197948715209961, 1.235290658569336, 1.2606662567138671, 1.2334387603759767, 1.2325054306030274, 1.2406911026000977, 1.2580367279052735, 1.2628065185546875, 1.2535782089233398, 1.2632763549804686, 1.258750489807129, 1.2641684432983398, 1.2508820388793946, 1.261765528869629, 1.2430277297973633, 1.2617648391723633, 1.2752733367919922, 1.2566095474243164, 1.2752733184814453, 1.2793748458862304, 1.2837833694458007, 1.2994456771850587, 1.2845287902832032, 1.293954364013672, 1.304984181213379, 1.2744673690795898, 1.2830049255371094, 1.2948588958740235, 1.2986755569458008, 1.3043731994628907, 1.2792358444213867, 1.288608042907715, 1.2857947463989259, 1.3077541488647462, 1.330677899169922, 1.309489192199707, 1.3140143325805664, 1.2918835830688478, 1.3261254333496093, 1.2959946395874022, 1.3151202362060548, 1.3325659118652344, 1.2862874588012696, 1.2987620483398437, 1.3002278747558593, 1.3327168228149413, 1.322988508605957, 1.3304173187255859], "test_acc": [53.3, 61.47, 63.69, 70.26, 74.62, 78.1, 77.66, 79.87, 79.13, 80.64, 82.29, 80.71, 82.61, 83.03, 83.44, 84.5, 83.4, 85.31, 84.76, 85.67, 85.0, 86.56, 86.07, 84.17, 85.25, 84.98, 86.76, 86.08, 85.02, 83.45, 85.51, 84.59, 84.47, 85.28, 84.5, 84.62, 84.17, 84.3, 84.72, 82.83, 82.91, 83.69, 83.1, 81.89, 81.81, 82.45, 81.38, 80.88, 80.99, 81.27, 80.32, 78.57, 78.97, 77.54, 76.43, 77.34, 77.07, 76.84, 76.23, 75.73, 75.81, 75.21, 75.51, 74.89, 75.27, 74.56, 75.01, 74.37, 74.12, 74.43, 73.55, 73.54, 73.1, 72.53, 73.09, 72.54, 72.02, 73.01, 72.69, 72.65, 71.9, 71.7, 72.71, 71.98, 72.63, 71.44, 70.68, 71.22, 70.98, 71.55, 70.37, 71.5, 70.76, 70.15, 71.5, 71.23, 71.02, 69.76, 69.98, 69.79]}