{"train_loss": [2.2934915334750445, 2.282022401614067, 2.2767870395611496, 2.273668423677102, 2.2716539615239855, 2.270203904616527, 2.269012309343387, 2.268146061285948, 2.267436495805398, 2.266723905465542, 2.2659668946877503, 2.265596383045881, 2.265004555384318, 2.264757249905513, 2.2642985423405966, 2.2638661525188346, 2.2636512817480625, 2.2632790895608754, 2.263051449946868, 2.2627940129011104, 2.2625160590196267, 2.262373127692785, 2.2622050224206385, 2.261874260046543, 2.2617423308201325, 2.2615011129623803, 2.2613313968365008, 2.261264946521857, 2.261063674168709, 2.2609986048478348, 2.2608800570170087, 2.2607962424938495, 2.2606701117295485, 2.2605190796729846, 2.2604247013727825, 2.260357973514459, 2.260302448272705, 2.2602153619130454, 2.2601335048675537, 2.2600451493874574, 2.2599363583784835, 2.2599117596944174, 2.2599008419574838, 2.2598072895636925, 2.259750945140154, 2.2598019257569923, 2.2596317254579983, 2.259623886988713, 2.2596863355392065, 2.259571165916247, 2.2588547498751907, 2.25863678027422, 2.258547759667421, 2.258493289580712, 2.258479151358971, 2.2584509384937776, 2.258443877635858, 2.2584224872100047, 2.2584246507057775, 2.258384867814871, 2.2584066384877914, 2.258395509230785, 2.258370621999105, 2.258366048641694, 2.2583658854166666, 2.258354828907893, 2.258360688502972, 2.258354287881118, 2.25833732348222, 2.2583495812538343, 2.2583409266594128, 2.2583424971653865, 2.2583049437938594, 2.2583136222301383, 2.2583175922051453, 2.2583186504168387, 2.2583167198376777, 2.2583072778506157, 2.258328028825613, 2.258316449629955, 2.258308109870324, 2.258315934279026, 2.258292739819258, 2.2582995298581245, 2.2583070174241677, 2.2582937809137196, 2.2583080945870817, 2.2582782030105593, 2.2582868777788603, 2.2582955427658864, 2.2582935266005686, 2.2582792019232727, 2.2582876303257087, 2.2582845932398086, 2.25828309181409, 2.258284454467969, 2.2582884446168556, 2.25826713794317, 2.2582673182854287, 2.258281997533945], "test_loss": [1.9888171035766602, 1.9160951690673829, 1.8655411209106445, 1.8154487350463868, 1.7827201873779297, 1.8073742965698243, 1.7651276443481445, 1.7989472930908204, 1.7701118057250977, 1.7605138397216797, 1.727065589904785, 1.7469596740722657, 1.7341761306762695, 1.7416569458007813, 1.731156723022461, 1.728710397338867, 1.713613671875, 1.7130583023071289, 1.7150982009887696, 1.6955106979370118, 1.7018813919067384, 1.6970596099853517, 1.6897000717163086, 1.6862487197875977, 1.692660479736328, 1.6864905303955078, 1.6852455993652344, 1.6825148178100586, 1.6938788330078125, 1.6781524200439453, 1.6865027709960938, 1.6722191955566406, 1.686323208618164, 1.6879884536743164, 1.6892637573242189, 1.6814245376586914, 1.687836636352539, 1.683948616027832, 1.682108268737793, 1.684515350341797, 1.6783263793945313, 1.6941699951171876, 1.6833218658447267, 1.670190739440918, 1.6809308273315429, 1.6814230773925782, 1.6808991653442382, 1.6733531677246094, 1.6777876052856446, 1.6811025268554687, 1.6629693481445313, 1.660913217163086, 1.6594901168823242, 1.6605656677246095, 1.6610220962524413, 1.6601248489379883, 1.6604717407226564, 1.6615507690429687, 1.6597950729370117, 1.6604321640014648, 1.6628778274536133, 1.6605649307250976, 1.660115187072754, 1.6608108901977539, 1.6621645782470704, 1.661004490661621, 1.662558151245117, 1.6618621292114257, 1.6630371170043945, 1.664763832092285, 1.6601755233764648, 1.6644754577636718, 1.6606124694824218, 1.6603640808105469, 1.6603246826171876, 1.66201650390625, 1.6621296707153321, 1.6607377075195313, 1.659711099243164, 1.6587649719238282, 1.6606647415161133, 1.6612423751831056, 1.6625834823608399, 1.6586465621948243, 1.6606329528808594, 1.6604938583374023, 1.6615759292602539, 1.6604741592407226, 1.6601788787841796, 1.661939552307129, 1.6612081680297852, 1.6589005096435547, 1.6595989471435546, 1.6610938751220703, 1.6616228759765626, 1.6605367431640625, 1.6642009384155274, 1.66170498046875, 1.661033592224121, 1.6603581634521485], "test_acc": [58.4, 67.01, 74.03, 76.64, 81.85, 78.88, 83.37, 79.85, 82.97, 83.61, 87.31, 86.52, 86.96, 87.47, 87.78, 87.18, 88.85, 89.35, 89.21, 89.7, 89.07, 89.81, 90.05, 90.31, 89.7, 90.58, 90.86, 90.46, 90.79, 90.41, 90.71, 90.47, 90.89, 90.29, 90.74, 90.77, 90.72, 91.26, 91.28, 90.88, 91.65, 90.79, 91.2, 91.85, 91.31, 91.3, 91.32, 91.75, 90.91, 91.91, 93.27, 93.38, 93.72, 93.4, 93.52, 93.39, 93.46, 93.63, 93.54, 93.52, 93.45, 93.5, 93.47, 93.46, 93.55, 93.49, 93.26, 93.34, 93.27, 93.52, 93.48, 93.29, 93.35, 93.41, 93.33, 93.27, 93.41, 93.44, 93.23, 93.48, 93.49, 93.41, 93.59, 93.37, 93.5, 93.63, 93.44, 93.49, 93.46, 93.57, 93.47, 93.66, 93.75, 93.47, 93.3, 93.41, 93.29, 93.28, 93.46, 93.34]}