{"train_loss": [2.2429132242488046, 2.194473055183378, 2.1820533571080265, 2.1760043491665115, 2.1720886872364926, 2.168985399425539, 2.165543831821181, 2.163767199231009, 2.16154876529661, 2.1597755072463274, 2.157574726985051, 2.155403529476916, 2.153047925896115, 2.1507303531353292, 2.148549534826197, 2.1463501361700206, 2.1440141420079093, 2.1410275763935513, 2.138144328044011, 2.1352507579020963, 2.131701000735291, 2.1280906401638293, 2.1242464103250422, 2.1201703308993936, 2.1154279515274568, 2.1110953915322948, 2.105806367519574, 2.0998181759292245, 2.0935827949617662, 2.0883265119841976, 2.0809869272077184, 2.0740772009405317, 2.0645559111721496, 2.057174832647682, 2.0469067751342416, 2.0377939921668453, 2.026633543845935, 2.01588184099931, 2.003447307480706, 1.990769169269464, 1.9777222874327602, 1.96265383841645, 1.9482755199966268, 1.9307642943329282, 1.9156312822786152, 1.8974796225372543, 1.8793891085009289, 1.8640781098451369, 1.844229956722667, 1.8249873437433162, 1.8044812824481573, 1.7855184997758295, 1.767817554820297, 1.7487221082561037, 1.7296364220798526, 1.7110510845469613, 1.6918930790872655, 1.6727751755816305, 1.6564741506535783, 1.6386001110076904, 1.6214208246296287, 1.6044141291043696, 1.591054305052146, 1.573340414171545, 1.5608951732134209, 1.5475135832770257, 1.5357900149801857, 1.5223908495699239, 1.5096667393659935, 1.4993914572092204, 1.4865738841203542, 1.4777819257006686, 1.4667145306738014, 1.457941131714063, 1.4507870564603398, 1.4427513849531484, 1.4336338960207426, 1.4276045474231753, 1.4213873769482996, 1.4134623685963132, 1.407721169738688, 1.4027108333559117, 1.3969607574817462, 1.3910060649753635, 1.3865452841815786, 1.382175054305639, 1.3774888227638016, 1.3734927613001604, 1.3690125422599988, 1.3655319438021407, 1.3618635807791326, 1.3582604267658331, 1.3556818032366598, 1.3519637047225594, 1.3492239362154252, 1.3461093630036738, 1.3434742999891949, 1.340386424309168, 1.3378909500236185, 1.3352715849366963], "test_loss": [1.5490382720947267, 1.4133925369262694, 1.3094623733520507, 1.3775392807006837, 1.3663143753051759, 1.303175016784668, 1.3416713119506836, 1.3096282928466796, 1.2785268280029296, 1.281255714416504, 1.299556898498535, 1.2963072860717773, 1.3041051330566407, 1.3222770370483399, 1.3408230072021485, 1.277413330078125, 1.294434812927246, 1.2662802963256836, 1.3081965850830077, 1.2465922729492187, 1.279628448486328, 1.2454653991699218, 1.2463291625976562, 1.2988226577758788, 1.3094314071655273, 1.2524248016357422, 1.276356771850586, 1.3385386398315429, 1.3654211196899415, 1.2718597045898437, 1.3248144790649414, 1.3397530609130859, 1.3226399139404297, 1.3242014617919922, 1.3575073577880858, 1.2662652908325196, 1.296410446166992, 1.3265357681274415, 1.29298233795166, 1.2925963256835937, 1.4208041290283202, 1.3823414825439453, 1.3412942535400392, 1.416197215270996, 1.3383818237304688, 1.3974478744506835, 1.3877872680664063, 1.4244647583007812, 1.4183956802368165, 1.4922031524658204, 1.5404511672973633, 1.5613311401367187, 1.5795437301635742, 1.5248544418334962, 1.4726819900512695, 1.488931268310547, 1.5088277893066406, 1.6029327835083007, 1.5052053131103516, 1.5183901931762696, 1.5202975784301758, 1.6245965286254882, 1.6536494384765625, 1.5717101135253906, 1.6062507766723633, 1.6591212188720703, 1.7164100524902344, 1.6522512069702149, 1.662414274597168, 1.6439352478027345, 1.789110987854004, 1.6899904083251953, 1.7227187896728515, 1.746217658996582, 1.7205925827026367, 1.7237376693725586, 1.7825685165405274, 1.77660537109375, 1.8214041610717773, 1.735019122314453, 1.759985073852539, 1.764934651184082, 1.8257292526245117, 1.7728561965942382, 1.7995286682128906, 1.7766245620727539, 1.8358366836547853, 1.8486579284667968, 1.871431265258789, 1.8769675247192383, 1.8479783386230468, 1.8367001937866212, 1.8156993453979493, 1.8688307525634766, 1.9002318878173827, 1.8176867614746093, 1.8824476028442383, 1.8241194122314452, 1.9006348770141601, 1.8613173797607423], "test_acc": [88.19, 93.56, 94.2, 96.24, 96.64, 96.82, 97.0, 97.51, 97.68, 97.44, 97.38, 97.59, 97.78, 97.7, 97.74, 97.26, 97.67, 97.54, 97.36, 97.46, 97.34, 97.25, 96.94, 96.83, 94.75, 95.46, 94.98, 93.12, 92.91, 93.3, 91.94, 88.84, 88.14, 87.55, 85.49, 85.76, 83.15, 80.86, 80.34, 79.27, 71.5, 71.09, 72.79, 67.96, 71.82, 65.48, 67.45, 62.95, 63.21, 58.11, 54.74, 52.53, 51.36, 53.3, 56.83, 55.82, 54.78, 50.54, 54.37, 53.25, 53.45, 46.59, 47.13, 50.36, 47.93, 46.39, 43.39, 46.42, 46.24, 47.64, 41.6, 45.72, 44.47, 42.86, 44.06, 44.59, 41.98, 42.57, 40.83, 43.07, 42.7, 41.77, 40.06, 41.99, 41.11, 42.3, 40.49, 39.45, 38.68, 38.54, 40.4, 40.45, 40.73, 39.78, 38.45, 40.79, 38.39, 41.21, 38.31, 39.38]}