{"train_loss": [2.2046389065237126, 2.143429191194029, 2.1307523851720696, 2.125053329854949, 2.120874186866304, 2.117955661737002, 2.115715940283914, 2.1135594992556124, 2.1120297419719205, 2.1102300143649435, 2.1088285048802695, 2.107310893698635, 2.1061419503301635, 2.1046490429813027, 2.103394496644664, 2.1023945956148653, 2.101040840148926, 2.1000375447110233, 2.098958649696448, 2.09791178886707, 2.0965103685346422, 2.095188910125667, 2.0939683099078317, 2.09255978745273, 2.091171447792624, 2.089783138699002, 2.088483885822133, 2.086974585158193, 2.085372790821597, 2.0839287287149673, 2.0823398533030453, 2.0804905784435763, 2.0786600655470138, 2.0769824464606423, 2.074851862895183, 2.073452625773911, 2.0715319025210843, 2.06891426571414, 2.0664059130045085, 2.0645784351051364, 2.0618582953754654, 2.0595814830217605, 2.057456025455752, 2.054331092752962, 2.0518139409713254, 2.0490845953806853, 2.0457158256799746, 2.0432147009250445, 2.039916097608387, 2.0363069973949695, 2.033131986347019, 2.0295718910857143, 2.026143950274867, 2.023107525120434, 2.0195087815961266, 2.014469480412638, 2.0117169020012913, 2.007771283897579, 2.0043706626464157, 1.9996167833988483, 1.9959361606683486, 1.9916065572163997, 1.9871288400429945, 1.9827143048119342, 1.9791556066936917, 1.9744146066343682, 1.9701679797254057, 1.965928270521327, 1.962300348485637, 1.9578854309187994, 1.9531794475693989, 1.9489720733756692, 1.9447237625081315, 1.9402332293172169, 1.9354077931652722, 1.9305479093494577, 1.9262296626201043, 1.921596699545526, 1.917227600629513, 1.9135969831393316, 1.9099310104154115, 1.9056005266487088, 1.9015242113516881, 1.897173366485498, 1.8935502579069545, 1.8896526773261209, 1.88629134113972, 1.8817967612009783, 1.8789687658477032, 1.8743436242270672, 1.8711171922011254, 1.867589191493825, 1.8639589553205376, 1.8611270922880907, 1.858313425993308, 1.8542180242192032, 1.8508255621816359, 1.8480617961822412, 1.8453586098984776, 1.8421064207696507], "test_loss": [1.3941482849121094, 1.3198949340820312, 1.2652852020263672, 1.2353100463867188, 1.2487231353759765, 1.21551668548584, 1.1392385650634766, 1.1771382919311524, 1.1767460647583008, 1.1968556625366211, 1.2063746002197266, 1.199681149291992, 1.157779364013672, 1.1658991958618163, 1.1495440658569336, 1.0749898445129396, 1.1817208862304687, 1.194264028930664, 1.1417706283569335, 1.168147328186035, 1.1474627410888671, 1.2146341415405273, 1.1961860946655274, 1.133784962463379, 1.1400593551635743, 1.1540186767578124, 1.1463275955200196, 1.1444323196411132, 1.1505180236816406, 1.1318276901245117, 1.1548358932495117, 1.189660235595703, 1.1264950454711915, 1.1703641098022461, 1.128510774230957, 1.1583636276245117, 1.2078494171142578, 1.1322903900146484, 1.1969977264404297, 1.1404348236083985, 1.1172201248168945, 1.1716052001953126, 1.1405823120117187, 1.1930748947143555, 1.1707989395141603, 1.2463972183227539, 1.197464712524414, 1.2426929611206055, 1.1921705581665039, 1.1904535247802734, 1.2772804901123047, 1.1409971115112305, 1.195817820739746, 1.1614360778808595, 1.1423225051879884, 1.1519934844970703, 1.2034697967529298, 1.1701054382324219, 1.1820290328979493, 1.1462818237304688, 1.219015463256836, 1.1508061401367187, 1.1549974609375, 1.202094696044922, 1.1735980377197266, 1.2327898193359375, 1.1742934188842773, 1.2450679107666016, 1.2508322296142578, 1.220709829711914, 1.255913961791992, 1.2696899841308593, 1.2713866302490235, 1.2847768661499024, 1.2288915115356445, 1.2298073928833009, 1.3207784255981445, 1.1686671463012694, 1.3058544250488282, 1.2137357055664062, 1.2117381317138671, 1.3001306579589844, 1.1892473190307618, 1.2628065124511718, 1.3040175918579102, 1.195565594482422, 1.2791068481445313, 1.2143654800415038, 1.250860610961914, 1.2742650146484376, 1.289477542114258, 1.2728930068969726, 1.28293603515625, 1.2632496185302735, 1.2323576553344726, 1.2506884490966796, 1.295548439025879, 1.2577584091186524, 1.2752795944213866, 1.3139839660644532], "test_acc": [90.09, 95.13, 95.15, 96.43, 97.55, 97.2, 97.74, 97.99, 98.1, 98.14, 98.09, 98.38, 98.38, 98.22, 98.36, 98.34, 98.33, 98.49, 98.36, 98.57, 98.41, 98.48, 98.51, 98.45, 98.45, 98.5, 98.46, 98.55, 98.26, 98.37, 98.37, 98.06, 98.1, 98.12, 98.25, 98.13, 97.71, 97.8, 97.75, 97.6, 97.66, 97.21, 97.51, 96.66, 95.77, 96.13, 94.77, 94.3, 95.75, 95.33, 92.46, 94.8, 92.81, 93.81, 93.29, 92.92, 92.4, 92.1, 89.65, 92.46, 90.0, 90.98, 90.2, 88.57, 87.69, 86.36, 86.13, 83.98, 84.11, 84.61, 81.89, 80.49, 81.36, 79.95, 82.11, 81.23, 75.81, 83.74, 77.09, 80.1, 80.6, 76.61, 80.94, 77.75, 73.86, 79.16, 75.27, 77.92, 76.65, 74.22, 74.14, 74.89, 73.55, 73.66, 74.64, 75.0, 72.36, 74.29, 73.43, 71.14]}