{"train_loss": [2.300145245005942, 2.296051369773017, 2.2945867486489124, 2.293772656183976, 2.293151459632776, 2.292662519165593, 2.292290455255753, 2.2920122299438868, 2.2917763417602606, 2.2916076723326984, 2.2914512875752573, 2.291332605557564, 2.2912314009462666, 2.291136426293952, 2.291054513209905, 2.2909783496815934, 2.29091696963351, 2.2908656291472607, 2.290799530652853, 2.2907416214290848, 2.2906907827426224, 2.2906547244797406, 2.290608850809244, 2.290568657919892, 2.290526494001731, 2.2904916415866623, 2.2904534472359552, 2.290418244834639, 2.290382045965928, 2.2903531168261146, 2.2903305154580336, 2.29029140360335, 2.290276429592035, 2.290243059142023, 2.2902176492234583, 2.290194212880909, 2.290167518151112, 2.2901424607660017, 2.290121545139541, 2.2901063485023303, 2.2900798259637294, 2.29006449585287, 2.2900389993292656, 2.290024183754228, 2.2900104639876604, 2.2899882671160574, 2.2899665119301558, 2.2899516061839895, 2.289927343527476, 2.2899139401240225, 2.2898927157760687, 2.289884985002697, 2.289859608707265, 2.2898535137502556, 2.289839361467932, 2.2898188126392856, 2.289807988028241, 2.2897901275219064, 2.289779413969089, 2.2897739221907067, 2.2897580062222276, 2.289739566990453, 2.2897218954868808, 2.289711699526534, 2.289705790515639, 2.289684273238875, 2.2896732937576423, 2.289664107510167, 2.289644945381034, 2.28964130491273, 2.2896290487713284, 2.2896205940817156, 2.2896060658316326, 2.2895999204399238, 2.289588750937046, 2.2895764158322263, 2.28955600098667, 2.2895504159805102, 2.289544771879147, 2.2895214588214188, 2.2895168325839896, 2.289507418106764, 2.2894984595795984, 2.289494217460991, 2.289477096663581, 2.2894667534746675, 2.2894575060942235, 2.2894564882302895, 2.2894375380287824, 2.289424652727241, 2.289418808924846, 2.289417998913007, 2.2894017349960456, 2.2894014624448924, 2.289385012581817, 2.2893827965116906, 2.2893675107222338, 2.289351566734477, 2.2893442674579783, 2.2893354999713407], "test_loss": [2.172754217529297, 2.0772627624511717, 2.0402831039428713, 2.0204192123413085, 2.0035054748535157, 1.9894596939086915, 1.9757834945678712, 1.9705426116943359, 1.9608716186523438, 1.9576450897216797, 1.9477841262817384, 1.9475125701904297, 1.943993313598633, 1.9400805068969726, 1.938746356201172, 1.9391169326782227, 1.9312698715209962, 1.9308074020385741, 1.9317091583251953, 1.9292001998901367, 1.9283889251708983, 1.9276610275268555, 1.9285988006591797, 1.9269275268554686, 1.921660237121582, 1.9260952896118164, 1.9280055236816407, 1.919469581604004, 1.9235830642700196, 1.9144139846801758, 1.916769305419922, 1.91447667388916, 1.9198735458374023, 1.9185017379760743, 1.9160063995361327, 1.919760629272461, 1.9125899169921876, 1.9159857055664062, 1.9111553436279296, 1.912924526977539, 1.9101194442749023, 1.9154879562377929, 1.9096632919311523, 1.9096744659423828, 1.9123852233886718, 1.9109294982910157, 1.907584130859375, 1.9162866180419922, 1.913348941040039, 1.9076391662597656, 1.9054698928833007, 1.9058067260742189, 1.911361297607422, 1.9149846633911132, 1.909508967590332, 1.9156384643554687, 1.909790316772461, 1.909791130065918, 1.908401774597168, 1.9060276779174805, 1.9086622268676758, 1.8992885665893555, 1.9121947494506837, 1.9084139358520509, 1.9082323287963867, 1.9045669509887695, 1.9027711807250978, 1.9128584259033203, 1.8967921447753906, 1.9039814208984376, 1.905679573059082, 1.8985050003051758, 1.907243051147461, 1.9034731079101563, 1.9037439147949218, 1.9050484130859375, 1.9016315704345703, 1.8995595993041992, 1.9094345901489258, 1.898612940979004, 1.9041839477539062, 1.9043139175415038, 1.897822169494629, 1.9087447494506835, 1.9030739151000977, 1.9035042816162109, 1.9002173568725587, 1.8992454055786132, 1.8970348266601562, 1.9070291793823242, 1.8920151779174805, 1.9022171707153321, 1.898371762084961, 1.9000511016845703, 1.901286408996582, 1.9060390182495117, 1.9021322814941406, 1.8999735671997071, 1.8951667190551758, 1.9020107177734376], "test_acc": [74.01, 84.56, 88.3, 90.29, 92.27, 93.04, 93.88, 94.55, 95.05, 95.22, 95.54, 95.65, 96.04, 96.25, 96.49, 96.6, 96.65, 96.89, 96.78, 97.03, 96.94, 96.89, 97.19, 97.06, 97.15, 97.28, 97.26, 97.35, 97.24, 97.2, 97.45, 97.57, 97.51, 97.53, 97.49, 97.63, 97.55, 97.62, 97.69, 97.77, 97.79, 97.74, 97.86, 97.69, 97.8, 97.94, 97.91, 97.96, 97.98, 97.87, 98.01, 97.72, 97.89, 98.13, 98.07, 98.11, 97.99, 98.03, 97.97, 98.0, 98.18, 98.1, 98.03, 98.13, 98.12, 98.08, 98.04, 98.24, 98.03, 98.15, 98.15, 98.23, 98.15, 98.09, 98.13, 98.26, 98.21, 98.21, 98.23, 98.24, 98.15, 98.23, 98.19, 98.27, 98.24, 98.21, 98.21, 98.23, 98.29, 98.31, 98.38, 98.28, 98.38, 98.28, 98.32, 98.35, 98.37, 98.31, 98.33, 98.21]}