{"train_loss": [2.302133665125594, 2.2988948312580075, 2.296742296116984, 2.2951285008691316, 2.2938772129197407, 2.292424056774531, 2.291314390480009, 2.2898509349578466, 2.288341286854866, 2.2870137589609523, 2.284964794277126, 2.283330038571969, 2.2813291162507148, 2.279205198980804, 2.2764661750222883, 2.273114151424832, 2.270290904574924, 2.2657665386159196, 2.2610738338568273, 2.2551792498327727, 2.248865204489129, 2.241355221495669, 2.232995437251197, 2.223927768377157, 2.2122499066540318, 2.198119419762212, 2.1828815993080792, 2.165309129617153, 2.145433743285318, 2.1197203889361815, 2.094134522554202, 2.060905021480006, 2.024631743757134, 1.981757807935405, 1.9331200688313215, 1.8823790697969942, 1.8213525638621078, 1.7555718760714571, 1.6836259011020007, 1.6105733725250277, 1.5281137403769371, 1.439402923370019, 1.3538428417637818, 1.2668406270508072, 1.1860939032501645, 1.099223291262602, 1.019445481336015, 0.9411287677084279, 0.8620661438530327, 0.7976443205888455, 0.7290750400632875, 0.6745134926377199, 0.6242067650215238, 0.5792038522851772, 0.535103969148591, 0.5025881785167079, 0.48565160909779054, 0.4473588587318221, 0.4233385151904872, 0.38090521316879833, 0.37542529225858867, 0.35958708341941875, 0.3398020313017898, 0.3304703899173655, 0.3267317827249694, 0.32750364201955307, 0.29828217030208337, 0.28144690053712607, 0.2605896962918023, 0.25886408691732293, 0.25319940619106984, 0.2660383067579351, 0.24262715322084916, 0.24629296540704548, 0.231978477544, 0.2320557662214224, 0.235735666548085, 0.21547486685598508, 0.1937127444638401, 0.19604859178742537, 0.20434563565585348, 0.21254397763146293, 0.222628435287147, 0.18791567835097128, 0.1682651379249162, 0.17229833271609157, 0.17055328725240168, 0.15831000642039073, 0.1553470628718153, 0.1364652410738616, 0.14015005652307191, 0.1545431255800729, 0.1932448501037991, 0.20046974732898748, 0.1845272310460225, 0.1729513708358774, 0.154943494962003, 0.13821198950863928, 0.12761206791982946, 0.12814316863560268], "test_loss": [2.241134735107422, 2.1529103302001955, 2.1096109375, 2.089510433959961, 2.072354216003418, 2.0457121978759765, 2.0068693725585938, 2.0290383758544923, 2.001817320251465, 2.0100181549072267, 1.980910285949707, 1.9741653717041017, 1.9782210418701172, 1.987041860961914, 1.9696817581176758, 1.9677714981079102, 1.955626969909668, 1.9557733764648437, 1.9879212936401367, 1.9824683853149414, 1.9614606994628907, 1.9593034927368165, 2.0185299072265623, 2.0386053817749024, 2.037345960998535, 2.0644932968139647, 2.1408063598632814, 2.0448162536621095, 2.013233135986328, 2.00846142578125, 2.06135641784668, 2.048862358093262, 1.9827357315063476, 2.1682191604614256, 2.217464636230469, 2.235821632385254, 2.323647491455078, 2.2830824462890624, 2.5145923828125, 2.6884778564453127, 2.673101043701172, 2.726262612915039, 2.9532175109863283, 2.8490920989990234, 3.2131654205322264, 3.4149613372802734, 3.411459783935547, 3.694651300048828, 4.024248690795899, 4.387840267944336, 4.5232714080810545, 4.553526327514648, 4.6540710083007815, 5.355850146484375, 5.186989279174805, 5.441991821289062, 5.814322259521484, 5.935109686279297, 6.362844952392578, 6.544843408203125, 6.706982482910156, 6.540344696044922, 7.180401586914063, 6.717568463134765, 7.004223980712891, 7.387296844482422, 7.613554803466797, 8.042887768554687, 7.992760266113281, 8.532899688720702, 8.301569763183593, 8.622977355957032, 8.467393682861328, 8.714314074707032, 9.085382781982421, 8.79478970336914, 9.074173803710938, 9.37513760986328, 9.42867925415039, 9.654293188476563, 9.487705596923828, 9.61710941772461, 9.776114202880859, 10.09793035888672, 10.23055873413086, 10.182920495605469, 10.655541638183594, 10.655742803955079, 11.067597729492187, 11.345153674316407, 11.006702722167969, 11.282081604003906, 11.309509338378906, 10.89488994140625, 11.410046618652343, 11.881202136230469, 11.473072180175782, 11.557368371582031, 11.852809411621093, 11.624329431152344], "test_acc": [49.29, 64.63, 74.18, 76.68, 84.79, 78.45, 82.98, 81.09, 86.36, 84.52, 85.03, 85.79, 77.32, 79.59, 76.82, 70.92, 73.35, 67.28, 65.0, 55.69, 54.61, 50.53, 41.48, 39.0, 34.0, 32.5, 24.28, 33.25, 34.58, 33.42, 29.7, 30.44, 30.52, 22.2, 19.94, 22.13, 19.08, 20.26, 19.06, 15.2, 16.85, 18.2, 16.93, 21.0, 17.1, 14.03, 16.6, 16.09, 16.21, 13.71, 13.99, 15.82, 17.16, 14.5, 16.13, 16.99, 14.99, 15.17, 14.21, 15.4, 13.94, 15.84, 14.05, 16.47, 16.11, 14.82, 13.82, 13.97, 14.96, 14.0, 15.49, 14.84, 15.99, 15.64, 14.44, 15.88, 15.39, 14.66, 16.28, 15.37, 15.66, 14.68, 14.9, 14.81, 15.36, 15.08, 14.77, 15.75, 14.09, 14.07, 14.73, 14.79, 14.62, 15.24, 14.99, 14.36, 14.63, 14.43, 14.41, 16.06]}