{"train_loss": [2.0212639045511556, 1.9067948170197315, 1.8895900865905306, 1.8806412456891475, 1.8745936626552517, 1.870371585727757, 1.8667618324104538, 1.8635644337050936, 1.8607390438899016, 1.8581371014444237, 1.8560922869250305, 1.8540765948784657, 1.8517826770105932, 1.850092090602614, 1.8479187205815926, 1.84589306004027, 1.8438354208428636, 1.8419484727912478, 1.8397403367054768, 1.8380342551276214, 1.8363132474259434, 1.833888982860451, 1.8314432364243727, 1.8291796940004723, 1.8268042581203656, 1.8244831218169286, 1.822225728096106, 1.8198603704953804, 1.8173370921713674, 1.814325865262594, 1.8111026106227157, 1.8085876127593539, 1.8062367599744062, 1.8026798153534913, 1.7995013401039646, 1.7963629907522447, 1.7928486530087953, 1.7890157317503905, 1.785326570017725, 1.7817148963610332, 1.7774389969487476, 1.774085468461371, 1.7699035059692514, 1.7651800857140467, 1.7604662633349752, 1.7560805693650856, 1.7512572759237044, 1.7469083027452486, 1.7421871515420766, 1.7369124881732159, 1.731641788003791, 1.7266886934765384, 1.722015919848385, 1.7161901022633936, 1.7111556988496046, 1.706648691597148, 1.7020052088122082, 1.6941573905129719, 1.690058396412776, 1.6850177767949226, 1.6791310980279222, 1.6745619407066932, 1.6677864507222786, 1.6627131804951236, 1.6571335407913241, 1.6526879041622846, 1.6486311381698673, 1.6421262013097095, 1.638842407709513, 1.6333435880832183, 1.6275958525828826, 1.6225896760439262, 1.6190938888451991, 1.6146746239601037, 1.610691330371759, 1.605790274265485, 1.60159681036941, 1.5973184050148368, 1.593152555390301, 1.5890250774020822, 1.5852680328564765, 1.5814055087219956, 1.5783052671159434, 1.5749514446808741, 1.570739146735933, 1.5670852029425466, 1.5643556920381694, 1.561007795170841, 1.5584343661609878, 1.5556708589578285, 1.553252793275393, 1.5502577872357817, 1.5474059647983975, 1.543814930650923, 1.5421760889709506, 1.5395670433839161, 1.5369187443174868, 1.534666803657499, 1.532060277258229, 1.5304899885613694], "test_loss": [0.9802040336608887, 0.8507674293518066, 0.8367048088073731, 0.7928798240661621, 0.8387100082397461, 0.8535566154479981, 0.8196934448242188, 0.822778702545166, 0.8164898124694824, 0.8266581321716309, 0.7871658271789551, 0.8202128059387207, 0.8386391632080078, 0.7966659980773926, 0.8520231742858887, 0.7777412940979004, 0.7348020225524903, 0.7830425086975098, 0.8448523422241211, 0.8233194137573242, 0.7964595939636231, 0.7814847930908203, 0.8008818344116211, 0.7460706855773925, 0.7621876350402832, 0.768258065032959, 0.7746675765991211, 0.7698470932006836, 0.8102076438903809, 0.8366141799926757, 0.8749355880737305, 0.8277276527404785, 0.834410708618164, 0.7392934814453125, 0.8139388137817383, 0.8378276039123536, 0.7810095504760742, 0.8281958740234375, 0.8226592254638672, 0.7933680458068848, 0.808293995666504, 0.748680647277832, 0.7700128517150879, 0.8606718116760254, 0.8308060356140137, 0.7435382637023926, 0.8147479225158691, 0.8254893524169922, 0.795966463470459, 0.8111888694763184, 0.8299361404418946, 0.7580235954284668, 0.8320564651489257, 0.8855335899353027, 0.8641823257446289, 0.833838542175293, 0.777366828918457, 0.7843459335327149, 0.8317638206481933, 0.8104528144836426, 0.8332418083190918, 0.793491845703125, 0.9461473014831543, 0.867926912689209, 0.8341419075012207, 0.7975820152282714, 0.8082542869567871, 0.8930630172729492, 0.8520256332397461, 0.8457168182373047, 0.8431946327209473, 0.9140615531921387, 0.8514001487731934, 0.8690701042175293, 0.924287589263916, 0.8379932540893554, 0.8997803466796875, 0.9309239715576172, 0.8906764213562012, 0.860031462097168, 0.8712869598388672, 0.890916389465332, 0.8564533630371094, 0.9476847480773926, 0.9092644691467285, 0.9395179306030274, 0.932559789276123, 0.8818366249084473, 0.9179271438598633, 0.975545401763916, 0.9159849868774415, 0.9316775955200195, 0.8739122665405273, 0.9245731018066407, 0.9076755325317383, 0.9356994331359864, 0.9178488243103027, 0.9082285247802734, 0.907233065032959, 0.9298223602294922], "test_acc": [94.73, 96.77, 97.5, 97.73, 97.99, 98.09, 98.22, 98.38, 98.51, 98.65, 98.54, 98.52, 98.63, 98.76, 98.74, 98.81, 98.68, 98.73, 98.67, 98.76, 98.77, 98.82, 98.78, 98.71, 98.86, 98.76, 98.74, 98.64, 98.72, 98.56, 98.61, 98.61, 98.57, 98.37, 98.4, 98.18, 98.18, 98.22, 97.93, 98.06, 97.71, 97.88, 97.74, 96.99, 97.31, 97.84, 96.99, 96.66, 97.19, 96.2, 96.18, 96.29, 95.2, 93.47, 94.08, 93.96, 95.26, 95.29, 93.97, 94.21, 93.16, 93.8, 89.64, 91.74, 93.03, 92.82, 92.22, 90.56, 89.82, 90.6, 91.17, 88.56, 90.07, 88.88, 87.66, 90.73, 87.48, 85.01, 88.29, 89.16, 88.21, 86.48, 88.7, 84.2, 86.18, 85.68, 86.14, 85.91, 86.22, 83.33, 85.75, 85.81, 87.23, 84.62, 85.66, 84.67, 84.76, 85.77, 85.27, 84.96]}