{"train_loss": [2.18833679266465, 2.120983556040332, 2.1086151452146025, 2.1024081197559323, 2.0984799006046395, 2.0960490015836863, 2.093521990837195, 2.0918195833507767, 2.0900863893011694, 2.0884954121887174, 2.087440481552711, 2.08628291859586, 2.0846724652836466, 2.083822664542076, 2.0827944074940477, 2.0813769336439605, 2.0805546885881667, 2.07931596499223, 2.078584225513996, 2.0773851540353565, 2.0764883771920815, 2.075251803948329, 2.074249729132041, 2.072839093513978, 2.0720258770335436, 2.0707441173557544, 2.0695405536227756, 2.0682714201955714, 2.0672432877059674, 2.0658680475675144, 2.0646725633205514, 2.063559649591772, 2.0619632316450787, 2.0603679217334485, 2.0590358363766956, 2.0576227131562357, 2.055937595347054, 2.0541402781621003, 2.052802096829455, 2.051076301652142, 2.048953265715868, 2.04702190685476, 2.0454428430296416, 2.043471610444224, 2.041120880179935, 2.0394083478002467, 2.0374681618478565, 2.0347607764932842, 2.0326115634196844, 2.030106305057167, 2.027976212083784, 2.025335146321191, 2.0231004385357227, 2.0205187611600275, 2.018252028614028, 2.015511562426885, 2.0123848252826266, 2.0098058965980496, 2.0070409160903377, 2.0037589417054105, 2.0010179780487323, 1.9977338815856183, 1.994853398993484, 1.9917412227035587, 1.9891583427914188, 1.9860475251817296, 1.9825238274712849, 1.97896562402065, 1.9762011269728343, 1.972618118310586, 1.9698849465602484, 1.9658418397108715, 1.9629761558822079, 1.9602673405256026, 1.9568875803906693, 1.9526150758959289, 1.9502101252731094, 1.9460363528157911, 1.9432284009252858, 1.940780630733213, 1.9368234663947015, 1.933890474657727, 1.9309465554025438, 1.926980853590191, 1.923624152556444, 1.9206792773344579, 1.918668492227538, 1.9140972092620328, 1.9111258150675359, 1.9092583075547829, 1.906221559414497, 1.9038729642191503, 1.9001590617192097, 1.8975562152699528, 1.8953291200674498, 1.8921702631518371, 1.8897571719100332, 1.8864671544641511, 1.8839850433361836, 1.8822495937347412], "test_loss": [1.3335686569213867, 1.1907398704528809, 1.2036302803039551, 1.1548170806884765, 1.1446502510070802, 1.15476954498291, 1.1471947463989258, 1.1537537231445312, 1.1568634506225586, 1.0835483322143555, 1.1364184844970704, 1.095515163421631, 1.1094083206176757, 1.1323310943603515, 1.115078564453125, 1.1340601852416992, 1.1433606781005858, 1.142653904724121, 1.1695906845092774, 1.1010461372375488, 1.0891248268127443, 1.125722117614746, 1.1636313171386719, 1.0758029586791993, 1.1218224166870117, 1.1386056381225587, 1.0996311668395997, 1.0654531219482422, 1.141573876953125, 1.1622982940673827, 1.0804543365478516, 1.103671548461914, 1.1312564727783203, 1.0893542030334473, 1.1086239547729493, 1.1077183013916017, 1.1164336212158203, 1.0871578094482421, 1.1292309051513671, 1.0541896354675293, 1.084777865600586, 1.078907096862793, 1.0702147483825684, 1.1452264083862305, 1.1604055130004882, 1.083602618408203, 1.1342502578735352, 1.2252376052856446, 1.1174561874389648, 1.1550067245483397, 1.1139340972900391, 1.0778360260009765, 1.1119614807128906, 1.131529931640625, 1.0969898315429687, 1.0966386840820312, 1.132530825805664, 1.1403262145996094, 1.1223331832885741, 1.1043676544189454, 1.1793083358764649, 1.1713975784301758, 1.1061476371765138, 1.1379552337646484, 1.1377506317138673, 1.1938762649536132, 1.1532049713134767, 1.1189311477661132, 1.1381424560546876, 1.1844976272583008, 1.216141941833496, 1.1617912719726562, 1.1214530364990234, 1.2274604736328125, 1.1694736602783202, 1.187277783203125, 1.155793995666504, 1.2017920440673828, 1.202711149597168, 1.1440889404296875, 1.1667642440795898, 1.1809949981689454, 1.1623319351196288, 1.163047119140625, 1.1636059936523437, 1.1400042526245118, 1.2167432373046876, 1.217950390625, 1.1477272079467773, 1.1720952239990234, 1.1525575668334962, 1.1702971923828125, 1.2304107421875, 1.1764631988525391, 1.237434878540039, 1.1733826126098632, 1.167244662475586, 1.1931959213256835, 1.1788189682006835, 1.238258531188965], "test_acc": [89.39, 95.34, 96.42, 97.2, 97.32, 97.67, 97.81, 97.85, 98.16, 98.2, 98.25, 98.28, 98.26, 98.36, 98.39, 98.39, 98.42, 98.46, 98.48, 98.46, 98.56, 98.48, 98.56, 98.71, 98.59, 98.59, 98.59, 98.51, 98.62, 98.53, 98.64, 98.62, 98.56, 98.55, 98.39, 98.54, 98.35, 98.34, 98.28, 98.26, 98.26, 97.96, 97.75, 98.04, 97.8, 97.96, 97.31, 97.03, 97.4, 97.08, 97.06, 97.23, 97.01, 96.5, 96.78, 96.55, 96.35, 95.31, 95.57, 95.44, 93.32, 92.82, 94.21, 93.7, 92.89, 91.15, 92.9, 92.85, 92.19, 89.87, 88.77, 88.9, 89.83, 86.95, 87.15, 88.22, 89.9, 87.18, 85.83, 88.15, 87.24, 87.21, 86.76, 86.7, 85.46, 86.83, 83.59, 80.34, 85.25, 83.91, 84.06, 84.22, 80.95, 84.4, 79.42, 83.61, 84.2, 82.38, 82.32, 78.77]}