{"train_loss": [2.249245677748297, 2.204643744179326, 2.19281656976439, 2.187120953686217, 2.183402034971449, 2.180604594385522, 2.177486486414559, 2.175838558592348, 2.173819754877661, 2.1722319839347124, 2.1702749953310714, 2.168333531444908, 2.1662790469634228, 2.164236660187061, 2.1623756600241375, 2.160522336124355, 2.158478616649269, 2.1559818764018197, 2.153501104340594, 2.1511237448097296, 2.1480624813299913, 2.1453310775960612, 2.1421371606680064, 2.138798422793038, 2.13499940205843, 2.131297702463264, 2.1272624822763295, 2.122414805440821, 2.1173495038961754, 2.1132315585755896, 2.10748093505191, 2.1022909062030988, 2.094594756507466, 2.0891878536114326, 2.0808419559755897, 2.0735639445802088, 2.064768466684553, 2.0571582824246497, 2.0470809019528904, 2.0380988638115745, 2.0278050400253034, 2.014612831875809, 2.0044440642381325, 1.9915515607238834, 1.979378171201445, 1.9662343559102116, 1.9518156288525996, 1.939468675189548, 1.9234612005898075, 1.9079369724306285, 1.8918508696250427, 1.8760915003780625, 1.8599496292762268, 1.8444211684231064, 1.82946275620379, 1.812944186803622, 1.7973286338850982, 1.7806981486133022, 1.7648506816635785, 1.7502152479102469, 1.7346293977183154, 1.7185814749990773, 1.706051112494917, 1.691315176904711, 1.678036466622964, 1.6663031483817303, 1.6539166210553584, 1.6385736824610295, 1.628982637427811, 1.6170453485260663, 1.6043145221013289, 1.5949600557995658, 1.5837267275549407, 1.5754299380330958, 1.5670142003104217, 1.5575924092887814, 1.5492201635980198, 1.5425194277722611, 1.5357284754769416, 1.5274831782548854, 1.5219142398773096, 1.515151847886224, 1.5095699842159565, 1.5026084177004986, 1.4971123075383341, 1.4926796282967951, 1.4876904755066602, 1.4837703134259608, 1.478137864261611, 1.4748097523155375, 1.4700184495021136, 1.4666336456425169, 1.462652038814675, 1.4590323852677631, 1.4555299796609797, 1.452691051695082, 1.4493226839436426, 1.4460499317218096, 1.4438551804448805, 1.4413806915792644], "test_loss": [1.5851851577758789, 1.4489099105834962, 1.3454802947998046, 1.406152018737793, 1.396850343322754, 1.336413523864746, 1.3740093597412109, 1.3425942474365233, 1.3077752807617187, 1.3120993759155273, 1.3275689544677733, 1.328914453125, 1.3350372650146485, 1.3471562881469727, 1.3681296875, 1.305741194152832, 1.3228902084350587, 1.2974832885742187, 1.33626806640625, 1.2718569274902343, 1.3119214080810546, 1.282308708190918, 1.282564714050293, 1.3328879302978516, 1.3423901794433595, 1.2878857177734375, 1.308725358581543, 1.3617276947021484, 1.3859143127441407, 1.2990387924194335, 1.357913136291504, 1.3753243240356445, 1.3516760635375977, 1.341773829650879, 1.3704913192749024, 1.3172912994384767, 1.3193372756958008, 1.322057974243164, 1.2855849716186523, 1.3122510452270508, 1.4340059463500976, 1.4030209976196288, 1.3500248092651368, 1.3998777313232422, 1.324609228515625, 1.3729702896118163, 1.3988968811035156, 1.3833298950195312, 1.3935309020996094, 1.4493414825439452, 1.522716455078125, 1.525188395690918, 1.5456438903808594, 1.5391136352539063, 1.4517914962768554, 1.433412269592285, 1.445759243774414, 1.552066162109375, 1.4961308654785157, 1.4890387802124023, 1.4992948760986329, 1.5659582427978516, 1.6065188873291016, 1.5266576568603516, 1.5597256637573242, 1.6776563629150392, 1.6947716888427735, 1.6374680587768555, 1.5963316513061523, 1.610631231689453, 1.7421304962158204, 1.6619375579833984, 1.682346922302246, 1.6333163330078124, 1.707312631225586, 1.681876951599121, 1.6864548171997071, 1.679596533203125, 1.7912367660522461, 1.6788065170288087, 1.7482301086425782, 1.7900722000122071, 1.804662614440918, 1.7224032653808594, 1.772220114135742, 1.7488225067138672, 1.7473183837890625, 1.7953892364501953, 1.8291912002563477, 1.819422413635254, 1.7987650283813477, 1.7892645950317383, 1.8051042221069336, 1.7897439773559571, 1.8520908752441407, 1.8058408096313476, 1.8886142791748046, 1.822559422302246, 1.8754988220214843, 1.8329572540283203], "test_acc": [87.64, 93.37, 94.13, 96.14, 96.51, 96.69, 97.0, 97.47, 97.61, 97.32, 97.38, 97.53, 97.78, 97.75, 97.78, 97.28, 97.84, 97.47, 97.42, 97.63, 97.44, 97.52, 97.08, 97.28, 95.45, 95.98, 95.61, 94.71, 94.57, 94.98, 92.8, 89.69, 90.38, 90.05, 88.5, 87.43, 85.48, 84.64, 84.65, 83.0, 75.75, 74.61, 76.61, 73.68, 76.12, 72.17, 70.42, 68.54, 67.62, 64.04, 57.62, 56.67, 54.83, 55.9, 60.03, 60.44, 60.0, 53.99, 56.1, 55.72, 55.16, 49.36, 48.92, 53.52, 51.61, 46.18, 44.56, 48.13, 49.75, 49.47, 43.32, 46.86, 45.27, 47.33, 44.47, 46.05, 45.27, 46.69, 41.11, 45.76, 43.64, 41.35, 40.96, 44.49, 42.24, 43.89, 43.58, 41.4, 39.77, 40.28, 41.77, 42.02, 40.86, 41.9, 39.35, 41.17, 38.19, 41.24, 39.12, 40.48]}