{"train_loss": [1.6767281515476031, 1.5015491501897829, 1.4804051549006731, 1.4702119429906209, 1.4635310364075196, 1.4590382013056014, 1.4553164926349607, 1.4526555958466651, 1.450163744453691, 1.4481147441089663, 1.446507744045339, 1.4449474844667647, 1.4436593700168479, 1.4424072313003051, 1.4413659437599344, 1.4403518025691693, 1.4395180660435276, 1.4388923031142635, 1.4379636423710065, 1.4373907798375838, 1.4367346294924743, 1.4360582461723914, 1.4357244820676298, 1.4349982616228936, 1.4346409170036643, 1.434093761138427, 1.4336225502511375, 1.4334577704087281, 1.4329462099788535, 1.4324413751944518, 1.4321699236702716, 1.4319000134610722, 1.4316463928956251, 1.4313918102500784, 1.4307721173151946, 1.430794480519417, 1.430558622138113, 1.4302237156109932, 1.4299230603580801, 1.4297773081522722, 1.4294358438406236, 1.4293942935446389, 1.429078267680274, 1.4288644576684022, 1.4286050052724333, 1.4284115260482853, 1.4281596900560918, 1.4282074089233692, 1.4278865094877715, 1.4276631484683762, 1.4275806991972475, 1.4274377448436542, 1.4273217842619643, 1.4271009396284053, 1.4270465154933114, 1.4268744885921478, 1.426690385891841, 1.4265228013197582, 1.4265465000246325, 1.4262975237817845, 1.426229211764458, 1.4260956115192838, 1.4259895549880133, 1.425859112260688, 1.4257615738444858, 1.4256265988716712, 1.4254676551900358, 1.42539566831711, 1.4253903120501428, 1.4251628034135215, 1.4250706839255798, 1.4249967464015014, 1.4249454252740257, 1.424757617406356, 1.4247585652220962, 1.424712215988045, 1.424644940174543, 1.4245013021505797, 1.4243223460821004, 1.4243594089634397, 1.4242310057847927, 1.4242280568832006, 1.424124167770402, 1.423940046475484, 1.423889950554595, 1.4238294281511226, 1.423822195102007, 1.4236792341256752, 1.423633134772635, 1.4235798339558463, 1.4235838083629935, 1.4234018600904024, 1.4233482877413433, 1.4233634140756395, 1.4233358161062257, 1.4232356938032003, 1.4232013747732863, 1.4231161403859782, 1.422952375605575, 1.4229819453679597], "test_loss": [0.606035147857666, 0.5294935600280761, 0.5011683135986328, 0.5022782680511475, 0.5005207855224609, 0.5111092224121093, 0.472637678527832, 0.4706358860015869, 0.501000845336914, 0.4950197910308838, 0.4467251266479492, 0.49745287017822265, 0.47034458198547363, 0.4686559112548828, 0.4797524368286133, 0.46514586906433103, 0.48230029792785645, 0.491013830947876, 0.46826567993164064, 0.45495047035217284, 0.4734110145568848, 0.45899303016662596, 0.4654737991333008, 0.4506180866241455, 0.511212113571167, 0.4838141845703125, 0.45486593475341797, 0.46702322425842285, 0.4660859992980957, 0.44764874458312987, 0.46053987998962403, 0.4706336742401123, 0.4807973556518555, 0.4600358875274658, 0.4824487747192383, 0.4476922801971436, 0.46495271339416505, 0.4603062656402588, 0.4707181949615479, 0.4929928440093994, 0.45758196029663084, 0.43195323371887206, 0.5055112674713135, 0.4391255973815918, 0.4844658779144287, 0.4581949275970459, 0.44618113861083986, 0.4417899368286133, 0.4442229061126709, 0.47748118629455566, 0.46067615699768066, 0.4531970558166504, 0.4470473678588867, 0.4943197334289551, 0.45218934020996093, 0.4560196506500244, 0.4492862030029297, 0.45991328315734864, 0.45112409133911135, 0.4526670253753662, 0.4714191165924072, 0.45284936294555667, 0.4536984573364258, 0.4467239204406738, 0.4597220733642578, 0.46144360275268553, 0.45306832542419434, 0.46555712089538576, 0.4589850555419922, 0.4446041728973389, 0.4637630352020264, 0.42601277351379396, 0.47492013816833495, 0.4683567573547363, 0.4597437557220459, 0.4254957492828369, 0.43459086837768557, 0.45821376304626465, 0.48952271041870116, 0.44808383865356444, 0.45497604789733886, 0.48354959907531736, 0.46132605857849124, 0.44749480361938476, 0.4709946689605713, 0.4299322875976562, 0.4822478271484375, 0.4583839527130127, 0.448874845123291, 0.45352863960266115, 0.459632723236084, 0.46583006057739257, 0.4582589183807373, 0.4797097583770752, 0.4551881145477295, 0.4629261299133301, 0.47952837295532225, 0.4424498447418213, 0.44396962890625, 0.4347092937469482], "test_acc": [96.52, 97.62, 98.28, 98.54, 98.48, 98.68, 98.78, 98.91, 98.99, 99.0, 98.92, 98.94, 98.9, 99.0, 99.02, 99.02, 99.02, 99.04, 99.08, 99.09, 99.06, 99.07, 99.06, 99.13, 99.1, 99.16, 99.14, 99.17, 99.17, 99.13, 99.16, 99.1, 99.19, 99.15, 99.24, 99.2, 99.25, 99.19, 99.2, 99.21, 99.24, 99.23, 99.22, 99.17, 99.23, 99.16, 99.21, 99.26, 99.22, 99.26, 99.2, 99.23, 99.25, 99.27, 99.27, 99.25, 99.24, 99.29, 99.22, 99.24, 99.22, 99.28, 99.26, 99.29, 99.23, 99.25, 99.29, 99.23, 99.29, 99.26, 99.24, 99.28, 99.27, 99.28, 99.28, 99.27, 99.28, 99.27, 99.3, 99.26, 99.26, 99.29, 99.27, 99.26, 99.26, 99.27, 99.27, 99.27, 99.24, 99.3, 99.29, 99.27, 99.22, 99.3, 99.3, 99.26, 99.26, 99.26, 99.26, 99.24]}