{"train_loss": [2.302931131970169, 2.302200122266753, 2.301634686624902, 2.3012121380903783, 2.3006967377458882, 2.3001382554698195, 2.299801953837403, 2.299223185604454, 2.298506296088553, 2.297741170112903, 2.2970604127288885, 2.296120828542954, 2.295152768620059, 2.2939920669946914, 2.292510923666832, 2.2908443151376185, 2.2887734353032885, 2.2869969219224067, 2.284555690920251, 2.281607141861549, 2.278331138129927, 2.2747149732377796, 2.2698418808798504, 2.2650134425896864, 2.259529607927697, 2.252293601504758, 2.245376314362909, 2.2364376538839097, 2.2264399660958185, 2.2154687663428803, 2.2023659185466604, 2.1875735877925515, 2.171551032962962, 2.1499093210595284, 2.128902372132, 2.101744923326704, 2.0749157305456634, 2.0377328999531574, 2.0016157502292566, 1.9575077509268737, 1.9104616527373974, 1.8562054893909357, 1.7960216825843875, 1.732055092214519, 1.6637623006971474, 1.5918661091062758, 1.5129122461518671, 1.436078717565944, 1.3582511745456955, 1.2736997790316231, 1.2031177637668757, 1.1200134126294372, 1.048562790848251, 0.9776473117944522, 0.9029378264378278, 0.8279886855783626, 0.766120827732942, 0.7000350473273513, 0.6375095359025857, 0.578083396785789, 0.5294267203435938, 0.4959020706960279, 0.47037147775165034, 0.45037288887378496, 0.43606500837028533, 0.4247325083129426, 0.4143899703382427, 0.4065253107975691, 0.398744349869398, 0.39156966828382933, 0.38556162019570667, 0.3798168600242362, 0.3745842818648387, 0.370088197163537, 0.3661127347722013, 0.3613920180588706, 0.35792976044691527, 0.3544025956692859, 0.3505510988398495, 0.3476847354800273, 0.34452152392293656, 0.34182350140096796, 0.33912219763056844, 0.3366716534663469, 0.3345051025096168, 0.3325304957663911, 0.3308617056180269, 0.32897199906854546, 0.3271751434375078, 0.32552767946169925, 0.32428813299052733, 0.3226059026315681, 0.3214249819771856, 0.31990535608214193, 0.31906952982784337, 0.3178701291226933, 0.3167160449501796, 0.3157697896926831, 0.31489103669539475, 0.3140982155743827], "test_loss": [2.2840482421875, 2.2704969482421875, 2.255095294189453, 2.2390368255615236, 2.234162698364258, 2.225544613647461, 2.2161583709716797, 2.2126726196289064, 2.197300979614258, 2.203893603515625, 2.1887175231933593, 2.187133660888672, 2.1721216400146486, 2.1735646392822265, 2.1566688201904296, 2.165331411743164, 2.165419744873047, 2.1738409912109375, 2.1827353912353518, 2.181441473388672, 2.175418557739258, 2.1893630950927734, 2.1681055755615235, 2.169494854736328, 2.164856726074219, 2.2337231719970703, 2.1962046173095704, 2.184430075073242, 2.189616064453125, 2.226310736083984, 2.190020034790039, 2.1865278411865234, 2.246507043457031, 2.270423419189453, 2.3009231201171874, 2.2438570861816407, 2.3893494476318358, 2.315556036376953, 2.381880960083008, 2.5189213104248047, 2.442523760986328, 2.414281411743164, 2.5700680725097658, 2.7372047454833983, 2.8151454406738283, 2.7153851318359377, 2.9268049041748045, 3.2495255462646484, 3.096697036743164, 3.267275778198242, 3.3715049072265626, 3.5882236572265627, 3.7185416564941405, 3.9382907958984377, 3.9546623992919923, 4.0601591247558595, 4.283406072998047, 4.522591918945312, 4.550178198242188, 4.62170341796875, 4.597914483642578, 4.725794671630859, 4.645891961669922, 4.715226306152344, 4.704064770507813, 4.699651635742187, 4.575092788696289, 4.682235552978516, 4.689392852783203, 4.707234436035156, 4.670071710205078, 4.664712573242188, 4.666191442871094, 4.675813311767578, 4.642089093017578, 4.6738765502929684, 4.724334948730469, 4.702527490234375, 4.680797680664062, 4.721477844238281, 4.691064312744141, 4.675230413818359, 4.684756451416016, 4.705401751708984, 4.711318658447266, 4.716054187011719, 4.7230682373046875, 4.681400512695313, 4.688620379638672, 4.672345983886719, 4.667220330810546, 4.6702724426269535, 4.690886584472656, 4.670263189697265, 4.645629608154297, 4.6879648620605465, 4.698386706542969, 4.656608050537109, 4.665340814208984, 4.6146022277832035], "test_acc": [10.39, 11.42, 44.5, 47.3, 63.16, 38.23, 51.83, 44.95, 61.85, 57.11, 47.72, 56.18, 54.75, 48.83, 55.25, 46.05, 43.84, 41.1, 34.66, 33.17, 32.08, 27.05, 32.01, 25.67, 26.55, 18.93, 19.02, 22.38, 20.92, 17.88, 22.1, 23.23, 18.21, 15.08, 14.27, 17.49, 13.98, 15.93, 13.38, 10.91, 15.48, 15.22, 13.15, 11.21, 10.14, 14.96, 11.9, 11.05, 13.99, 12.85, 12.56, 11.66, 11.73, 12.08, 12.28, 13.7, 12.52, 11.54, 11.57, 11.88, 12.47, 11.35, 11.33, 11.13, 10.94, 11.04, 12.07, 11.31, 11.24, 11.36, 11.54, 11.85, 11.34, 12.25, 11.87, 11.07, 11.05, 11.45, 11.86, 11.32, 11.32, 11.5, 11.3, 11.15, 11.07, 10.87, 10.81, 11.33, 11.04, 11.22, 11.14, 11.37, 11.1, 11.1, 10.98, 11.01, 10.64, 10.79, 10.85, 11.37]}