{"train_loss": [2.2972094849643545, 2.2895420677641516, 2.2871884596653476, 2.285693853838831, 2.2846560595381975, 2.2839378704372635, 2.2834119817130585, 2.283025916824993, 2.2827375755350814, 2.2824769646693497, 2.2822457450067897, 2.28205989415829, 2.2818887926574445, 2.2817616243647714, 2.2816148456345258, 2.2815141061432342, 2.2813999168893213, 2.2812886003755097, 2.281187411556896, 2.281109063543825, 2.281027304820525, 2.280951812226548, 2.280886853352571, 2.280822550639128, 2.2807421098407517, 2.280670897064046, 2.280612316905943, 2.2805490733211875, 2.280500676896837, 2.2804648998456125, 2.280401206933535, 2.2803494003083973, 2.28029361851195, 2.2802414471267634, 2.2801973131986766, 2.2801642407718887, 2.2801134846149345, 2.2800645894474454, 2.2800502338979998, 2.2799986315588665, 2.2799502366628404, 2.2799058897882447, 2.2798602530080028, 2.279840884045658, 2.2798007879501734, 2.2797652493175278, 2.2797123754126396, 2.2797044449382358, 2.279667064674899, 2.2796369016679945, 2.2796001576969767, 2.279552654323415, 2.279527298405639, 2.2794979922791834, 2.2794679240283804, 2.279451124688499, 2.279397601245815, 2.279377911335383, 2.2793397954386525, 2.279313641735631, 2.279291838152796, 2.279255685133812, 2.279239201138162, 2.2791998146945596, 2.2791599142245755, 2.279139707231114, 2.2791239140380144, 2.279067788878058, 2.279069825115367, 2.279019373604375, 2.278982586840279, 2.278981081950359, 2.2789379195270376, 2.278930883631747, 2.2789002555048365, 2.2788715000845428, 2.2788340607260027, 2.278828215904725, 2.278795341650645, 2.2787569267118077, 2.2787412292936926, 2.2786977331862492, 2.2786885861657624, 2.278662672919086, 2.2786226333715978, 2.278606610929864, 2.2785728171340422, 2.278540702966543, 2.2785355800237412, 2.2784935312393384, 2.278487788306342, 2.2784749376468167, 2.2784356642992067, 2.27840789159139, 2.27836242547402, 2.2783597096418724, 2.2783368739307437, 2.2783000520151906, 2.278298641881372, 2.278243901892605], "test_loss": [2.0733934661865234, 1.980475584411621, 1.9376046798706055, 1.9069186096191406, 1.895146775817871, 1.8739238555908204, 1.8664707717895508, 1.8568400024414062, 1.84843447265625, 1.8460189208984374, 1.8461908569335939, 1.8395762237548827, 1.8282843521118164, 1.8326549240112304, 1.8309214447021485, 1.828499624633789, 1.8159762649536133, 1.8193083877563476, 1.8258838943481446, 1.8178994354248046, 1.810107763671875, 1.8149056076049805, 1.8247389190673828, 1.81410556640625, 1.8190949142456054, 1.8085131988525391, 1.8091954208374024, 1.803422317504883, 1.8088755264282226, 1.81065283203125, 1.8119413955688477, 1.8043747589111327, 1.812284275817871, 1.803879621887207, 1.8020290756225585, 1.802038360595703, 1.8100369857788086, 1.7949499389648438, 1.8073032028198242, 1.8052589736938476, 1.7904703430175781, 1.806721290588379, 1.7988128967285155, 1.8091518768310546, 1.8037754806518556, 1.795757748413086, 1.8054802947998048, 1.8116277618408203, 1.7953115158081054, 1.78883828125, 1.7910958709716798, 1.7968810104370116, 1.8076407928466798, 1.7958026428222655, 1.7975246337890625, 1.8007271545410157, 1.7951377471923828, 1.7930117477416991, 1.796851808166504, 1.7949641860961913, 1.8038697463989257, 1.794335679626465, 1.7894463790893556, 1.787742300415039, 1.7917587173461913, 1.8051315643310546, 1.793915022277832, 1.794580648803711, 1.7933194778442383, 1.8021079208374022, 1.7787149383544922, 1.7839929931640626, 1.7983205108642577, 1.793390690612793, 1.788701351928711, 1.7816397003173827, 1.7855738510131836, 1.8032361251831055, 1.796617610168457, 1.802469789123535, 1.7896782440185548, 1.7959894149780273, 1.7889095916748048, 1.783367448425293, 1.7974369125366212, 1.7913907485961913, 1.7967371154785157, 1.7793607055664062, 1.7834012115478515, 1.7930238983154296, 1.7979909851074218, 1.7859262771606446, 1.7721999237060546, 1.7929947631835939, 1.7837479736328126, 1.7968176498413087, 1.7829527633666993, 1.7858601303100585, 1.782273907470703, 1.78058896484375], "test_acc": [76.65, 87.78, 90.84, 91.1, 93.08, 94.5, 95.29, 95.67, 95.92, 95.81, 96.45, 96.4, 96.58, 96.78, 96.86, 97.05, 97.08, 97.2, 97.12, 97.23, 97.11, 97.35, 97.46, 97.37, 97.43, 97.49, 97.62, 97.57, 97.67, 97.56, 97.79, 97.73, 97.7, 97.84, 97.8, 97.84, 97.89, 97.76, 97.87, 97.91, 97.82, 98.08, 97.89, 98.03, 98.08, 97.93, 98.09, 97.94, 97.98, 98.06, 98.0, 98.08, 98.21, 98.2, 98.2, 98.22, 98.08, 98.18, 98.13, 98.22, 98.35, 98.29, 98.31, 98.33, 98.31, 98.38, 98.38, 98.41, 98.28, 98.24, 98.28, 98.2, 98.4, 98.4, 98.34, 98.3, 98.4, 98.45, 98.4, 98.38, 98.47, 98.5, 98.37, 98.42, 98.47, 98.41, 98.48, 98.47, 98.42, 98.45, 98.52, 98.52, 98.43, 98.47, 98.45, 98.45, 98.46, 98.28, 98.55, 98.59]}