{"train_loss": [2.2917335267759795, 2.2791343657379475, 2.2749868320603657, 2.2724015152352486, 2.2707171022382555, 2.269652490432446, 2.268828755260533, 2.268197900719113, 2.2676667851260586, 2.267243339974656, 2.2668271294006934, 2.266451927841219, 2.266053644510416, 2.2657914997166038, 2.2654909445689273, 2.265193097611778, 2.2648969414906626, 2.2646727251191425, 2.2644266231447205, 2.2642135992009416, 2.263952399420942, 2.2637512174427, 2.2634798074379945, 2.263199731325492, 2.263031690548628, 2.262816654311286, 2.2625625347479796, 2.262395985615559, 2.2622192537682686, 2.2619820817922935, 2.2617209711645403, 2.2614883734629703, 2.261295673174736, 2.2609646605630207, 2.2608853476679225, 2.2607033986311693, 2.260373938287425, 2.260155289601057, 2.2599890094537, 2.259748368181734, 2.2595055933691497, 2.2592147639674, 2.2589611365244937, 2.2586967542640166, 2.2584508718588414, 2.258276232287415, 2.2579457882123117, 2.2576461714557094, 2.2573115270361943, 2.2570724171451015, 2.256761853511517, 2.2564757033291025, 2.2561954855918884, 2.255980589450934, 2.255662064776461, 2.2552820994303775, 2.255135521420047, 2.2547741191, 2.254471659150898, 2.2539626823531256, 2.2537616562639546, 2.2534631760711346, 2.2529251208672156, 2.2526110517673, 2.2522737424597783, 2.251847916179233, 2.251599365319961, 2.2510767477190394, 2.2506859180254812, 2.2504675123426647, 2.249906468595195, 2.2496351757620134, 2.2489847749726386, 2.2486622899006576, 2.248236106501685, 2.2480542262395224, 2.2473934848084407, 2.2469449955174046, 2.2464755569767747, 2.2459331083501506, 2.2453921707267437, 2.245150725556235, 2.244444089058118, 2.2439792421129017, 2.243559240275978, 2.2429886169922657, 2.2425394939561176, 2.241966384088891, 2.241481695419703, 2.2409931991854286, 2.2404416758789973, 2.2397004584980826, 2.239312281465938, 2.238889245905428, 2.238126598871671, 2.2377601760065455, 2.237071593093057, 2.2365064401911874, 2.235748866174975, 2.235469196087275], "test_loss": [1.9682919860839845, 1.8694179656982421, 1.8118526260375976, 1.7639523040771485, 1.7714497817993164, 1.7427224838256836, 1.7383093780517578, 1.7261329193115234, 1.7307056121826172, 1.719479623413086, 1.7128941650390626, 1.7187522705078124, 1.7039383483886719, 1.6941405410766601, 1.7114426361083985, 1.697443963623047, 1.7036464447021484, 1.6982458587646485, 1.7041748458862305, 1.6919822769165038, 1.6946543258666993, 1.6827127319335937, 1.6841617706298828, 1.6748151123046875, 1.7023190582275392, 1.7033294479370118, 1.6929385299682618, 1.659055079650879, 1.6801955993652344, 1.6957016738891602, 1.6557704162597657, 1.672047462463379, 1.6737690994262695, 1.6842425842285156, 1.6779507202148438, 1.6873964126586913, 1.6774669982910155, 1.6653725189208985, 1.682005795288086, 1.6790841613769532, 1.6715990097045899, 1.6631731796264648, 1.6967649337768556, 1.6650562591552733, 1.6910832901000976, 1.6712296829223632, 1.6502373916625976, 1.6445539489746093, 1.6773817001342775, 1.6550241958618164, 1.6739752548217774, 1.6764293167114257, 1.6722321228027344, 1.6759530014038087, 1.6189530563354493, 1.6591408020019531, 1.682268864440918, 1.6792324844360351, 1.6576844482421875, 1.6930100891113282, 1.659247052001953, 1.6773069564819336, 1.6775489959716796, 1.6861223052978516, 1.6663411911010741, 1.6687125686645508, 1.6521861267089843, 1.7295944061279296, 1.6837850509643555, 1.6756589126586914, 1.6843212799072265, 1.6649192779541016, 1.6720881271362305, 1.6564070007324219, 1.672343650817871, 1.6243981338500977, 1.6179018127441407, 1.6780176345825195, 1.6861833633422851, 1.6791122817993165, 1.6555897445678711, 1.6594089950561524, 1.6638035446166992, 1.6525520294189453, 1.646235235595703, 1.6824983215332032, 1.6575490432739257, 1.6506976181030273, 1.6688518981933593, 1.694185888671875, 1.633770309448242, 1.6753469528198242, 1.6622901275634765, 1.6746742538452148, 1.6639769515991212, 1.71081171875, 1.645436277770996, 1.6977990493774413, 1.663288412475586, 1.6960701843261718], "test_acc": [82.61, 88.61, 90.79, 93.42, 95.09, 95.39, 95.91, 96.18, 96.54, 96.66, 96.82, 97.16, 97.04, 97.26, 97.08, 97.32, 97.46, 97.46, 97.48, 97.67, 97.61, 97.7, 97.56, 97.78, 97.77, 97.55, 97.7, 97.78, 97.7, 97.8, 97.89, 97.4, 97.9, 97.96, 97.89, 97.97, 97.73, 97.76, 97.91, 98.04, 97.85, 97.7, 97.8, 97.82, 97.88, 97.53, 97.76, 97.82, 97.84, 97.79, 97.53, 97.5, 97.59, 97.05, 97.55, 97.38, 97.42, 97.06, 97.2, 96.77, 97.12, 96.82, 97.07, 96.34, 96.4, 96.78, 96.73, 95.6, 95.45, 96.13, 96.14, 95.74, 95.35, 96.37, 95.61, 95.43, 96.31, 94.73, 94.3, 94.39, 94.47, 94.02, 95.11, 93.11, 93.78, 92.11, 93.93, 93.25, 92.69, 90.2, 92.44, 91.24, 90.9, 90.83, 90.34, 88.47, 90.23, 89.23, 89.73, 88.21]}