{"train_loss": [2.29853186953781, 2.290874559655149, 2.2873318765917396, 2.2847667484201937, 2.2829132253288202, 2.281444342727335, 2.280058237731966, 2.2787029585267744, 2.2773612630672946, 2.2761507294116874, 2.2747534508379097, 2.273411007009001, 2.272163795100318, 2.270537732503353, 2.2687287009679356, 2.2668924341853867, 2.2646675384961643, 2.2623555660247803, 2.2597943055324063, 2.2572457403199286, 2.254260354062431, 2.249838173389435, 2.2463577934819408, 2.241727188611642, 2.236141851824573, 2.2304383363479223, 2.224753962113307, 2.2166134149600296, 2.2088891079283166, 2.199695887728634, 2.1897701320485172, 2.1781218897583137, 2.165411706154163, 2.1500053074624805, 2.1349721173954825, 2.117038601484054, 2.098009469417425, 2.074885672483689, 2.051646195161037, 2.025156730515325, 1.998323755641269, 1.9673815232056837, 1.9362867385403724, 1.900588115565797, 1.8658396721395671, 1.8277071062316241, 1.7895054053037593, 1.7491298396872659, 1.7098133034176297, 1.6696511094386761, 1.63058016442845, 1.589457278068249, 1.5463563313341548, 1.5053522332101805, 1.4657563584992008, 1.4286687397039854, 1.3970150203786345, 1.3609019933093307, 1.3258137124725895, 1.2985663661080549, 1.2679416715589344, 1.2376943834317036, 1.218722491692274, 1.1945111226831746, 1.1764597528510623, 1.1574630008803473, 1.1411796095024827, 1.1263092748629742, 1.1143166035668464, 1.1006165811648736, 1.089479099226813, 1.080008369225722, 1.0705128619049349, 1.063538923732236, 1.0563992037732377, 1.0501229629302635, 1.0422203556085243, 1.0373524464348443, 1.0312646537000298, 1.0263348096965725, 1.0217139338835692, 1.0176401266939619, 1.0133865292255695, 1.0099739516392732, 1.006377261163842, 1.0021284053213575, 0.9990886312264663, 0.9951319576073916, 0.9920671467597668, 0.989416610990834, 0.9864475422690058, 0.9836173635772151, 0.9812386412905831, 0.9785292893648148, 0.9758358341761124, 0.9739057783387665, 0.9711367708240819, 0.9692204017669727, 0.9664765107326019, 0.9650117594462174], "test_loss": [2.125406219482422, 2.0294874420166016, 1.9830724487304687, 1.8904884216308593, 1.901737013244629, 1.8855791809082032, 1.835712126159668, 1.8713341064453124, 1.827197706604004, 1.860345816040039, 1.8159954513549805, 1.8438057998657227, 1.8043669219970704, 1.821394906616211, 1.824796223449707, 1.8325102340698243, 1.8363790328979492, 1.8363880599975586, 1.7754185943603515, 1.8205409423828125, 1.7939817031860352, 1.7929433670043946, 1.7882379104614259, 1.8363843353271485, 1.8427539962768555, 1.836465251159668, 1.785755177307129, 1.8524352264404298, 1.8159121078491212, 1.8298268920898437, 1.8795963012695311, 1.8413423065185548, 1.7984548095703126, 1.8541911834716798, 1.902382585144043, 1.837855613708496, 1.9426993118286133, 2.0321687713623047, 1.9372383544921874, 1.9249637145996095, 1.9548499420166017, 1.9968072875976564, 2.035435186767578, 2.1307222274780275, 2.0110709701538085, 2.110112275695801, 2.0755605728149416, 2.261743914794922, 2.3259005157470702, 2.1516914245605467, 2.2593045028686523, 2.4447997955322265, 2.3282405364990235, 2.44276591796875, 2.508559799194336, 2.4598679412841795, 2.5234324981689453, 2.601260073852539, 2.606103927612305, 2.637059606933594, 2.6844047088623046, 2.6438631958007814, 2.7396593231201174, 2.741847738647461, 2.844431475830078, 2.753655078125, 2.7702454681396484, 2.830947311401367, 2.7609071685791013, 2.765009811401367, 2.8368804382324218, 2.8366863372802733, 2.873083352661133, 2.812327572631836, 2.846941732788086, 2.9193568786621094, 2.871678854370117, 2.8610924530029296, 2.834837176513672, 2.8686170196533203, 2.8818551940917967, 2.943871890258789, 2.941529592895508, 2.8340270538330077, 2.9008142669677732, 2.969620166015625, 2.947884191894531, 2.945344577026367, 2.9117902252197267, 2.9440639434814453, 2.942697787475586, 2.9400381439208982, 2.945369287109375, 2.9544345916748047, 2.938882730102539, 2.9974052459716796, 2.939062368774414, 2.9566602935791018, 2.9655749969482423, 2.917196649169922], "test_acc": [71.47, 79.51, 85.34, 86.08, 89.8, 89.75, 91.1, 91.7, 91.24, 92.78, 93.07, 92.7, 94.02, 91.72, 91.99, 90.06, 90.08, 89.43, 88.58, 85.77, 85.32, 78.48, 84.04, 73.82, 71.26, 71.09, 69.96, 62.39, 60.45, 59.44, 51.47, 53.71, 54.03, 47.01, 42.75, 46.37, 36.77, 32.55, 38.57, 38.17, 34.7, 33.5, 29.87, 24.98, 30.77, 30.06, 31.05, 24.49, 24.89, 27.99, 24.34, 21.54, 23.34, 23.15, 22.5, 23.46, 23.1, 21.45, 20.35, 20.81, 19.98, 21.81, 19.93, 21.4, 18.13, 20.45, 19.36, 19.26, 20.62, 19.96, 18.28, 18.99, 19.22, 19.69, 19.52, 17.41, 18.6, 18.83, 19.25, 19.23, 18.92, 17.48, 17.41, 19.08, 18.13, 17.48, 17.06, 17.87, 18.24, 17.47, 17.45, 17.6, 17.31, 17.31, 17.68, 16.74, 17.56, 17.88, 17.37, 18.52]}