{"train_loss": [2.2872709402671227, 2.2709543980084934, 2.265501520063123, 2.2623915280032363, 2.260602337172908, 2.2592950504050298, 2.258416110633785, 2.2576894260879254, 2.257054960116362, 2.2564835334435487, 2.2560044781774535, 2.255631222174718, 2.255143367836618, 2.254756299348978, 2.2543511777861505, 2.2540816048271637, 2.253718215685624, 2.253413510628236, 2.2530697324337106, 2.2528304630874567, 2.252534576970288, 2.2521746581436224, 2.251953473967365, 2.251608710003714, 2.251313745466053, 2.2511220793438773, 2.2507322904391165, 2.2504424116550346, 2.250200341399918, 2.249962585604089, 2.249605059114277, 2.2493817444540496, 2.2490658571577478, 2.2486919796364937, 2.2485216428072023, 2.248172900106153, 2.2477846420728245, 2.2474766256462813, 2.247162605452741, 2.246822476387024, 2.246531666853489, 2.246134959734403, 2.245792384840484, 2.2453181280030146, 2.2451803893105597, 2.2446788259041615, 2.2443789503513236, 2.243919982869401, 2.243423344233097, 2.243096987915854, 2.2426187553976336, 2.2422396428564673, 2.2417833366964617, 2.2413549825676484, 2.2409453972792015, 2.240434027635134, 2.2400182577279897, 2.23950825440578, 2.2388959837774944, 2.2385269963843193, 2.2378883463704686, 2.237529499917968, 2.236825334210681, 2.2363039978549013, 2.2358032948950415, 2.235180905741504, 2.2347865466378694, 2.234143548541599, 2.2334907870007377, 2.232854214998392, 2.2323526062517085, 2.2315296851671658, 2.230936253682161, 2.2303084053544917, 2.2297890502163487, 2.228953330944746, 2.22829353554636, 2.227517193199223, 2.226859267960247, 2.2261279683846693, 2.2252777682410345, 2.2247662849915333, 2.224220707375779, 2.2230905707065878, 2.222556653185787, 2.2217163092050796, 2.220706754260593, 2.2201189444615292, 2.219297853799967, 2.2184711526601744, 2.217344144470671, 2.216892433472169, 2.215902466040391, 2.2150079806645713, 2.2139209957204313, 2.2130570044884315, 2.21236843482042, 2.211521900107718, 2.2103732615454583, 2.2097990171522155], "test_loss": [1.9105777435302735, 1.7907422149658203, 1.7208987396240234, 1.6918387329101563, 1.684250146484375, 1.6809923736572265, 1.6518266952514649, 1.6651730377197265, 1.6586922988891601, 1.6505697235107422, 1.6610853607177734, 1.6469537673950196, 1.6564920837402344, 1.6452431716918945, 1.6353572204589844, 1.6254620849609376, 1.6368140258789063, 1.6344130416870117, 1.6271491882324218, 1.633388279724121, 1.6130717071533203, 1.6083711502075195, 1.6003598983764649, 1.5930622131347656, 1.6253153717041016, 1.6267202880859375, 1.5987068954467774, 1.599069758605957, 1.6227521530151368, 1.6285754318237304, 1.6306526748657226, 1.632496858215332, 1.6294557098388671, 1.592462156677246, 1.6021078399658204, 1.6294591186523437, 1.5964861724853516, 1.6330088134765626, 1.6324439971923828, 1.6590464767456055, 1.6223017211914061, 1.5816918090820313, 1.6547242294311524, 1.5808199478149414, 1.6229367401123047, 1.633787890625, 1.636733903503418, 1.593853317260742, 1.6108605529785156, 1.6026965713500976, 1.6477643005371094, 1.6094720260620117, 1.5976736267089844, 1.5902487075805665, 1.6041849822998047, 1.602379850769043, 1.5982992294311524, 1.6059881378173828, 1.62518966217041, 1.6208469223022461, 1.6392925186157226, 1.581493376159668, 1.5766040557861327, 1.6369271255493163, 1.5954488739013672, 1.6086931213378906, 1.5734194427490233, 1.6449224700927734, 1.5834783950805664, 1.6033683288574219, 1.6243194381713868, 1.5941471755981445, 1.6282189270019531, 1.6134045532226562, 1.6050257675170898, 1.6163975723266601, 1.615031704711914, 1.6380404876708985, 1.5625596771240233, 1.6081574783325194, 1.593991830444336, 1.5653744659423827, 1.5801829559326173, 1.6812590240478515, 1.6033565673828125, 1.6256881103515626, 1.6033714950561524, 1.604974459838867, 1.6371106338500976, 1.6104077896118163, 1.6051197494506837, 1.6110996032714844, 1.6533410903930663, 1.6507520065307617, 1.585747608947754, 1.5950953369140626, 1.5933190780639648, 1.6150559799194335, 1.638437646484375, 1.6887648483276367], "test_acc": [82.07, 87.88, 92.19, 93.64, 95.27, 95.83, 96.35, 96.72, 96.63, 96.99, 97.39, 97.35, 97.45, 97.46, 97.55, 97.68, 97.47, 97.61, 97.73, 97.77, 97.87, 97.66, 97.84, 97.79, 97.89, 97.93, 97.96, 98.02, 97.96, 97.76, 98.08, 97.87, 97.75, 97.99, 98.01, 97.99, 97.9, 97.98, 97.91, 97.95, 97.82, 97.92, 97.78, 97.85, 97.7, 97.89, 97.6, 97.8, 97.65, 97.47, 97.47, 97.48, 97.55, 96.84, 97.25, 96.7, 96.66, 97.22, 96.6, 96.25, 96.18, 96.57, 96.69, 95.94, 96.76, 96.05, 95.74, 95.96, 95.75, 95.9, 95.47, 94.61, 95.51, 94.59, 92.92, 93.03, 94.28, 91.77, 94.51, 93.24, 93.12, 92.91, 93.67, 90.08, 91.79, 90.01, 90.93, 91.21, 88.23, 88.41, 90.24, 89.61, 87.23, 85.77, 90.21, 87.63, 89.37, 86.78, 86.62, 80.24]}