{"train_loss": [2.2840549981492195, 2.265678315081148, 2.260245519825536, 2.257315835891626, 2.2556840227200436, 2.254602464345785, 2.253791059184278, 2.253174427228096, 2.252682731192336, 2.252238211978195, 2.2518621515005064, 2.2515676266107802, 2.2512757956472216, 2.2510280191388903, 2.2508053473937206, 2.250571138328976, 2.2503779662979975, 2.2502064801688886, 2.2500477988495784, 2.2498932572511525, 2.2497369550232196, 2.2496338384783168, 2.2495131625069513, 2.249410072962443, 2.249274706738627, 2.2491810235202823, 2.2490771127562237, 2.248962885294205, 2.2488917789907537, 2.248807138357407, 2.248719089051597, 2.248615993393792, 2.248572278735984, 2.248451392365317, 2.2483968474926095, 2.248294832360031, 2.2482366989820433, 2.2481988775424466, 2.2481126005832968, 2.248047457800971, 2.2479752882933006, 2.2479146525391145, 2.2478595732623696, 2.2478114957483406, 2.247746775802384, 2.247690346505907, 2.2476284412237315, 2.247588913155417, 2.247549719790108, 2.2474840390376554, 2.2474271074319496, 2.247368097305298, 2.247322014763824, 2.24728665392623, 2.2472314870255623, 2.2471714213363128, 2.2471077661228995, 2.2471029799208684, 2.247031350930532, 2.2470103843599305, 2.2469674272414966, 2.246885650178306, 2.246861475655156, 2.246797630929539, 2.246788673930698, 2.2467283453696814, 2.2466748035871067, 2.2466366010853367, 2.246585095540071, 2.2465280080452943, 2.246513638231489, 2.246496060465136, 2.246434155692402, 2.246397058169047, 2.2463309433725147, 2.246338007796524, 2.246272729502784, 2.2462321158148284, 2.2462168417425237, 2.246133197576572, 2.2461234096787934, 2.246086810389136, 2.2460417543720994, 2.246027378954439, 2.245972635399582, 2.245936119658315, 2.2459049097493162, 2.245860176718133, 2.245835776002998, 2.2457882817993817, 2.2457202479370637, 2.245714150942289, 2.2456644544234643, 2.2456182924091306, 2.2455726887425804, 2.2455807980309186, 2.2454785072905388, 2.2455062402619257, 2.2454348665017347, 2.2454227820420876], "test_loss": [1.858616180419922, 1.7553848739624023, 1.6976749252319336, 1.6736133026123048, 1.6541344955444337, 1.6418911087036132, 1.6406552612304688, 1.623347950744629, 1.6264041366577149, 1.6271715316772462, 1.614890072631836, 1.6139738220214843, 1.5949677017211914, 1.609232307434082, 1.6088223175048828, 1.6021423431396484, 1.586419580078125, 1.605065023803711, 1.5894163970947266, 1.591044790649414, 1.5934493713378906, 1.5925678100585938, 1.5900811264038086, 1.5812245574951171, 1.592087452697754, 1.6001522537231445, 1.5797756484985352, 1.595465104675293, 1.580063395690918, 1.57960616607666, 1.587305647277832, 1.5731634918212891, 1.5762853240966797, 1.5706991333007811, 1.5710864074707032, 1.5713516174316406, 1.575436573791504, 1.5863353942871095, 1.5861540878295899, 1.568344450378418, 1.5652170135498047, 1.5751397094726562, 1.595447314453125, 1.5888046524047852, 1.5722144012451171, 1.5776370697021485, 1.611395115661621, 1.5808310852050782, 1.578668975830078, 1.5956618728637695, 1.6064134185791015, 1.5674370819091796, 1.5853759002685548, 1.5745066070556641, 1.5926083419799806, 1.5685160919189454, 1.5802067352294922, 1.5843235458374023, 1.5904413604736327, 1.5713069869995118, 1.5831151794433593, 1.5800242752075195, 1.564859764099121, 1.5484574127197266, 1.5412842819213868, 1.5757721389770507, 1.575082192993164, 1.5772431640625, 1.5725911682128906, 1.5831506927490235, 1.5762716415405273, 1.5650391296386719, 1.5805253295898438, 1.5667435791015625, 1.6057793045043944, 1.5544047729492187, 1.5731128326416015, 1.5699408325195312, 1.584491537475586, 1.561665592956543, 1.5685502166748047, 1.5641631774902345, 1.5602879516601562, 1.5613931030273438, 1.5827950393676757, 1.5840640258789063, 1.557679571533203, 1.5610488052368163, 1.5702950057983398, 1.5728732864379882, 1.6020570220947266, 1.586275944519043, 1.5537647537231445, 1.5847335983276367, 1.5951487197875978, 1.547808950805664, 1.567132147216797, 1.5659538391113281, 1.5689535507202148, 1.5688389709472657], "test_acc": [84.33, 91.35, 93.52, 94.83, 95.76, 96.16, 96.73, 96.78, 97.18, 97.37, 97.43, 97.6, 97.56, 97.8, 97.83, 97.89, 97.94, 97.97, 97.93, 98.08, 98.1, 98.15, 98.18, 98.12, 98.38, 98.29, 98.3, 98.27, 98.28, 98.37, 98.46, 98.37, 98.47, 98.53, 98.54, 98.54, 98.57, 98.59, 98.59, 98.55, 98.65, 98.75, 98.62, 98.73, 98.68, 98.66, 98.72, 98.67, 98.64, 98.77, 98.76, 98.74, 98.78, 98.71, 98.81, 98.75, 98.65, 98.76, 98.84, 98.71, 98.82, 98.86, 98.81, 98.78, 98.79, 98.78, 98.85, 98.79, 98.82, 98.82, 98.84, 98.78, 98.82, 98.84, 98.86, 98.86, 98.79, 98.89, 98.93, 98.91, 98.84, 98.92, 98.88, 98.84, 98.9, 98.92, 98.9, 98.87, 98.92, 98.91, 98.87, 98.85, 98.87, 98.87, 98.87, 98.9, 98.88, 98.9, 98.94, 98.91]}