{"train_loss": [2.302650413961492, 2.3026148096109047, 2.3026056009480076, 2.3026001163018055, 2.3025964630974665, 2.3025939097771277, 2.3025918073124356, 2.3025900629850535, 2.302588644190731, 2.302587336454636, 2.3025863664781947, 2.3025854683329916, 2.302584710284176, 2.3025838814230046, 2.302583250734541, 2.302582563498081, 2.3025820754532123, 2.302581540030292, 2.3025810030790477, 2.302580509430323, 2.302580069272946, 2.302579557284331, 2.302579290337033, 2.3025789123315077, 2.3025784222488728, 2.302578180264204, 2.3025778256929836, 2.3025775154431662, 2.302577173607981, 2.3025769779824805, 2.3025766988085885, 2.3025763809171496, 2.302576145045778, 2.3025758312298703, 2.302575667189737, 2.3025754262239504, 2.302575158767211, 2.3025748943671203, 2.3025747211570415, 2.3025744654174543, 2.302574360472524, 2.3025741011668472, 2.302573883635366, 2.302573683934334, 2.3025734979882198, 2.302573373175075, 2.3025731963989062, 2.3025729844712806, 2.302572824506678, 2.3025726258245287, 2.302572484199817, 2.3025723008009105, 2.3025721235153003, 2.3025720577973585, 2.3025718856061625, 2.3025717444908924, 2.302571510147845, 2.3025713970518518, 2.302571283955859, 2.3025711285762296, 2.302570985423194, 2.3025708366663027, 2.3025707714578028, 2.3025705906061025, 2.30257043777368, 2.3025703746029453, 2.302570223298847, 2.302570176939679, 2.302570021050608, 2.302569836123377, 2.302569737801185, 2.3025696073841844, 2.3025695574589267, 2.302569409720918, 2.3025693679467225, 2.302569166207925, 2.3025691122071357, 2.3025689787334866, 2.302568947657561, 2.3025688376182165, 2.3025687087295403, 2.3025685981807547, 2.3025685095379496, 2.3025683709698863, 2.3025682461567416, 2.3025681463062253, 2.302568139683487, 2.302567988379389, 2.302567914000943, 2.30256789107608, 2.3025677784895286, 2.3025677036016416, 2.302567520712176, 2.302567487089043, 2.302567278727507, 2.302567359728691, 2.302567262425382, 2.3025671472916236, 2.302567077498151, 2.3025668365323644], "test_loss": [2.2964525817871095, 2.2950276489257813, 2.2940655517578126, 2.2932848052978514, 2.292693801879883, 2.2921921295166015, 2.2917821868896486, 2.2914506439208986, 2.2911428039550783, 2.2909342041015623, 2.290686947631836, 2.29048427734375, 2.2903166107177735, 2.2901435485839845, 2.2899670501708984, 2.289840118408203, 2.2896981079101564, 2.289585452270508, 2.2894496643066407, 2.289348123168945, 2.2892533142089846, 2.289108395385742, 2.289025616455078, 2.2889270568847655, 2.2888666015625, 2.2887932556152344, 2.288688510131836, 2.288606591796875, 2.2885299102783203, 2.288478045654297, 2.2884039154052735, 2.288333401489258, 2.288262405395508, 2.288222427368164, 2.2881861419677736, 2.2881001708984376, 2.2880464019775393, 2.2879922210693358, 2.287957763671875, 2.287887142944336, 2.2878256378173827, 2.287757012939453, 2.287748815917969, 2.287678726196289, 2.2876499145507814, 2.287577084350586, 2.2875444274902343, 2.2874884368896486, 2.2874467254638673, 2.2874050994873047, 2.2873878448486327, 2.2873426025390624, 2.287311016845703, 2.287256088256836, 2.287218502807617, 2.287225814819336, 2.2871599395751954, 2.287137109375, 2.2870784576416017, 2.2870563232421874, 2.2870286651611327, 2.2870047149658204, 2.286960076904297, 2.2869460845947267, 2.286899353027344, 2.2868604278564453, 2.2868493621826174, 2.2868181823730467, 2.2867725830078127, 2.2867643615722657, 2.286748919677734, 2.2867053833007813, 2.286662286376953, 2.2866506805419924, 2.28662119140625, 2.286608203125, 2.2865691436767577, 2.286553692626953, 2.2865184356689454, 2.2864872985839844, 2.286457434082031, 2.286455416870117, 2.286407052612305, 2.2863974639892577, 2.286367922973633, 2.2863335327148437, 2.2862890350341796, 2.2862667205810547, 2.286263845825195, 2.286241342163086, 2.286222885131836, 2.2862096405029297, 2.286177151489258, 2.2861702850341796, 2.2861074615478514, 2.286095361328125, 2.2861018188476563, 2.286072772216797, 2.286069073486328, 2.2860351379394532], "test_acc": [19.13, 23.21, 26.92, 30.79, 34.95, 37.23, 41.02, 43.64, 45.29, 46.95, 49.51, 50.73, 52.01, 53.92, 54.49, 55.14, 57.22, 57.92, 58.73, 59.88, 60.31, 61.47, 62.15, 62.94, 63.37, 63.75, 64.33, 65.15, 65.93, 65.03, 66.73, 67.23, 67.82, 67.7, 68.11, 69.0, 69.18, 69.92, 69.93, 69.84, 70.65, 70.91, 70.61, 71.69, 72.56, 71.64, 73.1, 73.51, 72.71, 73.25, 73.43, 73.58, 74.26, 74.51, 74.68, 74.78, 74.97, 74.57, 75.55, 75.82, 75.86, 75.31, 76.46, 75.4, 76.28, 76.03, 76.65, 76.83, 77.17, 77.37, 77.1, 77.01, 77.44, 77.16, 77.54, 77.35, 77.7, 77.97, 77.94, 78.24, 78.74, 78.69, 78.73, 78.22, 78.32, 79.37, 79.29, 78.6, 79.06, 79.28, 79.27, 79.39, 79.67, 79.92, 79.1, 80.18, 79.57, 79.59, 79.62, 80.14]}