{"train_loss": [2.293426158081772, 2.281869482280862, 2.277680241654062, 2.274805288029532, 2.2729675550746102, 2.271701090865665, 2.2706016903249626, 2.269815614590278, 2.269131281437018, 2.268420059966226, 2.267939484017527, 2.2672632647375774, 2.2666627270543676, 2.2661457428565392, 2.2656637822460923, 2.2652108358521748, 2.2646158755335035, 2.2640162833735475, 2.2636614054696174, 2.262966420915392, 2.262521703528543, 2.2618456019295587, 2.2612470103125286, 2.2604535731494937, 2.2598467759596996, 2.259418280206175, 2.258517138978355, 2.2577597132095923, 2.256853437321818, 2.2560712562667, 2.255362504058414, 2.2543458643122616, 2.253365569644504, 2.2523058301363235, 2.2513312539483747, 2.2503538503606095, 2.2491162623095717, 2.2481459093908978, 2.2467129378237276, 2.2456861067022014, 2.244021185952374, 2.242741713157067, 2.24113270920566, 2.239511438414582, 2.238006022750822, 2.23655065206381, 2.234890707537659, 2.2327158634479227, 2.230538022823823, 2.228823501839597, 2.2271068952022453, 2.2244851640147023, 2.221922076155997, 2.2195901987899065, 2.2174989463936567, 2.2151863946873918, 2.2123007759069786, 2.209459181015308, 2.2066114753739448, 2.2035723517083716, 2.2004672655692468, 2.1972520188388662, 2.1942155198154287, 2.190778518334413, 2.187045489620959, 2.1841333116221633, 2.180396418795626, 2.1764751525006742, 2.172467647964119, 2.168754464031285, 2.1644260868048057, 2.1603407059979234, 2.1566452608149276, 2.1519388658368688, 2.148098892126328, 2.1431292896596794, 2.1386103762520685, 2.1352493951463294, 2.1298375017622595, 2.1253341054305053, 2.1216830376885896, 2.1167050559296565, 2.1126045503168025, 2.1070620004947367, 2.1027040557983594, 2.098320320630685, 2.094199788876069, 2.0907536225441175, 2.0853373657943854, 2.0822579993142023, 2.0758920383249593, 2.0724974549733677, 2.067788398673392, 2.06338103612264, 2.0584449813916135, 2.0549068374511523, 2.051455363758609, 2.047229519002458, 2.043078659946083, 2.039231856664022], "test_loss": [1.994378775024414, 1.887308090209961, 1.850773062133789, 1.7886385955810546, 1.7795635971069337, 1.773001106262207, 1.7563288467407228, 1.7539102584838868, 1.7635133895874024, 1.7543911712646485, 1.745048065185547, 1.7287415390014649, 1.7212774459838867, 1.7133815490722657, 1.7139385147094726, 1.7121376113891602, 1.7093519210815429, 1.7042125045776366, 1.7208437408447266, 1.728173924255371, 1.7502465896606445, 1.7319784210205078, 1.6810886184692382, 1.6793811737060547, 1.6908200500488282, 1.7102425445556642, 1.7195460372924805, 1.6987559616088868, 1.7244660705566406, 1.6837386138916015, 1.730425276184082, 1.6576853591918945, 1.7182527069091798, 1.686567121887207, 1.6918058975219727, 1.69038829498291, 1.6637905487060547, 1.7074801483154296, 1.6988192993164062, 1.6785543212890626, 1.6617920425415038, 1.745579183959961, 1.643764535522461, 1.72156005859375, 1.7168905502319336, 1.709227717590332, 1.6825995086669923, 1.711305532836914, 1.7790948211669921, 1.7203732528686524, 1.6776093170166015, 1.7397596450805664, 1.769643081665039, 1.7551236572265625, 1.7125788131713868, 1.71183466796875, 1.68380477142334, 1.7311763839721679, 1.703908659362793, 1.6732365203857422, 1.694862550354004, 1.7454209762573243, 1.779624250793457, 1.76780361328125, 1.6914280471801757, 1.7165949996948242, 1.7258209548950196, 1.759454637145996, 1.7514983032226563, 1.7456035369873046, 1.8207173294067382, 1.7692964813232421, 1.746826402282715, 1.794162144470215, 1.7713268188476563, 1.7436321533203125, 1.710473631286621, 1.7480843551635743, 1.8013309112548828, 1.8559569152832032, 1.8175719512939452, 1.8252188369750977, 1.8859044204711914, 1.753761524963379, 1.8340071044921875, 1.803901515197754, 1.8272566436767579, 1.7725115783691405, 1.883421092224121, 1.8223359573364257, 1.8871081359863282, 1.8931315307617187, 1.855780955505371, 1.8609894668579101, 1.8710208297729491, 1.9100319091796876, 1.8668204574584961, 1.856772589111328, 1.8615231399536132, 1.816572737121582], "test_acc": [81.33, 87.43, 91.3, 91.52, 93.52, 94.57, 94.67, 95.62, 95.96, 96.27, 96.33, 96.64, 96.46, 95.75, 96.15, 96.31, 97.01, 96.83, 96.74, 96.76, 96.9, 96.9, 97.02, 96.91, 96.36, 96.25, 96.6, 96.83, 96.52, 96.33, 95.41, 96.27, 96.0, 95.47, 92.35, 94.6, 94.5, 94.21, 94.05, 93.97, 93.42, 85.57, 92.21, 89.15, 88.54, 85.82, 89.36, 84.49, 78.17, 81.95, 86.1, 76.25, 76.79, 73.23, 77.01, 76.94, 76.81, 73.68, 72.95, 75.8, 72.98, 68.42, 63.97, 65.17, 68.81, 67.15, 65.23, 61.72, 60.44, 60.8, 55.34, 57.79, 59.9, 52.81, 55.08, 58.79, 57.82, 55.25, 51.26, 45.55, 47.03, 49.7, 44.59, 53.02, 44.17, 46.44, 45.64, 49.73, 42.03, 45.35, 40.96, 41.58, 43.73, 42.78, 40.46, 40.28, 41.73, 42.77, 41.48, 45.23]}