{"train_loss": [2.302122843061757, 2.301038429268405, 2.3004622912814474, 2.3000838089193034, 2.299824070217263, 2.2995959321657815, 2.299397815496494, 2.2991918687127595, 2.2990061554134402, 2.298811650174296, 2.2986457984671635, 2.298486107944423, 2.2983463044859405, 2.2981588728407507, 2.297999653041872, 2.2977693029957957, 2.2976677213978562, 2.297453437605475, 2.2972880306406918, 2.297098224489098, 2.2969352837301726, 2.296762650848454, 2.2965484424534006, 2.296314399466555, 2.2961979268962502, 2.2959530679588642, 2.295712589708149, 2.2955119370395303, 2.2952610096360884, 2.294986716702453, 2.2947759872827773, 2.2945166892475553, 2.2942142247134805, 2.2939544330295334, 2.293598823567741, 2.2932781021819157, 2.293022556692107, 2.2926376049335184, 2.292197483217614, 2.291834681462019, 2.291450688981602, 2.291065998057015, 2.290567005291963, 2.2901151271966786, 2.2897509840818553, 2.289218876606379, 2.288624022760962, 2.2881454473886733, 2.2874911651652083, 2.2869202306127954, 2.2863232121508346, 2.2855058837140727, 2.2849986053939557, 2.284216390715705, 2.2835353806487517, 2.282830608706189, 2.2818868124586906, 2.281223937486991, 2.280171760636517, 2.2792366106286006, 2.2784676531441193, 2.2773912319770226, 2.276361003390744, 2.275333824320736, 2.274302549341805, 2.27300917949432, 2.271859704429268, 2.2704846838600616, 2.2691381818208938, 2.267951543514545, 2.266363473020048, 2.2651149447147665, 2.2633240131231456, 2.2620607655272527, 2.260154718517238, 2.2589097608867874, 2.2569926009218917, 2.254754485737564, 2.2533048070394077, 2.2511016772343564, 2.249148834464896, 2.2472699727767553, 2.2446931045279546, 2.2430124384725194, 2.2406883270312576, 2.2385558862971444, 2.2360396466703496, 2.233241727209499, 2.2305903893250685, 2.2285407649146185, 2.2256872246408057, 2.2228237655427723, 2.2204482978225775, 2.2170444808454595, 2.2148015565342374, 2.211660809496529, 2.20851138769052, 2.2063368197180266, 2.20263158205228, 2.200285211078122], "test_loss": [2.2560663940429686, 2.2147478118896484, 2.186560806274414, 2.1674602142333983, 2.161511569213867, 2.154284292602539, 2.1438296020507814, 2.1379842895507815, 2.1294536224365235, 2.125485510253906, 2.1131144989013673, 2.1134946533203127, 2.107980862426758, 2.1097791046142578, 2.1048788208007814, 2.1004513122558595, 2.0985265747070314, 2.0896681396484373, 2.09814075012207, 2.0848687377929687, 2.0865560607910156, 2.093950372314453, 2.079172085571289, 2.0733285675048827, 2.077737173461914, 2.073772561645508, 2.0712135528564453, 2.07042978515625, 2.069255587768555, 2.072167596435547, 2.071130017089844, 2.085034671020508, 2.0590657318115233, 2.054345126342773, 2.0467182006835936, 2.074288949584961, 2.0674061340332033, 2.0675308380126953, 2.061758917236328, 2.0665636322021483, 2.0520790649414065, 2.0600166625976564, 2.0698471954345705, 2.057362518310547, 2.060058969116211, 2.0672092224121092, 2.0740356201171877, 2.046983918762207, 2.0622527709960936, 2.067307916259766, 2.0773066314697264, 2.040329583740234, 2.077801129150391, 2.074457159423828, 2.0770099243164064, 2.0645093017578127, 2.065348220825195, 2.065573876953125, 2.0987303100585937, 2.0997688537597656, 2.0787327270507814, 2.06757236328125, 2.0645949829101564, 2.07059326171875, 2.0835070861816405, 2.0618636962890626, 2.0689958633422854, 2.0759818115234374, 2.073536666870117, 2.0911362548828123, 2.102694662475586, 2.0815458099365234, 2.0548213470458982, 2.1350087463378906, 2.073765869140625, 2.0757759216308593, 2.102459814453125, 2.074874270629883, 2.0722650482177736, 2.052789276123047, 2.112627328491211, 2.116171469116211, 2.0961503692626953, 2.071037567138672, 2.1195501068115234, 2.168749768066406, 2.126079544067383, 2.128134719848633, 2.1410205505371094, 2.1086084503173828, 2.110345864868164, 2.1032558715820313, 2.1577438262939452, 2.1378599731445314, 2.1502445098876954, 2.099333688354492, 2.1676635864257814, 2.122877554321289, 2.1110529571533205, 2.1756956817626953], "test_acc": [57.94, 68.24, 69.42, 80.01, 72.94, 82.64, 86.31, 87.34, 86.6, 88.93, 85.74, 90.03, 89.49, 90.68, 90.54, 90.24, 90.35, 91.55, 90.98, 91.5, 88.97, 89.91, 89.53, 90.97, 90.37, 90.99, 88.6, 91.38, 87.61, 90.01, 87.43, 86.69, 84.8, 87.74, 87.97, 85.85, 86.24, 81.78, 80.31, 78.39, 81.96, 81.03, 77.9, 77.61, 76.01, 74.09, 68.08, 72.58, 69.59, 70.29, 67.42, 68.86, 62.15, 58.84, 57.87, 60.63, 60.65, 57.88, 50.81, 51.0, 52.59, 53.19, 51.9, 50.24, 47.98, 51.18, 47.64, 46.75, 41.12, 44.29, 38.24, 42.88, 47.76, 28.4, 32.14, 39.96, 31.88, 39.6, 36.07, 37.57, 33.33, 32.18, 33.23, 36.16, 29.22, 26.59, 28.32, 28.88, 26.04, 31.53, 29.28, 31.48, 26.11, 26.18, 25.41, 28.77, 21.27, 27.42, 29.78, 21.77]}