{"train_loss": [2.2569404606126313, 2.2212343328019495, 2.211844608824477, 2.2078499340603495, 2.2054448239823694, 2.203795746860341, 2.2024202790015783, 2.2014085309118285, 2.200569252682547, 2.19973987289983, 2.1989963059751396, 2.1983472322806334, 2.197774649175823, 2.1973865954284992, 2.1967987820633454, 2.196427332030402, 2.196009940571255, 2.195528475647299, 2.195129044035561, 2.1948132219477596, 2.194432647819193, 2.194085225590274, 2.1938192431743326, 2.193522021301791, 2.1931105551556644, 2.192696006889017, 2.19246535270642, 2.192109044800457, 2.1918891810963297, 2.1916403092889705, 2.1912998954455056, 2.1909574061377435, 2.190593163681845, 2.1902640706453567, 2.1899921894073486, 2.1897749243638454, 2.18941967558657, 2.189072288509108, 2.1888964308632746, 2.18850300149021, 2.18816908608135, 2.1878296432332096, 2.187445214161506, 2.187228904830085, 2.186895771413787, 2.1865889873260107, 2.186093588670095, 2.1859690822087803, 2.185616478960738, 2.185302967699165, 2.1849074659184513, 2.184497306998978, 2.1840982269018125, 2.1837985352573233, 2.183497196588761, 2.183171169880109, 2.1826820419384885, 2.182456500000424, 2.181907160159869, 2.1815858111422286, 2.1813068542725, 2.180804900633983, 2.1804110132730923, 2.1798965411308484, 2.1794560740136695, 2.1791036159564285, 2.1786602007018194, 2.178140512898437, 2.177940085912362, 2.17736716199125, 2.176861151161357, 2.1766188200722394, 2.175982579206809, 2.1756533149980073, 2.1752015291116176, 2.174706562462016, 2.174118832135812, 2.1738017079157705, 2.173223388500703, 2.1728785251959777, 2.172306076074258, 2.171766507829356, 2.171351028303815, 2.170774781296396, 2.170121754846002, 2.1697704730889735, 2.1691394208842874, 2.168686896817297, 2.1681300600369773, 2.167534754317031, 2.167218477807493, 2.1666147036430163, 2.165978038412893, 2.1654944914019008, 2.164634360716893, 2.16441701620053, 2.1639966699812145, 2.1633167572510548, 2.162863165904314, 2.1620311013653746], "test_loss": [1.6442148330688477, 1.5220337020874024, 1.4852465438842772, 1.4479907913208008, 1.440286492919922, 1.4306600631713866, 1.427731298828125, 1.4482573959350586, 1.4087416717529297, 1.4005940200805664, 1.418766323852539, 1.3861250457763672, 1.3881801986694335, 1.3805254928588868, 1.3711855834960938, 1.3904920944213868, 1.3690947341918944, 1.3556170364379883, 1.4032269775390624, 1.374428726196289, 1.356888345336914, 1.3496032409667968, 1.391385627746582, 1.3551174530029297, 1.3821440612792968, 1.3931663192749024, 1.3323148452758788, 1.3451247848510741, 1.3824451095581054, 1.3583008743286134, 1.3782632232666017, 1.3512316879272461, 1.3922879135131836, 1.3572456466674805, 1.345722396850586, 1.3785506134033203, 1.3827581680297851, 1.3459617614746093, 1.3603474258422852, 1.373346031188965, 1.3396804626464844, 1.3784006561279296, 1.357516798400879, 1.3905680953979491, 1.3817274490356446, 1.347209391784668, 1.3636485748291016, 1.3937235549926759, 1.3780964157104492, 1.3247214569091796, 1.3647259170532227, 1.3823520446777344, 1.3785307739257813, 1.3804922698974609, 1.3523278106689454, 1.3822988571166992, 1.3925173889160156, 1.360531787109375, 1.3731640228271484, 1.3500196853637696, 1.3856271835327147, 1.3688140380859375, 1.3179065658569336, 1.3538875335693359, 1.3606213394165039, 1.4126745010375976, 1.3646317428588868, 1.3662742126464844, 1.3961665756225585, 1.3974811584472657, 1.3222360366821289, 1.360464813232422, 1.3781164978027345, 1.3611720153808593, 1.351808123779297, 1.3414288131713867, 1.333719108581543, 1.3749658142089844, 1.3944704849243164, 1.3786927139282226, 1.3586375732421876, 1.3795957550048827, 1.3689081558227538, 1.3669186950683594, 1.387948452758789, 1.3727886901855468, 1.390783708190918, 1.3422902755737305, 1.3452875930786132, 1.3743867279052735, 1.3810577865600586, 1.356211344909668, 1.340442807006836, 1.3753429122924805, 1.3310325607299804, 1.38496162109375, 1.3365651138305663, 1.3891555267333984, 1.3746001693725587, 1.355957585144043], "test_acc": [83.29, 93.78, 95.62, 95.55, 96.42, 96.93, 97.18, 97.41, 97.59, 97.55, 97.79, 97.85, 97.82, 97.94, 98.16, 98.16, 98.1, 98.17, 98.27, 98.39, 98.25, 98.3, 98.37, 98.31, 98.31, 98.44, 98.25, 98.41, 98.5, 98.52, 98.62, 98.46, 98.48, 98.56, 98.58, 98.5, 98.46, 98.42, 98.57, 98.54, 98.55, 98.52, 98.41, 98.51, 98.55, 98.52, 98.53, 98.66, 98.53, 98.42, 98.49, 98.48, 98.59, 98.42, 98.57, 98.44, 98.18, 98.35, 98.42, 98.39, 98.33, 98.49, 98.49, 98.38, 98.53, 98.18, 98.39, 98.28, 98.11, 98.08, 98.31, 97.85, 98.34, 98.26, 98.26, 98.2, 98.26, 98.03, 97.93, 97.87, 98.09, 97.96, 97.92, 97.83, 97.87, 97.53, 97.61, 97.63, 97.21, 97.34, 97.55, 97.55, 97.36, 97.25, 96.99, 97.05, 97.34, 95.19, 96.77, 96.61]}