{"train_loss": [2.1536894899148207, 2.0704260618768187, 2.0535357864494, 2.0458485112231, 2.0399899108287616, 2.0346839843142748, 2.0306235190130706, 2.0269346634546914, 2.0232210498080296, 2.0196750347430887, 2.0161781295751915, 2.013328300582038, 2.009151148999858, 2.0050773969572835, 2.000768343098143, 1.9971795099922733, 1.9925112726851406, 1.9874256411169329, 1.98166905509101, 1.9766497502469609, 1.9698653819724026, 1.9624961678288941, 1.9556861074052305, 1.947044050336903, 1.9376188684732487, 1.9287156607860174, 1.9169420429274566, 1.9051985093671033, 1.8923204235541515, 1.8788726362917159, 1.862660354273951, 1.8464511551408687, 1.8287375831705892, 1.8085471503754966, 1.7893851684708881, 1.7672408724951947, 1.7427268581003206, 1.7177856314895499, 1.6913667125070198, 1.662683264312581, 1.636624962855608, 1.605069242990934, 1.5768811353760908, 1.5447195475427513, 1.5164408097919235, 1.4824569696544583, 1.4542745782269373, 1.4249398407773075, 1.391034971190314, 1.363489686169176, 1.3346360674780657, 1.3084088390708988, 1.2791705370968223, 1.2514865360198877, 1.2295443716212215, 1.207423289362182, 1.1850519488509903, 1.1643232624245505, 1.1461152498029237, 1.1296203340220654, 1.112855110412989, 1.0990165614674234, 1.0864321283805065, 1.0732856306255374, 1.0617122215847683, 1.0524456637282658, 1.043866710148306, 1.0336586996021433, 1.0257723494472666, 1.0193949469134338, 1.0125134802526898, 1.0059084052968228, 1.0000447992585664, 0.9949864687827917, 0.9894270951676573, 0.984623702800172, 0.9800679804677637, 0.9756595003299224, 0.9708258173404596, 0.9680131268806946, 0.9642405000507323, 0.9605232375299829, 0.9571287039762888, 0.9539141756856543, 0.95097566758975, 0.9479255180837761, 0.9449264759946073, 0.9421621257932777, 0.939653267717769, 0.9371315102037202, 0.9349010339659504, 0.9327923618575447, 0.9304754852484434, 0.9278144352456443, 0.9258791543224938, 0.9233003211581808, 0.9225222097757535, 0.9206824446590538, 0.9183880688033552, 0.9166796371722833], "test_loss": [1.2488926307678223, 1.1327392868041992, 1.0294917922973632, 0.9947162231445312, 1.0839584732055665, 1.0322097763061524, 1.0130421447753906, 1.0702449195861816, 1.0448935424804688, 1.0796727790832519, 1.0263264129638672, 1.039263632965088, 1.0559064544677734, 1.0518653991699218, 1.057871282196045, 0.9647250450134277, 1.0220260025024415, 1.0454844985961913, 1.009180834197998, 0.9953617134094238, 1.0227409034729005, 1.0159088592529297, 0.9662142219543457, 1.0088572311401367, 1.0369588691711427, 1.0155401069641112, 0.9851005485534668, 1.0176507217407227, 1.0645477180480958, 1.0854538703918457, 1.123139891052246, 1.0785158973693847, 1.1130852546691894, 1.0785931037902832, 1.0828028602600097, 1.1028627761840821, 1.1229789596557618, 1.1805804145812988, 1.1818512481689454, 1.2442086685180664, 1.1421270942687989, 1.1811449493408204, 1.2685539840698241, 1.196044638824463, 1.2372615524291992, 1.3015216415405273, 1.2666242797851563, 1.233791259765625, 1.3236250473022462, 1.354301773071289, 1.3878957000732421, 1.3926475326538086, 1.37325174407959, 1.3497331497192382, 1.38880791015625, 1.3561213928222655, 1.4527453201293945, 1.4021903427124023, 1.4543426528930663, 1.543877313232422, 1.5429298797607423, 1.4576091690063477, 1.447451448059082, 1.509491990661621, 1.5634473770141601, 1.5668977554321288, 1.5548192962646485, 1.6037925018310546, 1.5781665603637696, 1.5635882781982422, 1.5576493682861328, 1.5882969619750977, 1.6259875411987306, 1.5953945755004884, 1.6103011322021485, 1.614995135498047, 1.6117496368408204, 1.664413784790039, 1.6056595993041993, 1.6222094772338866, 1.6388355987548828, 1.6353901809692384, 1.6430276992797852, 1.7364357849121095, 1.6597590026855469, 1.6812973083496094, 1.6799639251708984, 1.679643586730957, 1.6978921600341796, 1.7160008895874024, 1.6933372116088867, 1.6886561050415039, 1.7652779327392578, 1.7132832839965821, 1.6937614517211914, 1.7192023040771485, 1.7133527420043946, 1.7143034408569335, 1.7321713577270508, 1.747907048034668], "test_acc": [90.12, 94.84, 95.84, 96.31, 97.16, 97.55, 97.65, 97.88, 97.93, 97.92, 98.03, 98.16, 98.14, 98.05, 97.89, 98.09, 97.61, 97.61, 97.62, 97.69, 97.59, 96.78, 97.29, 96.21, 95.12, 95.4, 94.89, 93.77, 91.97, 89.57, 87.04, 85.89, 82.96, 83.14, 82.21, 79.98, 78.29, 74.11, 71.2, 68.9, 72.67, 69.14, 64.55, 66.66, 64.51, 60.83, 61.9, 63.49, 60.14, 58.21, 55.33, 56.59, 57.24, 57.97, 56.12, 57.19, 54.34, 55.36, 53.66, 50.48, 51.19, 53.27, 54.43, 51.67, 50.56, 48.88, 50.69, 48.33, 49.48, 49.8, 50.47, 49.52, 47.91, 49.76, 48.98, 48.49, 48.1, 46.98, 49.34, 48.67, 48.49, 48.4, 47.76, 44.41, 47.08, 47.1, 46.98, 46.46, 46.28, 45.4, 46.06, 45.74, 44.1, 45.87, 45.99, 45.1, 45.86, 45.91, 45.41, 44.62]}