{"train_loss": [2.238995033961076, 2.1934003829956055, 2.1831061753452334, 2.1784276213401403, 2.1755076030380707, 2.1736513406802445, 2.1718863427129564, 2.170674746362572, 2.1694951673858185, 2.168464358545776, 2.167770166682382, 2.167009748964228, 2.1660227347642946, 2.165510673298795, 2.1648726982948108, 2.164089464733743, 2.163603014416165, 2.1629370619089174, 2.162555778128469, 2.1618958064633556, 2.161480431373303, 2.1608386651063576, 2.1604097633280306, 2.159691432602385, 2.15930860164838, 2.158746638868609, 2.1581417164231977, 2.157562796886151, 2.1571997261454916, 2.156598934251019, 2.156098621013837, 2.1555945857977257, 2.154968582666837, 2.154271947013007, 2.153827554649777, 2.1532765367092233, 2.152548762468191, 2.1519464244190445, 2.1514413025644092, 2.150867848824232, 2.1499593038844247, 2.1493590300918646, 2.148782697498289, 2.148189734189938, 2.147236702279148, 2.1466083195474415, 2.1460610444729147, 2.1451648295435133, 2.1443195567171798, 2.1435065926649632, 2.1429212190147138, 2.1419304400427728, 2.1412681488909273, 2.1403810748687158, 2.1399042565598445, 2.1388208754042273, 2.1379071509736214, 2.1369174408097553, 2.1361411111986537, 2.1349837010742254, 2.134115433591044, 2.1329692841595054, 2.132117323895805, 2.1311766790528583, 2.1302281643590355, 2.1294602532672067, 2.1280664878013806, 2.1268537564155383, 2.125953031401349, 2.1249310955023155, 2.123962241360265, 2.122588793436686, 2.121698670917087, 2.1206292800414257, 2.1193225877916713, 2.1179632157342048, 2.1172323996185236, 2.115539266003503, 2.1145533623858395, 2.113664158898541, 2.1121621320390296, 2.1109027480467772, 2.1098570197056503, 2.1081329166379748, 2.1068544494800077, 2.1054768873076153, 2.1045123145111604, 2.1028993114446983, 2.1015622060523076, 2.10076908627127, 2.0991947941291027, 2.0985269210277457, 2.096560726308415, 2.0952206844957466, 2.0940274794896445, 2.0928117016441803, 2.091572954104497, 2.08992863414634, 2.0885799552640343, 2.0871053276917872], "test_loss": [1.5377284072875976, 1.3909532760620118, 1.3808887451171874, 1.3450660293579102, 1.328140237426758, 1.333617283630371, 1.3278031494140625, 1.331656918334961, 1.3269551406860352, 1.2739304870605468, 1.3175287353515626, 1.2838170928955077, 1.2963217117309571, 1.3041995223999023, 1.2983110626220704, 1.3051145385742187, 1.3074788345336914, 1.3115663146972656, 1.3245829330444336, 1.2811628372192383, 1.2675329971313476, 1.2897952865600586, 1.32626593170166, 1.2630737823486329, 1.2944265411376954, 1.3053071655273438, 1.2697624938964844, 1.2424489654541016, 1.3046121688842773, 1.3327282638549804, 1.264079557800293, 1.2657908096313477, 1.2982403762817383, 1.2652823440551757, 1.2819621978759765, 1.2743254776000976, 1.2815321640014647, 1.2596218734741211, 1.2818766357421876, 1.2279302963256835, 1.2646284103393555, 1.2581034698486329, 1.2477686981201173, 1.2891174713134765, 1.3026062286376954, 1.2642857803344727, 1.297840365600586, 1.3608281951904297, 1.2892112823486328, 1.3106296173095704, 1.286509800720215, 1.2560344604492188, 1.274682029724121, 1.2696662322998047, 1.2686938568115234, 1.2439126251220702, 1.2876239212036134, 1.2947907165527344, 1.2702791778564453, 1.2760021423339845, 1.3255702423095703, 1.2819765625, 1.2667135360717774, 1.3178873657226562, 1.2608670745849608, 1.307026091003418, 1.2872654739379883, 1.2649951614379882, 1.27221962890625, 1.3228708953857422, 1.3410118087768554, 1.271672721862793, 1.2439501434326172, 1.346217320251465, 1.2926551971435547, 1.2832309265136719, 1.279251091003418, 1.3173772857666015, 1.3270008026123048, 1.258786395263672, 1.323371401977539, 1.2857681121826172, 1.291191259765625, 1.3085037963867188, 1.290260531616211, 1.2682941009521485, 1.342087515258789, 1.3135599517822265, 1.2547748596191406, 1.2715779510498046, 1.2782831497192382, 1.2835344268798827, 1.3289839553833007, 1.2676899444580079, 1.3347167739868164, 1.2892754104614257, 1.3126528671264648, 1.308535302734375, 1.2737037109375, 1.3227705841064452], "test_acc": [86.38, 94.22, 95.89, 96.78, 96.9, 97.3, 97.53, 97.63, 97.86, 98.01, 98.1, 98.1, 98.12, 98.17, 98.25, 98.24, 98.27, 98.22, 98.27, 98.4, 98.44, 98.34, 98.42, 98.56, 98.54, 98.55, 98.46, 98.46, 98.56, 98.54, 98.54, 98.56, 98.56, 98.55, 98.47, 98.53, 98.53, 98.54, 98.46, 98.51, 98.4, 98.49, 98.33, 98.47, 98.36, 98.37, 98.43, 98.25, 98.42, 98.36, 98.43, 98.29, 98.28, 98.16, 98.32, 98.37, 98.37, 98.09, 97.88, 97.77, 97.67, 97.54, 97.44, 97.39, 97.58, 97.53, 97.79, 97.62, 96.83, 96.86, 96.6, 96.04, 96.49, 95.34, 96.31, 96.39, 96.66, 95.87, 94.84, 96.11, 94.51, 95.68, 95.18, 93.88, 95.09, 94.99, 92.72, 91.25, 93.79, 93.65, 92.82, 93.6, 91.62, 93.67, 90.04, 93.15, 92.47, 92.38, 92.47, 90.77]}