{"train_loss": [2.135498996473785, 2.046258728983056, 2.028355342964841, 2.0201106382231426, 2.0136525264153113, 2.007925202449163, 2.0033570046608267, 1.9992728572115939, 1.995037524873375, 1.991113727673506, 1.9872139842591734, 1.9838206780771923, 1.9788638187779322, 1.9744203488032024, 1.969057316454048, 1.964576596632982, 1.9588929297577622, 1.9527304157232628, 1.9456079941020052, 1.9388552379404378, 1.9305822862009716, 1.921189084267005, 1.9124143103249052, 1.9012661943068871, 1.8883114525905023, 1.8767232874519804, 1.8618135918409398, 1.8453932261874533, 1.8288388000084803, 1.8103632432782752, 1.789544062736707, 1.7676663431856368, 1.7436014253359575, 1.7162459222679465, 1.6899382044107487, 1.6617138867194836, 1.6274446098722963, 1.595492355334453, 1.5612944041052434, 1.5238932159721341, 1.490156882848495, 1.4521036726287289, 1.4155463367445855, 1.3758923844394522, 1.3415454674480307, 1.2997550381045055, 1.266322165982336, 1.230908251980431, 1.1949937279917235, 1.164339333263218, 1.128928513226346, 1.1015526016807964, 1.069188134919884, 1.0409295099158573, 1.0168390246028574, 0.9965088461708819, 0.9733761601213716, 0.9535003831753364, 0.9358484644410957, 0.9222070778537, 0.9080858802438802, 0.8966733201956137, 0.8862431307888439, 0.8745517473444979, 0.8653212192221584, 0.8575140505264967, 0.8497408507471411, 0.8434351281477854, 0.8367196475593452, 0.8307339342740866, 0.8259486189255347, 0.8204877870714563, 0.8158238000339932, 0.8115603891957519, 0.8076505704313262, 0.8035080631573995, 0.7999881569646362, 0.7960893799606551, 0.7923053715728287, 0.789803045300337, 0.7866730529528397, 0.7837331883418255, 0.7802098876135981, 0.777649513931356, 0.7756701073585412, 0.7728079292509291, 0.770132259808035, 0.7677231457753059, 0.7651602377494177, 0.7629794404547439, 0.7608590090376699, 0.7593074930019867, 0.7570436222430987, 0.754711378333915, 0.7532493542147498, 0.7512124843067594, 0.7500045840811526, 0.7482418876427871, 0.746170661260939, 0.7444790434888285], "test_loss": [1.2001675094604491, 1.0941509986877442, 0.9829194641113281, 0.9494053741455079, 1.043070627593994, 0.9864777801513672, 0.975719174194336, 1.0300037841796874, 1.0092706237792968, 1.038080128479004, 0.987137540435791, 1.0034995750427247, 1.0174070655822753, 1.0162992614746094, 1.0176828742980957, 0.9237576538085938, 0.985380559539795, 1.0023683715820313, 0.972197713470459, 0.9531138710021972, 0.983813599395752, 0.9883069465637208, 0.9183098686218262, 0.9832264450073243, 0.9889518455505371, 0.9889541213989258, 0.9453625869750977, 0.9920631805419922, 1.0407672790527345, 1.056954734802246, 1.1004199798583985, 1.0307712173461914, 1.0690192962646485, 1.1023598396301268, 1.032663345336914, 1.090842315673828, 1.1084406188964844, 1.1928458724975586, 1.187657607269287, 1.2905818328857421, 1.159818138885498, 1.1934839248657227, 1.2884732055664063, 1.2334451232910155, 1.230668743133545, 1.3302168533325196, 1.2882459213256836, 1.3483907958984376, 1.374166943359375, 1.43542774810791, 1.5443095291137696, 1.39752177734375, 1.4025696815490722, 1.4090424697875976, 1.4701430114746095, 1.4814518920898438, 1.5197748489379883, 1.422763565826416, 1.4989080749511718, 1.6480451904296876, 1.5894631729125976, 1.5453876388549805, 1.5665012176513673, 1.5873677047729493, 1.581564552307129, 1.633931202697754, 1.5852363265991212, 1.6514936233520507, 1.5949355651855468, 1.6337215133666991, 1.6765900161743164, 1.6461803024291992, 1.6670752410888672, 1.6617919219970703, 1.6640389404296876, 1.6996000778198241, 1.7187051361083985, 1.7173981903076172, 1.66816456451416, 1.7077553161621093, 1.7347971099853516, 1.6830067367553712, 1.6748677261352538, 1.7844967514038086, 1.7272148376464844, 1.7456292388916015, 1.7730274002075195, 1.724456788635254, 1.7661227432250977, 1.7798917053222656, 1.782759719848633, 1.8028810470581054, 1.7617770645141602, 1.8076878845214843, 1.793870021057129, 1.7815649505615234, 1.782524089050293, 1.7898759643554687, 1.805956088256836, 1.7853584335327148], "test_acc": [90.11, 95.12, 95.99, 96.33, 97.2, 97.61, 97.7, 97.92, 97.99, 97.99, 98.0, 98.17, 98.09, 98.11, 97.91, 98.05, 97.6, 97.35, 97.55, 97.39, 97.3, 96.08, 96.82, 95.47, 94.28, 94.33, 93.77, 92.04, 89.88, 86.51, 83.92, 83.84, 81.26, 78.48, 80.03, 76.53, 73.72, 68.98, 67.68, 63.75, 68.77, 65.95, 61.39, 63.0, 63.03, 59.23, 60.16, 58.34, 57.17, 55.79, 51.51, 56.04, 55.98, 55.86, 53.68, 53.99, 52.07, 55.13, 53.09, 47.66, 50.03, 51.56, 51.05, 49.96, 49.85, 48.02, 50.02, 48.41, 49.77, 48.77, 47.39, 48.87, 47.21, 47.79, 48.3, 46.49, 45.67, 45.84, 47.93, 46.59, 46.59, 47.33, 47.47, 44.04, 45.87, 45.69, 44.68, 46.25, 44.8, 44.01, 44.31, 43.9, 45.0, 44.17, 44.04, 44.74, 44.71, 44.44, 44.69, 44.68]}