{"train_loss": [2.1268045438660517, 2.0372186050965237, 2.021215942170885, 2.0123148209009414, 2.0071941214239497, 2.002107936092931, 1.9982568117288442, 1.9946735840067904, 1.9918614738007896, 1.9883855097314231, 1.9855277339617412, 1.982163809812986, 1.9792129264937506, 1.9763030868310194, 1.9731100214342785, 1.9691303925127046, 1.9656674054443326, 1.9615028047154093, 1.957413588069443, 1.9526941906183193, 1.9483473074232411, 1.9426908931161604, 1.9377964256156204, 1.9316854041356306, 1.9245396106161623, 1.9175947099669366, 1.9096743984100146, 1.902414932464942, 1.892805284414536, 1.8835368039261582, 1.8736679261056786, 1.8616679532405658, 1.85079368057414, 1.8368657557373373, 1.8232018950148525, 1.8098416679944747, 1.7935722638399174, 1.7768508893811805, 1.7602661883729136, 1.7443093290695777, 1.723528408851379, 1.7064919227208846, 1.6852954633724995, 1.663677718394842, 1.64275110557548, 1.6224142689990182, 1.6010909200224102, 1.580843663877911, 1.558591614676337, 1.535834646377808, 1.5168554640223837, 1.493871812382315, 1.4727410134087262, 1.4537022730224154, 1.4330650112058363, 1.415570254254545, 1.3950419140677166, 1.3794743464543269, 1.3643338963007317, 1.3480914874464018, 1.3321674511982844, 1.3189420758659005, 1.3064108259148068, 1.2920683352356284, 1.2822712056147747, 1.2688892684940598, 1.2593006267506852, 1.249917659494612, 1.2414139904018142, 1.231380054838637, 1.2233959935669205, 1.2170289714112241, 1.2100460210926511, 1.2035857658100944, 1.1971633668638701, 1.1911608783098369, 1.186065217623344, 1.1802214289832318, 1.1768103476263518, 1.1717186936965356, 1.1679716856561155, 1.1628557486921294, 1.1590105486221802, 1.1557969275193336, 1.1518086169519994, 1.1480681942059443, 1.1455366308363075, 1.1419539079706893, 1.1392643500087607, 1.1372159757675269, 1.133753962496407, 1.131507418349258, 1.128649331565596, 1.1260724775811546, 1.123898094281172, 1.1214445763164096, 1.119474749534558, 1.1173199504359155, 1.1149640763417268, 1.1137625781389384], "test_loss": [1.2162305267333984, 1.0178384437561034, 1.0195122970581054, 1.0326376892089844, 1.057341233062744, 1.0720864059448243, 0.9485514450073242, 0.9724279762268067, 0.9973267677307129, 0.9853897994995117, 1.0065919967651367, 1.0327969131469728, 0.9645825416564942, 1.0445132385253906, 0.9370035659790039, 1.033449144744873, 1.030936431121826, 1.0396529930114746, 0.9635330352783203, 0.9698442390441895, 0.9664353584289551, 0.9850491119384766, 0.9765145477294922, 0.9969550941467286, 0.9308111679077149, 0.9393572563171386, 0.9978538436889648, 1.0208366752624511, 0.9599462524414063, 0.9244536972045898, 1.0140133071899413, 1.0148386695861817, 1.0453987693786622, 1.0276820625305176, 1.0433066093444825, 1.0855012092590333, 1.095699587249756, 0.9662117027282715, 1.040872956085205, 1.0884322128295898, 1.0570708679199219, 1.1110855247497557, 1.0947905853271485, 1.0463443527221679, 1.1160578933715821, 1.0544326347351074, 1.109508920288086, 1.1445243125915527, 1.0884190467834474, 1.2183371528625488, 1.129599774169922, 1.219747073364258, 1.0825795852661133, 1.2923495513916015, 1.1867160751342773, 1.2561505920410156, 1.2486808975219728, 1.2842649002075195, 1.3030583618164062, 1.3200148635864257, 1.2949281539916992, 1.2993314582824707, 1.2579928245544434, 1.2342908729553224, 1.3032212875366211, 1.2430384315490723, 1.2846696868896483, 1.368366534423828, 1.3609021804809571, 1.3018516761779786, 1.3941402420043945, 1.412792463684082, 1.3551367820739746, 1.4029429107666016, 1.4055719970703124, 1.3404939865112304, 1.4027686172485352, 1.4111940368652345, 1.3331293144226075, 1.4205170654296875, 1.3959560607910155, 1.4041007247924804, 1.4104565292358398, 1.480203956604004, 1.464146630859375, 1.4424336563110352, 1.422023094177246, 1.4009139739990235, 1.4343314620971679, 1.4192581848144532, 1.4971958862304688, 1.4735682250976563, 1.4916115280151367, 1.4209232299804688, 1.500609716796875, 1.5059602142333985, 1.4780732482910157, 1.4696959396362306, 1.4371258331298828, 1.4997922698974608], "test_acc": [93.14, 95.58, 96.29, 96.83, 97.48, 97.68, 97.68, 97.71, 97.82, 98.05, 97.92, 97.67, 98.01, 97.89, 98.02, 98.13, 97.94, 97.98, 98.06, 97.76, 97.88, 97.58, 97.58, 97.43, 96.95, 96.9, 95.94, 95.52, 95.86, 95.92, 93.82, 92.3, 92.01, 91.6, 89.11, 86.02, 84.03, 86.84, 82.58, 81.42, 80.92, 78.53, 78.15, 78.85, 73.97, 76.43, 73.07, 72.1, 72.6, 67.23, 70.3, 65.03, 71.55, 62.09, 66.16, 63.04, 63.19, 61.01, 59.47, 59.29, 60.55, 60.16, 62.12, 63.14, 59.97, 61.7, 61.2, 57.25, 57.75, 59.75, 55.9, 55.56, 58.0, 55.52, 56.42, 58.41, 56.21, 55.81, 58.55, 55.33, 55.65, 55.82, 55.45, 52.98, 53.62, 54.35, 55.13, 55.47, 54.67, 55.55, 51.33, 53.56, 52.91, 54.94, 52.22, 51.04, 53.25, 53.62, 54.44, 52.39]}