{"train_loss": [2.299945985659575, 2.2956207481204953, 2.294124575761648, 2.2932942061342745, 2.2926289423918114, 2.2921104955876994, 2.291708650242569, 2.291384581826691, 2.2911346585322647, 2.2909456613736277, 2.2907734284034142, 2.2906243398658233, 2.2905148323784528, 2.290397376076788, 2.2902907892170115, 2.2902037552279286, 2.2901258071263633, 2.29004852894025, 2.289980731968187, 2.289919366184463, 2.2898570115749655, 2.289794859213707, 2.28973625613074, 2.289683635927673, 2.2896440502924795, 2.289584152209453, 2.289537398224203, 2.2894971166920457, 2.289459265704848, 2.289409371013315, 2.2893746026560793, 2.2893275796857653, 2.289294390596895, 2.289257998140449, 2.289214119951949, 2.289192735639393, 2.2891658228686733, 2.2891225239150543, 2.289087201285566, 2.289054728471316, 2.289031369563861, 2.2889899091842847, 2.2889677693701196, 2.28893035548365, 2.2889080159684534, 2.288885340731368, 2.28883990059551, 2.2888342906267214, 2.288796573622614, 2.2887747700397787, 2.2887572753123746, 2.2887150502612448, 2.288701683537573, 2.288664421464643, 2.288643296967205, 2.2886007107221165, 2.2885809194328437, 2.28857098124985, 2.288554093776605, 2.288518656013358, 2.2884934274559345, 2.28848411486699, 2.288451967076359, 2.2884294589360556, 2.2883988542434497, 2.2883820268842907, 2.2883590607561617, 2.2883319849641914, 2.288300681317973, 2.288293463042659, 2.2882610263987484, 2.288243739013998, 2.2882347916945434, 2.2881891523670945, 2.2881838383837643, 2.2881742272621546, 2.2881555093659296, 2.288104940683414, 2.2881132506916666, 2.2880846878402252, 2.2880792745158205, 2.288054711288876, 2.2880281607309976, 2.2880086542194724, 2.28797950856706, 2.287965485682854, 2.287935758757795, 2.287906313044393, 2.2878985308174395, 2.2878929784155297, 2.2878527111477323, 2.2878340874981675, 2.2878221288705483, 2.2878005830650654, 2.287784034370357, 2.2877605399514875, 2.287734111150106, 2.2877248535808334, 2.287687161539355, 2.2876789967219033], "test_loss": [2.1651669982910158, 2.0721249298095703, 2.033729232788086, 2.014263833618164, 1.9986493560791017, 1.9790119903564454, 1.9714563079833984, 1.9600410385131837, 1.9552234359741212, 1.9486445251464843, 1.947789892578125, 1.9435570220947265, 1.9357791351318359, 1.9298235702514648, 1.936236506652832, 1.9308357528686524, 1.9270504943847657, 1.9251837036132813, 1.9314382263183594, 1.92172421875, 1.9178279342651368, 1.9223776550292968, 1.923984194946289, 1.9152503387451172, 1.9114605743408204, 1.9166248077392578, 1.9131093170166016, 1.9131107284545898, 1.9098792114257812, 1.9093323211669921, 1.9078052276611328, 1.9091859542846679, 1.9073999649047853, 1.9034185424804688, 1.9046045349121095, 1.9032743530273437, 1.905605825805664, 1.9089206451416016, 1.9001709838867187, 1.9060473190307616, 1.9000846389770507, 1.9083852569580078, 1.904583152770996, 1.9055838729858399, 1.901122770690918, 1.9053151779174804, 1.9003915969848633, 1.8968768615722655, 1.8978809051513672, 1.8959721588134766, 1.8944145141601563, 1.8906442260742187, 1.9008745315551758, 1.8939736785888672, 1.8917210968017577, 1.8922741836547852, 1.9007237701416015, 1.8961943588256835, 1.8945346496582032, 1.8933182968139648, 1.9020494735717774, 1.893649494934082, 1.9032539489746094, 1.9013035202026367, 1.8960234771728515, 1.8907837524414062, 1.8953955596923828, 1.8896543411254882, 1.8894529724121094, 1.8890738616943359, 1.8865928817749023, 1.9036146743774414, 1.8894558502197265, 1.898541162109375, 1.8928439529418946, 1.8941664291381837, 1.897696322631836, 1.884859652709961, 1.8990463973999023, 1.8983269973754884, 1.8908554138183593, 1.8911808166503907, 1.8943736419677735, 1.886494273376465, 1.8904840057373047, 1.892872866821289, 1.8811542953491212, 1.8879885864257813, 1.8893754257202149, 1.8812324172973633, 1.9018952194213867, 1.8843894546508788, 1.892014613342285, 1.8903650283813476, 1.8860074127197266, 1.8877740921020507, 1.8939390518188477, 1.890443099975586, 1.8846003662109374, 1.8921592788696289], "test_acc": [74.29, 84.49, 88.14, 90.39, 91.89, 92.88, 93.62, 94.03, 94.97, 95.12, 95.17, 95.67, 95.98, 96.18, 96.3, 96.39, 96.5, 96.46, 96.75, 96.6, 96.92, 96.99, 96.99, 97.01, 97.14, 97.18, 97.01, 97.25, 97.3, 97.39, 97.42, 97.46, 97.54, 97.36, 97.59, 97.42, 97.66, 97.59, 97.54, 97.66, 97.59, 97.74, 97.78, 97.66, 97.75, 97.69, 97.7, 97.75, 97.59, 97.87, 97.74, 97.83, 97.87, 98.0, 97.88, 98.01, 97.94, 98.12, 97.88, 98.01, 97.98, 98.09, 98.0, 98.15, 98.03, 97.74, 97.9, 97.85, 98.01, 97.88, 98.24, 98.17, 98.11, 98.24, 98.02, 98.18, 98.25, 98.02, 98.12, 98.28, 98.1, 98.2, 98.2, 98.12, 98.21, 98.24, 98.17, 98.26, 98.29, 98.32, 98.28, 98.21, 98.21, 98.24, 98.1, 98.19, 98.17, 98.29, 98.31, 98.28]}