{"train_loss": [2.3010853009346204, 2.297848961292169, 2.296318568735041, 2.2953568269044924, 2.294506845311222, 2.2938501111462584, 2.293274114274571, 2.292774731786842, 2.292231124181014, 2.2917891796837506, 2.291303155768631, 2.290933492856148, 2.2905313892242236, 2.2899778755302105, 2.2896690134309297, 2.2892591199304304, 2.288707608850593, 2.2881404879765634, 2.2877740370921598, 2.2871421769134, 2.2867036609568148, 2.2860905278442254, 2.285397829153599, 2.2848708436020417, 2.2841370880094347, 2.283329174049899, 2.2825638860718818, 2.2814669935112324, 2.2807778272873316, 2.2799064710608916, 2.278769865504697, 2.277911029310308, 2.2764794607447763, 2.2751896284584308, 2.274005693757636, 2.2723210306249113, 2.270878673109234, 2.269307306689075, 2.2677689536005006, 2.265853758041675, 2.2638607972707505, 2.261401193264203, 2.2596436800100865, 2.2567802754222837, 2.2548467313122544, 2.2517568530180516, 2.249249139912108, 2.2459951160300493, 2.2431036580322137, 2.2395254123924127, 2.235523455672794, 2.231708395684886, 2.2280972421678724, 2.2241576502465796, 2.2193284274166465, 2.2142734863819222, 2.2094410917697807, 2.2041576127720695, 2.1978958590417847, 2.1929417593866334, 2.186436175281166, 2.180283373237675, 2.173401486160409, 2.1665261790283723, 2.1605721289276056, 2.153539697329203, 2.1453648005795274, 2.1377398932082023, 2.1296248925037875, 2.1208277884711566, 2.1135556916905265, 2.104197028865162, 2.096041977405548, 2.0875207628959265, 2.079848118317433, 2.0713447709368844, 2.062429934994787, 2.0538836809305043, 2.043465127802303, 2.0360208270896196, 2.0270019323907347, 2.018752159980627, 2.0099102589819164, 2.0020383135375814, 1.9944519517768142, 1.985865720316895, 1.9789947714561071, 1.9702359763985007, 1.9623135554994273, 1.955995934131818, 1.9497646320069957, 1.9418445682933188, 1.9359330708145077, 1.929264472081111, 1.9239015416202383, 1.9175917200553112, 1.9112670454714034, 1.906275078526929, 1.8978673206944752, 1.8948739132820032], "test_loss": [2.206543798828125, 2.125140368652344, 2.0919475219726564, 2.056804591369629, 2.0516204483032228, 2.0431457794189454, 2.010906683349609, 2.0093337997436524, 2.0019418899536134, 1.9828116668701172, 1.989003076171875, 1.994794515991211, 1.9449632369995118, 1.9662131576538087, 1.9595960968017578, 1.971442707824707, 1.9484142059326173, 1.9748987442016601, 1.9538195877075195, 1.94216103515625, 1.9607810440063476, 1.9518217559814452, 1.9367390319824218, 1.9378528854370116, 1.9473682922363282, 1.9609813049316407, 1.9269578659057618, 1.9344330307006836, 1.959973272705078, 1.9329155349731446, 1.9585374420166015, 1.9249727905273437, 1.9345082412719727, 1.8759538192749023, 1.911492433166504, 1.9751692825317382, 1.9371000549316406, 1.9182854568481444, 1.9336547164916993, 1.9453233383178712, 1.9258387847900391, 1.941214059448242, 1.9326518005371094, 1.920164111328125, 1.9567798828125, 1.9847613815307616, 1.959681675720215, 1.977968768310547, 1.9368990295410156, 1.9717848251342773, 1.9931629501342774, 1.9863317276000976, 1.9618651733398438, 1.9811005569458007, 1.9942057159423827, 2.016052911376953, 2.002744120788574, 1.9869966064453124, 2.0302229888916017, 2.0143123306274413, 1.9943097717285156, 1.9137623397827148, 2.0565925521850588, 2.036106449890137, 2.033126904296875, 2.070466664123535, 2.028377507019043, 2.063248768615723, 2.107099917602539, 2.025632600402832, 2.0541969909667968, 2.106466230773926, 2.0716343338012697, 2.1165096801757812, 2.0968300659179686, 2.141111442565918, 2.16530124206543, 2.188377450561523, 2.1137440155029297, 2.133401107788086, 2.1716753997802734, 2.1466577407836915, 2.264105905151367, 2.1937913665771482, 2.1444205307006836, 2.2001902740478516, 2.1548169677734377, 2.1289397216796875, 2.25010830078125, 2.163069281005859, 2.2055734771728517, 2.1711400390625, 2.2047821380615233, 2.1969864318847656, 2.254753121948242, 2.1945590087890623, 2.2548427917480467, 2.213271957397461, 2.2859632720947265, 2.233561441040039], "test_acc": [60.69, 75.76, 82.31, 88.4, 85.44, 88.32, 90.78, 91.32, 92.27, 90.62, 92.27, 92.87, 92.65, 92.92, 93.9, 93.42, 92.95, 92.87, 91.0, 91.93, 92.3, 92.06, 92.8, 92.73, 91.66, 86.49, 89.12, 88.32, 86.45, 86.14, 82.13, 85.49, 82.55, 81.63, 82.62, 71.68, 79.0, 72.71, 71.43, 65.54, 70.96, 61.92, 67.61, 63.9, 55.53, 55.39, 56.94, 49.57, 55.66, 51.81, 45.59, 47.43, 47.8, 45.62, 40.46, 38.79, 35.4, 40.72, 37.15, 37.67, 38.45, 45.06, 32.03, 34.44, 29.84, 30.26, 31.93, 31.27, 27.0, 30.29, 27.75, 28.04, 28.61, 26.03, 25.5, 26.1, 25.03, 23.21, 26.66, 26.05, 22.78, 25.91, 19.42, 23.87, 25.3, 23.11, 24.81, 26.26, 21.38, 24.45, 22.96, 24.22, 23.93, 23.29, 21.41, 24.51, 22.25, 21.79, 19.79, 22.56]}