{"train_loss": [2.0118318966820707, 1.8882341038467538, 1.8667014900945191, 1.8538693100468726, 1.845107799411839, 1.8379256587762098, 1.8301700544662964, 1.8242633982091887, 1.8185211195904984, 1.8122792330562558, 1.80681965009779, 1.7998333509661193, 1.7922865019904242, 1.7849236349774222, 1.7758239841359293, 1.7680438453825111, 1.757116790765371, 1.7463754150602553, 1.7328093237856514, 1.7176949712965224, 1.7020004946961362, 1.685237164171333, 1.6659759405331733, 1.6440626894816375, 1.6192826554815993, 1.5903803262955103, 1.5597756510106926, 1.5240699042621841, 1.486805129254985, 1.4456418999749372, 1.4011326167318556, 1.3510924842622545, 1.2998394559845965, 1.2449869896866317, 1.1890335904482083, 1.1276468703379998, 1.0650263330620577, 1.0055391165690544, 0.9434947488654373, 0.8853292060204041, 0.8227314206524792, 0.7716442021167177, 0.7148284377195896, 0.6630997049630197, 0.6162036252964256, 0.5750385426685342, 0.5345198976305815, 0.4898712893581798, 0.4608667610356441, 0.4313914730317063, 0.4126762837553636, 0.37390658733809096, 0.3703374539175604, 0.3425094522535801, 0.32969490661580336, 0.3144161202586614, 0.3020535212678787, 0.27256220197066283, 0.2518496562559635, 0.24265112368087483, 0.24955379477359801, 0.2443204673214091, 0.23259267419512963, 0.22638304883407223, 0.22529061603495198, 0.20145081244727486, 0.20350543721618816, 0.18665846754024681, 0.19016031831757635, 0.17999453166834053, 0.17469632401107213, 0.15397627224238256, 0.1679187275700144, 0.1705426031914659, 0.16171142750252515, 0.17106237023686752, 0.1783710840699446, 0.15641755839953056, 0.1269515201003633, 0.12314969165107378, 0.09936132478631204, 0.09042455125042898, 0.12324723889892045, 0.14347140718665388, 0.13213537224273905, 0.15186967168990365, 0.14310411009619123, 0.13563069597316477, 0.13087774972773641, 0.11342891109470501, 0.09051325073879626, 0.07964458397358783, 0.0623984737520735, 0.04699795245805867, 0.04803191043006686, 0.06699133782973911, 0.08778543729319149, 0.07849183093963398, 0.09794447485866964, 0.12819495528904545], "test_loss": [0.998622957611084, 0.8032365524291992, 0.8761506271362305, 0.8812346694946289, 0.7998153907775879, 0.8186686149597168, 0.798143807220459, 0.8959045471191406, 0.8265297691345215, 0.7882571083068848, 0.7843104171752929, 0.8733734703063964, 0.7884464241027832, 0.7488303024291992, 0.7579691673278809, 0.7899907272338867, 0.8034998558044434, 0.7840914024353027, 0.8143918762207031, 0.8169669174194336, 0.8451208526611328, 0.8496356323242188, 0.8124791908264161, 0.8043032661437989, 0.8417515953063965, 0.7955266563415527, 0.8266130393981933, 0.8504960151672363, 0.931381039428711, 0.9182555946350097, 0.8757013092041016, 0.9301982154846191, 0.9616035606384278, 1.0104855880737305, 0.9787758415222167, 1.0024008247375489, 1.2248997108459472, 1.0871988670349122, 1.1702620330810547, 1.296872462463379, 1.3292927421569825, 1.410963395690918, 1.5774937377929688, 1.4949849060058593, 1.6930127990722657, 1.6091526290893554, 1.666224183654785, 1.69598349609375, 1.6974254760742187, 1.9378192123413085, 1.8331352615356444, 2.209296730041504, 2.1003815963745116, 1.992174983215332, 2.2526760894775393, 2.1784343490600584, 2.3313055892944337, 2.3537887786865235, 2.441184407043457, 2.3644472610473635, 2.521340823364258, 2.5478250762939454, 2.5973970428466795, 2.906839254760742, 2.5871602325439453, 2.750183589172363, 2.616725450134277, 2.845425166320801, 2.8736857131958007, 3.029340495300293, 2.876989155578613, 3.2566077239990237, 3.1233528350830078, 2.999206364440918, 3.22997737121582, 3.242304544067383, 3.533241192626953, 3.373467953491211, 3.2684824127197265, 3.2839817321777343, 3.288077264404297, 3.4940769622802734, 3.4395401306152342, 3.7822916778564455, 3.453994714355469, 3.483447869873047, 3.5455296142578123, 3.564792318725586, 3.5432553985595705, 3.5999086975097656, 3.69658916015625, 3.805211004638672, 3.7832810791015623, 3.874972430419922, 3.891271780395508, 4.115755844116211, 3.8842076110839843, 4.197451284790039, 4.284834716796875, 3.9867275848388672], "test_acc": [94.12, 95.8, 97.02, 97.27, 97.69, 97.86, 97.89, 97.89, 98.03, 98.1, 98.19, 98.22, 98.05, 98.13, 97.84, 97.43, 97.69, 97.7, 97.12, 96.77, 95.81, 94.8, 93.56, 93.25, 92.17, 91.39, 87.89, 86.24, 80.84, 80.41, 80.33, 76.1, 74.8, 70.11, 71.79, 69.78, 62.2, 66.58, 64.81, 60.07, 59.87, 59.85, 54.5, 56.76, 53.28, 56.15, 56.73, 57.37, 57.4, 54.85, 57.21, 52.02, 54.18, 57.58, 53.83, 54.67, 53.4, 54.45, 53.56, 54.59, 53.95, 53.77, 53.77, 50.18, 55.21, 52.69, 54.23, 52.48, 53.26, 52.01, 54.38, 51.5, 51.76, 53.42, 51.91, 52.32, 49.59, 52.18, 54.26, 53.7, 55.12, 53.09, 52.18, 50.0, 52.76, 53.17, 52.37, 52.68, 54.92, 53.08, 51.85, 53.0, 53.36, 53.16, 53.73, 52.52, 53.86, 50.84, 50.58, 51.52]}