{"train_loss": [1.888184069058834, 1.7426744128903773, 1.7217596244608235, 1.7101015109791715, 1.7023311163115704, 1.6962422045887027, 1.6906426676318176, 1.686430032691385, 1.681521780215777, 1.6779831067109718, 1.67395229701303, 1.6706259902725873, 1.6671502332911532, 1.662511812061326, 1.6589361319684575, 1.6548970249982982, 1.6503723847050953, 1.6459322347600236, 1.642365182312126, 1.63776248260441, 1.6323568008394322, 1.6271576259890173, 1.6217420557115831, 1.6158579088683822, 1.6101229575454679, 1.6026697892409105, 1.596725196410448, 1.5884327305178356, 1.580032732242193, 1.572905796715337, 1.5633535779948928, 1.5525344923520699, 1.5438905478033245, 1.5329454225352688, 1.5227551768478165, 1.5106857375711458, 1.4988052867926085, 1.4863791735763223, 1.473481708866918, 1.4596201362263443, 1.4464344165773473, 1.4315076391411643, 1.4171138991657486, 1.4013866364446461, 1.3868988729440248, 1.373359347255821, 1.3577038141397328, 1.3420150904064505, 1.3266700050260267, 1.3129013226582453, 1.2952804185895839, 1.2829176016852386, 1.2699443843120184, 1.2566581228349962, 1.2417192283349159, 1.2284119488337102, 1.2178256320647705, 1.2035205534890168, 1.193621010097683, 1.1831477804061694, 1.1716899400592868, 1.1631263064013586, 1.1540673578906262, 1.1459136702056625, 1.136993008801061, 1.130619089318137, 1.1221940624408233, 1.116384624925434, 1.1093357263976693, 1.1045961525195684, 1.0986700192985372, 1.092947335834177, 1.087436895339917, 1.0831430747977688, 1.0788197611641681, 1.0750406376826458, 1.0701488923822713, 1.0661642803595617, 1.0632157139798515, 1.0598596596819723, 1.0569061354184761, 1.052729545495449, 1.0500314732392628, 1.0474534393885198, 1.0448966594333322, 1.0423501004011204, 1.039935758225938, 1.038013750798682, 1.0351605956625736, 1.0333219508075306, 1.030924891686847, 1.0288970116366687, 1.0273680018308835, 1.0248333242459176, 1.0227521152323127, 1.0211566247237034, 1.0196450552624514, 1.018192359397554, 1.016618145072562, 1.0155914653824945], "test_loss": [0.8377210678100586, 0.7367856197357178, 0.7068695510864258, 0.6626707355499267, 0.7100197669982911, 0.7414828834533691, 0.6138997871398926, 0.6567502243041993, 0.6587645156860351, 0.6482485694885254, 0.6713817337036133, 0.6610500457763672, 0.5889046497344971, 0.6573176994323731, 0.6551301559448243, 0.6654137237548828, 0.6290105117797852, 0.6325360847473145, 0.6338945419311524, 0.6349356018066407, 0.642729987335205, 0.6551902481079102, 0.6760237449645996, 0.6614935485839843, 0.6082227279663086, 0.628253816986084, 0.6993203269958496, 0.6937721664428711, 0.6548804679870606, 0.6418019668579101, 0.6154359428405761, 0.5801025058746337, 0.6837774696350097, 0.6556505249023438, 0.6977989822387696, 0.6656111122131347, 0.6490019332885743, 0.6852321098327637, 0.6696584274291992, 0.6575471664428711, 0.696842310333252, 0.6328284301757813, 0.6666668968200684, 0.6939600234985351, 0.7284946296691894, 0.7001324943542481, 0.7426206924438477, 0.739796353149414, 0.7630489143371582, 0.695238232421875, 0.7384443809509277, 0.7018280380249023, 0.7357439048767089, 0.8049100067138671, 0.7324693634033204, 0.7634968353271484, 0.723497087097168, 0.7047608459472656, 0.7261217414855957, 0.7231143142700195, 0.7704135437011719, 0.8037888130187988, 0.7611347915649415, 0.8023484802246094, 0.7800461692810059, 0.8066458602905273, 0.7856094268798828, 0.7861052444458008, 0.7863000099182129, 0.8286647689819336, 0.8016890762329102, 0.8111130393981933, 0.8044534103393555, 0.7939197654724122, 0.8395650398254395, 0.8371590362548829, 0.8319372451782227, 0.8394083618164062, 0.8465632843017579, 0.8373863372802735, 0.874294361114502, 0.8212740692138671, 0.8545370162963867, 0.8631924743652344, 0.8656305953979492, 0.8766250053405762, 0.8873406646728516, 0.8443560699462891, 0.8292306114196777, 0.8908842346191407, 0.8583455039978027, 0.875017554473877, 0.8333202354431153, 0.8639455299377441, 0.8730327331542969, 0.8400398376464844, 0.8676403556823731, 0.8582357063293456, 0.8809740379333496, 0.89099224319458], "test_acc": [94.96, 96.99, 97.55, 97.89, 98.2, 98.33, 98.31, 98.47, 98.63, 98.47, 98.37, 98.64, 98.62, 98.39, 98.47, 98.65, 98.53, 98.74, 98.8, 98.61, 98.68, 98.44, 98.49, 98.41, 98.54, 98.2, 98.02, 97.82, 97.31, 97.46, 97.44, 97.28, 96.07, 96.07, 95.13, 96.25, 95.14, 94.44, 94.78, 93.31, 93.11, 92.93, 91.33, 91.85, 88.9, 89.35, 88.53, 87.05, 86.24, 89.04, 86.56, 87.08, 86.14, 82.42, 85.5, 84.36, 84.95, 85.96, 84.79, 84.84, 82.73, 81.58, 82.96, 81.02, 81.33, 80.42, 81.46, 81.26, 81.35, 80.34, 80.79, 79.94, 80.37, 80.96, 79.37, 78.7, 78.93, 79.25, 78.72, 79.43, 77.2, 79.51, 78.34, 77.59, 77.89, 77.14, 75.82, 78.14, 78.86, 76.72, 77.96, 77.08, 78.78, 77.55, 77.52, 78.12, 77.25, 78.31, 77.08, 76.35]}