{"train_loss": [2.0092172131069703, 1.8907706931106045, 1.8720081800069563, 1.861415967472598, 1.85464667993733, 1.8496627759220254, 1.844978622901134, 1.8410430351893108, 1.8370274656858199, 1.8338125979798472, 1.8300817478925755, 1.8268242310255, 1.8238682889530802, 1.820712344513999, 1.817485574218962, 1.8137722985866742, 1.8100455548518743, 1.8069008430864058, 1.8027952226818118, 1.7989587080784333, 1.794979065656662, 1.7905017733573914, 1.7857708480113592, 1.780672837781091, 1.7753051712981656, 1.7695829926902413, 1.7637361517319312, 1.7578998788809166, 1.7511503513042743, 1.7430702689875903, 1.7354084367935474, 1.7278361256815429, 1.7179118349001958, 1.7097365968247764, 1.6995689402788112, 1.6889698900218704, 1.6783990503376365, 1.6675863322029767, 1.656811923552782, 1.6443177008221292, 1.6316935236637409, 1.6173074326963506, 1.604301502307256, 1.5902038101966565, 1.5745139226444766, 1.5622845931440337, 1.5460291576181722, 1.5312650101816552, 1.5170802018071852, 1.5028107044024346, 1.4873025368930948, 1.4719716875981061, 1.4600601175911405, 1.444342817251499, 1.4312083489365048, 1.4168326740081494, 1.404533241294388, 1.3920117835713248, 1.379854638607074, 1.3693701474585085, 1.3553869703896024, 1.3459113372696772, 1.3360971120687632, 1.3244659414148738, 1.3151450758306389, 1.3069260953328548, 1.2993872858520248, 1.2909154629605448, 1.2835657667909932, 1.2756941578327081, 1.269964419878446, 1.2630984138729227, 1.2580595783188813, 1.2512273077781384, 1.246351831489139, 1.240875184790701, 1.2362887540943601, 1.2311544622111523, 1.2271462579568226, 1.2227522287613306, 1.2195567338385134, 1.21559678336494, 1.2127514084180195, 1.207992099543922, 1.2057710799396548, 1.2020493221079183, 1.1994742167811108, 1.1969383763961303, 1.1935411617796645, 1.1910681401053045, 1.1885227522788904, 1.1857772056873028, 1.1827493582525823, 1.1810916532308628, 1.1792738628693116, 1.1773558330332112, 1.175032991119939, 1.173329141150173, 1.171420727020655, 1.169184813896815], "test_loss": [0.9903632820129394, 0.9319488723754883, 0.8048869049072266, 0.7881290298461914, 0.8093409385681153, 0.8170627349853515, 0.789535523223877, 0.7929159683227539, 0.7563693298339844, 0.7907077491760254, 0.8087294342041016, 0.8014937530517579, 0.7893821640014649, 0.768908358001709, 0.8233830398559571, 0.7686297004699707, 0.8239033554077149, 0.7592003036499023, 0.7695878448486329, 0.8805107429504394, 0.7610216529846191, 0.7683589752197265, 0.8181071624755859, 0.7342174621582032, 0.7885311660766602, 0.789190837097168, 0.8142244247436523, 0.8109606010437012, 0.8734615715026856, 0.7820457618713379, 0.761872061920166, 0.8203258735656739, 0.8569834114074707, 0.8522716163635254, 0.8041304550170898, 0.7820561576843261, 0.7995914779663086, 0.7886926483154297, 0.8730365226745606, 0.8013697273254394, 0.7622998466491699, 0.8704040061950684, 0.7841973915100098, 0.8354359169006348, 0.8883592330932617, 0.8684372116088868, 0.8901786109924317, 0.9905251197814942, 0.885397265625, 0.9215763908386231, 0.8627406448364258, 0.9053356346130371, 0.8961557884216309, 0.9588264274597168, 0.9935069213867187, 0.8994958992004395, 0.9578755874633789, 0.8887016044616699, 1.0385958320617676, 0.9573446746826172, 0.9559858612060547, 0.9922552551269531, 0.9837967628479004, 0.9953132331848145, 0.9789696319580078, 0.9307010566711426, 0.9577102653503418, 0.9658740165710449, 0.9721791923522949, 1.0242888656616211, 1.0909819442749022, 0.9976544898986817, 0.9410516212463379, 1.062498430633545, 0.9669468437194825, 1.018957470703125, 1.0238167724609375, 0.9965517211914062, 1.0187773002624512, 1.0443297676086425, 1.0303559097290038, 1.0772562705993651, 1.0634201576232911, 1.0517588455200195, 1.0236550354003906, 1.0409692276000977, 1.0480694091796876, 1.067414636993408, 1.0369217010498046, 1.038559083557129, 1.0748552520751953, 1.045784738922119, 1.0485906173706054, 1.051615428161621, 1.059102606201172, 1.0833444892883302, 1.076021925354004, 1.0768523262023926, 1.0872516151428222, 1.0707126976013184], "test_acc": [94.47, 96.53, 97.46, 97.6, 97.75, 98.1, 98.26, 98.19, 98.27, 98.35, 98.27, 98.31, 98.48, 98.34, 98.32, 98.44, 98.5, 98.4, 98.25, 98.42, 98.27, 98.23, 98.28, 98.2, 97.97, 98.29, 97.95, 97.5, 97.37, 97.54, 97.32, 96.22, 96.06, 95.03, 95.66, 95.28, 93.55, 94.32, 91.86, 90.87, 93.24, 89.32, 91.52, 88.29, 86.94, 86.77, 85.75, 80.77, 84.13, 82.66, 83.88, 80.34, 80.86, 78.39, 77.01, 80.4, 77.97, 79.82, 73.2, 77.47, 76.51, 74.68, 75.23, 74.4, 75.32, 77.27, 75.11, 74.27, 74.87, 72.1, 68.94, 73.76, 75.64, 71.0, 74.52, 73.38, 72.7, 73.66, 72.41, 71.28, 71.13, 70.07, 70.35, 71.4, 72.34, 71.4, 71.58, 70.51, 71.27, 71.25, 70.26, 71.11, 71.38, 70.31, 70.52, 69.46, 69.77, 69.77, 69.24, 69.79]}