{"train_loss": [2.2829464266442847, 2.263069771293901, 2.2564670224475045, 2.2528913866760383, 2.2507979915692258, 2.249488278841361, 2.2483721018856406, 2.2473698049528985, 2.2466567235115247, 2.2459023090509267, 2.2453268853008237, 2.244645352546985, 2.2441477902934084, 2.243646850443294, 2.243288620414897, 2.2427933929312944, 2.2422921046232567, 2.2418183052641716, 2.2413770953814187, 2.240949118239248, 2.2404599510706387, 2.24014485697461, 2.239557149573269, 2.239140652693235, 2.2388263787978735, 2.238286201261048, 2.237739118755373, 2.237319269750872, 2.2368993886515627, 2.236363852635408, 2.23587235630068, 2.235338736293662, 2.2348349924780364, 2.2342693724183955, 2.2337655949796367, 2.2332937905931067, 2.232522227315821, 2.231996968261197, 2.231306605359428, 2.230845158935612, 2.2300773792796664, 2.229400684690883, 2.228571398645385, 2.228023778169583, 2.227263869383396, 2.226272537158086, 2.2255388890576158, 2.224634324383532, 2.2241561677720814, 2.223099448232569, 2.2220686393925266, 2.2212512218035183, 2.220251106298887, 2.2194085946449866, 2.21845111480126, 2.2174985266139364, 2.2164566226494617, 2.21541486438523, 2.2140855717862773, 2.2127994100252786, 2.2119701953015776, 2.2106078695028257, 2.2092792998012314, 2.208214330876994, 2.2068127663726482, 2.2054845665255165, 2.2042846012319255, 2.2025760814674897, 2.201600729400276, 2.1999719035931125, 2.198495699809148, 2.1967604364085402, 2.1952598171356397, 2.194093635449043, 2.192215182332911, 2.190417305017129, 2.1886449007906466, 2.1872352361679077, 2.1853114845406294, 2.184017627667158, 2.1818792977903643, 2.1806016294365254, 2.1785835170338297, 2.1765146255493164, 2.1749547149381065, 2.173326818861513, 2.1712203168461466, 2.169275967993288, 2.167685669202071, 2.165790546653617, 2.1642257372538247, 2.162254456271473, 2.1600713938729377, 2.1581681212808332, 2.156409632955861, 2.1535827048823366, 2.1525324863246365, 2.149588148308615, 2.148473129313216, 2.146402734467107], "test_loss": [1.8469265167236328, 1.717974415588379, 1.6791736724853517, 1.6472841918945313, 1.6183885787963868, 1.6274311920166016, 1.6117020416259766, 1.5903219207763672, 1.5887856216430665, 1.5736533950805665, 1.6018167922973632, 1.5957830505371093, 1.5949017135620118, 1.5924194610595703, 1.5585390609741212, 1.588542529296875, 1.593834620666504, 1.5795441268920898, 1.5820564712524414, 1.5549007934570314, 1.6077494522094726, 1.5730906723022462, 1.578205325317383, 1.5536224441528321, 1.5590253524780273, 1.5863275207519532, 1.566201988220215, 1.5930574783325195, 1.590485838317871, 1.5389709548950194, 1.5778523147583008, 1.5322927459716797, 1.5529520965576171, 1.5280288940429687, 1.5825723526000977, 1.5552169998168945, 1.5189532745361327, 1.583156707763672, 1.5496293182373047, 1.542735548400879, 1.5420891799926757, 1.549679263305664, 1.5392820526123048, 1.5197376083374023, 1.5562448822021484, 1.539048338317871, 1.4816617446899414, 1.5461792037963866, 1.5224506713867187, 1.6122169815063476, 1.4965673767089844, 1.5507617767333985, 1.5752149276733398, 1.5885870559692383, 1.5442342712402344, 1.5893735137939453, 1.535995867919922, 1.5428687637329102, 1.5305492233276368, 1.6009754425048828, 1.5709971832275391, 1.585467056274414, 1.5027850189208984, 1.5909607208251952, 1.5918454284667969, 1.5659141632080078, 1.5794687606811524, 1.5681739013671876, 1.6084550964355468, 1.5813886306762694, 1.5481619918823242, 1.5792102005004882, 1.5855652404785157, 1.6167723663330078, 1.5824185012817382, 1.5887963500976563, 1.585769255065918, 1.6045751251220703, 1.6002166595458984, 1.6160127761840821, 1.5583019454956055, 1.6559775527954101, 1.632711994934082, 1.6197882690429688, 1.5785189758300782, 1.6116404541015625, 1.597729248046875, 1.6016203155517579, 1.5175432281494141, 1.5515027481079102, 1.6143719161987304, 1.61220771484375, 1.6190224273681642, 1.643568553161621, 1.672602081298828, 1.620154151916504, 1.5455467575073243, 1.5740786926269532, 1.599285075378418, 1.6023554428100586], "test_acc": [80.94, 90.16, 93.04, 94.91, 95.39, 95.8, 95.99, 96.7, 96.34, 96.73, 97.19, 97.27, 97.35, 97.5, 97.5, 97.68, 97.74, 97.63, 97.46, 97.67, 97.95, 97.88, 97.99, 97.82, 97.84, 97.69, 97.99, 97.95, 97.75, 98.09, 97.79, 98.04, 97.71, 97.82, 97.56, 97.92, 97.85, 97.31, 97.61, 97.57, 97.52, 97.52, 97.37, 97.21, 96.95, 97.28, 97.21, 96.6, 97.02, 96.09, 96.16, 95.73, 95.81, 94.13, 95.72, 94.96, 95.33, 93.96, 94.2, 93.73, 93.01, 91.65, 94.05, 90.03, 90.13, 90.63, 90.03, 89.28, 88.99, 86.97, 88.59, 85.37, 85.2, 81.89, 84.5, 84.99, 84.09, 82.14, 81.16, 79.55, 83.63, 77.64, 77.01, 79.47, 80.73, 74.93, 76.64, 77.2, 82.2, 76.78, 74.3, 73.69, 71.48, 71.58, 68.79, 71.98, 76.18, 74.75, 72.41, 72.79]}