{"train_loss": [2.2438256027352095, 2.200816529428857, 2.190607449437818, 2.186203260197599, 2.183543202204582, 2.181722255853506, 2.1801716710767174, 2.1790148799236, 2.177977180379069, 2.1771591855929446, 2.1763845442706704, 2.1757636182328577, 2.1751597218024425, 2.1745099868529882, 2.1740343178439345, 2.1735269615792823, 2.1729478392845545, 2.1725281981321483, 2.172106301682627, 2.171789872340667, 2.171300338883685, 2.1709435317251415, 2.1705629295772977, 2.170204238504426, 2.169907936683068, 2.169495732865782, 2.169251314085773, 2.1688466566240687, 2.1684909243868966, 2.1681793077379212, 2.1678667323202148, 2.167400738112947, 2.1672094902421675, 2.1668556582214484, 2.166572622763805, 2.166236292093228, 2.1659320613257904, 2.1655361861245246, 2.165228660799499, 2.164897881511949, 2.164500056168972, 2.1642942015941324, 2.1639140981894274, 2.1636098460254507, 2.1632187952343216, 2.162966228957869, 2.162598656792926, 2.1621492927909918, 2.161858772620177, 2.161520674187913, 2.161082059909136, 2.160770086141733, 2.160392383734385, 2.1601790795978317, 2.159604881054316, 2.159293694373889, 2.1588178939289517, 2.1585033097837725, 2.158070851594974, 2.1578163866303925, 2.1573056935245156, 2.1568622110236406, 2.156332307901138, 2.1561122470431857, 2.155585301228059, 2.1552947148298607, 2.1549290250509214, 2.154526957589337, 2.15397659326211, 2.153452967476641, 2.1532365593135867, 2.1525446273322797, 2.1520510896658287, 2.151767148421361, 2.1511560362628384, 2.150699337323507, 2.150301942967961, 2.149488959556971, 2.1494683439915, 2.148782700045496, 2.148348669720511, 2.1475950851399674, 2.1473963352350087, 2.1467716097831726, 2.146365024595179, 2.1456370608419433, 2.1454512915040693, 2.144814310420273, 2.1443985695512886, 2.1438353560928607, 2.143109144308628, 2.142925385226551, 2.1422118147214255, 2.141393948823978, 2.1411614555578966, 2.140464961528778, 2.1399781841498156, 2.1394166997355275, 2.1388781554678564, 2.138302665999812], "test_loss": [1.5688705795288085, 1.4410867263793945, 1.3913800827026368, 1.3572781295776368, 1.3757932327270508, 1.3812430770874022, 1.3132350616455077, 1.342633348083496, 1.3326911849975587, 1.3239308654785156, 1.3329567489624023, 1.3368273712158203, 1.2741795593261718, 1.3022686935424805, 1.3126919525146485, 1.3256501342773437, 1.3075898956298828, 1.3123432312011718, 1.3120568359375, 1.2972767044067384, 1.3112414031982422, 1.3209208419799805, 1.3166468276977539, 1.3088546646118164, 1.276839860534668, 1.2944980087280273, 1.3311164108276368, 1.3155650009155273, 1.2938965225219727, 1.2855362884521484, 1.294522245788574, 1.239947850036621, 1.2914469360351561, 1.2902684967041016, 1.2888421508789063, 1.2879556915283203, 1.2735603408813476, 1.3014912673950196, 1.292854753112793, 1.2753394393920898, 1.2970008056640625, 1.2476841659545899, 1.2747288528442382, 1.2930660781860353, 1.2963981323242189, 1.2716916885375977, 1.2992646942138673, 1.288557112121582, 1.2958252975463866, 1.2451224334716797, 1.3061058670043946, 1.2623331481933593, 1.2647452774047852, 1.3232380981445313, 1.3122693099975586, 1.2915932876586913, 1.2639240676879884, 1.2655856323242187, 1.2656854873657226, 1.2517826385498048, 1.3144212692260742, 1.3101501281738281, 1.255472039794922, 1.308532943725586, 1.2996889739990234, 1.3389791030883789, 1.2746819702148438, 1.3061164138793946, 1.3117319549560547, 1.2886620803833009, 1.2871036575317383, 1.3108536254882812, 1.2892639785766602, 1.3071160064697265, 1.3332686004638672, 1.3006420623779298, 1.2974561965942384, 1.344023664855957, 1.3237152420043945, 1.3404163024902345, 1.3249174209594727, 1.2976703994750975, 1.3016989868164062, 1.3485492523193359, 1.3148397430419922, 1.3087124710083007, 1.3527611572265625, 1.293619448852539, 1.237034962463379, 1.3138837783813477, 1.3071110931396484, 1.2619018142700196, 1.322941259765625, 1.31515701751709, 1.2618376998901366, 1.295682859802246, 1.3129309051513671, 1.2618033782958984, 1.2797152755737304, 1.2471344650268554], "test_acc": [89.66, 94.07, 95.64, 96.53, 97.08, 97.46, 97.4, 97.86, 97.91, 97.76, 97.72, 98.12, 97.95, 98.05, 98.26, 98.36, 98.33, 98.41, 98.52, 98.45, 98.53, 98.48, 98.56, 98.57, 98.62, 98.47, 98.61, 98.62, 98.58, 98.57, 98.7, 98.65, 98.63, 98.59, 98.71, 98.69, 98.61, 98.67, 98.67, 98.74, 98.75, 98.73, 98.69, 98.78, 98.69, 98.69, 98.64, 98.69, 98.81, 98.7, 98.58, 98.53, 98.79, 98.78, 98.52, 98.66, 98.73, 98.7, 98.65, 98.7, 98.61, 98.61, 98.64, 98.57, 98.48, 98.52, 98.52, 98.48, 98.33, 98.5, 98.41, 98.47, 98.24, 98.58, 98.3, 98.48, 98.51, 98.21, 98.28, 98.13, 98.12, 98.37, 98.3, 97.53, 97.89, 98.19, 96.77, 98.03, 98.13, 97.71, 97.99, 98.01, 97.72, 97.6, 97.75, 97.49, 96.82, 98.01, 97.8, 97.57]}