{"train_loss": [2.29878709357009, 2.2920333631018286, 2.28922503371524, 2.287278233939766, 2.2858042497920175, 2.2844230063960085, 2.2832982652207727, 2.282374107430124, 2.281598565924881, 2.2807744975782867, 2.2799839071738415, 2.279275396440783, 2.278373285745963, 2.277525843718113, 2.2768578549735565, 2.275881838085305, 2.274799621003306, 2.2740092776779437, 2.2727255143670955, 2.27161989456568, 2.2704772551854453, 2.2692556055183086, 2.2677407392069826, 2.266111087595296, 2.264573422762064, 2.2625043911811633, 2.260849062194172, 2.2585058324357385, 2.2560736715284166, 2.2538884022297005, 2.251197568881206, 2.2476629059538884, 2.244550812957633, 2.241651791283208, 2.2372675879388795, 2.2330875595410666, 2.2289240339882355, 2.2243915882884946, 2.2186498942538204, 2.212852573292887, 2.207118198912368, 2.2005357100413394, 2.192370025520651, 2.1843588662962627, 2.1769900490076113, 2.1678760922872105, 2.1582567839540987, 2.148419333319379, 2.1367361351975007, 2.124909335731441, 2.1123541292981205, 2.100420049113086, 2.0859414894356685, 2.072946625132846, 2.0575217495107245, 2.0411393464121046, 2.025007320010764, 2.0095473010825295, 1.9934299320746691, 1.9740954316579378, 1.9580550524923537, 1.9411062012370834, 1.9237930260152898, 1.907960778882361, 1.8883117979917772, 1.8734003119489067, 1.857312184623164, 1.8401194828697758, 1.8235398844266548, 1.8066230734698794, 1.7907232267734332, 1.7766904678100195, 1.7620563621704395, 1.7488070433465843, 1.7352622523267045, 1.7221623075823498, 1.709617270108981, 1.6981471438183744, 1.689241116372948, 1.6753396463190389, 1.6662032191569989, 1.6559404611078083, 1.6488760936464, 1.6378134259810815, 1.6318152103668604, 1.62304234249979, 1.6154451500146816, 1.608981306736286, 1.6016519795625637, 1.5955063234537075, 1.5895492233272293, 1.5840390141193683, 1.579044923823104, 1.5738359024891486, 1.5686278738017776, 1.5635305370530512, 1.560473267084513, 1.556262830638478, 1.5520835243738615, 1.5475451294173541], "test_loss": [2.130645980834961, 2.02980146484375, 1.9617844375610352, 1.947997816467285, 1.9290380111694336, 1.8989788589477539, 1.8449613555908204, 1.8642423965454102, 1.8714390884399414, 1.8519631729125976, 1.8569347518920898, 1.8378492553710937, 1.8408589248657226, 1.8399225387573241, 1.80635643157959, 1.8304458084106445, 1.8375321212768554, 1.8490547256469727, 1.8344914154052734, 1.8231250396728516, 1.8296385787963867, 1.8174641983032227, 1.8358567413330078, 1.8413748962402343, 1.7977974044799805, 1.806132585144043, 1.8027149551391601, 1.8790982131958007, 1.8815671676635741, 1.8496266525268554, 1.8272237533569335, 1.8240310440063476, 1.849120068359375, 1.816745181274414, 1.8070385711669923, 1.8311989654541017, 1.7957289428710939, 1.8223002639770507, 1.824612269592285, 1.8789131866455078, 1.8003411483764649, 1.9049162078857422, 1.8886388580322266, 1.8152865417480468, 1.8593205169677733, 1.885974024963379, 1.8990516555786132, 1.8886288070678712, 1.88659434967041, 1.8796358200073242, 1.9240956436157226, 1.902841633605957, 1.9056946838378905, 1.9075073928833008, 1.982422883605957, 1.889355744934082, 1.8667054229736328, 2.0271521759033204, 2.0003690505981444, 2.099004638671875, 2.047964514160156, 1.9683681945800782, 2.1690247695922853, 2.084688562011719, 2.055792767333984, 2.099151837158203, 2.028591761779785, 2.0075829803466796, 2.1568536178588866, 2.077158041381836, 2.2399679748535157, 2.3091009185791016, 2.2437024444580076, 2.2815343017578127, 2.234479693603516, 2.1684719665527346, 2.1415327713012697, 2.255282145690918, 2.3099142486572264, 2.220202494812012, 2.2820942642211914, 2.27008839263916, 2.3595600524902345, 2.3207774383544924, 2.343813732910156, 2.282292474365234, 2.2855125701904297, 2.3685774780273436, 2.302361044311523, 2.3583680419921875, 2.4333524658203123, 2.323877651977539, 2.3528328216552734, 2.3582872009277343, 2.3411089294433594, 2.4005245513916016, 2.3944696502685545, 2.3667211639404298, 2.4424363891601564, 2.397409420776367], "test_acc": [76.46, 82.71, 87.65, 90.47, 91.73, 91.8, 92.17, 93.62, 94.22, 93.52, 94.46, 94.5, 94.65, 94.58, 94.38, 94.69, 94.75, 94.79, 92.39, 93.93, 93.01, 93.54, 91.2, 91.95, 90.94, 89.27, 88.09, 83.27, 76.14, 76.38, 78.03, 73.45, 74.67, 73.63, 72.22, 65.84, 69.35, 66.1, 63.73, 53.81, 62.08, 51.18, 50.24, 55.84, 49.1, 47.44, 44.8, 42.1, 45.16, 42.22, 37.72, 40.91, 37.71, 39.32, 33.8, 37.93, 40.95, 30.81, 32.56, 28.99, 30.62, 33.97, 25.17, 28.01, 29.15, 28.86, 30.2, 31.23, 24.86, 28.6, 24.53, 22.52, 24.14, 22.4, 23.47, 28.41, 29.75, 25.61, 22.4, 25.56, 23.64, 24.22, 23.43, 23.58, 21.46, 23.7, 24.71, 21.2, 24.33, 22.99, 20.51, 22.55, 22.28, 22.7, 23.99, 22.54, 20.74, 22.45, 19.74, 21.64]}