{"train_loss": [2.2333601244494448, 2.177928620424026, 2.163275814973391, 2.1561508998911605, 2.1509124285135512, 2.1468559911108422, 2.1430545510389867, 2.1393872682864847, 2.136033945103996, 2.13282226318987, 2.129305647479163, 2.1247199300007944, 2.1205497325485587, 2.1162740455733404, 2.111245631407469, 2.1059036598755765, 2.0997706081113243, 2.092902294590942, 2.0856059254744115, 2.07741042232921, 2.067014820045895, 2.057459716104035, 2.045806198548048, 2.0333618577728925, 2.017984505647268, 2.001333714550377, 1.982151510878506, 1.9611964172277696, 1.9366306537746365, 1.9104566594474337, 1.8811373715726738, 1.8501878798517406, 1.8133092359599905, 1.7742157079215743, 1.7310657266877656, 1.687796464842609, 1.6416819653449914, 1.5900351234480865, 1.5391214140969465, 1.48167427482768, 1.4296256561055143, 1.3690067173069358, 1.317285699212653, 1.259099254750798, 1.2049976479039233, 1.146862908688366, 1.095130308571025, 1.0435948904253478, 0.9924853627498333, 0.9408134421986393, 0.8955137345016512, 0.8495407932334476, 0.8097882365059649, 0.7679976489808824, 0.7300697204648939, 0.6994141821677868, 0.6719992657502493, 0.6465758520823258, 0.6288189369643855, 0.6121321530678333, 0.5971923298560656, 0.5853965737116642, 0.5748358152997799, 0.5654370633200703, 0.5575012244984635, 0.5505219738070781, 0.5438266737211463, 0.5380885830292335, 0.5316512627988799, 0.5265281352604556, 0.5205634858491074, 0.5173380522646456, 0.5122409913147616, 0.5078637524165659, 0.5043955023090044, 0.5004492624957337, 0.4967833986012345, 0.4935531234129881, 0.4907532983228692, 0.48706118845277363, 0.48437249488555467, 0.48131035580339593, 0.47824924069846797, 0.4763544462939613, 0.47360602638915056, 0.4708922712976097, 0.46902154908220994, 0.46619478886962956, 0.4639213590795158, 0.46240530252201945, 0.459849981415985, 0.45805989689806587, 0.4567826715672118, 0.4546553805215746, 0.45323944231893265, 0.45111829570980155, 0.45014927733657706, 0.44872666093019337, 0.4468610780234011, 0.4456595221900532], "test_loss": [1.5483654891967773, 1.3652070053100587, 1.358517219543457, 1.3535009185791016, 1.2874785675048828, 1.263977928161621, 1.2547734451293946, 1.2963056564331055, 1.2785498428344726, 1.2854539352416992, 1.220232406616211, 1.253423210144043, 1.247591506958008, 1.2826337509155274, 1.2902583602905273, 1.249071937561035, 1.2697534362792968, 1.1977199310302735, 1.2355867218017578, 1.2489658676147462, 1.3034918823242188, 1.1611344467163085, 1.234494972229004, 1.29737940826416, 1.260677375793457, 1.2718840896606445, 1.2953232467651368, 1.354232777404785, 1.3564401016235352, 1.318921157836914, 1.3376272766113282, 1.3839874221801758, 1.3796036087036132, 1.359895899963379, 1.3810036636352538, 1.528401058959961, 1.4698983703613282, 1.4946108032226562, 1.5202603088378905, 1.5904884552001952, 1.7345178451538086, 1.757806298828125, 1.726857098388672, 1.788435009765625, 1.9843650650024414, 1.9541901611328125, 2.088249385070801, 2.004072312927246, 2.128089321899414, 2.2591524459838865, 2.2630645919799806, 2.3309119354248047, 2.2516210647583006, 2.3591633560180663, 2.4100107223510743, 2.384136990356445, 2.5376146881103514, 2.512155987548828, 2.5967018157958983, 2.567741903686523, 2.5029997985839842, 2.565787565612793, 2.566003060913086, 2.605727459716797, 2.607359698486328, 2.584283560180664, 2.540802770996094, 2.6395696533203123, 2.572103852844238, 2.6057739013671877, 2.6371307601928713, 2.6464628295898436, 2.674397521972656, 2.7050745727539063, 2.673430758666992, 2.702122775268555, 2.748011541748047, 2.6760369201660157, 2.6664808013916015, 2.768064581298828, 2.757047494506836, 2.742302496337891, 2.7158764068603514, 2.770141781616211, 2.7639332977294924, 2.7342094390869143, 2.7584158294677734, 2.7872063385009764, 2.753695950317383, 2.796088021850586, 2.80331796875, 2.77452492980957, 2.7981474792480467, 2.79885859375, 2.829614971923828, 2.816599203491211, 2.7980466033935545, 2.81498740234375, 2.824635955810547, 2.83445481262207], "test_acc": [88.05, 93.12, 94.73, 95.72, 96.09, 96.53, 97.05, 97.09, 96.96, 97.2, 96.87, 96.67, 97.39, 96.81, 95.68, 96.61, 95.62, 94.93, 94.94, 94.43, 90.89, 92.86, 89.75, 88.19, 87.3, 85.33, 82.04, 75.45, 71.77, 72.22, 70.44, 67.17, 63.81, 63.84, 60.53, 53.52, 55.74, 54.62, 52.76, 50.83, 44.97, 45.51, 44.67, 42.88, 38.96, 41.06, 37.12, 40.61, 37.96, 35.81, 38.72, 36.47, 38.66, 36.62, 36.2, 36.09, 33.43, 32.97, 32.65, 31.95, 34.74, 33.39, 33.6, 31.43, 31.21, 31.93, 33.4, 31.77, 32.77, 32.3, 32.01, 31.86, 30.34, 30.01, 31.33, 30.47, 30.11, 31.11, 31.92, 28.66, 29.18, 29.37, 31.09, 28.91, 29.92, 30.97, 29.89, 29.03, 30.21, 29.45, 28.74, 29.37, 29.29, 29.34, 28.48, 29.21, 29.17, 28.6, 29.18, 28.7]}