{"train_loss": [2.289154240208813, 2.27457112328619, 2.270027706765721, 2.2673551547221646, 2.265650327898498, 2.2646380173854337, 2.2638742429578405, 2.2632377259751673, 2.262758631482084, 2.262255778679481, 2.2618931465678744, 2.2615142535959554, 2.2612174341821265, 2.260909441189888, 2.2606435790021195, 2.260422666358133, 2.2601793953496165, 2.259994433985816, 2.259817402077536, 2.259662293470823, 2.259451506484268, 2.2592612591564145, 2.2591241796811423, 2.2589511667561326, 2.2587592601776123, 2.2586276531219482, 2.2585066332776322, 2.258334526648888, 2.2581984981512413, 2.258066637393756, 2.257969035042657, 2.257776559418083, 2.257656516172947, 2.257512237781133, 2.257375348327506, 2.2573000070376272, 2.257194275020534, 2.2570632762379117, 2.2568631009158926, 2.2567443271987457, 2.2566132061501856, 2.256488462798616, 2.2564402360182543, 2.2562466859817505, 2.2561878220647826, 2.256000414872781, 2.25588344101213, 2.2558083585184865, 2.2556610020816836, 2.2554899520344205, 2.2553935453423066, 2.25525092976725, 2.2551490689954186, 2.2550222450851374, 2.254910299920628, 2.254743641258305, 2.2545752143248534, 2.2544605849135637, 2.25437535587539, 2.254241451748416, 2.254095240535899, 2.2539765019702096, 2.2538316203997684, 2.2536537224410944, 2.2535756862061653, 2.253364162567334, 2.2532868415881424, 2.253126188221141, 2.2530765355142774, 2.252859459982978, 2.252765756386977, 2.252594674244905, 2.2524155653440037, 2.252284766262413, 2.252160541012756, 2.25194254797748, 2.2518543677452283, 2.2516236738262014, 2.2515070209136376, 2.251420716444651, 2.2512655640259767, 2.251021437665336, 2.2508964584423947, 2.250727079362951, 2.250614997668144, 2.250413417816162, 2.2502602827854647, 2.2500630617141724, 2.249913747494037, 2.249719960567279, 2.249560986319159, 2.2493948691930528, 2.2492188103178625, 2.2491100216523194, 2.248871752848992, 2.248720256691305, 2.2485330084450226, 2.2483123734466033, 2.2481521979356422, 2.2479660449883876], "test_loss": [1.9242327529907226, 1.8353975982666015, 1.7725733535766601, 1.7406843841552735, 1.7310304214477539, 1.7122522232055664, 1.687256916809082, 1.6947430938720702, 1.6829254806518554, 1.6899060333251954, 1.6880341201782227, 1.6780701477050781, 1.6682833023071288, 1.6688603912353515, 1.6659876037597656, 1.6392534149169922, 1.6647068420410156, 1.6759527893066406, 1.656891717529297, 1.6563737854003906, 1.6521676559448242, 1.670270213317871, 1.6669995315551758, 1.6567014770507813, 1.652926690673828, 1.6458460647583009, 1.6394683334350586, 1.6573490325927733, 1.6428717987060546, 1.6369199462890625, 1.6532643585205078, 1.6494805648803712, 1.640502227783203, 1.6560432189941405, 1.6336129302978515, 1.6268582275390624, 1.6611747146606446, 1.6339383590698242, 1.6539621444702148, 1.639839549255371, 1.6198854217529297, 1.6445361038208008, 1.6353421310424805, 1.6475996780395508, 1.6424075775146485, 1.673782940673828, 1.6459642227172853, 1.6516024627685546, 1.6504475448608398, 1.6515224838256837, 1.6722248947143554, 1.6232062149047852, 1.6459813217163086, 1.6301456741333007, 1.6212680130004882, 1.626893669128418, 1.6358230010986328, 1.6308036087036133, 1.6435449584960937, 1.614764907836914, 1.662240330505371, 1.615148860168457, 1.611935726928711, 1.6417387893676758, 1.609756886291504, 1.6244965881347657, 1.6290927871704102, 1.6256653823852538, 1.6494016525268556, 1.6417726181030274, 1.6310123184204102, 1.6234238815307618, 1.6549920349121094, 1.6729836135864258, 1.6398049911499024, 1.6527603073120116, 1.6625536865234376, 1.6126139755249023, 1.6611371215820312, 1.6351861099243163, 1.6266015975952148, 1.6591102020263673, 1.6086625915527344, 1.6369021240234376, 1.6477611267089844, 1.616553109741211, 1.6314448150634766, 1.619215446472168, 1.6190301177978517, 1.6263042083740233, 1.6191665924072265, 1.6332151351928712, 1.629260336303711, 1.597968441772461, 1.6056665588378907, 1.6316373413085938, 1.6070417739868164, 1.6161830093383789, 1.6186427139282227, 1.6533866683959961], "test_acc": [82.0, 89.93, 91.06, 93.44, 95.29, 95.51, 96.13, 96.76, 96.87, 97.01, 97.14, 97.48, 97.5, 97.58, 97.5, 97.64, 97.65, 97.82, 97.76, 97.84, 97.97, 98.0, 97.98, 98.04, 98.06, 98.04, 98.09, 98.16, 97.99, 98.19, 98.22, 98.24, 98.23, 98.42, 98.31, 98.22, 98.37, 98.26, 98.29, 98.27, 98.36, 98.28, 98.54, 98.4, 98.21, 98.51, 98.39, 98.47, 98.4, 98.52, 98.4, 98.43, 98.23, 98.36, 98.35, 98.5, 98.46, 98.53, 98.18, 98.41, 98.39, 98.54, 98.38, 98.47, 98.18, 98.45, 98.45, 98.38, 98.4, 98.25, 98.37, 98.33, 98.28, 98.21, 98.26, 98.34, 98.42, 98.39, 98.14, 98.41, 98.27, 98.25, 98.27, 98.31, 97.96, 98.22, 97.99, 98.19, 98.16, 98.01, 98.12, 97.95, 97.95, 98.22, 97.68, 98.0, 98.15, 97.73, 98.17, 97.5]}