{"train_loss": [2.2052026426690254, 2.143830171507648, 2.1311116407060218, 2.1253771430406814, 2.1212720814933124, 2.1185434098936553, 2.116143371304895, 2.1139568278932166, 2.1121822850317016, 2.1107488315329594, 2.109262219351581, 2.10763098184879, 2.106414974754692, 2.1050890684127808, 2.1035134889121747, 2.102325001842955, 2.101104097488599, 2.099781764878167, 2.098612312068287, 2.09723818098378, 2.096129422513848, 2.094614553145873, 2.093261698881785, 2.091859914553471, 2.090411643187205, 2.0887715543946648, 2.0871749749550452, 2.085647185643514, 2.0844360406582174, 2.0824106715173802, 2.080650442176395, 2.078765395360115, 2.0769967762832966, 2.0752040764205475, 2.0728618747148757, 2.0712353169408617, 2.069096140881889, 2.0660618984291697, 2.064143088892994, 2.0613769254623313, 2.05905602986996, 2.055871222773169, 2.053044563684708, 2.0504174446448302, 2.047495325915834, 2.043916848480192, 2.040642693002, 2.038027169358017, 2.0338794611967526, 2.030910635860557, 2.0278317831520343, 2.023159757383868, 2.0195440186394586, 2.0155033385142302, 2.0115705305694513, 2.0072757492208075, 2.0032317518678484, 1.9992404740590315, 1.9951097167964675, 1.9895197603947077, 1.9851820937588684, 1.9810192011869872, 1.9762336988734384, 1.9717472534403842, 1.9664837646688151, 1.9622413498214168, 1.9575236992448823, 1.9527308469654148, 1.9469882445967095, 1.942667382140445, 1.9376338600602925, 1.9334436313718812, 1.9291841504920242, 1.9236107244450822, 1.9188270087425525, 1.9142717798041482, 1.9093678048533251, 1.9039590081088564, 1.899553213109318, 1.8948398158591018, 1.8902181916766696, 1.8863290245206947, 1.8815535472498999, 1.8784198029937906, 1.87345138981811, 1.8694791299665077, 1.8657499271580296, 1.8609464787519896, 1.857222062909705, 1.8546076419516506, 1.8491226256403148, 1.8460032425375066, 1.8427085063905797, 1.839054315772831, 1.8346034448880415, 1.8318230558154929, 1.8281777707430034, 1.8261186572221608, 1.8216172736934109, 1.8186207648016448], "test_loss": [1.3822870880126954, 1.3187466247558595, 1.2463339462280274, 1.2270188919067382, 1.2084977279663085, 1.1902910003662108, 1.240944157409668, 1.176985397338867, 1.20377928314209, 1.2094610397338867, 1.1754094100952148, 1.2075384521484376, 1.1652634704589844, 1.1849999374389648, 1.1775589553833008, 1.1711182601928711, 1.1817901519775391, 1.1810839660644532, 1.2015305603027344, 1.1802839111328125, 1.1263572372436523, 1.1700244888305664, 1.1827076721191405, 1.1285585205078126, 1.1293720733642578, 1.189775048828125, 1.1168927047729493, 1.1388910568237305, 1.1418131713867188, 1.1047245651245117, 1.170733480834961, 1.1658025497436524, 1.1191031051635743, 1.153747186279297, 1.1625331420898437, 1.1414644653320312, 1.1651851196289063, 1.2093246643066407, 1.135805223083496, 1.1903784332275391, 1.1603019470214844, 1.1822258560180665, 1.1735449493408203, 1.1939403747558595, 1.1432873733520508, 1.1699058197021484, 1.1634154006958008, 1.1731643157958984, 1.200196388244629, 1.1793772415161132, 1.2521560974121093, 1.1102957382202148, 1.194040626525879, 1.1105191696166992, 1.157405921936035, 1.1793017028808594, 1.1749605422973632, 1.227206721496582, 1.2052681030273438, 1.207109555053711, 1.2038016357421875, 1.1436611572265625, 1.2217206832885743, 1.223049058532715, 1.206482145690918, 1.154017529296875, 1.1967956253051757, 1.17956396484375, 1.2030902694702148, 1.1799669921875, 1.2064005767822266, 1.2457483093261719, 1.2122007781982422, 1.2317477401733399, 1.2357607360839844, 1.2240592391967773, 1.2691646118164062, 1.1788902786254882, 1.3353996871948242, 1.2787598098754882, 1.272362091064453, 1.2720009201049804, 1.2557303024291993, 1.2498156219482421, 1.2328777435302734, 1.3037413314819335, 1.275707534790039, 1.317675666809082, 1.2373339416503906, 1.2556993331909179, 1.3370452133178712, 1.277965756225586, 1.3467887496948243, 1.2915843231201172, 1.244095329284668, 1.2960658752441405, 1.3286551971435547, 1.2553918899536132, 1.2914936874389649, 1.277699917602539], "test_acc": [91.11, 94.61, 96.1, 96.94, 97.14, 97.54, 97.63, 97.81, 97.67, 98.16, 98.06, 98.19, 98.16, 98.35, 98.2, 98.35, 98.4, 98.44, 98.24, 98.32, 98.5, 98.26, 98.32, 98.47, 98.42, 98.51, 98.27, 98.36, 98.33, 98.47, 97.91, 98.24, 98.0, 98.12, 97.97, 97.89, 97.71, 97.62, 97.76, 97.25, 96.93, 96.41, 96.93, 96.21, 96.16, 95.45, 95.21, 94.54, 93.22, 94.44, 91.45, 94.36, 93.91, 93.39, 91.31, 92.32, 91.44, 90.58, 89.96, 87.7, 88.76, 90.14, 88.04, 87.04, 84.6, 85.76, 84.67, 84.2, 83.86, 84.66, 82.74, 81.67, 82.73, 80.99, 79.15, 79.93, 79.26, 83.11, 72.32, 76.87, 76.61, 75.13, 76.42, 77.2, 76.97, 72.45, 73.8, 72.42, 76.31, 74.83, 70.67, 73.13, 70.52, 73.07, 74.03, 71.35, 68.69, 73.68, 71.75, 71.33]}