{"train_loss": [2.2903410751595454, 2.276832468998738, 2.2724762324594026, 2.269959438050914, 2.2682997579248543, 2.2672954700950885, 2.2665819220053844, 2.2659613220100727, 2.2655049649059262, 2.265050120333321, 2.264695635208717, 2.2643538973270316, 2.2641024778031897, 2.2638322573441725, 2.263540911878276, 2.2633618564687223, 2.2631053639273357, 2.26292395286071, 2.262712967192006, 2.2625110582408743, 2.2623532409341927, 2.26215394337972, 2.2619762767074456, 2.2618394860854516, 2.2616718757865777, 2.261522361355969, 2.2613512695345106, 2.2612301590096235, 2.2610354591638613, 2.260905891402155, 2.2607952575398307, 2.2606302596564984, 2.260520517316639, 2.2603428368894463, 2.2602520804119925, 2.2601463815085907, 2.2599113043556867, 2.259806891791841, 2.2596994852408385, 2.2595513029995127, 2.259472926457723, 2.259313051007752, 2.2591418374297967, 2.2590164292571893, 2.258857782070453, 2.258768878940843, 2.258591009510888, 2.2584649737064657, 2.2582609719700284, 2.258167353960184, 2.2579633619031334, 2.2578680036414385, 2.257662383409647, 2.257579114192571, 2.257379225176624, 2.257362297966949, 2.2571376027205052, 2.256952580733177, 2.256851435217083, 2.2567304225049467, 2.2565658714017296, 2.256329840574509, 2.2561858917912865, 2.25606877834369, 2.2558733479589477, 2.255681039431156, 2.2555796519303932, 2.2553363783746705, 2.255233454908061, 2.254949495323703, 2.254808839569744, 2.254638680535504, 2.2545060765030036, 2.254348850148356, 2.254080569642222, 2.253980482745374, 2.253751447567573, 2.253533121867058, 2.253361778381543, 2.2531731938704467, 2.2529665083966703, 2.2527792173573093, 2.2525332651586614, 2.252375305717827, 2.2522088090578714, 2.251927874536596, 2.2518057935258264, 2.25158454108442, 2.2513120077614093, 2.251171557312338, 2.2508577205177045, 2.250599883051, 2.250414100977091, 2.2501884393202953, 2.2499463201588035, 2.249766486832219, 2.249515689845778, 2.24935447354602, 2.2489978324653754, 2.24882619197552], "test_loss": [1.9445067581176758, 1.8536128952026367, 1.806874363708496, 1.7672498489379882, 1.7418811492919921, 1.727492904663086, 1.7179790435791016, 1.7190808700561524, 1.7142065490722656, 1.6964246215820313, 1.6921291305541992, 1.6930350250244142, 1.7036994857788086, 1.700758140563965, 1.6894471984863282, 1.6784682510375977, 1.6817593521118164, 1.6690776702880858, 1.6680660736083985, 1.6849986938476562, 1.6700232116699218, 1.6654502853393556, 1.6818089889526366, 1.658507536315918, 1.6545534729003906, 1.6639103347778321, 1.664665478515625, 1.6574131866455077, 1.6889415466308593, 1.6668469604492187, 1.6822675018310547, 1.6586010665893556, 1.6661205657958984, 1.6650101776123047, 1.6604657989501954, 1.6604822875976561, 1.6602810333251954, 1.6646925308227538, 1.641691554260254, 1.6804091842651367, 1.636906950378418, 1.671274626159668, 1.6601084869384766, 1.6453708786010741, 1.660915283203125, 1.663859048461914, 1.645100811767578, 1.658943699645996, 1.658663429260254, 1.639365299987793, 1.648161685180664, 1.6298480712890624, 1.6808031967163086, 1.6302935150146485, 1.6733465255737305, 1.653521437072754, 1.6456631713867187, 1.6593140991210937, 1.6394961380004882, 1.6673523742675782, 1.6426687225341796, 1.68114013671875, 1.6427146102905272, 1.6580956115722656, 1.6334585189819335, 1.6475559844970704, 1.6568095581054687, 1.6576079605102538, 1.6653746795654296, 1.6355550125122071, 1.6557900787353517, 1.6390071395874024, 1.6421316772460937, 1.628054658508301, 1.6700353225708007, 1.6904825424194336, 1.6851526306152345, 1.6434424713134765, 1.6618780563354492, 1.6632846282958984, 1.6301016387939453, 1.6517162338256837, 1.6340553024291993, 1.6212312759399414, 1.6472779113769531, 1.6589264587402344, 1.646884780883789, 1.6481053161621093, 1.6289311004638671, 1.6474089096069335, 1.6690139434814453, 1.6665016342163086, 1.6548436172485352, 1.6743930206298827, 1.6574566528320311, 1.687704965209961, 1.6419629791259767, 1.652485154724121, 1.669881088256836, 1.6570873413085938], "test_acc": [82.19, 88.46, 91.94, 94.41, 95.04, 95.86, 95.92, 96.32, 96.54, 96.96, 97.06, 97.16, 97.31, 97.4, 97.38, 97.5, 97.53, 97.6, 97.66, 97.82, 97.73, 97.84, 97.95, 97.9, 97.87, 97.99, 97.86, 97.89, 97.99, 97.9, 98.22, 98.19, 98.13, 98.16, 98.24, 98.21, 98.26, 98.3, 98.08, 98.17, 98.3, 98.32, 98.34, 98.14, 98.3, 98.26, 98.21, 98.21, 98.21, 98.25, 98.24, 98.28, 98.24, 98.24, 98.27, 98.27, 98.27, 98.24, 98.26, 98.17, 98.27, 98.17, 98.26, 98.13, 98.18, 98.22, 97.88, 98.12, 98.15, 98.09, 98.07, 98.03, 97.95, 97.92, 97.78, 98.0, 97.75, 97.86, 98.02, 97.74, 98.07, 97.78, 98.01, 97.78, 97.6, 97.73, 97.7, 97.86, 97.85, 97.59, 97.35, 97.54, 97.56, 96.64, 97.38, 96.51, 97.36, 96.09, 96.82, 97.1]}