{"train_loss": [1.8925521332993467, 1.7528491358981173, 1.7339476922638395, 1.7241958071533432, 1.7178351978460948, 1.7125369801989987, 1.7091106196754, 1.705511257943944, 1.7025664036090558, 1.699994580867963, 1.6977768876613715, 1.695488108274264, 1.6935883057423127, 1.6916473118158488, 1.6896330772811532, 1.687685202074866, 1.6860335227261243, 1.6846150544464078, 1.6826653154487283, 1.6811895795866973, 1.679282593421447, 1.6780507118783445, 1.6761288625052853, 1.674144775694252, 1.672456328685467, 1.6709994699201014, 1.6687618980550358, 1.6668605210944119, 1.6652501470003374, 1.6629034461628678, 1.6611851476705992, 1.6592882069257588, 1.6574134500617654, 1.6550330899210057, 1.6529546194096916, 1.65118850958653, 1.6486603683895535, 1.6463723093525977, 1.6440073931828523, 1.641758780958306, 1.639189271081207, 1.6365970454664311, 1.6342464196376312, 1.631199054993116, 1.6287320179817004, 1.626236476449885, 1.6230707418205392, 1.6206051396508503, 1.6177686590414782, 1.614910682806602, 1.6120760420448759, 1.608396879118732, 1.6060709749531543, 1.602426353428099, 1.5996349372415462, 1.5971218403587994, 1.5936039474784818, 1.5898583093260088, 1.587068352689091, 1.5835913452837203, 1.580741807181611, 1.577778778779201, 1.5746393124771934, 1.5720646269301064, 1.5680709921906137, 1.565501984877464, 1.562208024864523, 1.5596064527829487, 1.5557522022316599, 1.5522844488294716, 1.5499992212678633, 1.546168863773346, 1.5440924891039856, 1.5407189512864137, 1.5382985936270819, 1.53517660829756, 1.5325397528134859, 1.52924098723974, 1.5270909363897438, 1.523850689841132, 1.521849299597944, 1.5194857922884135, 1.5171338849597507, 1.514818839283071, 1.5121817545503633, 1.5093914848617, 1.5077390759928613, 1.5046465921605754, 1.5030505975596926, 1.500488586914845, 1.4980856266796079, 1.4968508183956146, 1.4943365268727653, 1.4924756724100847, 1.4904852690350296, 1.4882083527552776, 1.487024729577904, 1.4850262393299332, 1.4833201666673024, 1.4822825820018084], "test_loss": [0.8129980216979981, 0.7478504829406738, 0.7106475730895996, 0.7883432228088378, 0.7389592391967773, 0.7086120483398437, 0.7013431930541992, 0.7160936805725098, 0.6334543296813965, 0.6938738594055176, 0.6392303558349609, 0.6762350852966309, 0.6304670486450196, 0.641979263305664, 0.6639120018005371, 0.6563060195922852, 0.6181993888854981, 0.7130143814086914, 0.6566052497863769, 0.6723415748596191, 0.6246159713745117, 0.590706404876709, 0.6425724151611328, 0.6923940559387207, 0.6906946846008301, 0.6598746643066407, 0.6799615226745606, 0.7123877090454102, 0.6011179046630859, 0.6327021896362305, 0.5822729820251464, 0.6305264091491699, 0.6431473808288575, 0.6270763282775879, 0.619201554107666, 0.6287366722106934, 0.6770659576416016, 0.6479842979431152, 0.5956088005065918, 0.608944864654541, 0.6568675674438477, 0.6941568748474121, 0.6555855026245118, 0.6274168769836426, 0.6961062721252441, 0.6492328727722168, 0.6292125038146973, 0.6643474655151367, 0.7014889953613281, 0.6827085952758789, 0.7131365699768066, 0.666505029296875, 0.6477310440063476, 0.7029611145019531, 0.6245260124206543, 0.6532898468017578, 0.7110082221984864, 0.7017571083068848, 0.6772722663879395, 0.6240881713867188, 0.667581111907959, 0.6389038162231445, 0.674280712890625, 0.67021167678833, 0.6947146247863769, 0.7259446891784668, 0.7057464866638183, 0.6328220283508301, 0.7076331085205078, 0.6528866050720215, 0.6830289733886719, 0.6886338203430176, 0.7090018539428711, 0.6813636169433593, 0.7237539672851563, 0.6726337379455566, 0.6848548789978027, 0.6368261260986328, 0.6817953514099121, 0.6707747291564942, 0.676257876586914, 0.7155777557373046, 0.6708263236999512, 0.6965077308654786, 0.696636270904541, 0.6922019454956054, 0.6798107765197754, 0.679501872253418, 0.6874777687072754, 0.6713515510559082, 0.7050683815002441, 0.6749077049255371, 0.6859303825378418, 0.7224846107482911, 0.698179460144043, 0.7260463607788086, 0.7159240997314453, 0.750852719116211, 0.6910129829406738, 0.7313422599792481], "test_acc": [95.41, 97.28, 97.88, 98.09, 98.15, 98.31, 98.46, 98.51, 98.63, 98.75, 98.8, 98.71, 98.67, 98.8, 98.85, 98.84, 98.86, 98.86, 98.94, 98.89, 98.93, 98.82, 98.89, 99.0, 98.93, 98.91, 98.82, 98.97, 98.91, 98.88, 98.92, 98.87, 98.88, 98.86, 98.84, 98.81, 98.89, 98.69, 98.89, 98.8, 98.83, 98.8, 98.64, 98.68, 98.73, 98.65, 98.59, 98.6, 98.35, 98.34, 97.98, 98.43, 98.28, 97.6, 98.38, 98.28, 98.03, 97.61, 97.8, 97.74, 97.86, 97.85, 97.81, 97.68, 97.06, 96.56, 96.86, 97.4, 96.9, 97.07, 97.07, 96.6, 96.28, 96.82, 96.09, 96.6, 96.73, 96.62, 96.55, 96.05, 96.59, 95.09, 96.02, 95.68, 95.28, 95.76, 96.07, 95.8, 95.41, 95.97, 95.16, 95.53, 95.46, 94.86, 95.18, 94.47, 94.98, 94.19, 94.86, 93.82]}