{"train_loss": [2.115055039907113, 2.015889264834233, 1.9966629621310112, 1.9866425802565029, 1.978788027141848, 1.9728442180869925, 1.9674309074369252, 1.9615204545677218, 1.956966468411633, 1.9516343856469178, 1.946365918359186, 1.9394637868445144, 1.934473693370819, 1.928199528883665, 1.9216064252914526, 1.9141472496538081, 1.9049769673082564, 1.895162662379762, 1.885150289688355, 1.872386742860843, 1.8590558056647961, 1.8457444142072628, 1.8273808321891687, 1.8085068721547086, 1.7897040698772821, 1.7640299318183181, 1.7372692148400168, 1.7082395759912639, 1.674384017021228, 1.6398411316749377, 1.600104027069532, 1.555723854364493, 1.510281625466469, 1.4595966308544843, 1.4071578016647925, 1.3534569656237578, 1.2904678634089282, 1.2352589963593035, 1.1741381358896565, 1.119830701340977, 1.0607150905152671, 0.9959379426943951, 0.9380891996825862, 0.8875137511481587, 0.8257850208598324, 0.7738401642721943, 0.7196027058312017, 0.6702954315094867, 0.6270537010879598, 0.5755654997550524, 0.5357503291760755, 0.49103379867270464, 0.44843439732351875, 0.41157992540771127, 0.3780422120267509, 0.3512076307565738, 0.3310254670233808, 0.3170089308713746, 0.30620579093567324, 0.2965522025449154, 0.2897997529397153, 0.2819545197053852, 0.27705412816542846, 0.27126879795876324, 0.2663848807032292, 0.26119049313740855, 0.2572107133574975, 0.2522048636888846, 0.2491221763830409, 0.24516198771376896, 0.24164233146569666, 0.23892557143400878, 0.23501298340976748, 0.23212940159898537, 0.22987829002304974, 0.2265514809733782, 0.22425322123190278, 0.2214091220854694, 0.21895550089514154, 0.2166637308959268, 0.2144140598929336, 0.21265873577222866, 0.21063042120036915, 0.2085709146454803, 0.2071736019072879, 0.20606434405741528, 0.2040651848810351, 0.2030035885862815, 0.2014945646445466, 0.20001744876942065, 0.19933709919325307, 0.1978241333531009, 0.19664744806722698, 0.1958083355656037, 0.194932812713405, 0.19393374697647542, 0.19290459401205054, 0.19213798680366614, 0.19148027247343308, 0.19093500781390402], "test_loss": [1.080342389678955, 0.9894275512695313, 1.0604580337524414, 0.9843723495483399, 0.9384497398376465, 0.973440007019043, 0.9597550491333008, 0.9308759635925293, 0.918753125, 0.8790557006835937, 0.9699092964172363, 0.9849548942565918, 1.0621786209106445, 0.9472869140625, 0.8900694915771484, 0.9417679267883301, 0.9884459823608398, 0.9816164970397949, 0.9793704826354981, 0.9225802703857422, 1.0697287551879884, 0.9354542350769043, 1.0256065368652343, 0.930259268951416, 0.9713898628234864, 1.05433491897583, 1.0279593925476074, 1.0763093223571778, 1.1005823318481445, 1.0184810485839844, 1.1033906105041504, 1.013525700378418, 1.0981160697937011, 1.0779129135131835, 1.1550880325317383, 1.1135048095703124, 1.1651722534179687, 1.3177944915771485, 1.2296397834777832, 1.3357273948669433, 1.4062348999023437, 1.468194271850586, 1.4836539459228515, 1.494433511352539, 1.6304836532592772, 1.6792153060913086, 1.6428464752197265, 1.833678321838379, 1.8182907867431641, 1.958778904724121, 1.91854002532959, 1.9650459732055665, 2.05881778717041, 2.12145125579834, 2.056815251159668, 2.194442236328125, 2.1337617874145507, 2.1631348754882813, 2.1786810180664062, 2.253461962890625, 2.1919743865966796, 2.2144376556396486, 2.2331318466186523, 2.2657382095336915, 2.2737864486694335, 2.2714600372314453, 2.3218228302001953, 2.335720979309082, 2.334260597229004, 2.327079823303223, 2.313086999511719, 2.395736489868164, 2.3359176315307617, 2.3839936248779297, 2.375866064453125, 2.383574565124512, 2.4358165573120116, 2.3983174041748048, 2.4529763961791993, 2.4509319091796873, 2.394425941467285, 2.4714047622680666, 2.4560930877685547, 2.5013160736083986, 2.4632656982421874, 2.462184959411621, 2.4554315185546876, 2.474545707702637, 2.4571910064697264, 2.457562545776367, 2.5029757553100587, 2.4847779373168946, 2.5204504791259765, 2.5045986312866213, 2.5199611221313476, 2.50095927734375, 2.467858430480957, 2.4878334091186525, 2.5110145523071288, 2.518815808105469], "test_acc": [92.25, 94.8, 96.57, 97.03, 97.22, 97.37, 97.48, 97.86, 97.25, 97.89, 97.92, 97.44, 97.54, 97.69, 97.71, 97.58, 97.53, 96.82, 96.14, 95.1, 94.03, 95.32, 92.43, 91.6, 92.29, 86.88, 86.26, 81.66, 76.59, 79.31, 74.59, 76.72, 71.1, 71.6, 66.76, 67.32, 64.45, 58.66, 62.41, 57.92, 55.83, 54.52, 54.4, 55.36, 52.74, 51.64, 53.76, 50.0, 51.53, 47.9, 50.34, 49.86, 48.3, 48.0, 48.6, 46.42, 48.1, 47.33, 47.05, 44.05, 46.46, 46.13, 46.22, 45.11, 44.29, 45.58, 44.14, 43.75, 43.75, 43.97, 45.1, 42.73, 43.96, 42.75, 43.55, 43.38, 42.24, 42.96, 42.28, 42.21, 43.71, 41.06, 41.97, 40.32, 41.97, 41.97, 42.2, 41.54, 42.55, 41.96, 41.22, 41.52, 40.61, 41.14, 40.77, 41.23, 42.06, 41.51, 41.13, 40.67]}