{"train_loss": [1.9914650262421012, 1.867206928312269, 1.8475798511097574, 1.8368931922138247, 1.8295429142621846, 1.8240500879593384, 1.819528900914722, 1.8152421582967808, 1.8119943541848762, 1.8082181319721744, 1.8047892186376784, 1.8014010837954333, 1.7981299543992066, 1.7947027945620382, 1.7921273517302978, 1.7879734029117813, 1.783969716893302, 1.7803466050033896, 1.7760558798272386, 1.7720680611255841, 1.7683196630742815, 1.7631186213758256, 1.7577751966623159, 1.7524965367256067, 1.7474069248916757, 1.7412105538906195, 1.7348393795327244, 1.7283278466799321, 1.7207419003686335, 1.7130765578685663, 1.7047680978082185, 1.6963804606189075, 1.6857350471182766, 1.6754604501601977, 1.6661845962715964, 1.6543415122561984, 1.6445968515343137, 1.632396405069237, 1.6204779356972785, 1.6070545646879408, 1.5928141113020415, 1.5802484809333444, 1.5646126609072726, 1.5516525601219928, 1.5354852205158298, 1.5216596643639426, 1.5046291776701934, 1.4907599611160083, 1.4745821476492107, 1.4613356676876035, 1.4474037065465226, 1.4321844547222822, 1.4171299463153904, 1.402399940113736, 1.3905003748388371, 1.3763343658712175, 1.3634531424086318, 1.3497860808657784, 1.3392469014367487, 1.3252766175657256, 1.3159444079949305, 1.3063045047287247, 1.2943360240031512, 1.2854469978911245, 1.2771412809180398, 1.2687642943655324, 1.2590111303023803, 1.2519339913995857, 1.2455748668593218, 1.2374048034350078, 1.2320694910664844, 1.2252156767580245, 1.2201924155919979, 1.2135743325592105, 1.208600997670084, 1.2045976005048833, 1.1996909810437097, 1.1947848613445575, 1.1902405354711745, 1.1860341666600642, 1.1831821137004428, 1.1793769042716067, 1.1754982412880302, 1.171924548271375, 1.1697827585232563, 1.1666602823469374, 1.1630059791426373, 1.1607141647583399, 1.1581308085184832, 1.1553214105785403, 1.152710682561255, 1.1509455465353453, 1.1486066149340735, 1.1465009079020247, 1.1445916019953215, 1.1426031877342453, 1.1404240816576867, 1.1383536024990244, 1.1364752933000908, 1.1345614872427068], "test_loss": [1.0060748809814453, 0.8525245277404785, 0.8546347343444824, 0.8026792366027832, 0.7814192352294922, 0.7604847229003906, 0.781128726196289, 0.8669421966552734, 0.8356689842224121, 0.7682268188476562, 0.7266516845703125, 0.7518173324584961, 0.7627908981323243, 0.7764151412963867, 0.7723972923278809, 0.7389144317626953, 0.8103840538024902, 0.770771720123291, 0.7865327125549316, 0.7666478401184083, 0.7703451286315918, 0.7513819168090821, 0.7721738639831544, 0.7316745269775391, 0.7673263801574707, 0.740608226776123, 0.7587127349853515, 0.7875200416564941, 0.7236613609313964, 0.80901533203125, 0.8313889846801757, 0.7915587379455566, 0.7762688972473144, 0.8184062843322754, 0.7526884948730469, 0.7907274169921875, 0.7398221618652344, 0.7925900764465332, 0.7852105041503906, 0.80309722366333, 0.7433340103149414, 0.7806160324096679, 0.7164080291748047, 0.7717658576965332, 0.850545230102539, 0.8518348831176757, 0.8179597480773926, 0.8689895980834961, 0.9143843482971191, 0.8229609970092774, 0.8487725746154785, 0.8759111122131348, 0.8651191551208496, 0.9737657661437988, 0.8549831520080566, 0.9198790145874023, 0.9278698013305664, 0.9231503059387207, 0.9400910125732422, 1.0198453239440919, 0.9770653144836425, 0.9528032295227051, 0.8970775062561035, 0.8974399841308593, 0.9586255630493165, 0.9460050804138184, 0.9380428817749024, 0.9245998847961425, 0.9662295066833496, 1.0138158660888672, 0.9879164710998535, 0.9130808937072754, 1.0132041007995605, 1.013239167022705, 1.0096472984313964, 1.046650350189209, 0.9749860809326172, 1.0181717697143555, 1.0062077697753906, 1.0330582435607911, 0.9952958251953125, 1.0241023986816407, 1.0030898582458496, 1.0529379539489747, 0.9992539451599121, 1.0446413650512696, 1.035968773651123, 1.0407839385986328, 1.0353455017089843, 1.0430388359069824, 1.077320174407959, 1.089724942779541, 1.0159327301025391, 1.0395919731140137, 1.0798860260009766, 1.0967526641845704, 1.100945965576172, 1.0760172378540038, 1.1172943923950196, 1.0618355491638183], "test_acc": [94.51, 96.87, 97.27, 97.86, 97.87, 97.83, 98.03, 98.03, 98.35, 98.47, 98.46, 98.52, 98.52, 98.36, 98.7, 98.6, 98.67, 98.58, 98.57, 98.65, 98.52, 98.39, 98.43, 98.5, 98.39, 98.14, 98.09, 97.71, 97.82, 97.19, 96.66, 95.73, 96.35, 94.05, 95.4, 95.38, 93.91, 93.72, 93.03, 91.51, 91.93, 91.1, 92.4, 89.85, 87.7, 87.25, 87.37, 85.04, 82.41, 85.38, 83.75, 81.71, 81.33, 76.79, 82.3, 79.5, 77.61, 79.54, 76.8, 74.48, 75.25, 75.89, 79.14, 78.51, 75.34, 75.49, 76.36, 76.21, 74.74, 72.14, 73.85, 76.76, 72.96, 72.95, 73.25, 70.93, 73.8, 72.03, 73.12, 71.99, 73.08, 71.36, 72.85, 70.43, 72.71, 71.0, 71.21, 71.42, 71.03, 70.88, 69.63, 69.54, 71.52, 70.42, 69.55, 68.76, 68.8, 69.82, 67.69, 70.1]}