{"train_loss": [2.2623193997603197, 2.229392518854549, 2.2200754585429134, 2.215676182355636, 2.213372813330756, 2.2114213215999112, 2.2099663436922254, 2.2087518165254187, 2.2078600536044846, 2.206793501845792, 2.2060906138175573, 2.205272603748191, 2.2046107476593084, 2.2039994042143864, 2.2033899997034645, 2.2026818043146377, 2.202089440618825, 2.2014271912411747, 2.20084451049821, 2.2001954215204615, 2.199712956053579, 2.199034255793971, 2.1985121262379184, 2.1979800208002076, 2.197313226186312, 2.1967168322995176, 2.196049093690693, 2.1955356974887033, 2.1947786746880946, 2.194134886957641, 2.1934306101921277, 2.1926013180333324, 2.1920760691675367, 2.1912410396796007, 2.1904230122892265, 2.1897505450452495, 2.1887992253670325, 2.1879600989512906, 2.1871335491155968, 2.186316123375526, 2.1853977497826276, 2.18452957043281, 2.1836184716632223, 2.182575446418208, 2.1814032777761803, 2.1803876441768093, 2.179498516086839, 2.1784440798637195, 2.177311789785695, 2.1761518181898656, 2.174831409739633, 2.173731766195379, 2.1721718734146185, 2.1709219044090338, 2.169536468310234, 2.1684202342970758, 2.1667107970286636, 2.1655688061673417, 2.1641376125506864, 2.162546834884546, 2.1605742767325835, 2.1594813033046885, 2.157870773576264, 2.155845526446644, 2.1544831649869933, 2.1530978832489405, 2.15107718288389, 2.1493675683298683, 2.147406167963631, 2.1453954353291764, 2.1435867914786706, 2.1418206167017293, 2.1400810301813307, 2.1375554010399385, 2.135811103714837, 2.134013142850664, 2.132145844463609, 2.129770283515637, 2.1286946438316607, 2.126070555458721, 2.1239109375537972, 2.1213908093607325, 2.119579250486488, 2.1177796935423827, 2.1146501312907944, 2.1131170361469955, 2.1108839970368605, 2.1087272905895853, 2.1059181267379694, 2.104215337170495, 2.101971231464647, 2.1001878472474904, 2.0971461514122467, 2.0954856347833943, 2.0936990609535804, 2.0905887494739304, 2.089560852600978, 2.0862670785341506, 2.0840222061189833, 2.082742591189523], "test_loss": [1.6930405197143554, 1.5356137924194335, 1.4839095321655273, 1.4861103225708008, 1.4863138412475585, 1.488357667541504, 1.4097227615356445, 1.4193897796630859, 1.4355675384521485, 1.4325664764404298, 1.4445521347045898, 1.4507933151245118, 1.4057320053100586, 1.4518846176147462, 1.398450242614746, 1.4395562545776368, 1.4245131225585939, 1.4519962890625, 1.3862445098876952, 1.4071349380493163, 1.3875099914550781, 1.4007689498901368, 1.408277342224121, 1.4255292922973632, 1.3666264663696288, 1.3648863739013672, 1.410616098022461, 1.4062152877807617, 1.393022312927246, 1.3661438034057618, 1.4099655990600586, 1.3776550262451173, 1.4237923599243163, 1.4165379241943359, 1.4172406158447266, 1.4424612335205078, 1.4421165740966797, 1.356712680053711, 1.3774915939331054, 1.4387537750244141, 1.39486407623291, 1.4020908828735352, 1.4346084533691406, 1.3670284805297852, 1.4219870483398438, 1.382589079284668, 1.3801365783691406, 1.4165273162841796, 1.409737242126465, 1.436912124633789, 1.3560164154052734, 1.4067641784667968, 1.3481060455322265, 1.4198975173950195, 1.4253036712646485, 1.4071683685302734, 1.4171591278076172, 1.429617543029785, 1.4316938217163087, 1.4458038833618163, 1.4435240600585937, 1.4336595718383789, 1.3822212020874023, 1.352777426147461, 1.4162203674316407, 1.3574959396362305, 1.3868167678833008, 1.404622087097168, 1.4116562713623046, 1.4071486099243165, 1.4918541458129884, 1.4513712585449219, 1.4522271286010742, 1.4615859191894531, 1.4507783508300782, 1.4173880966186523, 1.465052947998047, 1.4299711730957032, 1.3828309494018554, 1.476404461669922, 1.3677229431152345, 1.4441230194091796, 1.439282960510254, 1.4555975158691405, 1.4499612976074219, 1.4225476760864257, 1.4184495315551757, 1.4249157852172851, 1.4212151840209961, 1.3931030563354492, 1.4859963821411133, 1.5093019470214843, 1.4567153732299805, 1.4225410766601563, 1.4811226043701171, 1.4930297836303712, 1.4399043380737304, 1.4651339035034179, 1.5130058822631836, 1.4316904586791992], "test_acc": [88.73, 93.03, 94.97, 95.35, 96.08, 96.8, 96.99, 97.03, 97.41, 97.69, 97.41, 97.35, 97.55, 97.68, 97.71, 97.89, 97.94, 97.96, 98.11, 97.97, 98.15, 98.05, 98.13, 98.17, 97.94, 98.2, 98.12, 98.14, 98.12, 98.05, 97.96, 98.01, 97.94, 97.96, 97.96, 97.92, 97.93, 97.8, 97.67, 97.64, 97.85, 97.72, 97.63, 97.61, 97.32, 97.45, 97.29, 97.21, 97.08, 96.55, 97.39, 96.65, 96.57, 95.98, 95.82, 95.42, 94.38, 95.25, 93.19, 94.62, 94.47, 93.18, 93.83, 93.26, 93.03, 92.9, 93.19, 89.61, 91.88, 90.52, 88.75, 90.02, 87.29, 88.24, 86.1, 88.47, 85.37, 87.57, 87.87, 82.78, 89.11, 83.68, 84.96, 84.87, 83.27, 83.26, 83.05, 83.94, 83.4, 83.5, 78.2, 76.59, 80.43, 78.99, 78.61, 77.6, 79.14, 77.24, 72.38, 77.04]}