{"train_loss": [2.3027841346895594, 2.302460139633244, 2.302251907495352, 2.3021046402107954, 2.3019302360013, 2.3017460107803345, 2.301648545468974, 2.3014933354834204, 2.3012995862553263, 2.301114436398205, 2.300971730142577, 2.3007882731592555, 2.3005687665735555, 2.3003838118324933, 2.3001128740799732, 2.2998002115477862, 2.299522283240261, 2.2992347962835913, 2.298941073764084, 2.2984988786216474, 2.298100099604354, 2.2976706624031067, 2.297046655263656, 2.2965941383288455, 2.2960678960523033, 2.295268295157669, 2.2946713215265517, 2.2938497474050927, 2.29293759409179, 2.2920734133475866, 2.290999133872171, 2.2899057783632197, 2.288804137808645, 2.2873425020111933, 2.2860966115935235, 2.284478744889936, 2.2827908590308623, 2.2810503881201787, 2.279282106803014, 2.2770798491616535, 2.2748715663567567, 2.2725955044102464, 2.2697412147481217, 2.2670420535609255, 2.2641281709711776, 2.261245764218844, 2.2573865779444704, 2.2534817681353316, 2.2496826918716106, 2.2453031183308005, 2.2409538112135015, 2.2360101270879436, 2.230599938804268, 2.224407159874582, 2.2186933822102017, 2.211085557937622, 2.203935326164604, 2.1965109191389165, 2.1873876513578954, 2.1787481725725355, 2.1699123066714687, 2.1596583978742614, 2.1490230366714997, 2.1382519689380612, 2.1265471536889033, 2.1129635001859093, 2.101543224265433, 2.086767041785085, 2.073139413045003, 2.058492246091875, 2.044747359222836, 2.0280081576261764, 2.015103549274624, 1.9991575504979517, 1.9836950057592146, 1.9679896133577721, 1.9539541342319586, 1.9380238043446827, 1.9255796979125748, 1.9098309668210836, 1.894251210312558, 1.880945194990207, 1.867911302126371, 1.8519549948028011, 1.8423061240942051, 1.8306894979925237, 1.8179341590302622, 1.806111191582476, 1.7951125298809802, 1.7837395489725292, 1.7769984304904938, 1.7661709663195488, 1.7593359967582247, 1.7473018617711515, 1.739930643230422, 1.733316546576655, 1.7263230584625504, 1.71974559319325, 1.7137841783527634, 1.7073166222653837], "test_loss": [2.2872867370605467, 2.280707876586914, 2.274530142211914, 2.267664993286133, 2.2633523620605467, 2.2588729583740235, 2.2536873291015627, 2.2531503662109373, 2.2455359130859374, 2.246066259765625, 2.239763912963867, 2.237674966430664, 2.2317231536865236, 2.230292987060547, 2.2300080688476562, 2.226576010131836, 2.2276331756591796, 2.226355795288086, 2.231019775390625, 2.2267532958984373, 2.2214609588623047, 2.2256118072509765, 2.2171909545898436, 2.219434957885742, 2.214322732543945, 2.2303559478759767, 2.2212651763916016, 2.212992526245117, 2.211471255493164, 2.2226280334472657, 2.2102219421386717, 2.2056713500976564, 2.22395246887207, 2.2316470001220705, 2.215681494140625, 2.2076860412597656, 2.2274303466796876, 2.217196533203125, 2.2230191986083985, 2.2355485748291017, 2.222089617919922, 2.211344644165039, 2.235400747680664, 2.246550897216797, 2.251542108154297, 2.206059976196289, 2.2320840423583985, 2.2288568908691406, 2.2252030822753905, 2.2524254913330077, 2.2301890014648436, 2.2385547729492186, 2.221178756713867, 2.2726026947021483, 2.2663312072753907, 2.2261503601074217, 2.2528515014648436, 2.2493029388427734, 2.3030431579589843, 2.28266936340332, 2.3109517425537107, 2.3066041931152346, 2.3201956115722657, 2.375431091308594, 2.3490142211914065, 2.3730388610839843, 2.3727794036865233, 2.3759160705566407, 2.4314981384277345, 2.372880554199219, 2.4415642822265626, 2.446394476318359, 2.4193342254638672, 2.37201748046875, 2.48053291015625, 2.4797048614501955, 2.489068115234375, 2.5386813537597654, 2.5022286987304687, 2.490939181518555, 2.621849444580078, 2.576695196533203, 2.5680309814453124, 2.6237444213867187, 2.578996514892578, 2.654985641479492, 2.616937448120117, 2.6489437896728516, 2.6282380432128907, 2.5974574005126954, 2.6429685333251953, 2.621195327758789, 2.6659207275390626, 2.660360470581055, 2.6759451232910156, 2.617844235229492, 2.6648030181884765, 2.6573821472167967, 2.663954992675781, 2.668413555908203], "test_acc": [18.88, 11.78, 41.16, 43.63, 57.67, 33.94, 48.82, 40.11, 60.29, 56.37, 48.18, 57.16, 53.95, 53.64, 62.15, 53.22, 54.78, 52.96, 48.86, 45.01, 43.97, 39.37, 43.65, 40.72, 41.35, 32.65, 29.9, 34.09, 34.05, 27.24, 33.53, 32.97, 24.84, 23.4, 23.86, 27.17, 19.95, 24.47, 22.55, 17.85, 21.36, 23.12, 18.67, 16.79, 16.37, 19.51, 19.08, 18.68, 19.94, 16.31, 17.18, 15.85, 19.35, 15.15, 14.67, 21.35, 17.67, 18.2, 13.65, 14.68, 12.37, 13.48, 13.16, 10.47, 12.26, 12.9, 12.99, 13.63, 11.65, 14.2, 12.46, 12.85, 12.77, 14.46, 12.33, 11.19, 12.47, 13.95, 12.16, 12.34, 13.54, 13.28, 11.97, 11.36, 11.78, 10.53, 11.7, 12.28, 11.3, 12.62, 11.69, 12.54, 10.7, 11.33, 11.23, 12.69, 11.63, 12.23, 12.14, 12.4]}