{"train_loss": [2.0806269485216875, 1.974938477970596, 1.9548304801822727, 1.9445705497876191, 1.9369140794643989, 1.9308277977328014, 1.925268188246295, 1.9194964932070837, 1.9149459931585524, 1.9106778632371852, 1.9059672495748243, 1.9006137050624587, 1.8959226929224455, 1.8899143335656223, 1.8835109966432946, 1.8770646689794002, 1.8692081743835385, 1.8614059620433383, 1.8531413292273498, 1.84364242431445, 1.8314743311996133, 1.8199889889130225, 1.8073293536137311, 1.7938433427077074, 1.7759621084755302, 1.757462384354355, 1.7371894263813639, 1.7179890007544787, 1.690308909640353, 1.663665869551846, 1.6339346279955318, 1.6033765694015047, 1.5703911159792516, 1.5349045879820473, 1.4942630394401712, 1.456908574216386, 1.4121342563731039, 1.3666636579566531, 1.3231337804060717, 1.273497904977228, 1.2298256362605298, 1.1821045183982604, 1.1355232740314598, 1.0856474817563326, 1.0380009062524536, 0.996939965038218, 0.9539207882351346, 0.9084988507704858, 0.8673033970288742, 0.8258492401522449, 0.7872535950607724, 0.753268197306201, 0.7186824828386307, 0.6899857927336652, 0.6646700502715559, 0.6438974324199889, 0.6237356613079706, 0.6061161431746606, 0.5920332521836982, 0.5808023472881725, 0.5691990600819261, 0.5612171180864685, 0.5518021713464688, 0.5443701652380136, 0.5380790489606369, 0.532278488843869, 0.5259198818323959, 0.5209215392923763, 0.5159846125250189, 0.510733508465127, 0.506758853347383, 0.5036670914572529, 0.4992361234294044, 0.4959070697808877, 0.4919391132445417, 0.48941080539654463, 0.48583400013864547, 0.4830083105808649, 0.48000692225929, 0.47753264385665584, 0.47465951728005695, 0.47268498122182667, 0.469808965921402, 0.4683159748967896, 0.465554224820728, 0.46362900014361763, 0.46113088752469444, 0.4591863036283061, 0.457601091482191, 0.45522588478703785, 0.4541613662726859, 0.4520406393159149, 0.4507018031600194, 0.4489646739939339, 0.4478489463655358, 0.4461181068267578, 0.444695581546706, 0.443437989641968, 0.4417901970127709, 0.4404343274923471], "test_loss": [1.1128754005432129, 0.9727962097167969, 0.957650910949707, 1.015914584350586, 0.9739939437866211, 0.9335055870056153, 0.8932986251831054, 0.909594051361084, 0.8941542465209961, 0.9011596153259277, 0.9354996437072753, 0.894248282623291, 0.9479993118286133, 0.8851523078918457, 0.8847821487426758, 0.7884812858581542, 0.9856423286437989, 0.9058849960327149, 0.9462159507751465, 0.8809823287963867, 0.88811669921875, 0.904901919555664, 0.8807895324707031, 0.8873550483703613, 0.9394779067993164, 0.8858789649963379, 0.9963167854309082, 0.9498543388366699, 0.935987474822998, 0.9937870063781739, 0.9892127059936523, 0.9177490783691407, 0.9747510078430176, 0.9881692039489746, 1.0669980140686035, 1.0266742301940919, 1.032230947113037, 1.0963945205688477, 1.1162744827270508, 1.1899800468444823, 1.1665317283630372, 1.2313123527526855, 1.289413296508789, 1.222971029663086, 1.217320751953125, 1.2573604217529297, 1.2913739013671874, 1.3660751861572267, 1.398808511352539, 1.5254001449584962, 1.356393405151367, 1.4752186920166015, 1.5017733337402344, 1.4367129791259765, 1.5218666763305664, 1.562112205505371, 1.5155218002319335, 1.5433768615722656, 1.5834825592041015, 1.5791667343139648, 1.5451658554077148, 1.5810272094726563, 1.6596692687988281, 1.598694859313965, 1.6186309814453126, 1.64150811920166, 1.6554686309814453, 1.6384098754882812, 1.6379237838745118, 1.6938111434936522, 1.7413292373657228, 1.6826347534179686, 1.7126748916625976, 1.7318632369995117, 1.7456778686523438, 1.724779539489746, 1.7445966567993163, 1.7029723419189453, 1.7202406143188476, 1.7532402877807618, 1.7557445236206055, 1.7855775146484374, 1.750543490600586, 1.8077281951904296, 1.802498385620117, 1.831049592590332, 1.791645166015625, 1.8165643463134766, 1.8018756546020507, 1.8421223587036133, 1.8128149002075196, 1.8168173843383788, 1.8487552795410156, 1.831115347290039, 1.8521622894287109, 1.844365382385254, 1.811968016052246, 1.8527828353881837, 1.8454233001708984, 1.8659388076782226], "test_acc": [92.67, 95.8, 96.2, 96.88, 97.55, 97.38, 97.89, 97.95, 97.8, 98.02, 98.05, 97.98, 97.96, 98.12, 98.04, 98.17, 97.46, 97.64, 97.35, 97.29, 95.54, 96.09, 95.75, 94.04, 94.17, 92.03, 86.58, 89.28, 88.42, 85.49, 81.69, 83.07, 79.4, 77.88, 73.62, 73.84, 72.59, 70.39, 67.58, 62.9, 64.42, 62.22, 59.51, 61.81, 62.29, 61.16, 60.46, 57.82, 56.96, 54.36, 58.75, 55.6, 55.16, 55.86, 54.07, 53.37, 55.3, 54.35, 53.06, 52.99, 53.83, 53.34, 49.92, 51.81, 51.92, 51.43, 51.18, 51.49, 51.89, 50.55, 48.53, 50.04, 49.83, 48.92, 48.46, 49.42, 49.21, 50.3, 50.02, 49.34, 48.2, 47.99, 49.1, 47.99, 47.49, 46.81, 48.09, 47.6, 48.1, 46.39, 47.81, 47.18, 46.36, 47.46, 46.47, 46.44, 47.74, 46.61, 46.68, 45.97]}