{"train_loss": [1.9690359313773294, 1.8452670874758663, 1.8282858011050103, 1.8199311489732857, 1.8147908561250083, 1.8111231332151299, 1.8084143084338589, 1.8063224543873062, 1.8042187634696307, 1.8027902635244222, 1.8013173372317584, 1.8002048713019771, 1.7988898229395223, 1.7980033146519947, 1.7970887878511705, 1.7963154043397334, 1.795450861637409, 1.794706988793153, 1.7942431673534915, 1.7934856391870058, 1.7929282045771933, 1.7923116166876931, 1.7918698848822179, 1.7913574329298785, 1.7909240521426895, 1.7903574101435833, 1.789843696050155, 1.789621068116946, 1.7890343760323322, 1.788513389408079, 1.788249452654113, 1.7878619007065766, 1.7874628639119303, 1.78720707898466, 1.786853852435055, 1.7865106119559362, 1.7862313104490948, 1.7857855140653431, 1.7854309698455355, 1.7851620665472796, 1.7848412142350123, 1.7845528966341264, 1.784163076398719, 1.7839333267293425, 1.783661500765727, 1.7832610428842723, 1.7830689068023975, 1.7829222859989884, 1.7825951023488982, 1.7822878610374582, 1.781910523135438, 1.7817474453367739, 1.78154215343997, 1.7812116123162782, 1.7810043794477088, 1.7807700012484167, 1.780428145176325, 1.7801519848852076, 1.7801581035312424, 1.7797397502467163, 1.779597167785351, 1.7793537510765924, 1.779052550211931, 1.778876360410299, 1.7785574006728637, 1.7783876937678738, 1.7780122629597657, 1.7778528197708292, 1.7777001653981006, 1.7773283343029838, 1.7771408086658542, 1.7768234628388004, 1.7768409262355576, 1.7764651355070946, 1.7762301576952648, 1.7760438666893885, 1.7757444837663927, 1.7755109739099812, 1.7753619177219195, 1.7750856759201767, 1.7749604753449433, 1.7747091398789332, 1.7745517375122788, 1.774398796324037, 1.7741242517263462, 1.7740229699346755, 1.7737695299662077, 1.7734401539350166, 1.7732702809521275, 1.773093439065493, 1.7727557858850203, 1.7726865810716255, 1.77251508169704, 1.7721855161536453, 1.7719894548257191, 1.7718794699917493, 1.7715497083134122, 1.771466486219667, 1.7713631172465463, 1.771016765354026], "test_loss": [0.9311022239685058, 0.796784496307373, 0.7702431831359863, 0.7525327125549316, 0.7462231277465821, 0.7496574012756347, 0.7333053199768066, 0.7524298233032226, 0.724291340637207, 0.7393057998657226, 0.743401668548584, 0.7197571746826172, 0.7341607810974121, 0.6925360168457031, 0.7402211891174316, 0.7297725936889649, 0.7447290481567382, 0.7338662330627441, 0.7191559867858887, 0.735336767578125, 0.7014176727294922, 0.7478787155151367, 0.7229834083557128, 0.6897224517822266, 0.7158027214050293, 0.7566070655822754, 0.6803764862060547, 0.7076125473022461, 0.7135084457397461, 0.7497708885192871, 0.703078653717041, 0.6922532470703125, 0.7321569236755371, 0.7326961296081543, 0.7673315971374511, 0.7579476112365723, 0.7567823913574219, 0.7088833763122558, 0.738913298034668, 0.744111410522461, 0.744414476776123, 0.756244588470459, 0.7184415565490723, 0.7077773399353028, 0.7219991622924805, 0.7237975997924805, 0.6774677055358886, 0.7021752571105957, 0.7456666732788086, 0.7339637336730958, 0.7013725639343261, 0.7107665130615234, 0.7347210578918457, 0.7204821899414062, 0.7358461074829101, 0.708139501953125, 0.7094304885864258, 0.7387338027954101, 0.7166638320922851, 0.6765981521606446, 0.7254513137817383, 0.7282806121826172, 0.7026590637207031, 0.7036744430541992, 0.7305459419250488, 0.7208477996826171, 0.739407917022705, 0.724343978881836, 0.717763809967041, 0.7255027717590332, 0.764853768157959, 0.7158106407165528, 0.7220055213928223, 0.7428618423461915, 0.7217880012512207, 0.7238931663513184, 0.7210250534057617, 0.7169697319030762, 0.7381205543518067, 0.7578137916564941, 0.6926730270385743, 0.6995734634399414, 0.7634972496032715, 0.7376690826416016, 0.746727473449707, 0.7278155822753907, 0.6870398330688476, 0.7218823204040528, 0.6735417831420898, 0.6876421936035156, 0.7299416206359863, 0.730507243347168, 0.6679775489807129, 0.7214041793823243, 0.7419264907836914, 0.7381889610290527, 0.7481060440063476, 0.7187048477172852, 0.7136956962585449, 0.7145841567993164], "test_acc": [95.23, 97.11, 97.84, 98.09, 98.08, 98.35, 98.42, 98.68, 98.8, 98.79, 98.79, 98.88, 98.78, 98.8, 98.92, 98.92, 99.0, 98.9, 98.96, 99.02, 99.01, 99.0, 98.95, 99.03, 99.12, 99.08, 99.06, 99.08, 99.09, 99.09, 99.1, 99.11, 99.14, 99.12, 99.17, 99.11, 99.1, 99.09, 99.13, 99.13, 99.14, 99.15, 99.15, 99.19, 99.13, 99.17, 99.12, 99.15, 99.17, 99.15, 99.15, 99.2, 99.16, 99.17, 99.14, 99.23, 99.14, 99.22, 99.16, 99.22, 99.2, 99.23, 99.25, 99.21, 99.22, 99.17, 99.12, 99.18, 99.22, 99.19, 99.22, 99.17, 99.25, 99.22, 99.23, 99.17, 99.09, 99.22, 99.21, 99.24, 99.16, 99.23, 99.16, 99.18, 99.19, 99.21, 99.16, 99.15, 99.15, 99.21, 99.2, 99.14, 99.17, 99.22, 99.17, 99.18, 99.21, 99.27, 99.16, 99.14]}