{"train_loss": [2.298265288528214, 2.2899584408499236, 2.286497997931945, 2.2840948288257303, 2.28188265592624, 2.2802768950788384, 2.2788814158521147, 2.2775551304857955, 2.276221292141156, 2.2749155041499014, 2.2735239267349243, 2.272353094867152, 2.270914299875243, 2.269054724619939, 2.267643184743376, 2.2658965409311476, 2.263590073483622, 2.2610994052683187, 2.259080577100444, 2.256058155471443, 2.2534228848595905, 2.250007804132934, 2.246054570389609, 2.2422309945791197, 2.2377951573102903, 2.2320354152948427, 2.2262040269680514, 2.2189649888592906, 2.2127285599708557, 2.205460130658924, 2.195652913843465, 2.186205519570245, 2.1746634046236673, 2.1616190671920776, 2.1473714266067896, 2.131796604038304, 2.1157879521194687, 2.0962474504087725, 2.077057889638803, 2.0543848441706762, 2.0311335297221813, 2.0029009499101558, 1.9767473115880265, 1.9440287068868294, 1.9157023648930411, 1.8807047332963374, 1.8464837303528419, 1.8131642463879707, 1.7766626933191576, 1.7384202949002259, 1.7005433880875254, 1.6642243859604893, 1.6269845391950037, 1.5911614879583702, 1.5549863648210835, 1.5207510132056017, 1.4861205615039565, 1.4531985750565162, 1.4191941542503161, 1.3937962684366438, 1.3635338099084349, 1.3395302726162805, 1.3149442216779432, 1.2897756290741456, 1.270249794691037, 1.2509006007104857, 1.2347471168917468, 1.2187184859544804, 1.204200048986663, 1.1888205139046042, 1.1785584576109536, 1.1672157637583904, 1.1577906837830176, 1.1487688215879293, 1.1405307360184498, 1.132803509123305, 1.1260203352341285, 1.1191953502149663, 1.1132418737452254, 1.1078398082500849, 1.1034838401863718, 1.097670363310056, 1.0928942629924188, 1.0899146881877866, 1.0848202751233027, 1.0807475954548926, 1.077371440636806, 1.0740450508574135, 1.0705996616783304, 1.0674594691675952, 1.0654290728589408, 1.061427001769726, 1.0591940548684862, 1.0559922021168928, 1.054245725656167, 1.0514408281216254, 1.049453369827352, 1.0470358678418348, 1.0449244285750592, 1.0424386594030592], "test_loss": [2.099001889038086, 2.014704885864258, 1.9578426391601562, 1.9025273132324219, 1.895639988708496, 1.8978563125610353, 1.8542757888793946, 1.8441000015258788, 1.8480042282104492, 1.8120545806884765, 1.842825617980957, 1.852707975769043, 1.7580193466186524, 1.8037139556884765, 1.7899964279174805, 1.8320271789550782, 1.7832770950317383, 1.8445890243530274, 1.7949555389404297, 1.7647840774536132, 1.81796357421875, 1.8198885238647462, 1.7599582733154298, 1.7815240051269532, 1.8125805587768555, 1.841381756591797, 1.7850154861450196, 1.7936658615112304, 1.8505286651611328, 1.8136306823730468, 1.8686281814575196, 1.7631192428588867, 1.7864472534179687, 1.711691456604004, 1.8663293914794923, 1.9636350006103516, 1.8191105377197265, 1.8515221099853516, 1.8626807815551758, 1.9318327209472657, 1.8790317535400392, 2.0079074295043946, 1.928162710571289, 2.0225963806152345, 2.0343871047973634, 2.121611730957031, 2.0880389236450196, 2.203827587890625, 2.1461470260620117, 2.250799697875977, 2.315373048400879, 2.2501364181518553, 2.2841891998291017, 2.3727275421142577, 2.3482557159423827, 2.4645569549560546, 2.5188400573730467, 2.3870813659667967, 2.5682787078857423, 2.562097955322266, 2.5780259643554686, 2.448745965576172, 2.60912705078125, 2.5565642669677735, 2.670481607055664, 2.700114566040039, 2.616265182495117, 2.680913537597656, 2.676535906982422, 2.650022299194336, 2.7155534912109376, 2.7823989501953124, 2.6672006927490233, 2.8009385650634764, 2.7774452423095704, 2.8108081817626953, 2.8204737060546874, 2.8559290985107424, 2.7438417877197265, 2.7113702575683596, 2.817909768676758, 2.770544302368164, 2.7875559692382814, 2.7750559478759764, 2.7479909881591795, 2.7973075897216795, 2.7368218231201173, 2.795588882446289, 2.8351127532958986, 2.81269150390625, 2.778178189086914, 2.801636795043945, 2.7803212188720705, 2.817673291015625, 2.843662939453125, 2.795023342895508, 2.835653656005859, 2.817950100708008, 2.845651318359375, 2.8152441955566405], "test_acc": [64.2, 81.26, 84.98, 90.61, 89.85, 90.36, 92.53, 92.96, 93.31, 91.95, 92.81, 93.13, 93.08, 93.15, 93.35, 92.01, 91.06, 87.8, 86.63, 86.16, 79.75, 80.42, 84.91, 81.45, 77.72, 64.54, 70.89, 67.01, 62.14, 60.7, 54.29, 61.92, 53.78, 58.7, 46.3, 39.7, 47.84, 41.68, 40.25, 33.88, 40.95, 33.94, 36.34, 31.36, 29.39, 27.39, 29.27, 24.41, 29.56, 25.98, 21.97, 25.2, 24.72, 24.42, 22.22, 22.84, 21.91, 24.63, 20.02, 21.25, 22.54, 24.49, 21.04, 22.64, 20.17, 19.33, 20.75, 21.39, 20.42, 20.01, 19.39, 18.59, 20.38, 17.97, 19.29, 18.04, 18.32, 17.99, 18.84, 20.19, 17.41, 19.82, 18.92, 19.66, 20.24, 18.24, 20.61, 18.5, 17.89, 18.78, 19.62, 18.52, 19.44, 18.5, 18.15, 18.71, 18.1, 18.67, 18.24, 19.08]}