{"train_loss": [2.269469402794145, 2.237249168065878, 2.226626487369211, 2.221066602784344, 2.217520912997743, 2.2150542883791475, 2.212548811720987, 2.2105482128950267, 2.2085683564854484, 2.206537899807987, 2.205043721402812, 2.2025119667379265, 2.2003953507822804, 2.1983209456134047, 2.196076738528716, 2.193999319504469, 2.1911304521764445, 2.1878000263474946, 2.18546120223836, 2.181700922994532, 2.1787832516890306, 2.1742496505761757, 2.170093960232205, 2.1645736989811954, 2.1590815476882153, 2.1544301683067255, 2.147832994787102, 2.1405243669819627, 2.1325159877793403, 2.1244765107448282, 2.1153861004063206, 2.1045094809980474, 2.0935560829109616, 2.080463986111502, 2.0676505035824246, 2.053582509358724, 2.037585025159722, 2.0204293195508485, 2.000695964974216, 1.9825159800358307, 1.9608214721720443, 1.9389691785869436, 1.915443914058881, 1.890646632665243, 1.8664676659127586, 1.8408291288930128, 1.8141785299676096, 1.7843831395491576, 1.7582784412253616, 1.7277242722164872, 1.7022583153512743, 1.6734280993795803, 1.646717480614654, 1.6182103755637112, 1.5918930929440718, 1.568037724393046, 1.539995315237942, 1.5175743008780682, 1.493876511979307, 1.4724436756382642, 1.4510195397923136, 1.4309967906556578, 1.412235613562103, 1.3950200837392073, 1.3798840491690187, 1.3617840508619945, 1.3477183180487053, 1.3338985657080626, 1.3235206593815079, 1.3111588802093115, 1.3008310593600967, 1.2908349824257386, 1.2801350533452809, 1.2720345836928768, 1.2642888268853865, 1.256919875358924, 1.2508716499194121, 1.2436464314277356, 1.2376190739819126, 1.2325249003548908, 1.2264973238492622, 1.2208778626388974, 1.2163509158497183, 1.2123171063060434, 1.207547664642334, 1.2041270409384344, 1.1991332435709798, 1.196412287461452, 1.1923309256378403, 1.1895229518413544, 1.1857473633737645, 1.182980652548309, 1.1802290143110814, 1.1774560549320319, 1.1749316204307425, 1.1725149735426292, 1.169754289663755, 1.1669357757792513, 1.1645704497638931, 1.1620780130227406], "test_loss": [1.7374503845214844, 1.5729016677856444, 1.548914195251465, 1.480236604309082, 1.4917615890502929, 1.5239019378662109, 1.4605662033081055, 1.489503857421875, 1.4994175399780274, 1.4844935424804688, 1.4652059555053711, 1.451579444885254, 1.4667159454345704, 1.4178713500976563, 1.4247998382568359, 1.4372135986328125, 1.4208148162841796, 1.4202826904296875, 1.4488293869018554, 1.471489291381836, 1.5205395538330078, 1.503485693359375, 1.3895120376586914, 1.3947608306884767, 1.4092984420776367, 1.4613627944946288, 1.4792982833862305, 1.4169231277465821, 1.4671031051635741, 1.4433069717407228, 1.5036836532592774, 1.4119641815185546, 1.5091925628662108, 1.4290641876220702, 1.4783433792114258, 1.4722135543823243, 1.4510146347045898, 1.4817620941162108, 1.4949350524902343, 1.493702847290039, 1.5027549499511719, 1.6381813400268554, 1.4825195617675782, 1.6392774398803711, 1.6281904052734375, 1.6217252502441406, 1.627362417602539, 1.6741389312744142, 1.8082860443115234, 1.7700388809204102, 1.7620960861206054, 1.7790744842529296, 1.8518053512573243, 1.93837625579834, 1.8079696151733398, 1.8281879013061524, 1.8143640975952149, 1.8502546234130859, 1.9113858016967773, 1.8393090164184571, 1.8983492050170898, 1.9046383346557618, 2.0526912841796876, 2.026893217468262, 2.0136015731811523, 2.005970750427246, 2.001205419921875, 2.0353049209594727, 2.0819531295776366, 2.062052995300293, 2.1183211029052735, 2.0952441970825197, 2.169969770812988, 2.0923277893066405, 2.127586102294922, 2.1291713973999022, 2.084356443786621, 2.091423876953125, 2.141234275817871, 2.1689810104370117, 2.170574606323242, 2.2313129150390627, 2.201024978637695, 2.1390167358398435, 2.2121883544921874, 2.1988058868408205, 2.157985110473633, 2.1777031204223634, 2.2752699508666994, 2.1666478439331054, 2.231740463256836, 2.223835382080078, 2.2317417907714843, 2.2291556686401366, 2.218026153564453, 2.244882278442383, 2.2371118423461915, 2.240310794067383, 2.2473027282714844, 2.1829182876586914], "test_acc": [85.97, 91.59, 94.39, 93.96, 95.28, 96.1, 96.07, 96.72, 96.58, 96.91, 96.67, 97.13, 96.63, 96.28, 96.48, 96.33, 96.99, 96.5, 96.48, 95.36, 94.67, 94.64, 94.91, 94.39, 92.14, 88.17, 89.67, 89.4, 86.11, 86.34, 80.0, 81.61, 78.58, 79.21, 71.23, 71.58, 70.64, 69.81, 66.72, 65.89, 62.64, 54.21, 60.33, 51.89, 52.3, 51.37, 50.95, 48.71, 41.05, 43.68, 43.44, 41.99, 39.28, 35.74, 41.27, 41.03, 40.93, 38.73, 37.53, 40.73, 40.0, 38.07, 33.41, 35.29, 36.3, 34.13, 35.36, 34.54, 32.77, 34.28, 32.58, 33.44, 31.41, 33.16, 32.32, 32.29, 34.43, 33.27, 32.74, 30.59, 30.84, 29.7, 30.44, 32.06, 29.42, 29.71, 31.76, 31.89, 28.06, 31.79, 29.68, 29.79, 29.83, 30.38, 30.26, 29.58, 29.79, 29.9, 29.14, 31.35]}