{"train_loss": [2.0902003299476752, 1.9845660530094407, 1.9652084873782263, 1.9553714007393928, 1.9476342379537404, 1.9420548226588812, 1.935715981783011, 1.9310044676829607, 1.9257784745632074, 1.92116449913408, 1.9156127370830276, 1.9100879746624546, 1.904925182589099, 1.8998272930964446, 1.893234736389584, 1.8858749711105967, 1.877545317268779, 1.870054270976629, 1.8602695686694903, 1.8502547552442958, 1.8379536161565373, 1.8267161907293858, 1.8115963683678553, 1.7967900366355212, 1.7782849847760975, 1.7585050911984892, 1.7359888767584777, 1.7102769623454819, 1.683498212414929, 1.6524723205301497, 1.619854766334224, 1.5842506162121766, 1.5461089121989715, 1.505809982617696, 1.4585746623512008, 1.415994919772841, 1.3685226888738127, 1.3181798231397939, 1.264202193571971, 1.2156708413719113, 1.1608159953457677, 1.1124628219339583, 1.0579384962717693, 1.0086378619456902, 0.9555579007436068, 0.9117273889545702, 0.8651131675538853, 0.8167949313791389, 0.7730948181233854, 0.7302072724470725, 0.6903909402780044, 0.654681574457731, 0.6226067420763847, 0.5972557117541631, 0.5739725673427949, 0.5549572446407416, 0.5367783653812531, 0.5248600266173354, 0.5124139247669114, 0.5036000324747502, 0.4947332332913692, 0.48670649375670993, 0.48008646733231014, 0.47430289740491116, 0.4686155805730412, 0.46292236332709974, 0.4583651548904231, 0.45365580063090366, 0.4494359709131412, 0.4455092702156458, 0.44151684100556576, 0.43889867584420067, 0.4341293421183896, 0.43138861426940334, 0.42797608686308575, 0.42471993243337697, 0.4224543602675454, 0.41892887225263137, 0.4169631242497355, 0.41483305018936467, 0.41195999627184665, 0.40937240657388657, 0.4074244985723088, 0.4054883850308565, 0.4031716622093804, 0.40113701957922715, 0.39944703195594317, 0.3976322988159636, 0.3961863595451045, 0.394324796131024, 0.3929499573050401, 0.3915514800793085, 0.3900434013742667, 0.38846230901714063, 0.38704247460660773, 0.3857547111618213, 0.3845285605161618, 0.3832794249567211, 0.3823288664476484, 0.3810078553282298], "test_loss": [1.16640171585083, 0.9805797019958497, 0.9908679985046387, 0.9785794425964356, 0.8883925834655761, 0.9938468933105469, 0.9463415237426758, 0.9155643989562988, 0.9224019073486328, 0.922443090057373, 0.9142822624206542, 0.9180789916992188, 0.8722765647888183, 0.9445347221374512, 0.9438291526794433, 0.8455429618835449, 0.8766692123413086, 0.9034762969970703, 0.8700568962097168, 0.8990890106201171, 0.8844831474304199, 0.9998705352783203, 0.9264131744384766, 0.8366399757385254, 0.9257217559814453, 1.0406144775390624, 0.8972420036315918, 0.9354816711425781, 0.9563048561096191, 0.9761524589538574, 1.0457853561401367, 0.9435823890686035, 0.9910386459350586, 1.028732081604004, 0.9953330299377442, 1.142128017425537, 1.1414960487365722, 1.1622344528198243, 1.1957531143188476, 1.2940592041015626, 1.1900499671936036, 1.321681388092041, 1.30652109375, 1.3721596115112304, 1.3950096405029297, 1.465527587890625, 1.446997004699707, 1.5063181854248047, 1.5031858993530274, 1.5091050735473632, 1.5170975173950196, 1.5805077224731445, 1.6131507110595704, 1.6842443298339844, 1.571840431213379, 1.7245048782348633, 1.6572394424438477, 1.6656213958740234, 1.7002355010986328, 1.7970819778442382, 1.7105405456542968, 1.7144229354858398, 1.7799628356933594, 1.7284011657714844, 1.7583188095092774, 1.7378104736328126, 1.826883952331543, 1.8008413040161133, 1.79743790435791, 1.760009588623047, 1.8274958389282228, 1.820379591369629, 1.8392076385498046, 1.8505341796875, 1.8546007720947266, 1.8584715194702148, 1.8719611846923827, 1.8691138397216798, 1.8939771530151368, 1.891321270751953, 1.9250906112670898, 1.869649835205078, 1.9144262115478516, 1.9068509170532226, 1.9072125518798828, 1.9256039962768554, 1.9070869537353516, 1.9175995513916015, 1.9192959091186523, 1.9176744232177734, 1.9661707855224608, 1.936020426940918, 1.9793812301635743, 1.9211800094604492, 1.9742908462524413, 1.961843997192383, 1.9815693618774415, 1.9462827621459962, 1.9784032501220703, 1.9886656585693359], "test_acc": [93.34, 95.74, 96.68, 96.95, 97.12, 97.53, 97.51, 97.8, 97.48, 97.73, 98.13, 97.91, 97.86, 97.86, 97.55, 97.76, 97.55, 97.45, 97.55, 96.46, 96.63, 94.59, 94.43, 94.91, 93.87, 88.0, 91.35, 88.62, 86.63, 83.02, 80.24, 82.2, 78.96, 75.07, 74.83, 67.88, 67.87, 64.83, 64.12, 60.04, 64.17, 59.8, 59.24, 57.87, 58.57, 55.28, 56.87, 54.99, 55.32, 54.9, 55.69, 53.89, 53.95, 51.66, 54.69, 50.89, 53.09, 53.54, 51.95, 48.18, 51.14, 51.38, 50.24, 50.82, 49.33, 50.77, 48.11, 49.25, 49.08, 50.12, 49.0, 49.07, 48.52, 48.63, 48.19, 48.02, 47.63, 48.13, 47.26, 47.19, 46.07, 47.62, 46.29, 47.02, 46.56, 45.95, 47.12, 46.72, 46.5, 46.43, 45.26, 46.12, 44.64, 46.53, 45.26, 45.01, 44.86, 45.51, 44.89, 44.24]}