{"train_loss": [1.8065546702625406, 1.6492033860622308, 1.6273013898450086, 1.6151861143417847, 1.6063780998572326, 1.6008353834478264, 1.594825137884189, 1.5902338909287739, 1.5861987922436152, 1.5821145464721909, 1.578599636371319, 1.5753795104658501, 1.571337127023273, 1.5680085469005454, 1.5643544691240685, 1.5610406301979325, 1.5573123507520072, 1.5530432770904312, 1.5500903679774358, 1.545154138508006, 1.5408640618507679, 1.5364544766071515, 1.531837194139122, 1.5271642437347999, 1.522284814944634, 1.516766005092197, 1.5105310349892347, 1.5043941079041896, 1.4982481239697871, 1.4920592842957912, 1.4852223368281992, 1.4791207097024999, 1.4708161967941837, 1.4621592726972368, 1.454930405331473, 1.444247428423319, 1.4361529752739475, 1.4277146501928313, 1.418448647372743, 1.4072852970188499, 1.397648314634959, 1.3869256789867694, 1.3758551376497643, 1.3650682545625246, 1.3545439085389814, 1.3432497208953922, 1.3315587244991562, 1.3196516768035726, 1.308867699570126, 1.2970162278566606, 1.2867059944531856, 1.2750810196257045, 1.2652631147294982, 1.2540167330676675, 1.2443094411466875, 1.2353120469130003, 1.224883173775469, 1.2135870889720755, 1.2060330441364875, 1.1977179705077767, 1.1894756412913656, 1.1811154510220911, 1.1726637225375216, 1.1655032871625362, 1.1589223892770262, 1.1521100340745387, 1.1455134532899938, 1.1402784180946839, 1.133345672972182, 1.128730011291993, 1.123447934531758, 1.1184440122710333, 1.1134914012036772, 1.1097984657837794, 1.1053549433365846, 1.1017372075818543, 1.0981036707376823, 1.0947509525168655, 1.0906094600502243, 1.0878150692352881, 1.0845037785350766, 1.0817893132185326, 1.078782746170321, 1.0763678025995564, 1.0735708762947311, 1.0714166841955266, 1.0687298879154727, 1.0665941302083497, 1.0641639240277119, 1.0619846704678657, 1.0602941890048165, 1.057710128207492, 1.0561777857633738, 1.0543295855705554, 1.0534286155150487, 1.0514245203927033, 1.049528000701187, 1.0478788334080296, 1.0468518102270925, 1.0447040342877054], "test_loss": [0.6894993782043457, 0.6124629524230957, 0.6201214275360107, 0.6273757862091065, 0.6380374340057373, 0.606102653503418, 0.5836168521881103, 0.7079833396911621, 0.585288814163208, 0.5548637485504151, 0.5410297073364257, 0.599262839126587, 0.6139226131439209, 0.5435343990325928, 0.5903907428741455, 0.5763505836486816, 0.6288678276062012, 0.5744267238616944, 0.5739955879211426, 0.5892640655517578, 0.6204400497436523, 0.5927838882446289, 0.5611914012908935, 0.5847947639465332, 0.5644453151702881, 0.5971928108215332, 0.555151163482666, 0.5732008598327637, 0.5848077571868896, 0.5998501029968262, 0.6126485763549805, 0.5549057903289795, 0.545079401397705, 0.6352238487243652, 0.575964952468872, 0.6131114753723145, 0.6105824417114257, 0.5625226955413818, 0.5620568859100342, 0.6369960189819336, 0.6351276222229004, 0.610718724822998, 0.6363596267700196, 0.5827207618713379, 0.6693738800048828, 0.6057760589599609, 0.6212269020080566, 0.6215138549804687, 0.5828028179168702, 0.6223786186218262, 0.6093171165466309, 0.6668700164794922, 0.6482610260009766, 0.6524443336486816, 0.6934441909790039, 0.6177729927062988, 0.6116599685668945, 0.6497689178466797, 0.6352436111450195, 0.6293325080871582, 0.6982004600524903, 0.6378496635437012, 0.6552560600280761, 0.6255228164672851, 0.6434117889404297, 0.7075775093078613, 0.6853593177795411, 0.6664840698242187, 0.7156041534423828, 0.684696590423584, 0.6419705333709717, 0.6951578163146973, 0.6849989479064942, 0.6713238388061523, 0.7143879814147949, 0.7059352027893067, 0.7151418075561523, 0.699565818786621, 0.7291085273742676, 0.7052478782653808, 0.7117889053344727, 0.7166739471435547, 0.7075045883178711, 0.7008034568786621, 0.7481883613586425, 0.7033859489440918, 0.69338705368042, 0.7320597229003907, 0.7375650451660156, 0.7333564292907715, 0.707388875579834, 0.7120553337097167, 0.7181130889892579, 0.7100189071655273, 0.7389081687927246, 0.7625354133605957, 0.7188945449829102, 0.7470529014587403, 0.7456273391723632, 0.7570354301452636], "test_acc": [95.5, 96.93, 97.65, 98.04, 97.9, 98.26, 98.35, 98.55, 98.75, 98.56, 98.49, 98.8, 98.75, 98.68, 98.72, 98.75, 98.79, 98.7, 98.74, 98.59, 98.53, 98.51, 98.46, 98.66, 98.52, 98.37, 98.34, 98.53, 98.15, 98.1, 97.8, 97.93, 97.94, 96.89, 97.16, 97.14, 96.55, 96.91, 96.74, 94.91, 94.94, 94.46, 94.67, 94.77, 92.22, 94.15, 94.09, 93.28, 94.02, 92.79, 92.06, 90.55, 91.51, 91.42, 88.79, 91.45, 91.01, 90.07, 89.58, 90.12, 87.75, 89.51, 88.74, 89.41, 88.89, 87.57, 87.47, 88.13, 86.3, 87.48, 88.22, 86.74, 86.9, 87.06, 86.18, 85.97, 85.48, 86.25, 84.71, 86.11, 85.86, 85.12, 85.37, 85.9, 84.44, 86.29, 85.92, 84.31, 84.69, 85.22, 85.31, 85.08, 84.89, 84.97, 84.37, 83.47, 84.41, 83.14, 83.35, 83.19]}