{"train_loss": [1.6867049395019174, 1.5071757779671595, 1.4822195877886226, 1.4685428573025598, 1.4571954941647685, 1.4506778508170037, 1.4431227827683473, 1.4373234270984292, 1.4319812861772685, 1.4260225948105512, 1.421046620505488, 1.4170172637344425, 1.4112596369197226, 1.405644098408202, 1.4001270257509673, 1.3950119871869047, 1.3884418981197553, 1.3826856292211092, 1.3754995620658255, 1.3685729467970693, 1.3620581968217833, 1.3540754550033145, 1.3452686484043415, 1.3367172790388775, 1.3256370384468992, 1.3158411956750429, 1.3046579661532345, 1.2924871775839064, 1.2789344726464686, 1.2663908919208071, 1.2506664492126205, 1.2354437344604068, 1.2206376253539681, 1.2025146434704463, 1.1855290124558995, 1.1679741761878006, 1.1485718817282946, 1.1281247617851975, 1.1069683191867976, 1.0883664486245213, 1.06820039705843, 1.0487917755913532, 1.0262963212708123, 1.0052856907375858, 0.9866556534145632, 0.9663503521528, 0.9485219348954339, 0.9276626183945909, 0.9135819918070084, 0.8948155099000686, 0.8788738193420264, 0.8641583117154928, 0.8509088091106496, 0.8371491076854559, 0.8253920732909797, 0.8141260834840628, 0.8046424348130186, 0.7949048462841246, 0.7868771977149523, 0.7782385624372042, 0.7713776670205288, 0.7644500191140379, 0.7587244920750968, 0.7528448871567718, 0.7478414176620989, 0.7419939615532883, 0.7379756112638701, 0.7342549598115122, 0.730313553642004, 0.726338098064447, 0.7229058911912462, 0.7189200467024094, 0.7168868255411458, 0.7141975035779496, 0.710811440506552, 0.7079872934736757, 0.7057338731411176, 0.7033413816721011, 0.7010501410461899, 0.6983174498264606, 0.6969873338428318, 0.6938348311899055, 0.6920909854846123, 0.690273748885872, 0.68846257069172, 0.687224103217451, 0.6848983767195644, 0.6834737950155878, 0.6821118777888453, 0.6810213740055377, 0.6793076446932605, 0.6778101025738268, 0.676402914727855, 0.6750917760734885, 0.6737797914916633, 0.6721202790991873, 0.6713362761542329, 0.6702591222830308, 0.6690461790969229, 0.6678676480411464], "test_loss": [0.6219587890625, 0.6006066757202149, 0.5603004077911377, 0.4774887935638428, 0.514845989227295, 0.5308307640075683, 0.5175198822021484, 0.5269372077941894, 0.47469599304199217, 0.5246728721618652, 0.5097155300140381, 0.4723968627929688, 0.455768452835083, 0.44709570960998535, 0.49593888511657713, 0.4326722354888916, 0.4541912742614746, 0.4321131443023682, 0.49484397354125975, 0.48444052658081055, 0.46547638931274415, 0.4692025848388672, 0.5275723159790039, 0.4625333911895752, 0.5299418190002442, 0.5090173812866211, 0.4533382545471191, 0.49232386894226077, 0.471144176864624, 0.5462803775787354, 0.47866956443786624, 0.4538295566558838, 0.4769234832763672, 0.5190624549865722, 0.5025359683990479, 0.48124708557128903, 0.5485384212493897, 0.5349770778656006, 0.5711935985565185, 0.5233125331878662, 0.5878782409667969, 0.5504562808990479, 0.6025411338806153, 0.5131064888000488, 0.5494254657745361, 0.567364221572876, 0.6925609317779541, 0.5752694347381592, 0.5773276397705078, 0.5648441631317138, 0.6095249572753906, 0.681872681427002, 0.6347743976593018, 0.6367307548522949, 0.6127638549804687, 0.6410190349578857, 0.60397525100708, 0.6255851497650147, 0.6091353446960449, 0.6206930042266846, 0.6479389617919922, 0.6387798866271973, 0.6427982292175293, 0.6859281791687012, 0.639225662612915, 0.6362056331634521, 0.6949735958099366, 0.6789411422729492, 0.686788484954834, 0.6672615314483643, 0.6820871036529541, 0.6681553630828857, 0.6744973941802979, 0.6761156898498535, 0.7007347732543945, 0.7023808067321777, 0.7039073440551757, 0.7037868377685547, 0.675591121673584, 0.7066372467041016, 0.7234989646911621, 0.7241138397216796, 0.6978541652679443, 0.7030317844390869, 0.7483443031311036, 0.7325539276123046, 0.7351199096679687, 0.7458068084716797, 0.7061823108673095, 0.7443707374572754, 0.7183287483215332, 0.7288008308410645, 0.7188623622894287, 0.7602485893249512, 0.7338896995544434, 0.7392872673034668, 0.7283710960388183, 0.7453519050598144, 0.780530689239502, 0.7645401069641113], "test_acc": [95.6, 97.3, 97.7, 98.06, 98.05, 98.3, 98.41, 98.53, 98.65, 98.62, 98.62, 98.65, 98.69, 98.79, 98.53, 98.69, 98.64, 98.66, 98.63, 98.53, 98.51, 98.59, 98.33, 98.28, 98.14, 97.72, 97.88, 97.6, 97.55, 95.57, 96.86, 96.95, 95.79, 95.3, 93.56, 94.63, 93.04, 92.37, 90.85, 91.49, 88.89, 89.39, 88.59, 89.55, 89.14, 87.52, 82.84, 87.05, 87.35, 87.27, 84.82, 82.51, 83.79, 83.92, 84.44, 83.82, 84.75, 84.39, 84.49, 83.86, 83.46, 82.86, 82.97, 81.53, 83.17, 83.27, 81.17, 81.69, 81.51, 82.36, 81.57, 82.22, 82.08, 81.65, 81.12, 81.04, 81.15, 80.77, 81.59, 80.67, 80.15, 79.98, 80.83, 80.84, 79.54, 79.9, 79.83, 79.38, 80.76, 79.48, 80.16, 79.69, 80.1, 78.84, 79.63, 79.72, 79.49, 79.37, 77.79, 78.45]}