{"train_loss": [2.295948250171466, 2.2870450554749904, 2.284237115811079, 2.282405854290367, 2.2811462425778055, 2.2803111157865605, 2.279649480795249, 2.279209247002235, 2.2788428220993433, 2.278511109515133, 2.2782747144373054, 2.278009517580016, 2.2777981646040564, 2.277580958655757, 2.2774101505931625, 2.2772541881626487, 2.2770902697856608, 2.276934520811097, 2.2767845545059595, 2.2766230126731415, 2.2764901396555777, 2.276392922951625, 2.276297722107325, 2.2761667610233665, 2.2760682493193536, 2.275955857374729, 2.2758538666953387, 2.2757335065776467, 2.275642964065584, 2.275556855222099, 2.2754622580658674, 2.275358883234171, 2.275261329789447, 2.275139553934081, 2.2750785029851475, 2.274959596303793, 2.2748929175556216, 2.2747980249233737, 2.2747129935484667, 2.2745801561918015, 2.2745350517778316, 2.274430906161284, 2.27434220069494, 2.2742415493370123, 2.2741704965249085, 2.274073765318618, 2.2739834423758025, 2.2739055635582686, 2.2737968156480384, 2.2737065324416528, 2.273604666065966, 2.2735201476985574, 2.273445133979504, 2.273359809166346, 2.2732551189569326, 2.2731716943602276, 2.2730756040312285, 2.272975633287022, 2.2728493167803836, 2.272780741381849, 2.272689953319028, 2.272619264757531, 2.2724840584983172, 2.2723750319236364, 2.2722692927743635, 2.2721780380632124, 2.2720963175480184, 2.2719953477892103, 2.2719005315731735, 2.271775714862041, 2.27167003429853, 2.2716049949328103, 2.271456199324029, 2.2713576769217467, 2.2712421386669845, 2.2711510464676423, 2.271076338413434, 2.2709234142914796, 2.270813549685682, 2.270743248299656, 2.2706517449810972, 2.2704790728723903, 2.2704178848837175, 2.270272865254655, 2.2701446760413995, 2.2700382807315926, 2.26994695317032, 2.269756756277166, 2.269706408692221, 2.2695185863054714, 2.2694245872334537, 2.269273408457764, 2.2692040373117495, 2.2690512823243427, 2.268977918686011, 2.268852742309244, 2.2686955383700185, 2.2685527592642694, 2.268442020457015, 2.268264861188383], "test_loss": [2.04650693359375, 1.951558465576172, 1.8962506774902343, 1.878778645324707, 1.8468074966430663, 1.8379059005737304, 1.8235206756591797, 1.8271608688354493, 1.8130911041259765, 1.8079547973632812, 1.8042805099487305, 1.8070815124511719, 1.7949283950805663, 1.7916701065063476, 1.7909036163330079, 1.7788114349365234, 1.7830594604492187, 1.7961277389526367, 1.7844449279785157, 1.778180307006836, 1.776930859375, 1.783713375854492, 1.7806955032348633, 1.7678053833007812, 1.7932977401733399, 1.7736659423828125, 1.7756179779052734, 1.769135903930664, 1.7766707794189454, 1.7742250595092774, 1.7681612548828125, 1.7628962661743164, 1.7721386749267578, 1.763207585144043, 1.7578895370483398, 1.7588382446289061, 1.7688157669067384, 1.762800407409668, 1.7658535385131835, 1.772283235168457, 1.7608069625854492, 1.7635238739013672, 1.7787826080322267, 1.7610854782104493, 1.7768642379760742, 1.766244401550293, 1.7609622268676757, 1.75324521484375, 1.7505856704711915, 1.7544945907592773, 1.7490341323852538, 1.769318682861328, 1.7526169631958008, 1.7709129791259766, 1.75029921875, 1.7569177612304687, 1.757336357116699, 1.7574392639160157, 1.747705877685547, 1.7584721817016602, 1.7467012100219728, 1.7465665557861327, 1.7572718383789063, 1.749201612854004, 1.7597485778808595, 1.7565817794799805, 1.7531801681518555, 1.748978254699707, 1.7614647491455078, 1.765736932373047, 1.7592001953125, 1.7534231658935546, 1.7646851440429687, 1.7420314498901368, 1.7572558624267578, 1.7612137496948241, 1.7685902130126954, 1.7820235595703124, 1.7542218551635742, 1.7582644165039063, 1.742267610168457, 1.7683220520019531, 1.7512101684570311, 1.7585895202636719, 1.7650199447631836, 1.743870623779297, 1.7671414169311523, 1.74392061920166, 1.734978239440918, 1.7628003265380858, 1.7509396560668946, 1.7595160919189452, 1.731613555908203, 1.754370198059082, 1.7428238220214844, 1.7326172988891602, 1.747985772705078, 1.7584981033325195, 1.7521555145263672, 1.7630893859863281], "test_acc": [76.06, 86.91, 90.85, 92.12, 93.5, 94.8, 94.91, 95.8, 95.81, 96.04, 96.48, 96.27, 96.7, 96.87, 96.98, 97.03, 97.1, 97.12, 97.21, 97.24, 97.37, 97.35, 97.38, 97.53, 97.54, 97.49, 97.66, 97.73, 97.67, 97.73, 97.67, 97.78, 97.88, 97.62, 97.76, 97.83, 97.9, 97.85, 97.92, 97.9, 97.86, 98.01, 97.99, 98.09, 98.1, 98.06, 98.14, 97.9, 98.23, 97.93, 98.05, 98.09, 98.17, 97.93, 98.11, 98.17, 98.14, 98.13, 98.01, 98.07, 98.01, 98.14, 97.82, 97.87, 98.01, 98.13, 98.1, 98.05, 98.21, 98.04, 98.03, 97.84, 97.95, 97.95, 97.77, 97.93, 98.05, 97.95, 97.96, 97.75, 97.96, 97.97, 98.1, 97.94, 97.86, 97.78, 97.74, 97.62, 97.76, 97.77, 97.57, 97.68, 97.69, 97.73, 97.63, 97.64, 97.62, 97.58, 97.67, 97.58]}