{"train_loss": [2.294128944221725, 2.2830386441996975, 2.279065616110451, 2.2764573861391115, 2.2747865146041937, 2.2733667477583275, 2.2725898582711177, 2.2718398693280344, 2.271141027283465, 2.2705964950414805, 2.270064216393691, 2.269500948425032, 2.269098832566514, 2.2686832694925814, 2.268116872025351, 2.2677489259304147, 2.2672509637653318, 2.2668393335790715, 2.2663450526376057, 2.265868502294915, 2.265464210612142, 2.2648627223112645, 2.264435858808012, 2.2639666785541763, 2.2633785804112754, 2.262882582142822, 2.262371634825682, 2.261805871103564, 2.2611968068995028, 2.2606432254497824, 2.2600295319516435, 2.2593722042874393, 2.2585211905658755, 2.2578904781586084, 2.257058266391102, 2.256394248742324, 2.2554104863068996, 2.2546971272199583, 2.253825123493488, 2.2528933144023275, 2.251870585812463, 2.250746247605381, 2.2497798999150596, 2.2487636621181784, 2.2475587501485124, 2.2462359259271216, 2.244994370855837, 2.243826612448081, 2.2426337380694528, 2.241088871772473, 2.2396639014920616, 2.2381399421610384, 2.2367355049165907, 2.2348539411512194, 2.233263994893457, 2.2317138492551623, 2.229349045162527, 2.2276946688309693, 2.2256871207147584, 2.2239922672255426, 2.2218224666057487, 2.219388297989837, 2.2174588518264966, 2.2151036221756892, 2.212823018559024, 2.2108081192032905, 2.207608053826878, 2.2054075298146305, 2.202653910869207, 2.2002175379003215, 2.1971907636039276, 2.194715522802793, 2.19131795820008, 2.1885330595521846, 2.185514390978039, 2.1825996632249947, 2.1796459367132592, 2.1760917214246898, 2.172908717750484, 2.170331909106328, 2.166574540810707, 2.1630867531156945, 2.160532129625989, 2.156843011195843, 2.1535445747212467, 2.1497403530993013, 2.1466179153858085, 2.143019452563718, 2.1393960622640757, 2.1354811517601338, 2.133088062971066, 2.1290804830371823, 2.126264719881563, 2.1227543807437277, 2.1185238768911767, 2.1162917945120068, 2.112381684474456, 2.1091824066944613, 2.1049159357690406, 2.1024997203778], "test_loss": [2.024694677734375, 1.8919007797241212, 1.8655475967407227, 1.8124720718383789, 1.8007323989868165, 1.7894739959716797, 1.7589832763671875, 1.7560456161499023, 1.7521823379516601, 1.7427059600830077, 1.7487912338256837, 1.7475031127929688, 1.7413993270874024, 1.7381253021240235, 1.7349518096923828, 1.7488593215942383, 1.7317458908081054, 1.7379010131835937, 1.699931460571289, 1.7467095993041992, 1.7177203643798828, 1.7196052551269532, 1.7092627029418945, 1.6994031967163086, 1.6957033126831054, 1.7002848739624024, 1.7031606842041016, 1.709950146484375, 1.7304204330444335, 1.715648583984375, 1.704903173828125, 1.684889453125, 1.696291404724121, 1.6968271743774415, 1.7070815902709962, 1.6956996002197267, 1.6799862503051757, 1.7481056213378907, 1.7110806716918945, 1.7132565368652344, 1.6893477569580078, 1.7020859832763673, 1.7525782669067382, 1.7361401641845704, 1.7239894577026367, 1.7277902297973633, 1.7048002685546875, 1.6866768539428711, 1.7265596572875976, 1.7339481246948243, 1.7166236770629884, 1.7537652404785156, 1.6877599716186524, 1.760485806274414, 1.6863059295654297, 1.7312690307617187, 1.7385373123168946, 1.708667268371582, 1.7283245162963867, 1.7348982208251953, 1.7461358428955078, 1.6872756591796876, 1.7559697525024414, 1.7381561950683593, 1.7020316146850587, 1.7675985488891601, 1.7544576065063477, 1.7330685012817382, 1.696763217163086, 1.6899574462890625, 1.7793333755493164, 1.7766380798339845, 1.785142727661133, 1.7252469329833984, 1.7683993270874023, 1.6960852340698243, 1.7308691543579102, 1.8291570861816406, 1.7540030151367187, 1.7672750457763673, 1.759623893737793, 1.7534171798706055, 1.791903643798828, 1.8370330673217774, 1.803127961730957, 1.7436345809936524, 1.8378813262939453, 1.784054298400879, 1.7751365020751952, 1.8504732513427735, 1.8184827011108398, 1.8708597686767579, 1.8406228561401368, 1.7490805038452149, 1.8159898498535156, 1.8212228057861328, 1.8186482025146484, 1.8156500549316406, 1.8288939254760743, 1.855611767578125], "test_acc": [71.78, 89.05, 90.74, 92.68, 94.31, 94.55, 94.77, 95.56, 95.51, 95.6, 96.25, 96.45, 96.43, 96.33, 96.44, 96.23, 96.58, 96.72, 96.51, 96.77, 97.02, 96.76, 96.81, 96.71, 96.46, 97.04, 96.71, 96.6, 96.35, 96.22, 96.53, 96.3, 96.28, 96.17, 95.49, 95.63, 95.63, 94.45, 94.18, 94.95, 94.33, 93.79, 91.04, 92.88, 90.94, 90.47, 90.0, 91.14, 87.93, 86.21, 87.76, 82.2, 87.49, 79.66, 84.45, 82.81, 77.89, 81.07, 79.75, 78.06, 77.28, 79.83, 73.28, 74.16, 77.03, 71.09, 68.83, 70.0, 73.59, 73.12, 64.36, 62.13, 55.82, 64.1, 61.17, 68.56, 64.45, 52.94, 61.01, 57.71, 58.45, 59.82, 52.06, 51.86, 53.64, 57.92, 48.74, 53.02, 53.26, 48.91, 50.09, 45.39, 48.21, 53.98, 47.88, 49.82, 47.43, 48.55, 46.49, 42.2]}