{"train_loss": [2.1431397451804233, 2.0601950489048266, 2.045842777460049, 2.038712052198557, 2.034186065196991, 2.031002827689179, 2.0279479370667386, 2.0256701144907208, 2.023585852649477, 2.0218598070817118, 2.019913689703004, 2.018496599971739, 2.0169749201362968, 2.01542856830817, 2.013919257200681, 2.0125745723390174, 2.011092551243611, 2.009852960578397, 2.0086827487008185, 2.007071426536283, 2.00544222119527, 2.004186266507858, 2.0027945945914993, 2.0015436107786293, 1.9999327185826423, 1.9984192244517498, 1.9968121958594036, 1.9952233772501986, 1.9937784075737, 1.9919798939655988, 1.9905469957579913, 1.9881887899504767, 1.9865523635322213, 1.9849777924708831, 1.9826701456664975, 1.9810023019965897, 1.9790010813973908, 1.9763805703220205, 1.9742428675676003, 1.9720807360787678, 1.9694034829098954, 1.9668723352444477, 1.964629931327624, 1.9619738826384912, 1.959493359948835, 1.9566626329707284, 1.9534772158178508, 1.9513722653062935, 1.947676691489342, 1.944856883623661, 1.9417007626631322, 1.9381803085661342, 1.9352036615212758, 1.9318650555916321, 1.9285591835649605, 1.9249478542906606, 1.9207916863453693, 1.917747632560567, 1.914246252204618, 1.9113118162012508, 1.9074658557899997, 1.9030260232269254, 1.9004483579570413, 1.8954298017371414, 1.8921723612862775, 1.888280571016491, 1.8837961992646894, 1.8804404868019953, 1.876146375368803, 1.872889987169168, 1.868412334440101, 1.8647690710858402, 1.8608212142418592, 1.8572002519399693, 1.8533883036201835, 1.8492164700968652, 1.8466566536161635, 1.841994763439537, 1.8380344764799135, 1.8351593063427851, 1.8320309175894811, 1.8292829633777976, 1.825069904836834, 1.821245533024144, 1.817854325231324, 1.8154335202824357, 1.8102276141826923, 1.8093398463012826, 1.8050379613016405, 1.8019083042939503, 1.7991527550750308, 1.7964220230395977, 1.793961135750143, 1.790218955431229, 1.788841885379237, 1.7840166512208107, 1.7824717439137971, 1.779342609592992, 1.7778651067334363, 1.7748796392200339], "test_loss": [1.2303135681152344, 1.0931301933288575, 1.0771393577575683, 1.0521535705566407, 1.0674896942138672, 1.0391003631591798, 1.0507282012939454, 0.988534107208252, 1.0252424530029296, 1.049083568572998, 1.0287953063964843, 1.041079164123535, 1.0070214546203613, 0.9746223320007324, 0.9511935317993164, 1.0434076164245605, 1.0690890495300294, 0.9864901901245117, 1.0001780639648437, 1.0822204299926759, 0.9542621185302734, 1.0214772453308105, 1.0181059677124022, 0.979151001739502, 0.9650642059326172, 0.9824894035339355, 1.0177917297363281, 0.9821784713745118, 1.0438362663269043, 1.0002448707580567, 1.0082738578796386, 1.0221604881286621, 0.964702579498291, 0.9918548057556152, 0.9873578865051269, 1.003850510406494, 0.923953662109375, 0.9662686187744141, 0.9834587158203125, 1.016052806854248, 0.9787720603942871, 0.9893458198547364, 1.0200007545471192, 0.9877276741027832, 1.0449429832458497, 0.971778874206543, 0.954128581237793, 1.0414819114685059, 1.0243221542358398, 1.056908261871338, 1.0027025337219237, 1.019154263305664, 1.0423064842224121, 1.0421558235168458, 1.056117805480957, 1.0035293083190917, 1.0106606697082519, 1.057319886779785, 1.0663799255371094, 1.0362838035583497, 1.0033794471740722, 1.0432280235290528, 1.0315333297729492, 1.0065748893737794, 0.9992639862060547, 1.0907277122497558, 1.053315813446045, 1.0403607116699218, 1.0818344596862792, 1.0376201286315918, 1.0725588584899903, 1.0546427352905274, 1.0947707321166993, 1.0048827041625976, 1.030645181274414, 1.0864127395629883, 1.1337447860717773, 1.077096834564209, 1.078503183746338, 1.0833442901611328, 1.1320109817504882, 1.0687596031188964, 1.0571988037109374, 1.0705294174194335, 1.0391015586853027, 1.0901439865112306, 1.1278272842407226, 1.0822559043884277, 1.0686858123779297, 1.077972557067871, 1.1250325119018554, 1.0288491416931151, 1.083502944946289, 1.1392046615600586, 1.0899480346679689, 1.145325961303711, 1.1227570747375488, 1.109247348022461, 1.117987449645996, 1.1474553924560547], "test_acc": [92.67, 95.49, 97.09, 97.33, 97.78, 97.91, 98.06, 98.15, 98.23, 98.32, 98.37, 98.51, 98.4, 98.49, 98.6, 98.56, 98.75, 98.7, 98.57, 98.68, 98.7, 98.64, 98.61, 98.55, 98.61, 98.54, 98.65, 98.58, 98.54, 98.4, 98.38, 98.37, 98.45, 98.45, 98.25, 98.42, 98.33, 98.2, 98.17, 98.01, 98.16, 97.81, 97.73, 97.56, 97.78, 97.7, 97.38, 96.32, 97.24, 96.45, 97.2, 95.76, 95.2, 96.17, 95.91, 95.19, 95.86, 94.75, 93.98, 94.01, 94.97, 93.0, 93.46, 93.75, 93.53, 90.52, 91.23, 91.37, 89.36, 91.41, 89.92, 90.55, 89.58, 91.13, 89.17, 87.71, 85.87, 87.96, 88.09, 86.58, 83.8, 86.96, 86.98, 85.5, 87.77, 85.86, 83.56, 84.03, 84.11, 85.02, 81.7, 87.16, 84.22, 82.01, 83.63, 80.24, 82.15, 82.83, 80.09, 80.6]}