{"train_loss": [1.8739087696258838, 1.7313817444010677, 1.7123557774939089, 1.7027142200714502, 1.6969326945961032, 1.6929512846673656, 1.6891781478865533, 1.6864579819206498, 1.6839571330282423, 1.6818144940412962, 1.6799223583478193, 1.6783067413374908, 1.6768115557666519, 1.6753102036622853, 1.674301506107689, 1.6728047822785175, 1.671817738785703, 1.670498449068803, 1.6696308446236146, 1.6689603748993995, 1.6679321479084146, 1.6665823923216925, 1.6659122988199577, 1.6650210048398402, 1.6641177957893436, 1.6631790644083269, 1.6628604001469083, 1.6619485158186693, 1.6609748349739955, 1.6601581303482382, 1.659759862555398, 1.6589524483578837, 1.658100247128397, 1.657370193901225, 1.6564561194843717, 1.6557811692229703, 1.6553183470526311, 1.6543975001216953, 1.653623573290996, 1.6527982422938714, 1.652048870539054, 1.6514584857683916, 1.6507965749145572, 1.6500276994501424, 1.649337521985046, 1.6485448976357777, 1.6475482611065237, 1.6473339564270444, 1.646194076181477, 1.6455856149013226, 1.6446649883037958, 1.643859293216314, 1.6431558290098467, 1.6425048930522723, 1.6419404388492942, 1.6410633256802192, 1.6400760575237436, 1.639661978962075, 1.6388336837801158, 1.6379494022609842, 1.6371413517711508, 1.636789713659857, 1.6358038253254361, 1.6350756093987033, 1.634415291568153, 1.6337874633634193, 1.6328367333636324, 1.6320412115663545, 1.6313489680616264, 1.6305024799628136, 1.629663376726656, 1.628803828333178, 1.6282381499424958, 1.6274843918971527, 1.626675591764287, 1.6257381462133849, 1.6252817503916912, 1.6244467000166576, 1.6238486748984737, 1.6229894606985598, 1.6222635214654808, 1.621511869196199, 1.620694805159528, 1.6199376257056863, 1.6189409415436606, 1.6183634222063243, 1.6177259900121608, 1.6169777652646742, 1.6165234642660515, 1.6158892871477666, 1.6150948667628133, 1.6144459186456142, 1.6135778643636622, 1.6132551113255003, 1.6123529728661237, 1.6113427653271928, 1.610885612730287, 1.6101509865023131, 1.609778724419765, 1.6090242172408307], "test_loss": [0.7948954391479492, 0.7207047981262207, 0.6861963226318359, 0.6659825088500977, 0.6534869346618652, 0.6675934402465821, 0.6169143825531006, 0.6726856452941895, 0.6549397705078125, 0.6742372840881348, 0.6265373275756836, 0.6480273643493653, 0.605309895324707, 0.64486392288208, 0.6050835891723633, 0.6208754936218261, 0.6614042129516602, 0.6608764137268066, 0.617520011138916, 0.6498730316162109, 0.6283101608276367, 0.599485595703125, 0.6853864608764648, 0.626061605834961, 0.6504801589965821, 0.6916672225952148, 0.5851317771911622, 0.6176908287048339, 0.6394507919311524, 0.6184912994384766, 0.5966048110961915, 0.6038743583679199, 0.6154364524841308, 0.6117593475341797, 0.5915892532348633, 0.613683821105957, 0.6231472740173339, 0.6149361564636231, 0.6242733047485352, 0.6494571464538574, 0.6310595657348633, 0.6073747291564942, 0.6185227508544922, 0.6172119995117188, 0.6236726684570313, 0.6544139854431152, 0.597175399017334, 0.65563716506958, 0.6122095230102539, 0.6560335388183594, 0.6313369522094726, 0.6090796928405762, 0.6776887542724609, 0.6561119422912598, 0.6211222511291504, 0.6460129547119141, 0.6299308242797852, 0.6557469947814941, 0.6725378433227539, 0.5951113632202149, 0.643550178527832, 0.63699482421875, 0.6179090187072754, 0.6061376640319824, 0.6185213371276855, 0.628422647857666, 0.6540382759094239, 0.6050705284118653, 0.6094268135070801, 0.6355919311523438, 0.6020325866699219, 0.6595619888305664, 0.5944297012329102, 0.6310285659790039, 0.629751498413086, 0.6499529579162597, 0.6207953475952148, 0.6447378524780274, 0.6115295364379882, 0.6326782783508301, 0.6031428688049316, 0.6136421089172364, 0.6430421501159668, 0.5958924629211426, 0.6599176025390625, 0.6676008094787598, 0.6395006256103516, 0.6427936546325683, 0.6221849349975586, 0.6223032119750976, 0.6262934646606445, 0.6457945495605468, 0.6327937705993653, 0.6632386436462402, 0.6377549621582032, 0.6378510192871094, 0.6424393707275391, 0.664224146270752, 0.6243344215393066, 0.6424450988769531], "test_acc": [95.7, 97.29, 98.04, 98.11, 98.03, 98.53, 98.55, 98.68, 98.69, 98.79, 98.75, 98.84, 98.87, 98.94, 98.9, 98.86, 98.93, 98.95, 98.95, 98.87, 99.03, 98.93, 99.03, 99.02, 98.99, 99.02, 98.99, 99.05, 99.0, 99.0, 99.01, 99.0, 99.04, 99.0, 99.05, 99.1, 98.99, 98.92, 99.04, 99.0, 99.06, 99.02, 99.01, 99.02, 99.08, 99.01, 99.07, 99.04, 99.0, 99.03, 99.04, 99.05, 98.95, 99.01, 99.09, 99.01, 99.07, 99.02, 98.96, 99.02, 98.96, 99.01, 98.99, 99.04, 98.98, 99.01, 98.97, 99.04, 99.07, 99.04, 98.96, 99.0, 98.9, 98.95, 98.99, 98.87, 98.95, 98.93, 98.93, 98.91, 98.97, 98.94, 98.93, 98.97, 98.83, 98.92, 98.81, 98.92, 98.9, 98.88, 98.77, 98.79, 98.74, 98.9, 98.96, 98.83, 98.8, 98.9, 98.7, 98.87]}