{"train_loss": [2.302650997781346, 2.3025664208281755, 2.302532596465869, 2.302508836118584, 2.3024916934151936, 2.3024742801984153, 2.3024645457919846, 2.3024504490387745, 2.3024393768392057, 2.3024322752259736, 2.3024194806050033, 2.3024108129688816, 2.302404130116487, 2.3023973611684947, 2.3023895127141576, 2.3023818609042044, 2.3023744577016587, 2.3023677901325064, 2.302359738920489, 2.302352319925259, 2.302346436895876, 2.3023375496905074, 2.3023340610357432, 2.302329046603961, 2.302321908820389, 2.302316810330774, 2.3023062603086486, 2.3023015739571333, 2.3022965101095347, 2.3022879005497336, 2.3022843655358014, 2.302276611328125, 2.302272671308273, 2.302259303056277, 2.3022583784201207, 2.302251644114144, 2.302244261289254, 2.3022382794282374, 2.3022326949315195, 2.3022249213650694, 2.3022199446319513, 2.3022123208412757, 2.3022065417379394, 2.302200265419789, 2.3021914632911358, 2.3021830091109643, 2.3021773252731714, 2.3021686235044756, 2.3021636416769433, 2.3021550784763107, 2.3021493503171153, 2.3021376082020946, 2.3021323405779324, 2.3021258844269648, 2.302124234346243, 2.302113673116407, 2.302108456945827, 2.302092772263747, 2.30209155062325, 2.3020781497670035, 2.3020738042317905, 2.3020651009347706, 2.3020533623858395, 2.3020481508002324, 2.302040514782963, 2.302032069263295, 2.3020206404547405, 2.3020151211665225, 2.3020078223994656, 2.3019941836340814, 2.3019843091312637, 2.301981628450573, 2.301965499535585, 2.301959085668254, 2.3019480414879627, 2.3019420198905163, 2.301932307390066, 2.3019188647596245, 2.301913828931303, 2.3019072000796976, 2.3018910023901196, 2.301886098507123, 2.3018736019093766, 2.3018560068220153, 2.30184952265177, 2.3018308531524787, 2.3018313203102503, 2.301817185858376, 2.301807533981454, 2.301791889035804, 2.3017822921785536, 2.301771465020302, 2.3017614544966283, 2.30174889931312, 2.3017323847509856, 2.3017245337494416, 2.3017114248031225, 2.3016907185570807, 2.301686804009299, 2.3016674951610403], "test_loss": [2.29098405456543, 2.286101940917969, 2.2828692199707032, 2.2802774200439453, 2.278143380737305, 2.276374240112305, 2.2747238677978516, 2.2731455993652343, 2.271814489746094, 2.2706013793945314, 2.269782308959961, 2.2687788177490233, 2.2680854248046876, 2.267195556640625, 2.2664942687988283, 2.2657431518554687, 2.2654008636474607, 2.2647615631103517, 2.2642092926025392, 2.263729837036133, 2.2632366149902343, 2.262644689941406, 2.2624495056152343, 2.2617578186035154, 2.2614118560791017, 2.26099538269043, 2.260432556152344, 2.2601182189941404, 2.25952278137207, 2.2590878997802735, 2.258720477294922, 2.2582593139648437, 2.257958871459961, 2.257558706665039, 2.2571011291503904, 2.2570969421386717, 2.256840594482422, 2.2566629058837893, 2.2555040100097656, 2.2555998657226564, 2.2550685211181642, 2.255164172363281, 2.254968960571289, 2.25457421875, 2.254466799926758, 2.254679577636719, 2.2541516357421876, 2.2537576049804686, 2.253346536254883, 2.2525877471923827, 2.2526705139160157, 2.252526174926758, 2.251387338256836, 2.252075439453125, 2.252141940307617, 2.2517762786865236, 2.251461267089844, 2.2512580963134767, 2.251035925292969, 2.2510163146972655, 2.2507609771728516, 2.2502634399414063, 2.250528579711914, 2.2498933227539064, 2.2495292877197266, 2.2495757568359376, 2.2493628784179687, 2.2489560150146484, 2.2489077209472654, 2.249349987792969, 2.2482516571044924, 2.2485394714355467, 2.248092022705078, 2.2477879974365234, 2.248383074951172, 2.248702639770508, 2.2474865325927733, 2.246717022705078, 2.248159228515625, 2.2470072479248047, 2.247025634765625, 2.2473559020996094, 2.2460343475341795, 2.2467625091552734, 2.2466684326171875, 2.246395718383789, 2.245291650390625, 2.2460365661621093, 2.245717868041992, 2.2447111114501954, 2.245834552001953, 2.245171520996094, 2.2461403167724607, 2.2448196380615233, 2.245636422729492, 2.2431698822021486, 2.2449018402099608, 2.2442296295166018, 2.2437678344726564, 2.2452945922851564], "test_acc": [29.33, 41.38, 50.5, 56.2, 64.99, 59.52, 70.63, 71.14, 73.17, 71.5, 76.77, 74.76, 77.26, 79.11, 78.19, 77.94, 78.05, 78.86, 78.44, 78.82, 80.93, 78.85, 80.3, 81.28, 79.48, 81.62, 80.59, 82.29, 82.99, 83.64, 83.72, 81.91, 82.81, 80.88, 83.31, 80.54, 80.88, 82.07, 83.39, 81.42, 81.69, 83.0, 82.26, 83.86, 82.49, 79.5, 82.05, 79.53, 82.83, 81.9, 78.93, 81.66, 79.92, 82.39, 81.47, 81.96, 83.08, 79.92, 80.64, 80.62, 80.82, 80.08, 79.5, 79.82, 81.09, 80.57, 79.53, 79.8, 78.88, 77.89, 78.34, 80.03, 77.25, 76.78, 78.74, 71.98, 78.1, 77.41, 75.61, 77.94, 74.07, 74.76, 76.3, 73.35, 73.72, 71.34, 74.02, 74.41, 73.32, 71.7, 70.58, 73.56, 70.64, 72.06, 71.62, 70.2, 71.48, 69.49, 67.44, 69.55]}