{"train_loss": [2.3020508910855675, 2.30110620891946, 2.3005645570591984, 2.300288116830027, 2.3001071112787623, 2.2999619321945386, 2.2998415297932095, 2.2997296044969153, 2.2996390013613253, 2.2995538940796485, 2.2994767345933833, 2.2994149072557435, 2.299355841599978, 2.299293971978701, 2.2992521830094166, 2.299210189244686, 2.299164948300419, 2.2991331841191673, 2.2991027638443513, 2.2990754175389934, 2.2990447466190043, 2.299018679521023, 2.298991745353764, 2.2989728588324327, 2.2989525952909746, 2.2989268924435997, 2.2989069167365375, 2.2988941103984146, 2.298875977850368, 2.2988511043736057, 2.2988379342943177, 2.2988222246496086, 2.2988042128391757, 2.2987899912728205, 2.298773404879448, 2.298769618710901, 2.298746251142942, 2.298736689437149, 2.298718447359199, 2.298704801971077, 2.2986998201435447, 2.298686547157092, 2.2986746308131094, 2.2986574712981525, 2.298642026562976, 2.298629809648563, 2.298624131924067, 2.2986098813195515, 2.298600789318737, 2.2985901547293377, 2.2985739641719394, 2.29856633172076, 2.2985549120821505, 2.298539903938261, 2.298535331701621, 2.2985296065990743, 2.298516781411619, 2.2985004166252594, 2.2984892318391394, 2.298481280987079, 2.29847496900803, 2.298462390390217, 2.2984489686468725, 2.298443352055346, 2.2984355840927515, 2.2984231226464624, 2.298423323366377, 2.298401949242649, 2.298393066622253, 2.298388591179481, 2.2983733272960043, 2.298365366764558, 2.2983575962547564, 2.2983434088209753, 2.298339505480905, 2.2983292371798782, 2.2983178970141287, 2.2983121163824682, 2.2982984190313225, 2.298294408199115, 2.298281172911326, 2.2982735165164003, 2.298261227770748, 2.298256913311461, 2.2982437014579773, 2.298231363296509, 2.298236339010744, 2.2982079493693814, 2.2982130804632463, 2.298197457933018, 2.2981872003302617, 2.2981792968562527, 2.2981688966099014, 2.2981592029587836, 2.2981558671364417, 2.2981459472933388, 2.2981317445763154, 2.2981283659608955, 2.298114572834765, 2.298102867908967], "test_loss": [2.2542521484375, 2.209736575317383, 2.180595068359375, 2.165423944091797, 2.1576313232421875, 2.1474618469238282, 2.139714685058594, 2.1355688751220705, 2.132028726196289, 2.125448910522461, 2.1203927764892576, 2.1190618896484374, 2.111643405151367, 2.108420281982422, 2.108370642089844, 2.1033040313720703, 2.1004891448974607, 2.1007356994628905, 2.0970086059570314, 2.098013409423828, 2.0957961151123046, 2.0902767028808595, 2.0907967041015625, 2.0923867614746094, 2.090284536743164, 2.0899647705078124, 2.0914335205078123, 2.0895149230957033, 2.0886540740966795, 2.0876736114501955, 2.0875821868896485, 2.08702707824707, 2.0840483795166014, 2.084648602294922, 2.083396694946289, 2.0828464660644532, 2.083377197265625, 2.081929214477539, 2.080617752075195, 2.082000689697266, 2.0800025115966796, 2.0838474395751954, 2.076992919921875, 2.0794051666259765, 2.0780838348388673, 2.0754029266357423, 2.077033837890625, 2.080378646850586, 2.0778054260253906, 2.079321096801758, 2.074158004760742, 2.0784454040527343, 2.076703860473633, 2.075085397338867, 2.0761739929199217, 2.0770193450927734, 2.075167886352539, 2.0752691619873045, 2.0762107299804686, 2.074869439697266, 2.072227813720703, 2.0733414672851564, 2.0724675476074217, 2.072039694213867, 2.0737920959472658, 2.0729889251708986, 2.0781143493652343, 2.070090545654297, 2.0696559997558595, 2.072358645629883, 2.0758425170898436, 2.0695918243408205, 2.0764713958740235, 2.0761851287841795, 2.0709064544677735, 2.0751276763916016, 2.072455145263672, 2.065848193359375, 2.071277719116211, 2.070745504760742, 2.0675043365478514, 2.067349197387695, 2.069641510009766, 2.0711754486083986, 2.07208737487793, 2.069210110473633, 2.072670022583008, 2.069962564086914, 2.07156565246582, 2.073281246948242, 2.0707684509277344, 2.0661465850830076, 2.067695346069336, 2.0694917266845705, 2.07028288269043, 2.0677893981933595, 2.0654219146728514, 2.070923156738281, 2.0693562103271486, 2.0693843688964844], "test_acc": [64.09, 76.33, 83.0, 84.98, 88.09, 88.77, 89.23, 91.09, 91.21, 91.94, 92.75, 92.9, 93.63, 93.34, 93.92, 94.08, 94.19, 94.21, 94.89, 94.85, 95.09, 95.27, 95.26, 95.32, 95.27, 95.52, 95.56, 95.55, 95.81, 95.35, 95.91, 95.73, 95.96, 96.0, 96.11, 96.26, 96.12, 96.32, 96.13, 96.27, 96.15, 96.46, 96.22, 96.32, 96.42, 96.41, 96.65, 96.5, 96.63, 96.57, 96.61, 96.21, 96.75, 96.29, 96.62, 96.79, 96.51, 96.78, 96.95, 96.77, 96.8, 96.85, 96.64, 96.85, 96.82, 96.91, 96.9, 97.0, 96.86, 96.76, 96.73, 97.19, 96.81, 97.17, 97.06, 97.09, 96.96, 96.96, 96.98, 97.2, 97.02, 97.13, 97.21, 97.15, 97.09, 97.0, 97.03, 97.13, 97.29, 96.76, 97.21, 97.2, 97.26, 97.42, 97.15, 97.41, 97.19, 97.37, 97.28, 97.27]}