{"train_loss": [1.3038360290547721, 1.0790161419118571, 1.0529999278294735, 1.0390449749608326, 1.02978378890926, 1.0222721048909376, 1.0168272479731812, 1.0121788351963728, 1.007521216940676, 1.0034230399844992, 1.0005565136671066, 0.9971219434952124, 0.994875413357702, 0.9913319947882595, 0.9893998367409421, 0.9861700659633702, 0.9838041809634266, 0.981395403544108, 0.9787174283693998, 0.9769732459233358, 0.9745815040973517, 0.9718144834041595, 0.9692841465147133, 0.9668517893450892, 0.9645669853840119, 0.9617706492670581, 0.9592369464982269, 0.9565717071040064, 0.9538745729841738, 0.9514703731506299, 0.9490141048390641, 0.9459684480968703, 0.9429807329279745, 0.9399882115614719, 0.9370681452445495, 0.9342220777120346, 0.9315657509952529, 0.9285179076031742, 0.9254336894577385, 0.9220201142578044, 0.9192006567604522, 0.9156928469992092, 0.9128957993199682, 0.9103368896449733, 0.9065693956919205, 0.9038772579187002, 0.9005643466853688, 0.8975121623430496, 0.8948123565851114, 0.8919943037450823, 0.889074080520206, 0.8865122629536523, 0.8835342344310548, 0.8795952170323103, 0.8768169444340926, 0.8746432246815445, 0.8719777654633563, 0.8697729993325013, 0.866936343602645, 0.8640235096980364, 0.8621937666948025, 0.8597247800511173, 0.8578076230155097, 0.8551225859639991, 0.8530525721800633, 0.8514482710096571, 0.8488860691969211, 0.8466896101450309, 0.8449164473602915, 0.8430700372172217, 0.8416928112761587, 0.8396943898027779, 0.8377587164823825, 0.8360960028874569, 0.8349410253457534, 0.8328500844729252, 0.8319420634936063, 0.8303780084491795, 0.8290219690300461, 0.8279120298022897, 0.8267589402504456, 0.8255098483756057, 0.823767497498765, 0.8230686897141302, 0.8220239494346145, 0.8208155078001511, 0.8197607520299081, 0.8183415875985072, 0.8175694685206454, 0.816884492452328, 0.8155111949413251, 0.8146461244577017, 0.8138874932232066, 0.812978418591695, 0.8125972577139863, 0.8114245791211088, 0.8107834480002395, 0.8098550540769202, 0.809039246959564, 0.8085606258649093], "test_loss": [0.44285016059875487, 0.3126766191482544, 0.2923614381790161, 0.2979066833496094, 0.2859546844482422, 0.3197411710739136, 0.28154147033691407, 0.2765573804855347, 0.27803050422668457, 0.27136291103363036, 0.2878415054321289, 0.3239255081176758, 0.23996845932006836, 0.2581024923324585, 0.25114119033813476, 0.26637274017333984, 0.28395132503509524, 0.3089665050506592, 0.2930966636657715, 0.25262231884002684, 0.2975526348114014, 0.2345872863769531, 0.28848684673309327, 0.24127930755615234, 0.265044854927063, 0.24224993782043458, 0.29360602436065675, 0.28528177471160887, 0.23484866008758545, 0.2541562381744385, 0.3036664121627808, 0.27716778659820557, 0.32539916229248045, 0.2189351167678833, 0.292929141998291, 0.23688647212982178, 0.28453364601135256, 0.27023204193115236, 0.2744772323608398, 0.26561986598968507, 0.3047301635742187, 0.2742237787246704, 0.2603491466522217, 0.264960986328125, 0.2780077085494995, 0.25175458812713625, 0.2588427669525146, 0.3181848066329956, 0.2684981985092163, 0.31808108100891114, 0.2458215560913086, 0.27407449588775634, 0.2683563718795776, 0.27787236461639403, 0.3050117120742798, 0.26779924468994143, 0.26416710777282715, 0.2772164628982544, 0.28027554473876953, 0.27071248683929444, 0.27987605838775637, 0.2772953716278076, 0.2760135778427124, 0.28511448459625244, 0.27896011180877683, 0.2920832504272461, 0.29409230365753175, 0.2882738500595093, 0.2889478622436523, 0.2751645658493042, 0.28029239292144775, 0.2577866491317749, 0.2793649887084961, 0.28964720497131347, 0.2768722759246826, 0.26148178234100344, 0.3082117538452148, 0.279163893699646, 0.29104306411743164, 0.3046927173614502, 0.2837485984802246, 0.27719593315124513, 0.29430761585235593, 0.2862203866958618, 0.2948139444351196, 0.28007927303314206, 0.2738976974487305, 0.29956697368621826, 0.2815830778121948, 0.29183372135162355, 0.2895856914520264, 0.29178605823516846, 0.2827984920501709, 0.3000802665710449, 0.28377949867248536, 0.29389845390319824, 0.3040618091583252, 0.2874428897857666, 0.2885980619430542, 0.29857498245239256], "test_acc": [96.61, 97.86, 98.3, 98.52, 98.56, 98.71, 98.69, 98.83, 98.99, 98.88, 98.97, 98.85, 98.99, 98.99, 99.03, 98.96, 99.01, 98.9, 98.95, 99.02, 98.99, 98.95, 98.98, 99.06, 99.04, 99.05, 99.03, 98.94, 99.01, 98.99, 98.86, 98.94, 98.89, 98.93, 98.92, 98.92, 98.83, 98.92, 98.87, 98.83, 98.71, 98.81, 98.85, 98.79, 98.72, 98.76, 98.68, 98.57, 98.64, 98.39, 98.69, 98.59, 98.65, 98.62, 98.41, 98.59, 98.58, 98.62, 98.67, 98.45, 98.48, 98.58, 98.47, 98.5, 98.52, 98.45, 98.48, 98.36, 98.46, 98.59, 98.39, 98.57, 98.42, 98.41, 98.33, 98.49, 98.37, 98.35, 98.36, 98.37, 98.36, 98.46, 98.28, 98.42, 98.22, 98.27, 98.31, 98.34, 98.36, 98.37, 98.22, 98.3, 98.29, 98.28, 98.35, 98.32, 98.23, 98.24, 98.18, 98.29]}