{"train_loss": [2.2788146902353335, 2.25571816904932, 2.2481407090130014, 2.2441749644075704, 2.241884218321906, 2.240302444013775, 2.239150954107953, 2.238154500977606, 2.237088177448664, 2.2363629575468535, 2.235680497609652, 2.235075534408928, 2.2343229870510917, 2.2338282812354913, 2.2330989863118553, 2.2324859408231883, 2.2319626599295526, 2.2315051244874287, 2.2308457330760794, 2.230294422716157, 2.2296625217820845, 2.2289233492989826, 2.2286293695115638, 2.2278457762848616, 2.22724673534051, 2.2266401750409703, 2.22593021290934, 2.2253780864242816, 2.2246657885037937, 2.223913864702241, 2.2232361420606956, 2.2223106877416625, 2.2216734998246546, 2.2208333575827446, 2.2200816263500442, 2.2192272722211657, 2.2184706763324575, 2.217361071680346, 2.2164240443808403, 2.2153573469219046, 2.2143095380220656, 2.213362973979396, 2.212229321655045, 2.2109467799846945, 2.2100205645601974, 2.20868258140026, 2.207215660657638, 2.206046495682154, 2.2047285157391148, 2.2035076388945947, 2.2016965410648246, 2.200377707807427, 2.1986929677490497, 2.197055776913961, 2.195559200568077, 2.1938030164465947, 2.1921466359725366, 2.1899817866137905, 2.1884307137921324, 2.18642133117741, 2.1843618974726424, 2.182720537878509, 2.1808060850852575, 2.1782738372810884, 2.1756544826377153, 2.1741021922510915, 2.17196236563544, 2.1694168310899, 2.167122217834505, 2.164813548581213, 2.1622486700359573, 2.159223555499672, 2.157256147800348, 2.154584264653361, 2.1519683762493296, 2.1496345319299617, 2.1466300762616672, 2.1435022771867933, 2.141616090750083, 2.1383293092760267, 2.136120674956558, 2.1328566232298174, 2.1292020856824694, 2.127197824482225, 2.1245239804952574, 2.1214833840345726, 2.118959150253198, 2.1159230017254496, 2.1125863928061266, 2.109922645947872, 2.1072328763130383, 2.104125571047139, 2.1016207994558873, 2.0986341513120212, 2.096631028713324, 2.092875220327296, 2.090127125255063, 2.087755338758485, 2.084459464264731, 2.081501264857431], "test_loss": [1.805455450439453, 1.696201969909668, 1.6582454040527344, 1.6373072799682618, 1.5853789749145508, 1.5904712142944335, 1.5812095916748048, 1.5985844528198243, 1.5256479415893556, 1.5347146087646484, 1.5671044570922852, 1.5755177688598634, 1.5098931350708007, 1.5525724884033203, 1.5273154510498046, 1.5470418212890624, 1.5676954223632813, 1.5216256393432617, 1.4948602325439453, 1.4981130981445312, 1.5325412887573242, 1.5041840927124024, 1.5025958984375, 1.492969630432129, 1.51357353515625, 1.5196086547851562, 1.4732217956542968, 1.5278562683105468, 1.5220150939941406, 1.535117253112793, 1.5008214599609375, 1.526070166015625, 1.574023161315918, 1.4769158981323243, 1.519188264465332, 1.5542647537231444, 1.5896290435791016, 1.4965461715698243, 1.4878168518066406, 1.4734848251342774, 1.5487812454223633, 1.5115965942382812, 1.555430972290039, 1.4914290817260742, 1.4864272567749024, 1.4887735488891602, 1.4909153121948242, 1.5400152709960937, 1.5782360916137694, 1.5078784973144532, 1.493169203186035, 1.5429617080688476, 1.605958740234375, 1.5350916458129882, 1.524499691772461, 1.5576172775268555, 1.5400352767944336, 1.4931682907104493, 1.582981544494629, 1.534905760192871, 1.521632261657715, 1.5476720901489258, 1.5094969467163086, 1.5204899017333984, 1.5712493743896485, 1.5510496490478516, 1.477530615234375, 1.4994626602172851, 1.5924748580932617, 1.551964973449707, 1.5240381317138672, 1.5484124298095703, 1.5928183868408203, 1.5704372756958007, 1.57750079498291, 1.5442349594116211, 1.5507030227661134, 1.5780606628417968, 1.59282294921875, 1.540933120727539, 1.5105482482910155, 1.5637102905273437, 1.6171939315795898, 1.5986450286865235, 1.55272325592041, 1.6048333724975585, 1.5766442199707031, 1.5822104232788086, 1.6325701293945312, 1.5911411926269532, 1.5891688278198242, 1.6148293228149415, 1.5848597564697267, 1.6198933685302734, 1.6475071258544922, 1.6239071517944337, 1.5757872634887695, 1.6364436599731444, 1.610187141418457, 1.6345984634399413], "test_acc": [82.58, 91.68, 93.08, 95.55, 96.0, 96.4, 96.4, 96.79, 96.99, 97.06, 97.59, 97.75, 97.6, 97.73, 97.75, 98.04, 98.01, 98.1, 98.13, 97.92, 97.92, 97.71, 98.12, 97.94, 98.27, 98.3, 98.01, 98.02, 97.95, 97.75, 97.92, 97.99, 97.87, 98.01, 97.46, 97.67, 97.23, 97.2, 97.49, 97.46, 96.72, 96.66, 95.46, 97.03, 96.81, 96.49, 96.3, 95.0, 91.84, 95.26, 94.99, 93.98, 91.63, 93.88, 93.13, 91.93, 91.95, 91.26, 88.71, 88.75, 87.98, 87.37, 88.42, 85.27, 84.09, 86.95, 87.23, 85.05, 82.53, 82.5, 81.13, 80.26, 77.37, 78.39, 77.94, 80.07, 79.04, 74.67, 73.24, 78.0, 79.13, 72.73, 70.61, 69.57, 72.49, 69.86, 69.58, 68.99, 64.0, 66.53, 69.36, 65.1, 66.77, 62.08, 61.68, 63.69, 66.29, 62.7, 63.19, 60.53]}