{"train_loss": [1.9163536437046833, 1.782067065564995, 1.7643178726872828, 1.7557440993622837, 1.750404799850578, 1.7467771776211567, 1.7437353949261527, 1.7415717998121538, 1.7396050887739556, 1.7379554634929721, 1.7368125148818023, 1.735473533726146, 1.7344302968082266, 1.7334002786212497, 1.7325629884870644, 1.7318107455204694, 1.7311726969022017, 1.7305010371228569, 1.729765425125758, 1.729384691796751, 1.7288367982603545, 1.7283221419550414, 1.7279033615038946, 1.727442021553333, 1.7271534454109323, 1.7266909398584285, 1.7261918760263002, 1.7260347640412486, 1.7255927120518482, 1.7252329417273529, 1.7249546736224084, 1.7248283026055393, 1.7244123031950405, 1.7241633521695423, 1.7238173454235761, 1.723723725375966, 1.723496093454524, 1.723177364239326, 1.7230453916594513, 1.7228447260000768, 1.7225547886302328, 1.7225383087101145, 1.7222170873075469, 1.722018906958083, 1.7217116022211874, 1.721673464927918, 1.7214024380231514, 1.7213197294463458, 1.7211559766378157, 1.7209601641720176, 1.7208477238304594, 1.7206361416058662, 1.7205669864630089, 1.720320805779889, 1.7203215220545092, 1.7201056844658322, 1.7199896833835504, 1.719865701137445, 1.719738361163017, 1.7196139922508826, 1.7195850929133913, 1.719421593297241, 1.71914208928744, 1.719172165944026, 1.719075024382681, 1.7188596414704609, 1.718726529270156, 1.7187273262912393, 1.7186353102199032, 1.7184096241099203, 1.7183184468338633, 1.7181532808348663, 1.7181320692229474, 1.7180743207279434, 1.717835986206674, 1.7178496282834272, 1.717739206348729, 1.717652411542387, 1.7176061392339885, 1.717556035416758, 1.717387421263589, 1.7172940088133526, 1.7172629904543233, 1.7170987707427425, 1.717174588615059, 1.7170354178828051, 1.7168987599702983, 1.7167547039496593, 1.7168131282186916, 1.716719827336124, 1.716585516420185, 1.7165299778820102, 1.716444858119019, 1.7163665416913154, 1.716322397829121, 1.7162990488557734, 1.7162039246824052, 1.716080350244147, 1.7160269770866785, 1.715953402284883], "test_loss": [0.8315085571289063, 0.7407636611938476, 0.7098309051513672, 0.7013901123046875, 0.7073213760375977, 0.7201823951721191, 0.6919738754272461, 0.6868373336791992, 0.7121059967041016, 0.7100931755065918, 0.649798974609375, 0.7136820625305176, 0.6651833099365234, 0.6665507011413574, 0.6484378021240235, 0.6539830291748047, 0.6715370803833007, 0.7062899147033691, 0.6685188186645508, 0.6520548126220703, 0.6594124565124512, 0.6728817779541015, 0.6379798149108886, 0.676065911102295, 0.6789561660766602, 0.6640467658996582, 0.6436448287963867, 0.6510333587646484, 0.665709220123291, 0.6725665328979492, 0.6671018608093262, 0.6829791923522949, 0.6525393783569335, 0.6570352157592774, 0.710953360748291, 0.6606685997009277, 0.6579905593872071, 0.6885903518676758, 0.6554450637817383, 0.6934159126281738, 0.645924919128418, 0.6330293258666992, 0.6757329895019532, 0.6669927749633789, 0.6820044601440429, 0.6700124458312988, 0.6601922714233398, 0.6527088310241699, 0.6612376220703124, 0.6625075241088867, 0.6679810592651367, 0.641811450958252, 0.6592357917785645, 0.7101502304077149, 0.6532092651367187, 0.6430137893676758, 0.6523740509033203, 0.6656831932067871, 0.6558446449279786, 0.6653779716491699, 0.6758627342224122, 0.6607281463623047, 0.6429779838562012, 0.6554230583190918, 0.678607112121582, 0.639007568359375, 0.6690729103088379, 0.66988720703125, 0.6624881156921387, 0.6364520111083984, 0.655641162109375, 0.6649084915161133, 0.6633707328796387, 0.6746383987426757, 0.6376133224487305, 0.6538245025634766, 0.6468635620117188, 0.6465736801147461, 0.6545777488708496, 0.6538090972900391, 0.6338584938049316, 0.6696683799743652, 0.6438432983398438, 0.6509251144409179, 0.6792717247009278, 0.6346181373596191, 0.6804509468078613, 0.6337409652709961, 0.6375661407470703, 0.6543355285644531, 0.6615027458190917, 0.6588879600524903, 0.6539285896301269, 0.6682249664306641, 0.6464439933776855, 0.6402088806152344, 0.661184326171875, 0.6659622398376465, 0.656218059539795, 0.6430926132202148], "test_acc": [95.64, 97.42, 98.05, 98.23, 98.31, 98.54, 98.66, 98.77, 98.88, 98.83, 98.84, 98.92, 98.86, 98.88, 98.92, 98.94, 98.98, 98.95, 98.95, 98.99, 98.98, 98.98, 98.96, 99.01, 99.04, 99.0, 99.04, 99.03, 99.07, 98.94, 99.07, 98.99, 99.06, 99.06, 99.12, 99.07, 99.13, 99.08, 99.03, 99.14, 99.15, 99.12, 99.1, 99.13, 99.16, 99.11, 99.08, 99.17, 99.13, 99.12, 99.11, 99.18, 99.14, 99.11, 99.16, 99.14, 99.19, 99.22, 99.16, 99.12, 99.2, 99.2, 99.16, 99.22, 99.26, 99.2, 99.26, 99.18, 99.26, 99.24, 99.21, 99.22, 99.19, 99.27, 99.19, 99.2, 99.21, 99.21, 99.2, 99.27, 99.22, 99.28, 99.26, 99.23, 99.25, 99.23, 99.24, 99.22, 99.26, 99.23, 99.26, 99.29, 99.23, 99.26, 99.27, 99.28, 99.29, 99.27, 99.23, 99.26]}