{"train_loss": [2.0790461607468433, 1.9812650649975507, 1.965889521388926, 1.958784039458658, 1.9539333800984244, 1.950835494658886, 1.9480618302129273, 1.9459653626649807, 1.9443020853731368, 1.9427675721991775, 1.9414374334180458, 1.9399332995088692, 1.9388437643010392, 1.9376661347018347, 1.9367056705503383, 1.9357828360337477, 1.9347269598744874, 1.9341029838109627, 1.933031087757176, 1.932632951400219, 1.931535731523465, 1.931080029051528, 1.9303222869196508, 1.9295166063512492, 1.9288289656496456, 1.9280133886724455, 1.9275836458063533, 1.9264536008366153, 1.926167096847143, 1.9254003314890413, 1.924810311733148, 1.9237576045541682, 1.9233266504911275, 1.9225835634602442, 1.921979306345312, 1.9211868659043922, 1.9208096877122536, 1.9203129978770883, 1.9194478440997946, 1.9186508607151163, 1.917917268907922, 1.9172790712780423, 1.9163532425195744, 1.9158570065967038, 1.915254190691516, 1.9143913543631887, 1.9138445171535525, 1.9128741876691835, 1.9122433244672596, 1.9114664905091636, 1.9105469199836764, 1.909949727038033, 1.9092228741217883, 1.9086490357533479, 1.9076660053852277, 1.9068812834910858, 1.9062177890386336, 1.9052040128626375, 1.9043580851493738, 1.9038450323108933, 1.9028037814503043, 1.9021609873853178, 1.9013102755077884, 1.9004177102166364, 1.899723953416205, 1.898853173877439, 1.89774514722009, 1.8970620601605146, 1.896168522345714, 1.895493859409267, 1.8945649383414505, 1.8936031165286007, 1.8927703346961584, 1.8917876339366293, 1.890763231831738, 1.8899725917567554, 1.8890954785876803, 1.8883320541463346, 1.8874416779249141, 1.8865938497404766, 1.8852467328055291, 1.884398888064246, 1.8838059176237156, 1.8828902955238636, 1.8815213444395962, 1.8808296569901655, 1.879862351804717, 1.8789605944075136, 1.877890342575872, 1.8767567465447972, 1.876032206747267, 1.8751977414656908, 1.8743225346263657, 1.873152748387084, 1.8723901581560445, 1.871403767512395, 1.8706856285914397, 1.8699648744530148, 1.8687283608139071, 1.8677851557731628], "test_loss": [1.080682447052002, 0.997190202331543, 0.9539630432128906, 0.930102490234375, 0.929719702911377, 0.9332041221618652, 0.9001336509704589, 0.9355757598876953, 0.8986406684875489, 0.8880959930419922, 0.9178694129943847, 0.9456924552917481, 0.8650059219360352, 0.8847438781738282, 0.9021878791809081, 0.8702190284729003, 0.8970920120239257, 0.8738578002929688, 0.8294692352294922, 0.8561653617858886, 0.8398426849365235, 0.8652175148010254, 0.8465581977844239, 0.8741712745666503, 0.882063809967041, 0.9222220436096191, 0.826482218170166, 0.8799337150573731, 0.8767284286499023, 0.8789909408569336, 0.8753093368530274, 0.9109681526184082, 0.8576104476928711, 0.8351295600891113, 0.9170805358886719, 0.8516189094543457, 0.8875215171813965, 0.8359409873962402, 0.8860870780944824, 0.8828352584838867, 0.8729181457519531, 0.8589786445617675, 0.863003874206543, 0.8624476676940918, 0.8260039123535157, 0.8401134788513184, 0.8819244316101075, 0.8829743408203125, 0.9045722511291504, 0.8557445678710938, 0.8811120986938477, 0.8577634529113769, 0.8787653747558594, 0.9171309173583985, 0.8823709640502929, 0.872279012298584, 0.8400932167053222, 0.8808489723205566, 0.8554019844055176, 0.8863190086364746, 0.9217510551452637, 0.9064232765197754, 0.8801944221496582, 0.8826417610168457, 0.8627143852233887, 0.8994807571411133, 0.9126581344604492, 0.8270398399353027, 0.9090108375549316, 0.8658384521484375, 0.8438925559997559, 0.8548946884155273, 0.8488189697265625, 0.8270392959594727, 0.8860621376037597, 0.8614955841064453, 0.8595825080871582, 0.8717319641113281, 0.8465166091918945, 0.8485169921875, 0.8694645637512207, 0.8789160873413085, 0.8449907920837403, 0.8883864875793457, 0.8601721511840821, 0.8433790550231933, 0.8163026237487793, 0.8751098197937012, 0.8518490119934082, 0.851401399230957, 0.8964453552246093, 0.878874836730957, 0.898318391418457, 0.8970154747009277, 0.8941893623352051, 0.8737428550720214, 0.8805633262634277, 0.8897881973266601, 0.8548913925170899, 0.915437124633789], "test_acc": [93.69, 96.68, 97.4, 97.58, 97.94, 97.96, 98.12, 98.48, 98.5, 98.48, 98.53, 98.53, 98.66, 98.61, 98.69, 98.74, 98.84, 98.78, 98.87, 98.88, 98.87, 98.88, 98.82, 98.86, 98.91, 98.98, 98.93, 98.89, 98.98, 98.81, 99.05, 99.02, 99.01, 98.94, 99.05, 99.01, 98.97, 99.06, 99.01, 99.02, 99.02, 99.05, 98.97, 99.03, 99.02, 99.01, 99.0, 99.01, 99.0, 99.07, 98.97, 99.04, 99.01, 98.93, 98.95, 99.02, 99.0, 98.97, 99.0, 98.99, 98.83, 99.05, 98.96, 98.87, 98.95, 98.92, 98.91, 98.91, 98.89, 98.88, 98.77, 99.04, 98.92, 98.81, 98.95, 98.93, 98.67, 98.69, 98.75, 98.8, 98.89, 98.66, 98.77, 98.65, 98.64, 98.53, 98.61, 98.62, 98.58, 98.6, 98.49, 98.63, 98.36, 98.51, 98.29, 98.45, 98.35, 98.35, 98.24, 98.14]}