{"train_loss": [1.3199827688881474, 1.0947933630046682, 1.0655654545268443, 1.049276777694368, 1.0364288131141255, 1.0282078698659554, 1.0193983043870356, 1.0125504506704135, 1.0061866615572546, 1.0006679026489584, 0.9939400928142743, 0.9875908502910891, 0.9817730756396921, 0.9747495624499444, 0.9686356822394917, 0.9621562538748114, 0.9543313617125536, 0.9484526225899019, 0.938709842470976, 0.9319197020979009, 0.9212985648813411, 0.9129195892148547, 0.9022386424307131, 0.8908375225260726, 0.8792686715849445, 0.8666315288879932, 0.8542777604272223, 0.8377180843271761, 0.8245026158471392, 0.8079516290344744, 0.7913782771071817, 0.7728807719854208, 0.7536782357427809, 0.7337279741325949, 0.7142152993852257, 0.6935359207738159, 0.6725513777162275, 0.6520863914718995, 0.6292049283655281, 0.6061783872990527, 0.5853646735732372, 0.5631658541213753, 0.5419760066219884, 0.5241008061501715, 0.5049151941879183, 0.48622423442255736, 0.4717456727073743, 0.45737694152909464, 0.4427657127380371, 0.43067155453639155, 0.41924381319783693, 0.4100986168297947, 0.40286422240683156, 0.3950427424831268, 0.38839472002453274, 0.38308062047785163, 0.377955173389015, 0.37258218496273726, 0.3693493128969119, 0.3653241259037939, 0.36193235982687044, 0.3583742276980327, 0.3554741186846016, 0.3524839070617643, 0.3496156730330907, 0.347490776107352, 0.3449462077811233, 0.34256574059398764, 0.3403976812449276, 0.3383536161138461, 0.33644319663190436, 0.3348403408104538, 0.33316658577348435, 0.33094043787728006, 0.32979839887374485, 0.3284104913473129, 0.3262415837146278, 0.3255431646337876, 0.32362940506293225, 0.32240097262920475, 0.32124198705722123, 0.3202085489900703, 0.31882549236472857, 0.3177825874115667, 0.3162257608312827, 0.31539785110542917, 0.31414558929510605, 0.3136072484855978, 0.31202530268675244, 0.31119759005104375, 0.31037806356564546, 0.30944731506781703, 0.3086305242191013, 0.30794549446839553, 0.3067818597977997, 0.30643439267435646, 0.3056096067158585, 0.30444722266023994, 0.30408141386305165, 0.3034127976777207], "test_loss": [0.40492355003356933, 0.3856945831298828, 0.33943928718566896, 0.3082257196426392, 0.3159987600326538, 0.3277675174713135, 0.2952966228485107, 0.3345472913742065, 0.2830000293731689, 0.2801073194503784, 0.3159388126373291, 0.33909643325805666, 0.25279713706970214, 0.2920049139022827, 0.29254911193847655, 0.27610838356018064, 0.303259238243103, 0.28061073951721194, 0.23395339183807373, 0.2574166410446167, 0.23480126075744628, 0.28291921825408933, 0.2555045955657959, 0.28152180938720706, 0.2971516984939575, 0.3255376386642456, 0.24338981533050538, 0.2976598621368408, 0.28996088848114016, 0.27522685546875, 0.2862648763656616, 0.33995258712768556, 0.2854237001419067, 0.2866487567901611, 0.3146803337097168, 0.2793257888793945, 0.2860379972457886, 0.30696026344299315, 0.33436001319885256, 0.36265020866394043, 0.3446760763168335, 0.32003352222442627, 0.31623577461242675, 0.3497535121917725, 0.333148511505127, 0.3155030336380005, 0.3685058542251587, 0.35260549869537355, 0.371034326171875, 0.3396053094863892, 0.38564321784973143, 0.3549521352767944, 0.3436924310684204, 0.35314181079864504, 0.3577377298355103, 0.36352315940856933, 0.3314866886138916, 0.3404851390838623, 0.36143088912963867, 0.3643462785720825, 0.36778893642425536, 0.37330201683044434, 0.3725628023147583, 0.3648999195098877, 0.34500780448913576, 0.39221965103149414, 0.36651124839782717, 0.35518974151611327, 0.3853454969406128, 0.39303849239349364, 0.3587881652832031, 0.3727875717163086, 0.37775617389678956, 0.3591306930541992, 0.39007320041656496, 0.3756910659790039, 0.38228378677368163, 0.3796349075317383, 0.3775860847473145, 0.3862498809814453, 0.3838755867004395, 0.3761973690032959, 0.3945533823013306, 0.38958228149414065, 0.38540164585113523, 0.38362008113861085, 0.38424955101013186, 0.38822575874328613, 0.40512547969818113, 0.4009433675765991, 0.39932634830474856, 0.40261688804626466, 0.3969117643356323, 0.40423123340606687, 0.4155295318603516, 0.4083235729217529, 0.40194992713928224, 0.4149074234008789, 0.408760107421875, 0.39983024673461914], "test_acc": [96.25, 97.76, 98.16, 98.24, 98.42, 98.47, 98.59, 98.7, 98.7, 98.71, 98.74, 98.84, 98.85, 98.66, 98.85, 98.83, 98.86, 98.82, 98.9, 98.79, 98.57, 98.63, 98.54, 98.16, 98.16, 97.75, 98.3, 97.49, 97.56, 97.28, 97.03, 96.28, 96.29, 96.09, 94.9, 95.53, 95.01, 94.21, 93.02, 91.98, 92.68, 93.18, 91.87, 91.5, 91.66, 92.11, 90.25, 91.45, 90.5, 91.08, 89.85, 90.75, 91.03, 90.75, 90.42, 90.46, 91.42, 91.1, 90.24, 90.08, 90.29, 90.02, 90.08, 90.38, 91.19, 89.58, 90.31, 90.62, 89.65, 89.49, 90.52, 89.81, 89.87, 90.27, 89.59, 89.92, 89.73, 89.65, 89.91, 89.46, 89.52, 89.71, 89.39, 89.26, 89.5, 89.41, 89.25, 89.3, 88.9, 88.99, 88.85, 88.86, 88.96, 88.91, 88.77, 88.58, 88.76, 88.38, 88.67, 88.95]}