{"train_loss": [2.302697148078527, 2.3024010291466346, 2.302237454133156, 2.3020809506758666, 2.301980706871065, 2.3018726049325404, 2.3017434620449686, 2.3016679098463464, 2.301552093946017, 2.3014705879056554, 2.3013536252527156, 2.301274374509469, 2.30110936694675, 2.301041934734736, 2.3009200126696854, 2.3007819779917726, 2.300620502895779, 2.3005218551709103, 2.300368992181925, 2.3002056800402126, 2.300073113706377, 2.2998856433436403, 2.2996840716427207, 2.299515249382736, 2.2993438452736945, 2.2990563593359075, 2.298857076555236, 2.298584032262492, 2.298362192944584, 2.29800780206664, 2.2977102633215423, 2.2974056805300918, 2.297030714332548, 2.2967192189306274, 2.296293817524217, 2.2958841104792733, 2.2954660598029437, 2.2950135943217154, 2.2944869057744994, 2.2939791995235996, 2.293402490962265, 2.292675295446673, 2.292125639243004, 2.2915361656083, 2.290752770554306, 2.2899289727211, 2.289120840720641, 2.288420813715356, 2.287396045322092, 2.286464393648327, 2.285567943356995, 2.2845296564265194, 2.283421717138372, 2.282398923849448, 2.280901008691543, 2.2796434892548456, 2.278533378217974, 2.2767358009631815, 2.2754247850841947, 2.2738404870033264, 2.2718616464199166, 2.270377630351955, 2.2682734187851605, 2.266292844572638, 2.264414989031278, 2.2623217187376103, 2.259522301519019, 2.257254117065006, 2.254591853190691, 2.252286603817573, 2.248932055428497, 2.2456973363191652, 2.243118976425921, 2.2396813962194653, 2.236273909226442, 2.233176165156894, 2.228763628209758, 2.225389959465744, 2.2213427898211355, 2.2174751753481026, 2.212958258441371, 2.208502571297507, 2.204247952526451, 2.1993043269866552, 2.1948392518565187, 2.189775143423651, 2.1849396778987002, 2.1802943715682397, 2.174304023767129, 2.168842826643561, 2.1637108850682902, 2.159318601473784, 2.1537069036410403, 2.147791777411078, 2.142451526262821, 2.1359481144155192, 2.130753473848359, 2.126676361275534, 2.119093493009225, 2.114689360826443], "test_loss": [2.285093063354492, 2.275339254760742, 2.2675525970458983, 2.259970413208008, 2.2541564025878906, 2.2482878814697265, 2.2426099700927735, 2.2412810455322267, 2.2360654357910157, 2.233346075439453, 2.232223944091797, 2.2297780822753905, 2.2265816833496093, 2.2253518646240233, 2.2228767974853514, 2.2173534942626953, 2.216063311767578, 2.2141896850585936, 2.210878771972656, 2.2084257568359376, 2.2121385498046875, 2.210527734375, 2.206558560180664, 2.20343713684082, 2.2048341033935546, 2.2048606231689454, 2.198706253051758, 2.2006057220458985, 2.2014215209960937, 2.201036926269531, 2.199459768676758, 2.1980970611572266, 2.19243815612793, 2.198100735473633, 2.194975183105469, 2.190719854736328, 2.199368524169922, 2.1986430114746094, 2.197772253417969, 2.1833386474609373, 2.1907147369384767, 2.195385638427734, 2.204664877319336, 2.194711358642578, 2.210984390258789, 2.206309130859375, 2.1971829376220704, 2.1759612854003905, 2.214811715698242, 2.2008916625976562, 2.2046388427734374, 2.2008447509765623, 2.2048664489746095, 2.2091533813476563, 2.2101928344726565, 2.2004796722412108, 2.1797113677978515, 2.219887561035156, 2.1995099700927736, 2.1902438201904295, 2.2250747802734376, 2.206033740234375, 2.2174700073242186, 2.226620391845703, 2.199249053955078, 2.223171228027344, 2.2017396789550783, 2.255018194580078, 2.20939889831543, 2.2135697540283203, 2.2251136596679686, 2.233200714111328, 2.2539096435546875, 2.2199951904296875, 2.2374399780273437, 2.2113312744140625, 2.2108825439453126, 2.2688394653320314, 2.2485336212158202, 2.2423993347167968, 2.2164501403808594, 2.2430461303710936, 2.258335433959961, 2.277205374145508, 2.2816652862548827, 2.23386408996582, 2.3408820739746092, 2.268071701049805, 2.293674591064453, 2.2966377655029295, 2.312387857055664, 2.3055808013916015, 2.293656088256836, 2.3358581481933594, 2.300415463256836, 2.344429824829102, 2.3524981842041015, 2.3394806091308595, 2.369002429199219, 2.336016751098633], "test_acc": [36.24, 40.79, 44.42, 41.26, 64.39, 63.8, 64.38, 65.06, 69.82, 67.27, 65.32, 69.73, 66.48, 68.74, 68.7, 68.77, 70.09, 66.56, 73.5, 70.46, 62.5, 69.01, 70.54, 65.33, 65.49, 60.97, 59.38, 63.11, 59.71, 57.3, 54.4, 54.34, 54.26, 50.3, 48.18, 50.45, 46.21, 40.86, 44.31, 49.69, 42.45, 36.61, 32.91, 36.6, 32.9, 29.39, 29.31, 38.17, 26.25, 27.67, 24.7, 28.64, 25.96, 24.82, 25.26, 28.38, 30.72, 22.21, 26.59, 24.45, 19.57, 21.91, 21.53, 21.69, 22.75, 18.91, 20.58, 15.32, 20.05, 17.04, 17.93, 18.81, 15.54, 19.29, 17.84, 18.01, 18.92, 15.61, 16.71, 16.87, 18.59, 17.18, 16.67, 16.8, 14.97, 18.81, 11.88, 18.35, 14.79, 14.51, 16.12, 13.74, 16.2, 14.35, 15.27, 12.96, 13.07, 14.06, 12.85, 16.65]}