{"train_loss": [0.876764723378369, 0.6048524815302628, 0.5770407617728934, 0.5627799812290404, 0.5522035562202462, 0.5463082930471144, 0.5409117815458876, 0.5362944063595217, 0.5323605389676542, 0.5284623047734938, 0.5252934774527183, 0.522723364779073, 0.5199018186356268, 0.5172449027498564, 0.5150005630193613, 0.5128267690157279, 0.5106860052189256, 0.508517794438407, 0.5072250750839201, 0.5045308294331926, 0.5027189815146291, 0.5009995188213822, 0.4992015544547994, 0.49770493232286894, 0.4957699246513538, 0.49398048260273075, 0.49200217712384003, 0.4908969518847955, 0.4889417902017251, 0.48724014394813114, 0.48575256656632465, 0.484387033388146, 0.48232490276424295, 0.48130162321349496, 0.4797988781052777, 0.47783834461727714, 0.4764275710679527, 0.4753077426909382, 0.4736136271276026, 0.47228256721272427, 0.47093587012117744, 0.4695041361782286, 0.4683791192041503, 0.46712186117457527, 0.4658497248449896, 0.46436162796030694, 0.4631134642240329, 0.46167402122265255, 0.46049722850832164, 0.45984077606445706, 0.4586001223223841, 0.45741384578311545, 0.45662872168498164, 0.45566054000559014, 0.45449890113539165, 0.4537985306392368, 0.45302484471064347, 0.4519024786149335, 0.45108528951039684, 0.4503150651724929, 0.44974212819694454, 0.4487706242590888, 0.4478415480663634, 0.44719186718137854, 0.44654025392145175, 0.44605738134720385, 0.4452780536097339, 0.44471410617359686, 0.4441207195194358, 0.44330052795827896, 0.4428103730464593, 0.44205769762778896, 0.44190267416147083, 0.44106739644820875, 0.44078299626071227, 0.4400879238278438, 0.4397961371856877, 0.4392924187784521, 0.43865372488896054, 0.4383441817938772, 0.43786406650757176, 0.43748624463621366, 0.43715220492365015, 0.4369295771814819, 0.4364057432891976, 0.43607414602978617, 0.43553481257369375, 0.43536562205125123, 0.4349783955094142, 0.43454370361108047, 0.4343543426475973, 0.4340639744176824, 0.4335917382158785, 0.43326748213452154, 0.4329856809260499, 0.4327977373559251, 0.43269440996595937, 0.4322535789802543, 0.43191519984577453, 0.43196715236219585], "test_loss": [0.21587321739196777, 0.18176333885192872, 0.14665365343093872, 0.1415835546016693, 0.1529251365661621, 0.1478031551361084, 0.123056529712677, 0.13393742933273314, 0.125483793926239, 0.1433437415122986, 0.12519797859191895, 0.1307357211112976, 0.12205151100158691, 0.13102080059051513, 0.12387187900543213, 0.13071602916717528, 0.12134030466079712, 0.12686896066665648, 0.11433265056610108, 0.12687449111938476, 0.11761958065032958, 0.1321717350959778, 0.11588178396224975, 0.1099335584640503, 0.13773913173675537, 0.14498787240982056, 0.12238391075134278, 0.11381306734085082, 0.10600598964691162, 0.10979008989334106, 0.11220817422866822, 0.10342694272994996, 0.14402637853622435, 0.1275210168838501, 0.10501002264022827, 0.12206820402145385, 0.1264648334503174, 0.11109890031814575, 0.11908489856719971, 0.11544146337509155, 0.12127235708236694, 0.11185506563186645, 0.12903756046295167, 0.11947262277603149, 0.10390564756393432, 0.11988487892150879, 0.11395571947097778, 0.1330320071220398, 0.10936283578872681, 0.11883962450027466, 0.10839439239501954, 0.12447053556442261, 0.11258392486572266, 0.13108582792282106, 0.12329602336883545, 0.11346154537200928, 0.12585595006942749, 0.1240031639099121, 0.12147234468460083, 0.12356061744689942, 0.1319966757774353, 0.12525736265182494, 0.11701240863800048, 0.12362268342971802, 0.11853858585357666, 0.1131758222579956, 0.11387087345123291, 0.10828966302871704, 0.12313628635406494, 0.12362216930389404, 0.12489800701141357, 0.12625476636886596, 0.11088765554428101, 0.1353629285812378, 0.11645149421691894, 0.11267735052108764, 0.1182766583442688, 0.12455380277633667, 0.11898304367065429, 0.11817711601257325, 0.11860764198303222, 0.12057859010696412, 0.14708575220108033, 0.11321667137145996, 0.12005472011566162, 0.11431539916992188, 0.12775556650161743, 0.12059705848693848, 0.12424763870239258, 0.12383582820892335, 0.11456399221420288, 0.12067825450897217, 0.12493230323791504, 0.11871843194961548, 0.11858146667480468, 0.12246552333831787, 0.12100942497253418, 0.11733748331069946, 0.1185136025428772, 0.13007289266586303], "test_acc": [97.34, 98.0, 98.56, 98.77, 98.82, 98.84, 98.92, 99.0, 99.03, 99.1, 99.09, 99.07, 99.05, 99.12, 99.12, 99.09, 99.18, 99.04, 99.13, 99.1, 99.17, 99.1, 99.04, 99.12, 99.14, 99.04, 99.11, 99.12, 99.07, 99.04, 99.14, 99.03, 99.08, 99.11, 99.16, 99.12, 98.99, 99.09, 99.12, 99.15, 99.11, 99.13, 99.14, 99.13, 99.14, 99.09, 99.15, 99.13, 99.1, 99.13, 99.09, 99.09, 99.16, 99.09, 99.11, 99.1, 99.07, 99.06, 99.07, 99.07, 99.14, 99.09, 99.11, 99.08, 99.15, 99.18, 99.1, 99.06, 99.07, 99.09, 99.1, 99.09, 99.07, 99.08, 99.12, 99.13, 99.06, 99.06, 99.09, 99.08, 99.1, 99.1, 99.07, 99.12, 99.06, 99.12, 99.08, 99.11, 99.09, 99.13, 99.1, 99.13, 99.16, 99.05, 99.07, 99.11, 99.12, 99.13, 99.1, 99.03]}