{"train_loss": [2.2779157431716595, 2.2524963607136, 2.2436251752396936, 2.2387274743145347, 2.2357882755434413, 2.233718620915698, 2.231698685731643, 2.2301301293902926, 2.2285943168860216, 2.2270658301492023, 2.2259590421986375, 2.2242181183945418, 2.222709668497754, 2.221241701871921, 2.2197114071275434, 2.218304014613486, 2.2164110087940836, 2.2142644529668694, 2.2128369966123858, 2.2103357238647265, 2.2084168852903905, 2.205830070707533, 2.2033068359407606, 2.1998894856526303, 2.196761502669408, 2.194126171943469, 2.1903252229731307, 2.1863043542601104, 2.1819867486627693, 2.1775164762113848, 2.172896506439926, 2.167330448444073, 2.1613164472783732, 2.154625243610806, 2.1481025657083235, 2.141238959935995, 2.1327194770177207, 2.1247916685210333, 2.1150605775352216, 2.1064556633305345, 2.095196452150997, 2.083800547907495, 2.07235291472867, 2.0589851979007068, 2.0460253317131953, 2.0330016860085673, 2.0182173876171436, 2.001296461902113, 1.9850185149245791, 1.968933486785644, 1.9526622134905596, 1.9357357068449004, 1.9159760034491873, 1.8996446096999013, 1.8818985239053383, 1.86462040971487, 1.8461445964809158, 1.828481178253125, 1.8085171366349244, 1.793057798829853, 1.7771667186011615, 1.7578519890960465, 1.741992632802735, 1.7252239406618297, 1.7100892168843849, 1.6958738236855238, 1.6807954097405458, 1.6653217978966541, 1.6526801807758136, 1.6401718951698043, 1.6284329509123778, 1.6159661565071497, 1.6033794490190654, 1.594160419753474, 1.5836923769396594, 1.5727394735201812, 1.5654427190112252, 1.5575802996117845, 1.5493476597162394, 1.5407198323653295, 1.5331980670109773, 1.5260048266659436, 1.519438633042523, 1.5129217836591933, 1.5064400717234, 1.5026938899969444, 1.495179799122688, 1.4912317970879057, 1.486185396838392, 1.4827694742598085, 1.4791285344678113, 1.4732652031458342, 1.4689170504227662, 1.464999541767642, 1.4621985378937843, 1.4582710385832012, 1.4559132049226353, 1.4522753599871936, 1.4498128356077733, 1.4462090547268207], "test_loss": [1.8039808563232422, 1.652161750793457, 1.629844012451172, 1.5570111450195312, 1.5647477661132811, 1.5846901123046875, 1.5359859115600587, 1.554516928100586, 1.5652304000854491, 1.553090640258789, 1.5377786499023438, 1.5275043518066407, 1.5309018280029296, 1.4959143783569335, 1.5035884262084962, 1.5068453460693358, 1.489356155395508, 1.4957576385498046, 1.5157418350219727, 1.540006854248047, 1.5844226165771484, 1.558503402709961, 1.4637939849853516, 1.4635814697265626, 1.4680174850463867, 1.528738313293457, 1.535688491821289, 1.4967641357421875, 1.5295854141235352, 1.497834260559082, 1.5369840225219726, 1.4553540161132812, 1.5459213836669923, 1.4863290390014647, 1.5160760360717773, 1.4933344055175781, 1.4848080383300781, 1.553161346435547, 1.5323642166137694, 1.518452328491211, 1.5088953399658203, 1.6244156982421876, 1.4788885009765624, 1.5965890411376953, 1.6114559844970704, 1.5930007034301759, 1.6029953903198242, 1.6411734985351563, 1.791626515197754, 1.693250440979004, 1.6631367065429687, 1.7305993255615235, 1.7623357833862305, 1.799875422668457, 1.7357984649658202, 1.7184995651245116, 1.6128825698852538, 1.7446229080200195, 1.769819694519043, 1.7121296676635742, 1.7650972579956055, 1.772226626586914, 1.823572998046875, 1.9088431335449219, 1.8004833709716797, 1.8737786636352538, 1.8659876495361327, 1.8622228515625, 1.9190213470458983, 1.8687324020385743, 1.9549014556884765, 1.9538891418457032, 1.947023683166504, 1.9298478271484374, 1.9700014663696288, 1.9279751693725586, 1.9142753555297851, 1.969009130859375, 2.028204202270508, 2.081368913269043, 2.0189672714233398, 2.1095634826660157, 2.062513447570801, 1.992137515258789, 2.0753179901123047, 2.020363067626953, 2.022804188537598, 2.0206614883422853, 2.1369290222167967, 2.034032928466797, 2.0972504837036134, 2.0822576705932616, 2.088716847229004, 2.073372869873047, 2.0585481063842774, 2.120737292480469, 2.07355400390625, 2.067906072998047, 2.106117680358887, 2.0962356475830077], "test_acc": [85.01, 90.85, 93.84, 93.4, 95.01, 95.76, 95.92, 96.56, 96.57, 96.8, 96.64, 97.13, 96.72, 96.08, 96.58, 96.31, 97.14, 96.9, 96.65, 96.43, 96.02, 96.09, 96.04, 95.74, 94.39, 92.62, 93.51, 93.03, 91.56, 90.76, 86.47, 88.9, 86.37, 86.17, 79.49, 82.27, 80.1, 76.61, 75.41, 75.46, 72.89, 62.86, 70.71, 63.13, 60.89, 61.26, 59.9, 56.58, 45.69, 49.9, 53.1, 47.14, 46.22, 42.39, 46.59, 47.16, 51.36, 43.96, 43.99, 45.76, 44.09, 41.9, 39.86, 37.57, 41.47, 37.96, 38.24, 39.61, 36.66, 38.58, 36.25, 36.68, 36.68, 36.65, 33.96, 36.16, 37.14, 35.15, 34.28, 31.55, 32.62, 30.89, 32.4, 34.91, 30.18, 33.66, 34.35, 34.47, 30.27, 33.22, 31.8, 31.68, 31.6, 32.76, 32.94, 30.9, 32.95, 32.83, 31.04, 31.38]}