{"train_loss": [1.100276470821128, 0.8474252611143976, 0.818309358934052, 0.8010764929473909, 0.7905121352682766, 0.782571436630355, 0.7745927195263724, 0.7682464997737836, 0.762307977829224, 0.7568506635407097, 0.7517152172632706, 0.7471179991451085, 0.7425724311262114, 0.7376276715698405, 0.7334937846176645, 0.7281488712526795, 0.7238468425905603, 0.7186297164258794, 0.7138827473689349, 0.7097638352559164, 0.7040871213643979, 0.6975275167287924, 0.6922247730131842, 0.685999763954399, 0.6800605532450553, 0.6732656800339365, 0.668026495565716, 0.6609107141948154, 0.6530419642853941, 0.6454049813696462, 0.6395039701054239, 0.6309921438367958, 0.6231577561324478, 0.6158488163581262, 0.6061074521042343, 0.5980063539284927, 0.5905786507532128, 0.5817214900102371, 0.5727439671118035, 0.5647746944784099, 0.5554253684404569, 0.5488286674277395, 0.5408406995682635, 0.5335626953687423, 0.5252625230922658, 0.5180646389340743, 0.5111146311984103, 0.5055512289842988, 0.49818172426814705, 0.4934721040802124, 0.48752439690706056, 0.4824048653244972, 0.4775842592502252, 0.47271324783308893, 0.469367165150296, 0.46485543359293896, 0.4608726789936041, 0.45833297627858627, 0.4553799252224784, 0.45230283091465634, 0.448717159147446, 0.44702291826152396, 0.44440400447600925, 0.44176083503880054, 0.4396568876173761, 0.4381539577729682, 0.4361387560637588, 0.4343819005621804, 0.43263439222788197, 0.43114853491131055, 0.4293542161074459, 0.4278242591864023, 0.4264877422625183, 0.4250791414171203, 0.42380055460410243, 0.42251421619429547, 0.42181346788365615, 0.42008507531932276, 0.4193952483499152, 0.41819649750096166, 0.4171002814785028, 0.4163387973721211, 0.41538074096808064, 0.4141614688639967, 0.41341239290359694, 0.412500419232071, 0.4116355895231932, 0.4109183284334647, 0.4101495349254364, 0.40924511327702773, 0.4087830618278593, 0.4079016119114354, 0.4072610541031911, 0.40686582582883346, 0.4061335110002094, 0.40547686121147924, 0.4050534610819613, 0.4041988125596291, 0.40343092210017717, 0.40313908954461414], "test_loss": [0.2970659321784973, 0.26875914497375486, 0.23601443672180175, 0.2205438674926758, 0.20784066314697267, 0.2144070601463318, 0.17176846475601196, 0.19770619783401489, 0.20655763931274415, 0.2218720676422119, 0.19835772247314454, 0.19849510364532472, 0.18440621128082274, 0.19404203300476075, 0.16603979587554932, 0.20053755435943604, 0.21666024188995361, 0.2100511402130127, 0.17887773628234863, 0.22414283199310303, 0.1896624804496765, 0.17135280656814575, 0.23824375133514406, 0.19456723747253418, 0.19347819728851318, 0.2599822452545166, 0.16943049392700196, 0.202093408203125, 0.1938497802734375, 0.180623872089386, 0.17191963777542113, 0.1673582043647766, 0.18994676275253297, 0.2020178461074829, 0.16149319534301756, 0.20044815845489503, 0.17921947889328002, 0.20549039220809937, 0.20473477420806885, 0.21207379760742187, 0.21581304340362548, 0.18483261785507202, 0.21069991760253906, 0.1948693925857544, 0.2049946075439453, 0.21955566654205322, 0.19843072872161865, 0.228093350982666, 0.19679170761108397, 0.2327574281692505, 0.21609111137390136, 0.21129131927490236, 0.2243611614227295, 0.2078616828918457, 0.2058684468269348, 0.20480436782836914, 0.21033757562637329, 0.2072873104095459, 0.21765567226409913, 0.187019317817688, 0.20252044668197633, 0.19514358644485474, 0.2027808151245117, 0.20156764736175536, 0.20515361366271972, 0.2115120090484619, 0.20469252090454101, 0.20745583982467652, 0.19892258014678954, 0.21707816162109375, 0.19497772979736328, 0.22035229167938233, 0.19390060110092164, 0.21936812295913696, 0.20034739542007446, 0.21759432334899903, 0.20415850296020507, 0.2139566213607788, 0.2117197956085205, 0.22613821678161622, 0.20666406688690186, 0.19591530609130858, 0.21232664422988892, 0.1957110209465027, 0.21700599365234374, 0.21951090307235718, 0.2193401515007019, 0.2191832863807678, 0.2097734697341919, 0.20985684728622436, 0.21199912452697753, 0.2151836745262146, 0.21176521081924438, 0.2178016487121582, 0.21042124452590943, 0.21889438219070434, 0.21841664276123046, 0.2237287407875061, 0.21272378339767456, 0.22023073635101317], "test_acc": [96.62, 97.92, 98.38, 98.57, 98.5, 98.71, 98.85, 98.89, 98.79, 98.95, 98.83, 98.91, 98.89, 98.97, 99.03, 98.86, 98.89, 98.95, 98.86, 98.77, 98.94, 98.78, 98.75, 98.86, 98.78, 97.91, 98.76, 98.61, 98.69, 98.51, 98.62, 98.53, 98.49, 98.25, 98.32, 98.22, 98.2, 97.23, 97.95, 97.44, 97.27, 97.79, 96.98, 97.62, 97.37, 97.37, 97.64, 96.86, 97.39, 96.67, 96.94, 96.93, 97.18, 97.3, 97.17, 97.3, 97.24, 97.25, 96.97, 97.43, 97.42, 97.26, 97.17, 97.27, 96.96, 97.26, 97.1, 97.24, 97.28, 96.95, 97.23, 97.01, 97.14, 97.05, 97.03, 97.04, 97.16, 97.1, 97.1, 96.77, 97.03, 97.11, 97.16, 97.25, 97.07, 96.83, 96.88, 96.99, 96.97, 97.0, 96.9, 96.82, 97.08, 96.92, 96.92, 96.97, 96.94, 96.87, 96.84, 97.05]}