{"train_loss": [2.2786262687454877, 2.2562125151992865, 2.2490072815846176, 2.244789741997026, 2.2427659620586624, 2.2412181853229165, 2.239836986757751, 2.2386792439680834, 2.237845823296115, 2.2369304177088614, 2.23624503867239, 2.2354393382357736, 2.234865653209197, 2.2341286652108545, 2.2335179845492044, 2.2329328982239094, 2.2321609533750095, 2.231684713282137, 2.231090493691273, 2.230337837822417, 2.2297722447631707, 2.229151351329608, 2.228561681050521, 2.2280176923825192, 2.227261768447028, 2.2265393790016828, 2.225914575605311, 2.225025121982281, 2.224402101121397, 2.2237339050341873, 2.2227590827860384, 2.2218966922189436, 2.2211455274850893, 2.220355432257693, 2.2192770436278777, 2.2183416811828938, 2.217422918886201, 2.2163157493640213, 2.2151445476417866, 2.2140522375066056, 2.212986168698368, 2.2117201563639517, 2.210367284778856, 2.2091698417296777, 2.2078821445122743, 2.2063551779486175, 2.2047434877126646, 2.203199650487329, 2.2016889182930317, 2.2000654451867456, 2.1985408526200514, 2.1969944559610806, 2.1949980814232783, 2.192933107033754, 2.191089653561258, 2.188814251850813, 2.1869421606389885, 2.185292784474854, 2.182556634784764, 2.180572107816354, 2.1781834506580973, 2.176159294751974, 2.173464046074794, 2.170908558063018, 2.168923213950589, 2.1662584915120378, 2.163786076582395, 2.1608813853345366, 2.158129142390357, 2.15584260938514, 2.1530812973650093, 2.1496086624952464, 2.14644941713056, 2.144178717564314, 2.140539515731681, 2.1373416358589106, 2.1350097798893595, 2.1316186902869463, 2.128858809797173, 2.125794115738991, 2.122302972862863, 2.1187552906509137, 2.1155741561172356, 2.1128310938166757, 2.109177104428283, 2.1059830000257898, 2.102554816975553, 2.100260230211111, 2.096490174277216, 2.0939651992585926, 2.089729484329876, 2.087231743030059, 2.084068741553869, 2.0800048428722935, 2.077447913141332, 2.0739909563309107, 2.0708097973440447, 2.068241846867097, 2.063921522890401, 2.0622623985649176], "test_loss": [1.8004420578002929, 1.6939988403320312, 1.6550087158203124, 1.6414087326049804, 1.5967818222045898, 1.592074609375, 1.5985246444702148, 1.5926614700317383, 1.5593390548706054, 1.5824828262329103, 1.5354772552490235, 1.5722224853515625, 1.5456466201782226, 1.5396240158081054, 1.4914335723876952, 1.5271405227661132, 1.5140764312744142, 1.4997610763549805, 1.4996968795776366, 1.4899765747070313, 1.5720083190917968, 1.5031252563476563, 1.5278416244506836, 1.549325114440918, 1.5151909103393555, 1.5189110244750976, 1.4957604248046874, 1.5382647872924804, 1.5286821594238282, 1.553731007385254, 1.5382506469726562, 1.517848518371582, 1.5347414764404297, 1.535396159362793, 1.499324299621582, 1.5197377227783204, 1.4658113189697266, 1.5162682815551758, 1.5145617889404297, 1.5025050827026367, 1.529701072692871, 1.5265057342529298, 1.5017273803710938, 1.5082298706054686, 1.5702747360229492, 1.5321187210083007, 1.5422017990112304, 1.5399829498291016, 1.5594922149658204, 1.5017306259155274, 1.5026213790893554, 1.523178401184082, 1.5602931167602538, 1.5111261444091797, 1.5139987731933593, 1.5528025146484374, 1.4889604919433594, 1.5681845794677733, 1.5505559020996094, 1.5861384170532227, 1.5959501525878905, 1.4924732177734374, 1.5266453338623047, 1.5549470794677733, 1.5737578567504882, 1.540843635559082, 1.562066470336914, 1.632644352722168, 1.5963109375, 1.5615763076782228, 1.5952337951660156, 1.577367463684082, 1.5485078414916993, 1.6269475463867187, 1.5537665740966797, 1.5247888442993165, 1.568446745300293, 1.595393994140625, 1.5954219192504884, 1.5818553924560548, 1.5751062957763673, 1.5967047912597656, 1.6463388107299806, 1.6208332275390624, 1.5939444702148438, 1.6251170120239258, 1.5775676208496094, 1.5808516983032226, 1.623108511352539, 1.556640316772461, 1.5645541137695314, 1.633987173461914, 1.6115513641357422, 1.630247772216797, 1.6286515686035157, 1.6258561218261718, 1.628858531188965, 1.6271071228027343, 1.6338626419067384, 1.643198419189453], "test_acc": [81.56, 90.9, 93.85, 93.89, 95.94, 95.58, 95.78, 96.98, 96.59, 97.26, 97.17, 97.53, 97.36, 97.64, 97.13, 97.91, 97.69, 97.75, 97.8, 97.87, 97.98, 97.74, 97.97, 97.65, 98.07, 97.86, 97.93, 97.7, 97.98, 97.91, 97.68, 97.94, 97.98, 97.73, 97.9, 97.2, 97.73, 96.65, 97.36, 97.18, 95.95, 96.63, 96.38, 95.01, 94.62, 94.27, 94.65, 94.62, 90.82, 93.67, 93.25, 93.51, 89.96, 91.46, 91.05, 88.07, 90.95, 87.6, 86.84, 82.06, 83.03, 86.27, 85.0, 84.1, 81.3, 83.02, 79.97, 72.81, 78.22, 78.92, 74.23, 73.62, 77.57, 70.1, 77.74, 76.93, 74.96, 71.59, 72.06, 71.77, 70.66, 70.88, 64.53, 67.0, 68.04, 65.79, 67.21, 68.38, 63.89, 67.16, 66.91, 63.0, 61.14, 62.5, 62.38, 60.33, 59.65, 60.46, 59.84, 58.76]}