{"train_loss": [2.1092992733176956, 2.0165384098505363, 2.0011682235277615, 1.9928862172314243, 1.9877664900233603, 1.9840728133662133, 1.980748437408708, 1.9780702463582032, 1.9753424127896626, 1.9731487957840292, 1.9707183827701797, 1.968717965305361, 1.9669036936556172, 1.9650286183907435, 1.963173704014884, 1.9609564336446614, 1.958942977281717, 1.95732583423965, 1.955209605459474, 1.9532652993996937, 1.951210045406961, 1.9490597823746183, 1.9468466639518738, 1.9446288673286765, 1.9420760948943276, 1.9396616082925062, 1.9372235365912445, 1.9348515995547302, 1.9321257069579556, 1.9289028759186084, 1.9258894403266091, 1.9231005958002856, 1.919047746902857, 1.916076394227835, 1.9125379181315756, 1.9083520451672056, 1.9048826804018428, 1.9008477004165323, 1.8969917949448285, 1.892540493582049, 1.888058406420243, 1.8826484101959782, 1.878006452678615, 1.8727376499237158, 1.8671445110414782, 1.862570471997954, 1.8564986036374018, 1.850734676560785, 1.8445282978379829, 1.8391256347680702, 1.8322662023397593, 1.8247678101572216, 1.8197051261225317, 1.8131018831179693, 1.8061835327719011, 1.7985329177135077, 1.7922889399222839, 1.7861790427794824, 1.7783340944184198, 1.7719871959625146, 1.7632855207492144, 1.7578507063225803, 1.7511692852036567, 1.7432548457231276, 1.7366425512183425, 1.7295806744159796, 1.7248575419951708, 1.71740240826566, 1.7105749835315933, 1.7032906907236474, 1.6983527306817536, 1.6912675158590333, 1.6854739181506329, 1.6796782281663682, 1.675284286085357, 1.66882479037994, 1.66315017041997, 1.6578128304746416, 1.653636227051417, 1.6480855898469942, 1.6441542205647526, 1.6393476296693852, 1.6345690144942358, 1.629342818362081, 1.6264006126130748, 1.6217473966953082, 1.617754007761295, 1.6148031313195188, 1.6097017070676527, 1.6060140430927277, 1.6021013028091855, 1.5993733742298224, 1.596857591571971, 1.5926726114036691, 1.5914148662844274, 1.588006796490433, 1.5844861638342214, 1.5820372086814327, 1.5790790130949428, 1.5766203676024053], "test_loss": [1.1571281745910644, 1.0862183799743652, 0.9706534744262695, 0.9501424446105957, 0.9716372200012207, 0.9716573837280273, 0.9475839614868165, 0.9499854278564454, 0.915564486694336, 0.9467803916931152, 0.9612872413635254, 0.958428035736084, 0.9464163734436035, 0.9258331115722657, 0.9699631919860839, 0.9271541725158692, 0.968205158996582, 0.9055456329345704, 0.9214050514221191, 1.0154589279174804, 0.9144871696472168, 0.9163029899597168, 0.9648968185424804, 0.8911422195434571, 0.9239843643188477, 0.9326831344604493, 0.949666089630127, 0.9553049110412598, 1.0093043952941894, 0.9334850471496582, 0.9012926376342774, 0.967610945892334, 0.9852602035522461, 0.9674000335693359, 0.9478011940002441, 0.8963724159240722, 0.9174116714477539, 0.8995884178161621, 0.9775432395935059, 0.926095100402832, 0.9080815559387208, 0.9815208755493164, 0.8957608619689942, 0.9325176223754883, 1.0012129425048828, 0.9500194099426269, 0.9719013557434082, 1.071229239654541, 0.9906700241088867, 0.9925597091674805, 0.9771379737854003, 0.9999768722534179, 0.9691916183471679, 1.0299772506713867, 1.0381526695251464, 0.9740768638610839, 1.017675523376465, 0.9721838394165039, 1.0835231475830078, 1.0016462547302245, 1.0498391746520996, 1.0467664009094237, 1.0183721214294434, 1.0247070938110352, 1.0162090705871583, 1.0068408187866211, 1.004290138244629, 1.0412320083618165, 0.9995314064025879, 1.0719000053405763, 1.153185952758789, 1.0542186805725098, 1.042850170135498, 1.085196556854248, 1.00503377532959, 1.0768318420410157, 1.0542218536376953, 1.077611769104004, 1.055358039855957, 1.1085725196838379, 1.038586753845215, 1.0771649017333984, 1.1056067520141601, 1.110577823638916, 1.0782983169555664, 1.09173324508667, 1.0551401390075683, 1.1036128120422364, 1.0946060218811036, 1.1514737655639649, 1.1383810661315918, 1.0642066482543946, 1.0649694473266602, 1.1209114784240723, 1.1117077713012695, 1.1105467475891113, 1.1154683036804198, 1.1457010360717774, 1.128764486694336, 1.1071630989074708], "test_acc": [93.69, 96.08, 97.09, 97.46, 97.68, 98.01, 98.06, 98.19, 98.14, 98.28, 98.2, 98.25, 98.43, 98.25, 98.26, 98.44, 98.41, 98.43, 98.33, 98.5, 98.32, 98.35, 98.4, 98.34, 98.2, 98.42, 98.42, 98.18, 98.27, 98.4, 98.33, 97.87, 97.94, 97.75, 97.85, 97.8, 97.33, 97.58, 96.94, 96.54, 97.08, 96.04, 97.03, 95.71, 94.82, 95.22, 94.26, 92.27, 94.12, 92.88, 92.13, 90.87, 91.77, 90.17, 88.93, 90.35, 88.67, 89.18, 84.28, 88.47, 83.87, 85.9, 86.04, 85.17, 85.94, 85.94, 84.09, 81.93, 84.32, 81.0, 75.72, 80.56, 80.81, 78.68, 83.24, 79.79, 80.82, 78.88, 79.19, 77.89, 79.43, 78.31, 76.29, 76.75, 77.96, 76.6, 78.55, 76.17, 76.33, 73.49, 74.44, 77.19, 77.67, 73.75, 75.45, 74.95, 75.57, 73.91, 73.88, 74.4]}