{"train_loss": [2.2613412258971453, 2.226287584019522, 2.216420826748905, 2.212218319758391, 2.209438297483656, 2.207583410617633, 2.2058383440360045, 2.2045559083294664, 2.203455664153792, 2.2024635657286034, 2.201361308749924, 2.2004036103558335, 2.199614772429833, 2.1988758358181033, 2.198040021280957, 2.1971101297272577, 2.1961350267768927, 2.195678838297852, 2.1946946922530475, 2.1939470217778134, 2.1929832029546428, 2.192286456752027, 2.19136928085588, 2.1906452622169104, 2.189573224283691, 2.1888079149091344, 2.1877336654907618, 2.1866050123149514, 2.18556741414926, 2.1845505838720207, 2.1834402843418284, 2.182456541774619, 2.1813220529474764, 2.1799590623276863, 2.1784775491453643, 2.1774548801601443, 2.1760912919655824, 2.1746375509816356, 2.1734209870680785, 2.171730798533839, 2.1699359162240968, 2.168915118417169, 2.166618474528321, 2.164970896182916, 2.1631860554727735, 2.161299262291346, 2.1589131778122015, 2.1569259202378426, 2.1549799360780635, 2.1526812646124096, 2.150471674580859, 2.148844983842638, 2.145528228364439, 2.1438119182219872, 2.1413775514333677, 2.1383231547143726, 2.1353478110753574, 2.132527806310572, 2.1299485131206675, 2.1265225904619593, 2.123839598435622, 2.120460936656365, 2.117212783577096, 2.1143563461099935, 2.110712548606416, 2.1076039391705113, 2.1041423775192, 2.1013736245978594, 2.097088240660154, 2.093797780509688, 2.089958961193378, 2.0861607866409497, 2.082589939618722, 2.0791678469405217, 2.07569985002534, 2.070742238790561, 2.0676221990177774, 2.063675157025329, 2.060697937113607, 2.0561270619559493, 2.052138208324074, 2.049007816447152, 2.0444544775363727, 2.040120663296463, 2.0370901588700776, 2.034116444934128, 2.030558586375326, 2.0264994667636023, 2.0231370337498493, 2.0184199249642525, 2.015125483019739, 2.0115093693264527, 2.0082010387355447, 2.0047782336035347, 2.001671785982246, 1.9982249586500673, 1.9956238297825186, 1.991118162106245, 1.987975013307017, 1.9864603793009734], "test_loss": [1.7020985977172851, 1.532435531616211, 1.5020130081176757, 1.5006204132080079, 1.4182625198364258, 1.4632555450439453, 1.4516800094604492, 1.426640037536621, 1.4255499969482421, 1.412883770751953, 1.4233403274536134, 1.3966507232666017, 1.3946861938476562, 1.4210124771118164, 1.4126652587890625, 1.3766771011352539, 1.3871257141113282, 1.414181315612793, 1.380708853149414, 1.3761907974243164, 1.384363102722168, 1.4198789459228516, 1.3864564697265624, 1.3540747100830077, 1.3833821136474609, 1.4473475555419921, 1.3312731201171875, 1.377223307800293, 1.3892197982788086, 1.4065699905395508, 1.4324118072509766, 1.3794093017578124, 1.3915090805053711, 1.3789918350219728, 1.3679028091430665, 1.4103904312133788, 1.4032904678344726, 1.421382290649414, 1.4062920349121093, 1.416161979675293, 1.4104466979980468, 1.4029368850708008, 1.3993033081054687, 1.4194914779663086, 1.388006330871582, 1.4105480697631836, 1.334872966003418, 1.399417755126953, 1.3859314743041993, 1.3809414199829102, 1.3653215728759767, 1.441355598449707, 1.376298338317871, 1.3838268768310547, 1.3920317489624023, 1.438011097717285, 1.396225927734375, 1.3689593994140625, 1.404198078918457, 1.4883365661621093, 1.4045573654174806, 1.3959409057617187, 1.4788068771362304, 1.4010462936401367, 1.3996311325073243, 1.4332987991333008, 1.486054997253418, 1.4309208114624024, 1.4466618118286132, 1.3746025863647462, 1.4560539962768555, 1.460518634033203, 1.406954150390625, 1.4491516174316406, 1.4174941055297852, 1.41527559967041, 1.4585763031005858, 1.434620945739746, 1.5128685668945312, 1.5299076385498047, 1.5033638595581054, 1.4586514236450194, 1.4396618606567382, 1.4347843017578126, 1.4670611526489257, 1.504501953125, 1.4679641723632812, 1.4351623474121094, 1.5072354095458984, 1.454521942138672, 1.5413422164916992, 1.4975966003417969, 1.5292823303222656, 1.5176753021240235, 1.5291959869384766, 1.5201532836914062, 1.5720551162719727, 1.5134306900024415, 1.5151665298461914, 1.4762756561279298], "test_acc": [86.95, 92.68, 95.07, 95.56, 96.0, 96.84, 96.74, 97.25, 97.21, 97.45, 97.83, 97.68, 97.65, 97.96, 97.96, 97.86, 97.98, 98.07, 98.1, 97.59, 98.01, 97.76, 97.96, 98.02, 97.93, 98.02, 97.9, 98.1, 98.1, 97.9, 97.73, 98.1, 97.88, 97.87, 97.7, 97.37, 97.59, 96.91, 97.37, 96.34, 96.89, 96.75, 96.88, 96.41, 96.19, 94.56, 95.03, 95.25, 94.67, 93.85, 94.17, 91.56, 92.19, 92.14, 90.61, 90.97, 89.96, 90.22, 90.54, 84.52, 89.4, 88.01, 83.18, 87.15, 86.0, 83.59, 78.16, 81.15, 78.88, 84.34, 77.71, 77.41, 80.59, 77.63, 80.34, 76.28, 74.14, 76.08, 67.65, 68.86, 71.24, 72.07, 74.16, 72.43, 69.5, 68.75, 71.95, 70.86, 67.36, 70.16, 65.41, 66.29, 64.32, 63.77, 65.27, 64.19, 61.86, 64.85, 65.04, 67.33]}