{"train_loss": [2.3030254428203287, 2.3025455372965236, 2.3023001454834247, 2.3019540579909954, 2.301844215291178, 2.301608295012743, 2.301287011203603, 2.3009973428188224, 2.3007004622720246, 2.300340689655043, 2.300072236957713, 2.2996325202477284, 2.2991273433734207, 2.2987409025175958, 2.297999077882522, 2.2974197146220083, 2.296704096162421, 2.2956592343811297, 2.2947167417941947, 2.2936184406280518, 2.2920447557400436, 2.290795678256923, 2.2889492119479384, 2.287191205045097, 2.2851400232722616, 2.282801145671779, 2.279865933279706, 2.277198527613257, 2.273794906771081, 2.2702307894698577, 2.26610781188704, 2.2612068597068133, 2.2566781864207015, 2.2508862140851145, 2.244634582955613, 2.2373838358455234, 2.2296115582824774, 2.2207274436950684, 2.20967133788981, 2.199330814373799, 2.1867467745756493, 2.1724737770537024, 2.1554964144005733, 2.1395380384901648, 2.120325998872773, 2.0983764725363154, 2.073532305721544, 2.047231175451197, 2.0204012964525795, 1.989437003675689, 1.9590863053105836, 1.920582559118923, 1.8829176222157276, 1.8431250366390262, 1.8037372888662877, 1.761445643300684, 1.7195676962534587, 1.6763885958581908, 1.632407759499346, 1.5894822972452538, 1.5467742941318414, 1.5049548505717874, 1.4687073921036518, 1.4287296880004752, 1.3894532419677474, 1.3600853335144174, 1.324520895878474, 1.2921727551863744, 1.2637278768751357, 1.23991259932518, 1.218161979292193, 1.1950251668946357, 1.1770510029079568, 1.1636582984883561, 1.1493135278041546, 1.1354666604445531, 1.1272618419084794, 1.1154830904088469, 1.1076189457860768, 1.0994395101681733, 1.092228413392336, 1.0864219000706306, 1.0801209911831424, 1.075368702156931, 1.0699366680067828, 1.0650200066912887, 1.0606876802750123, 1.0567039001701224, 1.052185295484005, 1.0487194397510626, 1.0451155404249828, 1.0419228104954092, 1.0385518542721741, 1.0362943820973747, 1.0333765067605891, 1.0300544240535834, 1.0275211771074524, 1.0254353787909207, 1.0235648640455344, 1.0205563046993353], "test_loss": [2.2924800628662108, 2.2883162872314453, 2.2829023681640623, 2.2789338165283204, 2.2723656341552734, 2.267509115600586, 2.2636680755615233, 2.2565406494140623, 2.2552749298095702, 2.251865869140625, 2.2473398040771486, 2.246374450683594, 2.2397033020019532, 2.2536416473388674, 2.246398287963867, 2.2371427947998046, 2.233461560058594, 2.2254132141113283, 2.2426486328125, 2.2436785186767576, 2.239207653808594, 2.237050634765625, 2.2378568237304686, 2.2445063873291016, 2.2395499694824217, 2.230240255737305, 2.250333709716797, 2.2470366882324218, 2.233317736816406, 2.2377106842041017, 2.2559875, 2.2741152770996096, 2.2321037506103516, 2.272462823486328, 2.283994738769531, 2.2790226013183594, 2.275597766113281, 2.285749417114258, 2.2752351806640627, 2.31134140625, 2.3309806335449217, 2.3264627349853515, 2.3737611114501953, 2.35145361328125, 2.375633218383789, 2.458049395751953, 2.379459780883789, 2.417597790527344, 2.561103396606445, 2.5091065307617186, 2.509499740600586, 2.5052574432373045, 2.646403793334961, 2.5667212829589845, 2.66120768737793, 2.6667075012207033, 2.7425280334472655, 2.8114358673095703, 2.7640742370605467, 3.0381363189697264, 3.001073162841797, 3.048527389526367, 3.110563784790039, 3.017619970703125, 3.179222525024414, 3.117497003173828, 3.149239239501953, 3.173662042236328, 3.125954916381836, 3.2635396423339844, 3.19645505065918, 3.2477816528320314, 3.2858382598876954, 3.2549554168701174, 3.271700518798828, 3.251386163330078, 3.2750976623535157, 3.26841916809082, 3.225435720825195, 3.2244590576171874, 3.242491226196289, 3.2791954254150393, 3.2427248474121093, 3.3162528778076172, 3.2771042785644533, 3.2766446258544923, 3.2333915924072265, 3.254676110839844, 3.294190313720703, 3.2897819946289064, 3.2608138427734374, 3.263842169189453, 3.2460263244628904, 3.251940203857422, 3.30792763671875, 3.2860630004882814, 3.286421423339844, 3.295762609863281, 3.2581552490234373, 3.2576591033935545], "test_acc": [10.83, 10.68, 35.08, 27.0, 35.04, 32.26, 39.84, 32.8, 27.34, 41.71, 37.54, 42.23, 32.81, 36.13, 26.56, 34.7, 34.39, 37.7, 24.15, 22.05, 23.25, 23.39, 27.64, 17.45, 19.3, 21.2, 17.19, 18.73, 19.4, 17.06, 17.12, 13.16, 16.6, 13.14, 12.98, 12.99, 14.57, 13.83, 13.75, 11.39, 11.54, 11.39, 11.54, 11.59, 13.28, 9.58, 12.76, 14.68, 10.03, 12.05, 11.6, 13.59, 10.45, 13.37, 11.79, 11.67, 10.56, 10.65, 12.78, 11.09, 10.91, 10.14, 12.1, 12.02, 9.85, 11.91, 10.92, 11.64, 11.77, 11.08, 11.77, 11.83, 10.3, 11.28, 10.71, 10.96, 10.29, 11.13, 12.62, 11.43, 12.08, 10.61, 10.98, 10.44, 10.34, 11.15, 11.48, 10.93, 10.62, 10.69, 11.21, 11.13, 11.88, 11.22, 10.47, 10.88, 10.45, 10.77, 11.37, 11.43]}