{"train_loss": [2.285616252666865, 2.2683709248518333, 2.26269891526964, 2.2590626967258944, 2.2572405414703565, 2.255939749061552, 2.2548290261855493, 2.2539442655367727, 2.253241774872837, 2.2525352285458493, 2.251991310180762, 2.251404675663027, 2.2509570631206546, 2.2504031953648624, 2.2499569272383666, 2.249554815964821, 2.2489787564318404, 2.248656634082142, 2.2482448724599986, 2.2476967486560855, 2.2473261091444225, 2.246917344056643, 2.246528521562234, 2.246180305114159, 2.2456720486665382, 2.2452266027784753, 2.2448370813304543, 2.2442674993449807, 2.2438968073608527, 2.2434736189679203, 2.2428945124658766, 2.2423708882087316, 2.2419330436959224, 2.241505674317352, 2.2409057158690233, 2.2403819092318544, 2.239790051920801, 2.2392222427914286, 2.2385833971520777, 2.2379728606623464, 2.237406240059779, 2.2367301231775527, 2.235934500510876, 2.2352700747995295, 2.234667556408124, 2.2338195402398067, 2.2329659996888576, 2.232090615818643, 2.231351481543647, 2.230510854313516, 2.2297213913029075, 2.228944603194538, 2.227869675709651, 2.2267187466988196, 2.2258001545555572, 2.2247317453734894, 2.2237741575281844, 2.2229041049623084, 2.221508198823684, 2.2205757957238417, 2.2193136704273715, 2.218333166379195, 2.216832311744364, 2.2155513065493007, 2.21468981820294, 2.213206535221165, 2.2119254388360896, 2.2105181706257357, 2.2089777777337622, 2.2078422904014587, 2.2065717440385084, 2.2048692998723087, 2.2032199833128185, 2.2018543155784283, 2.1995762082246633, 2.1983959104260826, 2.1969172969842568, 2.195265793392801, 2.193919060067234, 2.1919980966127834, 2.19010720650355, 2.188455680496672, 2.186468564547025, 2.184860495420603, 2.183120532423003, 2.181092955617823, 2.179053543469845, 2.177406968214573, 2.1755499625817323, 2.173947497820243, 2.171607865737035, 2.170063782451499, 2.1677337823769984, 2.1656669205070562, 2.1638891477870126, 2.1616081651459393, 2.160050700872372, 2.1577105639327288, 2.154992011877207, 2.1540160729334903], "test_loss": [1.8738796569824219, 1.7792404418945313, 1.7300013580322267, 1.7136897033691407, 1.6747396804809571, 1.6676233642578124, 1.6706561981201171, 1.6656713745117186, 1.6329474899291991, 1.6552481765747071, 1.6155791091918945, 1.645897134399414, 1.622448127746582, 1.614483139038086, 1.5773313751220703, 1.607621075439453, 1.5949083892822267, 1.5815302017211914, 1.5855086029052734, 1.5718022186279297, 1.640252439880371, 1.5813452880859376, 1.6034833938598634, 1.6225701202392577, 1.592130160522461, 1.5999575881958008, 1.5757518157958985, 1.6068984817504883, 1.6021644989013673, 1.6277637390136719, 1.6123953033447265, 1.591920376586914, 1.609855665588379, 1.6073472091674805, 1.5777394119262695, 1.5889564559936524, 1.5459384841918946, 1.59438056640625, 1.5864896484375, 1.580547492980957, 1.5980836654663086, 1.5976909622192383, 1.5701230484008788, 1.581891537475586, 1.6311757247924805, 1.6098896301269532, 1.6112273498535157, 1.6074383346557617, 1.624597799682617, 1.5758275497436522, 1.563276937866211, 1.5963737228393555, 1.623641989135742, 1.5804743560791015, 1.594513137817383, 1.613883937072754, 1.5558836013793946, 1.6209271713256836, 1.6035975799560547, 1.6256164916992188, 1.6461936386108398, 1.5498680297851561, 1.5807903625488282, 1.6073117446899414, 1.6376294921875, 1.5949229461669923, 1.5998428237915039, 1.6582229873657226, 1.6453801788330078, 1.6261803619384765, 1.6460639602661133, 1.617605014038086, 1.5964789276123046, 1.6703214462280274, 1.582023194885254, 1.5765536575317383, 1.6178233154296875, 1.6420723556518555, 1.662382568359375, 1.6188170303344727, 1.6217426239013673, 1.633841453552246, 1.6560199798583983, 1.6564929138183593, 1.6260706436157226, 1.6558770721435547, 1.6054632507324218, 1.621344792175293, 1.6358390106201173, 1.597839060974121, 1.5803380599975585, 1.6759710586547851, 1.6425890197753907, 1.6326106201171875, 1.6583162963867188, 1.6533155700683593, 1.6723524536132812, 1.6736259323120117, 1.652186654663086, 1.6469607467651368], "test_acc": [80.55, 89.78, 93.07, 93.25, 95.49, 95.32, 95.43, 96.64, 96.52, 97.01, 97.02, 97.46, 97.2, 97.45, 96.93, 97.73, 97.57, 97.56, 97.69, 97.81, 97.86, 97.7, 97.96, 97.61, 97.98, 97.77, 97.95, 97.82, 97.96, 98.06, 97.88, 98.09, 98.13, 97.93, 98.12, 97.6, 98.01, 97.44, 97.86, 97.68, 97.18, 97.34, 97.67, 96.47, 96.78, 96.16, 96.58, 96.57, 94.77, 96.26, 96.57, 96.05, 94.96, 95.41, 94.79, 93.17, 94.69, 93.53, 92.66, 90.34, 90.56, 92.14, 91.28, 90.3, 88.32, 90.94, 88.96, 82.49, 87.18, 84.67, 82.57, 83.22, 85.56, 78.39, 87.02, 86.65, 83.26, 79.61, 80.26, 81.15, 79.68, 79.91, 76.65, 75.61, 78.01, 75.41, 76.43, 76.49, 74.1, 74.81, 77.72, 70.74, 70.82, 73.3, 71.9, 67.01, 65.56, 67.55, 69.23, 68.85]}