{"train_loss": [2.2203429703019624, 2.167571135565766, 2.1567297532008243, 2.151944063667558, 2.1491173240873547, 2.1470471921130123, 2.145475309119265, 2.1442958692200165, 2.143315442606934, 2.142435750900171, 2.141690437610333, 2.1410439625764504, 2.140531890412681, 2.139942480967595, 2.1395307055905333, 2.139028624082223, 2.1386809471326, 2.138281701466976, 2.137872740244254, 2.137521429449065, 2.1371833671871414, 2.1369252174328537, 2.136595408631186, 2.1363617854240613, 2.1360354240124044, 2.135821040878948, 2.1356271490072594, 2.135303061742049, 2.1351900706943283, 2.1348903260679326, 2.1347294689243674, 2.134531434784588, 2.1342168740737133, 2.1340240285946774, 2.1338765458164053, 2.1337104541623693, 2.133503779896304, 2.1332806313139763, 2.1331767169838276, 2.1329154326365543, 2.132763705192468, 2.1325824673359213, 2.13241334246774, 2.132295280440241, 2.132111470414023, 2.1318189822710476, 2.1316959216044498, 2.1315670436264105, 2.1313480077645717, 2.1312711569997997, 2.1310640125193148, 2.131019233638405, 2.1307791710918784, 2.1305988130406437, 2.130412721226358, 2.1302666190343027, 2.1301658102589793, 2.1300250729943953, 2.1299439357896137, 2.129717880844051, 2.1295259457368116, 2.129348950508313, 2.129217258375934, 2.1290490922764835, 2.128931723598741, 2.128769483831194, 2.128544883340852, 2.1283974020909042, 2.128320129508646, 2.1281550750773177, 2.128024042162121, 2.127856394674024, 2.1277484165297613, 2.12754480757265, 2.127359360201746, 2.12731883668492, 2.127057865134671, 2.1269764446804666, 2.12681494309352, 2.126605393540146, 2.1264850532906685, 2.1262669374800134, 2.12611306223095, 2.126053783119234, 2.1259061959054737, 2.1256635907368784, 2.125566643017989, 2.125402951851869, 2.125274664316422, 2.12502881553438, 2.124879103440505, 2.1247335020293536, 2.124613340084369, 2.1244553663791756, 2.124329332103077, 2.124021162844112, 2.124080871924376, 2.1239287491537566, 2.123762696217268, 2.123569669886532], "test_loss": [1.4486388931274414, 1.3296318450927735, 1.3179238571166991, 1.2706966400146484, 1.2651827590942384, 1.2595209686279296, 1.23986015625, 1.258855271911621, 1.2497112426757813, 1.227144093322754, 1.2135083312988282, 1.252194856262207, 1.2206300354003907, 1.2319672012329101, 1.2157795196533203, 1.2283128784179687, 1.2433200439453125, 1.2170060836791992, 1.2112846771240235, 1.2226606048583983, 1.2297164093017579, 1.2213556564331054, 1.2231493682861327, 1.2021305130004882, 1.2161209457397462, 1.2287359954833985, 1.2465864944458007, 1.2536656402587891, 1.2085320709228515, 1.1813762619018555, 1.2100170516967774, 1.1939106628417968, 1.2374511138916016, 1.185117906188965, 1.2223888885498047, 1.1744107162475586, 1.2133287826538086, 1.1785079071044922, 1.210768324279785, 1.1966592697143554, 1.1760141708374023, 1.1865413589477538, 1.1489717605590821, 1.2170473556518555, 1.2302282638549804, 1.1778006408691406, 1.1856953231811524, 1.201098811340332, 1.2379869903564453, 1.2168244186401367, 1.181788899230957, 1.1758252334594728, 1.1906594329833984, 1.1705535720825195, 1.167702751159668, 1.199252101135254, 1.2305104080200195, 1.2067456314086915, 1.1748617492675781, 1.1915715454101563, 1.194580453491211, 1.171655485534668, 1.221478028869629, 1.19721114654541, 1.1645290954589844, 1.1887033721923828, 1.205388803100586, 1.1915692337036132, 1.187046565246582, 1.1981817260742187, 1.1684378005981446, 1.2153751449584962, 1.2155868957519531, 1.2244748489379882, 1.1674877868652345, 1.1902812942504883, 1.1573996520996093, 1.2085384368896483, 1.2152734985351563, 1.2253933044433594, 1.1945249267578124, 1.1711342880249023, 1.1913823486328126, 1.1755677703857421, 1.1951200073242187, 1.2023931640625, 1.1673511428833008, 1.2251574447631837, 1.1854458023071288, 1.1775526947021484, 1.2015094772338868, 1.174745147705078, 1.1950309310913085, 1.2041495010375975, 1.2034773818969726, 1.19978683013916, 1.207729167175293, 1.2068384857177734, 1.1691094192504883, 1.193351432800293], "test_acc": [89.62, 94.78, 96.56, 96.85, 97.22, 97.59, 97.76, 97.79, 98.02, 98.26, 98.32, 98.28, 98.46, 98.22, 98.62, 98.44, 98.6, 98.59, 98.58, 98.74, 98.68, 98.66, 98.65, 98.72, 98.79, 98.78, 98.86, 98.82, 98.81, 98.75, 98.78, 98.81, 98.88, 98.91, 98.94, 98.92, 98.83, 98.87, 98.86, 98.95, 98.86, 98.85, 98.86, 98.97, 98.89, 98.93, 98.87, 98.92, 98.96, 98.95, 99.01, 98.89, 98.89, 98.91, 98.93, 98.94, 98.92, 98.87, 98.97, 98.98, 98.96, 98.95, 98.88, 98.88, 98.86, 98.97, 98.87, 98.95, 98.93, 98.91, 98.9, 98.96, 98.91, 99.02, 99.02, 98.91, 98.96, 98.93, 98.97, 98.92, 98.98, 98.91, 98.89, 98.94, 99.0, 98.98, 98.95, 98.96, 98.89, 98.89, 98.93, 98.91, 98.96, 98.96, 98.94, 99.01, 98.86, 98.95, 98.95, 98.88]}