{"train_loss": [1.247993945565998, 1.0162464887158484, 0.9887465047530639, 0.9745624735314622, 0.9651897636234251, 0.9576366832877836, 0.9517062288573664, 0.9459172339520903, 0.9413979565485929, 0.9367156553472209, 0.9326346836283675, 0.9287917975686554, 0.925822191258781, 0.9219247765011258, 0.9185902844382148, 0.9159315048884122, 0.9124934744631124, 0.9092360666164985, 0.9062966953994881, 0.9031253383200393, 0.8995937516546657, 0.8968067195935127, 0.8935620852260509, 0.889719371484895, 0.8867314971155591, 0.8830624202377776, 0.8791109911906414, 0.8752075363682885, 0.8716814154997851, 0.867432541699491, 0.8643509153372202, 0.8596559081576828, 0.8561850842247661, 0.8509549208176441, 0.8477263310526171, 0.843568311415167, 0.839048830489827, 0.8339719623327255, 0.8303828491614416, 0.8259633533720278, 0.8208489325056728, 0.8161437985224601, 0.8118634450639415, 0.8075935187248083, 0.8026500060262843, 0.7987987959486806, 0.7948380404303217, 0.7901520285850916, 0.7858971273287748, 0.7813875030758034, 0.7776772643511112, 0.7734917052026488, 0.7690812039833802, 0.7653449822185386, 0.7618072110618281, 0.7581343017836921, 0.7547264221387032, 0.7518920846219755, 0.7479132311975855, 0.7447316309070995, 0.7420537125351082, 0.7392246423878222, 0.7366428092504159, 0.7333105280358567, 0.731298869746363, 0.7286219244074618, 0.7265893102456362, 0.7248076324024771, 0.7218532330460019, 0.7196751146489738, 0.7181105220165008, 0.7160994066641881, 0.7141214337868568, 0.7127205325752242, 0.7109042785616002, 0.7101719188384521, 0.7078286791459109, 0.7062371717049525, 0.7056663898576019, 0.7036854468094997, 0.702726890388717, 0.7013597106322264, 0.6996817923763878, 0.6992902274315174, 0.6979056703738677, 0.6969244736127365, 0.695577486203267, 0.694950557162619, 0.6937127052209316, 0.6929814424524959, 0.6917572367904533, 0.6908568303045045, 0.6902127724427444, 0.688967336828892, 0.6883365207502985, 0.6877139783822573, 0.686799664910023, 0.6860093326650114, 0.685256772953221, 0.68479636286059], "test_loss": [0.36523561096191404, 0.305693674659729, 0.282471724319458, 0.28263547382354737, 0.30646762580871584, 0.29117152519226075, 0.3028176549911499, 0.26242139835357664, 0.25340949783325195, 0.2552017911911011, 0.26706545486450195, 0.2587479703903198, 0.24197845726013184, 0.28934812088012696, 0.2694339237213135, 0.24579508628845215, 0.3225828338623047, 0.2661624183654785, 0.26091509952545167, 0.2664693462371826, 0.22694597129821778, 0.2699150421142578, 0.23782269954681395, 0.2621920051574707, 0.2638705684661865, 0.25831666793823244, 0.24031514949798585, 0.24446052627563478, 0.27355043354034425, 0.2545231525421143, 0.28834395713806155, 0.2556258413314819, 0.25458951015472414, 0.27055421581268313, 0.25933879623413086, 0.25045726470947266, 0.2159493965148926, 0.24533852901458741, 0.2752839931488037, 0.24689937858581543, 0.21896218032836914, 0.24211585960388182, 0.24643502426147462, 0.2640400653839111, 0.23978509197235107, 0.29250046043395994, 0.24438180599212647, 0.2496986961364746, 0.23987870540618897, 0.26396126403808595, 0.23839637546539308, 0.25185135650634766, 0.27359113636016846, 0.2585276704788208, 0.24578620872497559, 0.23785839080810547, 0.306535795211792, 0.28654849185943604, 0.2622990509033203, 0.2519393678665161, 0.23989439506530763, 0.2688903631210327, 0.2590904598236084, 0.2600069538116455, 0.2609351390838623, 0.2597823415756226, 0.25847360725402835, 0.266191796875, 0.26384631595611574, 0.2674962646484375, 0.24208907966613769, 0.26699087009429934, 0.28140751762390137, 0.27290476474761965, 0.26130071811676026, 0.25787282848358156, 0.2594496440887451, 0.28068990135192873, 0.2597206802368164, 0.2837594825744629, 0.2710363254547119, 0.2665114980697632, 0.2570494831085205, 0.2540309745788574, 0.2741358018875122, 0.2633899188995361, 0.28467803020477295, 0.2648227666854858, 0.2922692602157593, 0.2593281805038452, 0.2743331581115723, 0.26870564708709715, 0.2724886959075928, 0.2694467887878418, 0.2798142023086548, 0.28388978099823, 0.28379895133972166, 0.2621578702926636, 0.27323774204254153, 0.293756374168396], "test_acc": [96.81, 97.98, 98.45, 98.6, 98.64, 98.64, 98.8, 98.88, 98.9, 98.92, 98.95, 98.93, 98.93, 99.01, 99.0, 99.09, 98.98, 98.97, 98.93, 99.06, 98.93, 99.0, 98.98, 99.01, 99.03, 99.0, 98.93, 98.98, 98.93, 98.87, 98.91, 98.82, 98.82, 98.78, 98.82, 98.62, 98.82, 98.67, 98.63, 98.62, 98.59, 98.47, 98.68, 98.54, 98.57, 98.24, 98.39, 98.27, 98.21, 98.1, 98.33, 98.22, 98.16, 98.17, 98.17, 98.26, 97.54, 98.02, 97.98, 98.01, 97.96, 97.95, 97.87, 98.1, 98.01, 97.92, 98.07, 97.94, 97.9, 97.75, 98.0, 97.83, 97.82, 97.8, 97.77, 97.82, 97.85, 97.82, 97.75, 97.78, 97.88, 97.77, 97.64, 97.79, 97.63, 97.79, 97.71, 98.0, 97.5, 97.87, 97.74, 97.73, 97.82, 97.77, 97.72, 97.76, 97.64, 97.95, 97.63, 97.77]}