{"train_loss": [1.5713535063287132, 1.3769936620170236, 1.3510295641727936, 1.3358764465038593, 1.3246812103395789, 1.3163729490887406, 1.3102837057195158, 1.3027870587558827, 1.2984090755637894, 1.2923555448014512, 1.286859907910355, 1.2818654930999136, 1.2760570489952707, 1.2709502442779703, 1.2646514682942986, 1.259033122123816, 1.2525640400046976, 1.2459552601361885, 1.2407177937591178, 1.233082047639749, 1.2250879664196928, 1.2166763339032474, 1.2088003516451926, 1.19850147025198, 1.1889605969190598, 1.1783957790869932, 1.1670091215871339, 1.1554923080481017, 1.142661070976502, 1.129062784405855, 1.1149759486190274, 1.1002412297022648, 1.0829136656899738, 1.065027682317628, 1.0503343952517223, 1.0320404632988138, 1.0120923874469905, 0.9930206018890071, 0.9758192961796736, 0.9541909324053006, 0.9339789823334441, 0.9126170990813491, 0.8946717302513938, 0.8757342943268963, 0.8554585418130598, 0.839651003989399, 0.8204841387068105, 0.8022881334918177, 0.7876139607949134, 0.7721175727171775, 0.7573340623042523, 0.7432784449595672, 0.7307187939046794, 0.7195335273813998, 0.7093580399568264, 0.7008126609855228, 0.6920676756108928, 0.6830805170739818, 0.676472542122898, 0.6692787080239027, 0.6624450586799883, 0.6574405804913268, 0.6523423494182081, 0.647442942755854, 0.6432821022139655, 0.638221492115249, 0.6351175737431926, 0.6309882248314018, 0.6273417949167073, 0.6243979430351502, 0.6219284866864865, 0.6185877554946475, 0.6159401869671977, 0.6132290113685478, 0.6107006379936495, 0.6085572089904394, 0.6060477456985376, 0.6036379477407179, 0.6019774683010883, 0.5997143974925718, 0.5982436649819725, 0.5962417789249339, 0.5942962044834071, 0.5927937429430138, 0.5913201059795853, 0.5898992238391159, 0.588186481824288, 0.5864871914824868, 0.5855834005225418, 0.5840741119578353, 0.5825403052517492, 0.5810766207356738, 0.5801740723033236, 0.5787166804075241, 0.5778224389267783, 0.5771724393225124, 0.5757491844586837, 0.5744221860017532, 0.5735797740710087, 0.5723210026820501], "test_loss": [0.5264487136840821, 0.40716944179534914, 0.42862947311401367, 0.41932366981506347, 0.4361062702178955, 0.4741127296447754, 0.4523101421356201, 0.37669486961364745, 0.5220041267395019, 0.4056721435546875, 0.37288993492126465, 0.3636507236480713, 0.376596443939209, 0.4092303253173828, 0.4232105827331543, 0.4199819423675537, 0.46354083747863767, 0.43295980224609376, 0.3928282012939453, 0.4709233726501465, 0.4379829788208008, 0.4608428234100342, 0.44558676414489745, 0.37191946792602537, 0.4327408592224121, 0.41977535133361815, 0.4205987865447998, 0.4361242347717285, 0.41448102073669435, 0.4664921611785889, 0.4047703060150146, 0.43941731719970706, 0.4485868606567383, 0.43271839027404785, 0.363879416847229, 0.43456756477355957, 0.44891605262756346, 0.4174419647216797, 0.45716521263122556, 0.4885187995910645, 0.40796494064331057, 0.45553947868347167, 0.4969931854248047, 0.4914283485412598, 0.4191063449859619, 0.4704190849304199, 0.4601344295501709, 0.5303889797210694, 0.5412336044311523, 0.49916937103271486, 0.5586782955169678, 0.5557025974273682, 0.48693909339904784, 0.5260026927947998, 0.48071865310668943, 0.4778807849884033, 0.4927004127502441, 0.4941143543243408, 0.4962987335205078, 0.5259261684417724, 0.5173335552215577, 0.5075742980957031, 0.5114739707946777, 0.5317417675018311, 0.5422579872131348, 0.5360083465576172, 0.5025583202362061, 0.5247402408599854, 0.554870474243164, 0.5406462150573731, 0.5284821063995361, 0.5774561260223389, 0.6123458358764649, 0.5766016510009766, 0.5615204864501954, 0.5562443065643311, 0.541324585723877, 0.5670778232574463, 0.569806530380249, 0.5609575061798096, 0.5742374099731445, 0.5670174892425537, 0.5792169799804687, 0.5917831020355224, 0.576911665725708, 0.5733945766448975, 0.5704579528808593, 0.5718713043212891, 0.5728026035308837, 0.5846763202667237, 0.6090214908599854, 0.5871173210144043, 0.5629293788909913, 0.61647223777771, 0.598268370437622, 0.5902071128845214, 0.6130788730621338, 0.6064980628967285, 0.6133156795501709, 0.6238955249786377], "test_acc": [95.78, 97.4, 98.04, 98.27, 98.4, 98.48, 98.31, 98.64, 98.51, 98.77, 98.76, 98.74, 98.62, 98.87, 98.77, 98.92, 98.85, 98.64, 98.78, 98.73, 98.57, 98.67, 98.54, 98.52, 98.01, 98.36, 97.88, 97.82, 97.84, 96.76, 97.29, 95.98, 95.82, 95.6, 96.34, 94.97, 93.96, 94.36, 92.39, 92.4, 93.98, 91.72, 90.96, 90.83, 91.88, 90.53, 90.81, 88.43, 87.71, 88.86, 86.09, 86.0, 88.68, 87.14, 88.71, 88.59, 88.48, 88.3, 87.77, 86.84, 87.29, 87.4, 87.4, 86.95, 86.5, 86.43, 87.54, 86.84, 85.99, 86.2, 86.65, 84.91, 83.51, 84.94, 85.75, 85.71, 85.84, 85.39, 85.05, 85.36, 84.92, 84.98, 84.65, 84.42, 84.81, 84.82, 84.85, 85.0, 84.89, 84.4, 84.02, 84.35, 85.14, 83.42, 84.35, 84.48, 83.68, 83.79, 83.73, 83.5]}