{"train_loss": [1.9447366944235613, 1.8166693612041636, 1.7987562471475356, 1.7906180245754046, 1.7852720060409644, 1.7817433257388253, 1.7788604179508665, 1.7766086265572116, 1.7745856958576756, 1.7729239800037482, 1.7714202179867997, 1.7703922082725754, 1.7691823063243148, 1.7680515713161893, 1.767340126964781, 1.7664387557241652, 1.7654708053311732, 1.7646200738401494, 1.7639731611960974, 1.7634844301093338, 1.7630050100831904, 1.7624526319340763, 1.7619615390769436, 1.7612485648729863, 1.7609102899192746, 1.7604166332982545, 1.7599016499315572, 1.7594753501252232, 1.7591654133592916, 1.7587968442175124, 1.7584152453475528, 1.7579709082587152, 1.7575277383001442, 1.7571959365636876, 1.7568923209467504, 1.7564912272824182, 1.756249879160498, 1.7559284162827027, 1.7556107912817571, 1.7555010275453584, 1.755002539891463, 1.7546400883768358, 1.754362900287677, 1.754169220598335, 1.7537785343125336, 1.7535954785143208, 1.7532570677944737, 1.7529881716283977, 1.752962515140191, 1.7525139588576097, 1.752211694024567, 1.7520096508356242, 1.7518684135542975, 1.7515020905396876, 1.7511100101674724, 1.751099398248216, 1.7507778821337936, 1.7505291229129856, 1.750344640424109, 1.7501605863754566, 1.7499261134200625, 1.7495322657956018, 1.7494064314752562, 1.7492991721528208, 1.7488311921429431, 1.7487926671647618, 1.7485822770330641, 1.7483854362597833, 1.7481980629456348, 1.7479245940334776, 1.747585186846236, 1.747487340727423, 1.7471989879750798, 1.7470774879822364, 1.7469205295937693, 1.7466534641053941, 1.7464453201008658, 1.7462170009429638, 1.7457932694854899, 1.7458824204583454, 1.7456698285208807, 1.7453626017285209, 1.7452713470173697, 1.7451209410642967, 1.7448171341521108, 1.7447275009929624, 1.744335395658118, 1.7443913898916326, 1.7441414339929564, 1.743913937582929, 1.743797906443604, 1.74363374710083, 1.7434819254100833, 1.7431170621998289, 1.7430931072459261, 1.742759036202716, 1.74262420540182, 1.7423947107078683, 1.7422506281962762, 1.7420990948493664], "test_loss": [0.8726523979187012, 0.7743363090515136, 0.7641796150207519, 0.7315038414001465, 0.7470915916442871, 0.7664482742309571, 0.7432845687866211, 0.7208561714172363, 0.7278177009582519, 0.7259821235656738, 0.7121288879394532, 0.7571459533691406, 0.7021631469726562, 0.6950503761291504, 0.7163376152038574, 0.6908905944824218, 0.7296026702880859, 0.7299238456726074, 0.7200295150756836, 0.708370573425293, 0.6912723075866699, 0.6862328056335449, 0.6760797225952149, 0.6736329620361328, 0.6986425544738769, 0.7294950164794922, 0.6975836837768554, 0.6830626487731933, 0.7068240348815918, 0.7273924339294433, 0.688427384185791, 0.6850945037841797, 0.6644569152832032, 0.6977582397460937, 0.6970367897033691, 0.6645530227661133, 0.6944096633911133, 0.6891039703369141, 0.687607585144043, 0.7119119895935059, 0.7064990982055664, 0.6757862380981445, 0.6742835708618165, 0.6501170463562012, 0.6720736274719238, 0.6758536834716797, 0.7077868194580078, 0.6768216125488281, 0.6635419784545898, 0.6941827117919922, 0.7088728820800781, 0.6867663330078125, 0.7153333885192871, 0.7044687286376953, 0.6776442169189453, 0.6982066101074219, 0.6515947372436524, 0.6938005363464356, 0.7113700019836425, 0.6585245315551758, 0.6912716850280761, 0.7561023139953613, 0.7054295860290527, 0.7317088157653808, 0.6873124977111816, 0.7092455932617188, 0.6750157005310059, 0.7075719818115235, 0.6915034690856934, 0.6866267608642578, 0.686996509552002, 0.6637062194824219, 0.6807332176208496, 0.6764657318115235, 0.6697340591430664, 0.6679818771362305, 0.7075021102905273, 0.692028719329834, 0.6986047119140625, 0.6701718559265136, 0.7086446258544922, 0.6986649383544922, 0.683323210144043, 0.7082205513000488, 0.7020428413391113, 0.6869167106628418, 0.6926867401123047, 0.6506826988220215, 0.736866291809082, 0.7070243530273438, 0.724372843170166, 0.6951204040527343, 0.6598541984558105, 0.6919998786926269, 0.6727883773803711, 0.670744441986084, 0.7142028732299804, 0.6952595237731933, 0.6922569389343262, 0.6712133598327636], "test_acc": [95.5, 97.25, 97.89, 98.08, 98.33, 98.45, 98.68, 98.73, 98.84, 98.81, 98.89, 98.93, 98.86, 98.93, 98.95, 98.92, 98.94, 98.94, 98.97, 98.99, 98.94, 98.95, 98.98, 98.93, 98.97, 99.04, 99.03, 99.02, 98.99, 98.94, 99.01, 99.03, 99.01, 99.01, 99.06, 99.05, 99.08, 99.09, 99.05, 99.09, 99.15, 99.15, 99.11, 99.1, 99.16, 99.16, 99.12, 99.17, 99.17, 99.18, 99.26, 99.22, 99.2, 99.17, 99.14, 99.21, 99.23, 99.21, 99.22, 99.2, 99.2, 99.28, 99.23, 99.23, 99.26, 99.25, 99.2, 99.29, 99.26, 99.24, 99.24, 99.29, 99.23, 99.23, 99.22, 99.23, 99.22, 99.28, 99.13, 99.25, 99.22, 99.23, 99.17, 99.22, 99.24, 99.29, 99.2, 99.23, 99.2, 99.29, 99.24, 99.24, 99.23, 99.25, 99.18, 99.25, 99.19, 99.21, 99.17, 99.22]}