{"train_loss": [2.1735874827091513, 2.09575677351055, 2.0799504770682407, 2.0719324666210728, 2.066014311507217, 2.061588142417435, 2.057675200395095, 2.0535835093922086, 2.050617246546297, 2.046916066071926, 2.043770250856367, 2.039692044767559, 2.036690388989245, 2.0330119695928364, 2.029503682739714, 2.0254927239356895, 2.0207815995583167, 2.015301157266666, 2.010180218352212, 2.0041687465631046, 1.9976284465728662, 1.9916448363891015, 1.9831864482317216, 1.9748225938051174, 1.9673812086256142, 1.9565056019868605, 1.9454370092632425, 1.933827992942598, 1.9205474423037634, 1.9072566811855023, 1.8917272266669152, 1.874122674903299, 1.8577910381504612, 1.8373231284129314, 1.817260818858432, 1.7954298706136198, 1.769600579371819, 1.7463407404402382, 1.718741444695709, 1.6907024681568146, 1.6651323221178136, 1.6338445890663016, 1.6018066852011232, 1.5720170270173977, 1.5398837997872605, 1.507338780623216, 1.4759797433502653, 1.4436080361533368, 1.4145672074240496, 1.3832519377908137, 1.352790320530916, 1.3241887540898771, 1.296322004407899, 1.2705535422532985, 1.246399583724829, 1.2243087974369016, 1.2002111222499456, 1.1788029367597694, 1.1574349291304238, 1.1399455765883129, 1.124850337067221, 1.1090261885243604, 1.096171153916253, 1.0816569993129144, 1.0695784293178818, 1.0576568086687317, 1.0501645623873441, 1.0399418573858392, 1.031403553027373, 1.023035443109325, 1.0168227825918768, 1.009320190574369, 1.0023102820174308, 0.9976789746274296, 0.9910964855016806, 0.9866024864535047, 0.982569611352733, 0.9779590686671754, 0.9728010672534633, 0.9697592362888858, 0.9650286443722553, 0.9616537514405373, 0.9578523754309385, 0.9545196888283787, 0.9516291415844208, 0.9483592143425574, 0.9458925320297225, 0.943256488849974, 0.9405332098149846, 0.9371599245529908, 0.9354999251345284, 0.9328842752764368, 0.9300903981058006, 0.9284433674099098, 0.9262032354744072, 0.924132268398236, 0.9218303845224217, 0.9200710072221919, 0.9180551164934778, 0.9164243613043402], "test_loss": [1.2382646446228027, 1.127565870666504, 1.1790214096069336, 1.113985569000244, 1.0755976806640626, 1.0972258895874023, 1.093409471130371, 1.0606289321899414, 1.046536614227295, 1.0211477996826173, 1.0999928253173827, 1.112125375366211, 1.1686382598876952, 1.070614281463623, 1.0077786811828613, 1.0768392593383789, 1.1130046112060548, 1.0812959655761718, 1.0909764198303222, 1.0501857093811036, 1.1593096420288085, 1.0469862030029298, 1.124441697692871, 1.0274604316711426, 1.0763343551635742, 1.1445869842529297, 1.128492286682129, 1.144462272644043, 1.1464376510620118, 1.0954647354125977, 1.1510435455322265, 1.0492486228942872, 1.106755255126953, 1.096141455078125, 1.195173863220215, 1.121241820526123, 1.1115404777526856, 1.252759016418457, 1.1437508911132812, 1.1668088317871095, 1.2353480667114258, 1.3475309600830079, 1.1664716133117676, 1.2001493774414063, 1.2986380416870118, 1.2250054275512696, 1.2416060760498047, 1.351293049621582, 1.3380619384765624, 1.5172217636108398, 1.2976565811157226, 1.3610830902099609, 1.3986716583251952, 1.4849986038208007, 1.4152512512207032, 1.520098518371582, 1.4762298217773437, 1.4915374618530273, 1.5085696563720703, 1.6084575759887696, 1.5994658920288085, 1.5720647079467773, 1.595641423034668, 1.6157084594726563, 1.5830631866455078, 1.565675357055664, 1.6595205276489258, 1.6598617446899413, 1.6957497192382813, 1.6624785797119142, 1.658942071533203, 1.6782090072631837, 1.7087394149780273, 1.6907148071289062, 1.7000499908447266, 1.7176694900512695, 1.6822188827514648, 1.694911489868164, 1.7094428421020509, 1.6842307037353517, 1.6734454727172852, 1.781061524963379, 1.7835845443725586, 1.7833166412353516, 1.725753598022461, 1.7556640029907227, 1.7479670822143554, 1.7579721755981446, 1.7394745300292969, 1.7428390731811523, 1.8227846176147462, 1.7769132553100586, 1.8082984970092773, 1.8453652770996094, 1.8368850814819335, 1.8172190933227539, 1.8034613006591798, 1.8140741241455078, 1.8210014450073242, 1.8122611572265626], "test_acc": [91.03, 94.33, 96.33, 96.64, 97.01, 97.22, 97.26, 97.66, 97.26, 97.82, 97.86, 97.68, 97.75, 97.92, 97.88, 97.94, 97.88, 97.51, 97.3, 96.86, 96.49, 97.09, 96.2, 95.17, 95.4, 93.36, 93.23, 90.99, 88.77, 88.7, 85.78, 88.61, 84.84, 83.08, 78.83, 79.16, 77.02, 70.77, 74.67, 72.8, 67.27, 62.44, 68.99, 68.13, 62.29, 64.42, 63.64, 58.73, 60.11, 51.73, 59.37, 57.39, 56.24, 53.16, 55.51, 51.93, 54.28, 52.97, 52.06, 48.02, 48.91, 50.25, 49.69, 48.43, 48.91, 50.81, 47.68, 47.72, 45.59, 46.98, 46.89, 46.89, 46.36, 46.35, 46.72, 45.51, 46.68, 47.01, 45.98, 46.77, 47.55, 43.65, 43.87, 42.82, 45.93, 45.41, 45.57, 44.71, 45.53, 45.66, 43.17, 43.83, 43.17, 42.16, 42.93, 42.76, 43.49, 42.7, 43.55, 43.31]}