{"train_loss": [2.277634318058307, 2.251956459803459, 2.242446850507687, 2.2369123952001586, 2.2331360064001164, 2.230162219614045, 2.2272137444243474, 2.2253516122826142, 2.222829735177195, 2.2203245101830897, 2.218176777036781, 2.215181940131717, 2.21260919326391, 2.2093821371722426, 2.2062976722024445, 2.202508214701954, 2.198585208155151, 2.1940835357731223, 2.1889880437117357, 2.18387712067009, 2.177606646321778, 2.1704869219380565, 2.163166778209882, 2.1553491114551186, 2.1455796141909738, 2.135139925612344, 2.1231423450840845, 2.108695701910899, 2.09480455568713, 2.0771116183863745, 2.0582228738528032, 2.0372892615632114, 2.0137364156225805, 1.9891250604747708, 1.9599275558422773, 1.9305878719712934, 1.8990557555459504, 1.8636608719825745, 1.8265659001647916, 1.7909324441710088, 1.7476803326708639, 1.7035540591957223, 1.660843208559558, 1.616282297250552, 1.570064307278038, 1.5202406716142964, 1.4793865795318897, 1.4319160784411633, 1.3852704055288918, 1.3381404344342713, 1.2997162670661242, 1.2563308966465485, 1.2133687747339916, 1.1774754508947716, 1.1412196496867726, 1.107028828599514, 1.0726163405129032, 1.04534891489734, 1.0171985725561778, 0.9924384912109783, 0.9710713195749837, 0.9531669214240506, 0.9363101104385833, 0.9202199221676232, 0.905659332489356, 0.8943859788342419, 0.8828499741279162, 0.8736993808012742, 0.8654673257444658, 0.8572024213962066, 0.8497980838148003, 0.843482749711754, 0.8377170397175683, 0.8318908075746309, 0.826317842826884, 0.8221443641898979, 0.8169039987091326, 0.8125353533233333, 0.8095010685869771, 0.8042998522774786, 0.8010042330138704, 0.7976277154735011, 0.7943438723301276, 0.7904605987744454, 0.7877549250156451, 0.7846777726951827, 0.7821347162000134, 0.7791348950475709, 0.7769879819745691, 0.7744971462804028, 0.7721097310129393, 0.7693910912061349, 0.7667684243020848, 0.7647297812832726, 0.7625642969058111, 0.7605284237199359, 0.7581127451525794, 0.756240281666446, 0.7544086057151485, 0.7523908588366631], "test_loss": [1.8271117492675781, 1.6962723281860352, 1.6642742462158202, 1.6038963729858398, 1.539433854675293, 1.5720867767333984, 1.5270995956420899, 1.4913511505126953, 1.5178189056396485, 1.5544056701660156, 1.5136615615844726, 1.5053701522827148, 1.5315604614257812, 1.5110426849365235, 1.5638221694946288, 1.5385849868774415, 1.5366967041015624, 1.504542465209961, 1.46090799407959, 1.5172607406616212, 1.4975635147094726, 1.4990096786499023, 1.460244337463379, 1.5086452850341796, 1.503200193786621, 1.4365150405883789, 1.5011207138061524, 1.5584903121948241, 1.5765768478393554, 1.5099838653564452, 1.566391145324707, 1.61623974609375, 1.5671706420898437, 1.6220629470825196, 1.6519738296508788, 1.6374884979248048, 1.681057473754883, 1.6577841110229492, 1.7379794158935546, 1.740853109741211, 1.8368757919311522, 1.805996127319336, 1.7655952072143555, 1.8615250518798827, 1.8879501434326171, 1.9544308364868164, 2.073399153137207, 2.0734482223510744, 1.9761112457275392, 2.083910972595215, 2.237164385986328, 2.1777795181274415, 2.193226583862305, 2.221966758728027, 2.4588659454345705, 2.3710896728515625, 2.3995272216796875, 2.350828105163574, 2.3518747970581053, 2.406147286987305, 2.475886276245117, 2.42955530090332, 2.4989268127441404, 2.584757159423828, 2.5160571533203124, 2.598584939575195, 2.5057571350097656, 2.5688246643066406, 2.5997820587158205, 2.596277703857422, 2.5631018768310545, 2.6365942443847654, 2.6233699249267577, 2.6372214782714845, 2.6281632232666015, 2.621455111694336, 2.647179183959961, 2.703697705078125, 2.6710561309814453, 2.6939247863769533, 2.6362558715820312, 2.6675439697265624, 2.692122326660156, 2.707159338378906, 2.707252944946289, 2.712255224609375, 2.676710418701172, 2.7365994567871095, 2.716666522216797, 2.730204071044922, 2.755835659790039, 2.728851873779297, 2.7526741333007814, 2.6910628112792967, 2.7899781341552736, 2.8104724884033203, 2.7799082641601562, 2.7395363861083983, 2.7246647033691405, 2.746528274536133], "test_acc": [82.16, 89.07, 91.51, 94.13, 95.04, 94.89, 94.76, 96.23, 96.81, 95.72, 96.06, 96.4, 94.93, 96.0, 94.99, 95.04, 93.78, 91.34, 93.83, 92.19, 90.84, 89.77, 86.04, 84.81, 82.15, 82.63, 78.68, 71.43, 67.4, 70.62, 65.26, 59.5, 61.12, 55.93, 52.29, 53.42, 50.25, 49.78, 44.78, 44.56, 40.63, 41.36, 43.29, 38.58, 38.59, 37.42, 33.73, 35.62, 37.04, 33.26, 30.2, 35.15, 32.87, 34.04, 28.18, 29.92, 29.53, 30.82, 31.04, 30.36, 29.61, 29.79, 29.41, 26.95, 29.18, 27.54, 28.87, 27.4, 26.28, 26.79, 28.04, 26.61, 25.77, 26.03, 26.35, 26.99, 26.07, 24.42, 25.45, 24.84, 26.71, 25.34, 26.25, 24.57, 25.04, 25.55, 26.39, 24.46, 25.35, 25.12, 24.22, 24.86, 24.06, 26.01, 23.63, 23.6, 23.48, 24.54, 25.13, 24.54]}