{"train_loss": [2.2663274203610215, 2.2356506417959165, 2.226983037769285, 2.223007987707089, 2.220620229203477, 2.2189237327657194, 2.2177761344828157, 2.216573760040805, 2.215679572178767, 2.2149412703310323, 2.2141186880250263, 2.2136025296317206, 2.2130028763387957, 2.212386434404259, 2.2118788173056054, 2.211397033980769, 2.210787182689732, 2.210379823150798, 2.2099344715093956, 2.2095224414116297, 2.2089691610417814, 2.2087106816789026, 2.2081737574349103, 2.2077742269915395, 2.207327072436993, 2.2067982712362566, 2.206441121223645, 2.205923423807845, 2.205528384090489, 2.2052081965992594, 2.2044999772666865, 2.2041921315030155, 2.2037015903709283, 2.2030621639683714, 2.202585400169731, 2.202159935592586, 2.20175830523173, 2.201183771985209, 2.2005945393162913, 2.2000736818354354, 2.1995096089493513, 2.198954857312716, 2.198399952843658, 2.1979382415103097, 2.1969744043472486, 2.1964877808195915, 2.1961283113202477, 2.1952193323363605, 2.1947161810010924, 2.1939752611339602, 2.1932561402646904, 2.1927388733268804, 2.1918847245028896, 2.1911412324660864, 2.190249376826816, 2.189738881893647, 2.188965904407012, 2.1883051787686143, 2.1874568508221555, 2.1862835491824355, 2.185412730416681, 2.1850278897163196, 2.183924878764356, 2.1830476491879196, 2.182465797306126, 2.181012348232106, 2.18023538029092, 2.1795746301993346, 2.1782188522510038, 2.1776538628798265, 2.176029612365951, 2.1752407937987237, 2.1741761667096715, 2.173243964329744, 2.172161772210374, 2.171128828301389, 2.1701649702512302, 2.1689669438916392, 2.1679377112633142, 2.1665302183892994, 2.1653175593441367, 2.16439741391402, 2.163350146550399, 2.1619341602692237, 2.1604134613632135, 2.1598761555476065, 2.1588367284872594, 2.157116026450426, 2.1559159450041943, 2.1547372111907372, 2.1534779138035245, 2.152060834770529, 2.1505914371237798, 2.149404716287923, 2.148717750850906, 2.146929750075707, 2.1459773244001927, 2.144160425561106, 2.1430502437118792, 2.141751868602557], "test_loss": [1.7027898498535157, 1.589969302368164, 1.5289063354492187, 1.5071870941162109, 1.4700803100585937, 1.4791165557861328, 1.47444326171875, 1.4847195220947265, 1.4413760131835938, 1.4304039413452148, 1.4432747177124023, 1.4818783966064453, 1.4647747924804688, 1.4606247436523438, 1.4564285568237305, 1.4186442657470704, 1.4392288269042968, 1.3999599700927734, 1.45668759765625, 1.4453162078857422, 1.4130097625732423, 1.4283409957885742, 1.4346047683715821, 1.4245259689331056, 1.3968840270996095, 1.4731847259521484, 1.402712399291992, 1.4296859878540038, 1.4450892013549805, 1.4203261474609374, 1.4439183944702147, 1.4311482391357422, 1.4460658996582032, 1.4467808959960937, 1.437422738647461, 1.4092105514526367, 1.3761923782348633, 1.4462022521972657, 1.4150259521484374, 1.4352662780761718, 1.4003747817993164, 1.3966213104248046, 1.3901546905517579, 1.4466017868041992, 1.3804503295898438, 1.3950085098266602, 1.419431153869629, 1.4124666809082032, 1.4025254348754883, 1.399054071044922, 1.4131290725708008, 1.4014993606567383, 1.3891310577392577, 1.3710198760986327, 1.3987279052734376, 1.3667868225097657, 1.4190604248046874, 1.3949313751220702, 1.4431680679321288, 1.4731155487060548, 1.4323901092529296, 1.4087960403442383, 1.4836945693969728, 1.4345048553466797, 1.4691319229125976, 1.3980550994873047, 1.4336447402954102, 1.445005728149414, 1.4005769134521484, 1.3728879211425782, 1.4281182220458983, 1.3370829971313476, 1.4320485275268555, 1.3684401916503905, 1.422294985961914, 1.4344726852416991, 1.425428059387207, 1.4329324783325195, 1.4546571243286133, 1.443260789489746, 1.406928662109375, 1.4393581802368165, 1.4298858474731446, 1.4437734741210937, 1.4373035308837891, 1.415239646911621, 1.444565299987793, 1.4549565551757813, 1.4449700149536133, 1.4918040023803711, 1.387677198791504, 1.3814484375, 1.4261578659057617, 1.4259172103881836, 1.3986889556884765, 1.429562223815918, 1.4168245010375977, 1.4454038360595702, 1.4252618896484375, 1.426633250427246], "test_acc": [85.95, 92.39, 94.6, 95.69, 96.53, 96.1, 97.15, 97.16, 97.44, 97.5, 97.56, 97.81, 97.85, 97.88, 97.93, 97.98, 98.06, 98.03, 98.2, 98.16, 98.23, 98.35, 98.21, 98.22, 98.16, 97.95, 98.32, 98.39, 98.3, 98.36, 98.45, 98.15, 98.48, 98.33, 98.27, 98.38, 98.36, 98.33, 98.14, 98.37, 98.25, 98.32, 98.29, 98.23, 98.3, 98.2, 97.69, 98.1, 98.1, 97.82, 97.39, 97.66, 97.81, 97.95, 97.81, 97.6, 97.32, 97.78, 97.11, 96.51, 97.14, 97.05, 96.2, 95.83, 96.22, 96.34, 96.13, 96.13, 96.23, 96.67, 95.55, 96.16, 95.49, 96.2, 94.98, 94.77, 93.51, 94.6, 92.48, 92.17, 93.59, 91.38, 93.12, 91.38, 91.62, 91.79, 90.55, 89.52, 89.59, 88.93, 92.46, 89.94, 90.42, 89.33, 90.26, 89.67, 88.72, 86.54, 89.13, 88.67]}