{"train_loss": [2.2837781564802184, 2.2608008797352133, 2.2512063873119845, 2.245496839030176, 2.241476564325838, 2.238256354107816, 2.2350740320662146, 2.232771178086599, 2.229575791929522, 2.227132877223512, 2.22384023004108, 2.220606096789368, 2.21721304838474, 2.2133455072712693, 2.209094636970096, 2.2039862860981216, 2.198690038970393, 2.1918115493578787, 2.1847061041073923, 2.1762396805306787, 2.1675455030213056, 2.156061437394884, 2.143894910812378, 2.129371449478671, 2.113305704970645, 2.094641240234049, 2.072950018522067, 2.0479256650830946, 2.020316007809761, 1.989284091270887, 1.9523835385966504, 1.911203739225355, 1.866104152976957, 1.8139087794682918, 1.759900813174044, 1.6989976486079714, 1.6371924314233992, 1.5669397818736541, 1.4991059499418633, 1.4305403016061864, 1.3561303197828114, 1.2818053495934887, 1.2113799185324938, 1.1390145768721898, 1.0672766831186082, 1.000110236625386, 0.9378893095203954, 0.8760632726117077, 0.8165844210192689, 0.7655418474450071, 0.7065613881135598, 0.6567255683943757, 0.6149987175933316, 0.5755360736551448, 0.5407007776009731, 0.49397961164896304, 0.46337187462128127, 0.44114572930539775, 0.40341835519951635, 0.35111737012481076, 0.3074010789203338, 0.2704046555181854, 0.24810682717933613, 0.23300648684430325, 0.2220889843809299, 0.2142201299404996, 0.20598778150912023, 0.19992819759580824, 0.19323987536068654, 0.18835289919605622, 0.18271354436237588, 0.17770885520129123, 0.17379987515254408, 0.17002473765204096, 0.16657440811714047, 0.16208529136438146, 0.1584498749520534, 0.15537503130861327, 0.1519738746345298, 0.1490970374777531, 0.1462545304471611, 0.1437910319839278, 0.14108489195887858, 0.13919782519149473, 0.13638918108155584, 0.1349120541419993, 0.13315494044914714, 0.131228374174008, 0.1297305981732077, 0.12822569211005655, 0.12667702487072882, 0.12496792902358067, 0.12389666521842153, 0.1227842219428629, 0.12183460328950842, 0.12087878893710609, 0.119813459009951, 0.11921171334564176, 0.11817486538018426, 0.11754954951759587], "test_loss": [1.8804651153564453, 1.745843766784668, 1.7352858978271484, 1.6482362686157226, 1.5971379302978517, 1.6019820755004883, 1.6075540161132813, 1.5674946929931641, 1.6103769119262696, 1.5668185150146485, 1.5758067123413086, 1.5573781311035155, 1.5342175033569336, 1.6185017196655274, 1.5478943145751953, 1.6062626937866211, 1.5857367355346679, 1.548467007446289, 1.5061773330688477, 1.5298541091918945, 1.5750051239013672, 1.5390714416503906, 1.6386103805541992, 1.5986360458374023, 1.6122950408935548, 1.632044807434082, 1.6261880706787109, 1.5923671646118165, 1.6911105026245117, 1.7228705444335937, 1.6584414459228516, 1.7588586837768554, 1.8169089370727538, 1.8007176071166993, 1.9120470184326173, 1.8745561508178712, 1.9595894592285157, 2.0181628646850585, 2.0717135528564454, 2.27595114440918, 2.219378596496582, 2.4962743591308594, 2.3916127090454102, 2.578324591064453, 2.5100582946777346, 2.82987350769043, 2.7914601135253907, 3.1185731353759767, 3.2119874359130858, 3.2156136810302733, 3.1981455841064452, 3.574330453491211, 3.6564115661621095, 3.8903364471435546, 3.957287466430664, 4.06729255065918, 4.335378192138672, 4.532188403320313, 4.541487240600586, 4.673482382202148, 4.667592599487305, 4.685684652709961, 4.602666867065429, 4.66484150390625, 4.651831002807617, 4.596687231445313, 4.624757409667969, 4.703824996948242, 4.655130541992188, 4.762389865112305, 4.753292282104492, 4.757719897460937, 4.79654782409668, 4.802600744628906, 4.813950354003906, 4.7818614288330075, 4.813523663330078, 4.879506896972656, 4.88134321899414, 4.913554412841797, 4.847327801513672, 4.903082153320312, 4.932516311645508, 4.936567156982422, 4.943613153076172, 4.961372631835937, 4.9051494110107425, 4.94654914855957, 4.956737145996094, 4.957908984375, 4.989359017944336, 4.994265075683594, 4.984103683471679, 4.958040081787109, 4.990587405395508, 4.972568081665039, 4.963363159179687, 4.947090768432617, 4.986847048950195, 4.9842597747802735], "test_acc": [77.86, 82.74, 92.04, 93.23, 94.41, 94.09, 95.04, 95.4, 95.19, 95.79, 95.05, 94.3, 93.7, 93.85, 93.18, 92.78, 90.15, 86.93, 89.68, 86.84, 80.36, 81.7, 69.43, 68.54, 65.17, 63.76, 62.46, 61.14, 54.55, 48.53, 50.93, 44.57, 42.06, 41.69, 38.29, 37.52, 36.2, 33.97, 33.18, 28.55, 31.59, 28.33, 28.8, 29.19, 31.45, 29.14, 27.98, 24.1, 26.98, 28.34, 26.71, 26.49, 25.93, 25.97, 25.78, 26.6, 23.47, 23.17, 23.79, 24.05, 24.19, 24.02, 23.85, 23.35, 23.3, 24.09, 23.49, 23.59, 23.06, 22.27, 22.66, 22.53, 22.6, 22.54, 22.87, 23.24, 23.07, 22.22, 22.8, 21.96, 22.98, 22.18, 22.48, 22.04, 21.7, 22.16, 22.37, 22.12, 21.9, 22.08, 21.51, 21.57, 21.63, 21.82, 21.38, 21.56, 21.67, 21.86, 21.36, 21.34]}