{"train_loss": [2.1868807125804772, 2.114353941546546, 2.098898638007987, 2.0905944735575943, 2.0849977168771954, 2.0800138059844318, 2.0759351793517413, 2.07209109623208, 2.0685384314284367, 2.0643114111362357, 2.0604335696269303, 2.0569624725060587, 2.0527112843134465, 2.047414882824971, 2.0434292460608687, 2.0380650572797174, 2.031699748120756, 2.025322358577679, 2.0180588046200256, 2.0107268520400057, 2.0019124990854507, 1.9931661774460068, 1.981618337906324, 1.9698420847073579, 1.9567766655714085, 1.9418759549784863, 1.924751238945203, 1.908225981088785, 1.8877852742488568, 1.86457334471564, 1.8430064213581574, 1.8162055412928264, 1.7868677189207485, 1.754533831635092, 1.7221338934877999, 1.68830687368018, 1.6509231996332479, 1.6132026179733439, 1.5698207311141186, 1.5267703764968448, 1.485568812260261, 1.4408346712589264, 1.395333077153589, 1.3481000216088743, 1.3032361027012525, 1.261637747542471, 1.216963081023632, 1.1765798649981491, 1.1386718394664617, 1.0960993434374149, 1.0573929326656537, 1.0231692377063963, 0.9887392096794568, 0.9593063578901128, 0.9305222706917005, 0.9031022711951509, 0.8823145225516751, 0.8599589421198919, 0.8433852005972822, 0.825349445016975, 0.8117422015748472, 0.7995377498814183, 0.788019367135488, 0.7788011604904109, 0.7695504718611383, 0.761462446461376, 0.7532679488261541, 0.7474312364545643, 0.741256626880067, 0.735546882972758, 0.7314041307848743, 0.7262786445964096, 0.7209368087032921, 0.7175304503777088, 0.7131536912459594, 0.7085478766861125, 0.7055649945878575, 0.7023691249708844, 0.6987600559607531, 0.6958360596854463, 0.6925077313541347, 0.6894184484695777, 0.6868677504806437, 0.6845459869274726, 0.681368540876951, 0.6787954689855249, 0.6768052113107127, 0.6738027037463636, 0.67216460317628, 0.6696212625401652, 0.6681660823842399, 0.6662231045655715, 0.6638344056331195, 0.6620356013886949, 0.6607664879570659, 0.6585324187564034, 0.6566686351329852, 0.6551055908203125, 0.6536510158807803, 0.6521108471430265], "test_loss": [1.2579531036376954, 1.145245888519287, 1.1760206802368165, 1.1330385726928711, 1.2032184356689453, 1.18711641998291, 1.1638777168273926, 1.1689193969726563, 1.123113296508789, 1.1269383544921876, 1.1210050559997558, 1.0492823905944824, 1.0233454818725587, 1.1789585693359375, 1.1499883880615234, 1.1494383102416992, 1.1313401504516603, 1.1350023818969726, 1.0587207946777344, 1.1008784934997558, 1.0974153060913086, 1.05447989654541, 1.0900668746948243, 1.1125950706481933, 1.0840469436645508, 1.066968179321289, 1.1222301712036133, 1.1141994987487793, 1.1888534759521485, 1.212612922668457, 1.1466761840820312, 1.203147344970703, 1.1728501037597656, 1.179999057006836, 1.2243823608398436, 1.2209379760742187, 1.2812502456665038, 1.344935173034668, 1.1882622177124023, 1.4046559020996094, 1.4386942413330077, 1.4658538314819336, 1.4109707458496095, 1.5654224868774413, 1.3790914352416992, 1.5223582290649413, 1.4891597122192384, 1.6133673080444335, 1.552214926147461, 1.6199616836547852, 1.6724019470214844, 1.7681673309326171, 1.7865996292114257, 1.7301337341308594, 1.7839087677001952, 1.8202775024414062, 1.7990959747314452, 1.851970785522461, 1.8743061874389648, 1.8004134963989258, 1.9105108184814452, 1.8653413772583007, 1.9164759490966796, 1.9445574111938477, 1.952019482421875, 1.9168588943481446, 1.9616226928710938, 1.977973924255371, 1.9745341766357423, 1.9911604614257812, 1.9973528305053712, 1.9779625473022462, 1.976460366821289, 2.0171663497924803, 2.0310846313476563, 1.9992242782592773, 2.0113289489746093, 1.961895475769043, 2.035295932006836, 2.0254868087768556, 2.016284454345703, 2.046366586303711, 2.064380355834961, 2.0712822021484376, 2.0795356674194334, 2.060509764099121, 2.041368167114258, 2.07311561126709, 2.080327114868164, 2.101762515258789, 2.082576461791992, 2.0721836380004883, 2.078948997497559, 2.0732235260009766, 2.121989762878418, 2.117436831665039, 2.120928953552246, 2.119344290161133, 2.113818978881836, 2.159821127319336], "test_acc": [87.36, 94.75, 94.53, 96.45, 96.77, 96.9, 97.11, 97.62, 97.72, 97.7, 97.71, 97.77, 97.92, 97.68, 97.69, 97.0, 97.4, 97.18, 96.94, 96.18, 96.12, 95.57, 93.61, 92.33, 91.67, 89.53, 89.89, 85.61, 83.22, 79.65, 82.38, 75.73, 76.48, 74.02, 68.37, 69.05, 63.17, 60.89, 66.71, 57.16, 54.42, 54.12, 55.92, 50.76, 57.18, 52.58, 53.52, 49.47, 51.86, 49.5, 48.45, 44.59, 45.36, 47.07, 46.7, 44.87, 45.97, 44.25, 43.97, 45.62, 43.25, 44.27, 41.96, 42.39, 42.54, 42.62, 41.14, 40.63, 41.59, 40.83, 41.59, 40.85, 41.41, 40.63, 39.81, 40.75, 41.1, 41.81, 40.2, 40.55, 41.17, 39.06, 38.81, 39.09, 38.85, 39.5, 40.4, 39.74, 38.95, 38.32, 39.42, 39.53, 39.29, 40.08, 38.46, 38.38, 38.09, 38.25, 38.41, 37.37]}