{"train_loss": [2.2979811649037223, 2.290977910033658, 2.2884054066788435, 2.286722140943902, 2.2853658576296945, 2.284356014850812, 2.283601005872091, 2.2830214515710487, 2.2825109739588876, 2.282025998983628, 2.2816747126416264, 2.281229648325178, 2.2809694811829133, 2.280528633003561, 2.28022721537158, 2.279908031479925, 2.27957104312049, 2.2792716581597285, 2.278997663758759, 2.278661223558279, 2.2783427447335334, 2.2779738454737215, 2.2776826665951657, 2.2774152801587033, 2.2769223410859065, 2.2766038668461337, 2.2762024713377667, 2.275837407152877, 2.2754834161864386, 2.2750971959187436, 2.2746854562025804, 2.2742441194689174, 2.273837830775823, 2.273301250404782, 2.27282488753653, 2.2724062484553738, 2.271944309911157, 2.2713362926091905, 2.270699669662704, 2.27027535947979, 2.2696761881184373, 2.269047233284029, 2.2680870697029634, 2.2674936117270055, 2.26687789014262, 2.2660232293300138, 2.265472599074372, 2.2643983185800733, 2.2635397050115795, 2.2626549229662642, 2.261884332722069, 2.2609502907492156, 2.259971267137772, 2.2586463638859935, 2.257746203842326, 2.2565200440904016, 2.255698690047631, 2.2544928778949966, 2.2530221027186794, 2.25186140414996, 2.25045695162227, 2.249235731414241, 2.247936292591258, 2.2461142438089747, 2.244523657183362, 2.2432224022017584, 2.2414843373828464, 2.239879386547284, 2.2383923143403144, 2.236409634606451, 2.2344506123127084, 2.2324981434732423, 2.23074921940127, 2.2289787551276703, 2.2267870047153573, 2.2248655781786666, 2.222367308078668, 2.2203168690714064, 2.218243145535135, 2.2160887794616895, 2.213736326775999, 2.2114263854475102, 2.209039734978961, 2.2063088233654318, 2.20387583410638, 2.2014652266461625, 2.19891375150436, 2.1962104067843184, 2.193799067256797, 2.1912706586030812, 2.1881156614702992, 2.1857533363195567, 2.183234735431834, 2.180639221627488, 2.1778980982609286, 2.1750251818925905, 2.172201202975379, 2.169784429236355, 2.167047153171311, 2.1631140540807676], "test_loss": [2.102795993041992, 2.001916876220703, 1.95870625, 1.921264064025879, 1.8930549057006836, 1.898052653503418, 1.8724081344604493, 1.8750352249145508, 1.856880239868164, 1.842143896484375, 1.8607768981933595, 1.8627695724487305, 1.8446191299438477, 1.8365219161987305, 1.8460402267456055, 1.8629204376220703, 1.8351284118652345, 1.8401608917236327, 1.8302231323242188, 1.817036849975586, 1.8162587829589845, 1.8065638870239258, 1.8092242248535155, 1.816560626220703, 1.8103056854248047, 1.8029595733642578, 1.832200700378418, 1.8076787353515624, 1.8236890426635741, 1.8040012817382813, 1.833967807006836, 1.7585709411621093, 1.8244512847900392, 1.7915274703979491, 1.7813796188354492, 1.789706150817871, 1.781923146057129, 1.7928613143920897, 1.8427147354125977, 1.7854900314331055, 1.7995443115234375, 1.7923167510986329, 1.7774010757446288, 1.8259881454467772, 1.776076333618164, 1.8083834686279296, 1.818811097717285, 1.8029202331542968, 1.802238916015625, 1.8624155853271485, 1.8158539428710938, 1.8090560638427735, 1.7885621734619142, 1.7799123779296875, 1.8295396408081055, 1.7880115631103515, 1.8039819458007813, 1.7732834381103515, 1.8226590728759766, 1.7990596755981445, 1.7863253295898438, 1.845056509399414, 1.7509736022949218, 1.7637447525024414, 1.8154623855590821, 1.7775834518432616, 1.8089620407104492, 1.8353049621582032, 1.7986765228271484, 1.8028681503295898, 1.8173720520019532, 1.8287290390014648, 1.8382562469482422, 1.831447967529297, 1.827522053527832, 1.8177797943115235, 1.7736382629394531, 1.7722816848754883, 1.8205525100708009, 1.8606020217895507, 1.8391052032470703, 1.7977050735473632, 1.8224645721435546, 1.887252410888672, 1.8535323196411133, 1.8538108123779298, 1.8653993484497071, 1.8755130599975587, 1.8251316604614258, 1.860087467956543, 1.8634440734863282, 1.8456344314575195, 1.8970271499633788, 1.889934066772461, 1.819150227355957, 1.8971333435058593, 1.8481618408203124, 1.8482441940307617, 1.9199736068725586, 1.813362272644043], "test_acc": [70.25, 83.35, 88.73, 91.53, 92.78, 92.39, 94.33, 94.56, 95.42, 95.42, 95.4, 94.83, 96.06, 96.37, 95.32, 96.5, 96.71, 96.21, 96.77, 96.65, 96.66, 96.45, 96.72, 96.95, 96.72, 96.87, 96.36, 96.59, 96.67, 96.5, 96.28, 96.56, 95.94, 96.49, 95.71, 95.53, 96.15, 95.55, 93.35, 93.76, 95.13, 94.42, 93.3, 94.01, 93.63, 92.02, 92.77, 89.96, 90.61, 88.68, 86.97, 86.71, 88.4, 83.11, 81.55, 85.23, 83.45, 83.65, 82.1, 80.12, 82.12, 72.59, 82.84, 81.79, 76.65, 76.01, 75.91, 71.17, 74.28, 72.54, 69.21, 66.32, 66.94, 60.56, 66.9, 66.84, 64.14, 68.8, 64.23, 58.46, 59.01, 64.66, 61.82, 53.47, 56.84, 55.97, 54.19, 50.07, 52.72, 52.72, 51.51, 54.05, 45.82, 44.3, 53.43, 46.86, 51.45, 51.62, 45.27, 51.17]}