{"train_loss": [2.213533853363787, 2.154572451725984, 2.1414452454982658, 2.1349794059737115, 2.1304895740288954, 2.127037753406753, 2.1240544782744513, 2.1214671534860234, 2.1191226468127, 2.1171115601164665, 2.115008326167734, 2.1127581048725, 2.1104467748067317, 2.108555372963604, 2.106189430778862, 2.103957415645958, 2.1013074239604492, 2.099333966644401, 2.096731698156422, 2.094148772394555, 2.0909886591964297, 2.0880961334094024, 2.084666639821142, 2.080882779043964, 2.077241501237592, 2.073336014890263, 2.06884916470601, 2.064905705869707, 2.060522079977215, 2.054980734729359, 2.049086034297943, 2.042794910251585, 2.037252871399252, 2.030328545305464, 2.023399350480137, 2.0163434142740364, 2.0069295004901724, 1.9992592571637569, 1.99002929426666, 1.9814680068411379, 1.9707289786420317, 1.960993403298223, 1.9492623090234578, 1.9379177544361506, 1.9258468204583876, 1.9142913059291677, 1.8997187973597112, 1.8869469919775286, 1.8735793161595988, 1.8599523086833138, 1.8453956414491703, 1.8312423514504719, 1.8188273646892645, 1.8042203325491686, 1.790010942862584, 1.772722020617917, 1.759625790720312, 1.7464788849027748, 1.7327775850764706, 1.7180727399312532, 1.7057426159198468, 1.6922956419806194, 1.67762016511371, 1.6670833280962756, 1.654894079408075, 1.640226683810226, 1.6302792832382724, 1.6197470408729, 1.6086948297472081, 1.5982831966163766, 1.5905365898058965, 1.5817043903546455, 1.5714587355271363, 1.5629677410818572, 1.5535825289722183, 1.5477391776875553, 1.5391701228088803, 1.5324008918216085, 1.5264952027390146, 1.520309266881046, 1.5126041986493983, 1.507921535235185, 1.5007362401383555, 1.496832557213612, 1.4909006716349187, 1.4866626486819015, 1.4825819267166986, 1.4774350844896758, 1.4733712288558993, 1.4684496183171232, 1.4653666350576613, 1.4612964073307493, 1.4576794943238935, 1.4539806264587956, 1.4519764865056062, 1.448688453079289, 1.444853830541301, 1.44225881420649, 1.4392284483481677, 1.4367145172551148], "test_loss": [1.4408342651367188, 1.34069503326416, 1.2314003524780273, 1.1872139617919921, 1.2656534896850586, 1.241683982849121, 1.2156722473144532, 1.1966725067138673, 1.2174877120971679, 1.177328045654297, 1.1621908065795898, 1.211514094543457, 1.1814114807128906, 1.1568610931396484, 1.181020849609375, 1.176417189025879, 1.2108526611328125, 1.2008998275756837, 1.22137275390625, 1.1814983963012695, 1.1939414749145507, 1.1816312698364257, 1.2053279006958009, 1.147707958984375, 1.228151756286621, 1.2463609481811524, 1.1985179611206054, 1.0994078994750978, 1.2396562484741211, 1.2411227630615234, 1.1274795555114747, 1.1741473785400391, 1.1872307067871093, 1.2100824188232422, 1.2363384674072266, 1.2296149444580078, 1.2235141998291015, 1.1989410980224608, 1.2552103424072265, 1.2134022094726562, 1.1925739318847657, 1.2160785995483399, 1.2343899185180665, 1.2082811798095703, 1.280163508605957, 1.2428273178100586, 1.2533126922607423, 1.2127235534667968, 1.2785514526367188, 1.2179058547973634, 1.321759799194336, 1.317915071105957, 1.2899313720703125, 1.3393825897216798, 1.2299062118530273, 1.2900907028198243, 1.3756410705566406, 1.3295621002197267, 1.339861360168457, 1.3798525512695312, 1.3191267837524414, 1.4404506774902344, 1.383138690185547, 1.4382178619384767, 1.3639999649047851, 1.457113038635254, 1.4485363906860351, 1.5451866256713866, 1.4493429229736328, 1.430344496154785, 1.516953384399414, 1.439717677307129, 1.49869921875, 1.4633993621826171, 1.4515521179199218, 1.4317538970947266, 1.4447533309936524, 1.4693675979614258, 1.4761672393798828, 1.5003819137573242, 1.5199054229736328, 1.4803207946777344, 1.5151001007080078, 1.5115650955200195, 1.5268897033691406, 1.551897770690918, 1.5246143783569337, 1.5778374282836913, 1.5772337966918946, 1.591168377685547, 1.4887434188842774, 1.600916555786133, 1.5343311965942383, 1.5929456161499023, 1.5349421096801759, 1.6368188095092773, 1.5673978073120116, 1.618843621826172, 1.600842546081543, 1.6126643173217774], "test_acc": [90.47, 94.24, 95.4, 96.39, 97.11, 97.25, 97.55, 97.59, 97.87, 97.78, 97.71, 97.93, 97.84, 98.01, 97.97, 97.97, 97.86, 97.56, 97.59, 97.65, 97.8, 97.6, 97.1, 97.57, 96.35, 96.17, 96.0, 96.96, 94.62, 94.82, 95.94, 94.0, 93.69, 92.61, 89.74, 90.67, 90.32, 87.83, 86.1, 86.14, 86.3, 83.4, 81.83, 83.24, 78.3, 77.17, 76.58, 75.99, 74.79, 75.27, 69.57, 68.33, 70.96, 66.37, 71.89, 67.05, 62.92, 64.28, 63.25, 61.57, 65.32, 57.67, 61.1, 58.23, 60.55, 56.37, 56.84, 52.48, 56.69, 57.08, 53.04, 57.27, 53.52, 55.33, 56.15, 56.6, 55.96, 54.25, 54.89, 53.62, 52.52, 54.29, 52.69, 52.16, 52.08, 50.92, 51.87, 48.92, 49.97, 48.8, 53.52, 48.53, 51.73, 49.41, 51.13, 47.05, 49.98, 47.92, 49.31, 47.95]}