{"train_loss": [2.257807382151612, 2.221853104921488, 2.2115746456333714, 2.2072017595299287, 2.204389378046378, 2.202345642269167, 2.2006143173600874, 2.1989925880717416, 2.197879449934022, 2.1968821261683082, 2.1959720213189082, 2.1948843037980232, 2.194233386944502, 2.1932817982812214, 2.192440591306768, 2.1916330757304134, 2.190769581203787, 2.189912142916622, 2.189209338436779, 2.1883700393203998, 2.1873992518482046, 2.186562689960512, 2.185769745427319, 2.18496217381241, 2.183867688362415, 2.1828530512304387, 2.181897629530002, 2.1811795367134943, 2.179875766619658, 2.178825253095382, 2.177793230765905, 2.176623263929644, 2.175376090229067, 2.1742068962154226, 2.1728049654227037, 2.1717641154925027, 2.1702893376350403, 2.168554831773807, 2.167211834691529, 2.165415085788466, 2.1639121368400054, 2.1625043433955593, 2.16084450432378, 2.158763608361921, 2.1567529562192087, 2.1550157696772843, 2.1530746751361423, 2.1508247724965086, 2.148722053083599, 2.146625554459727, 2.144397599065406, 2.141675881850414, 2.13923194571438, 2.1367444513190508, 2.13409831126531, 2.1318122260590906, 2.1286710118636107, 2.1259642243385315, 2.1236626144148345, 2.119971368557368, 2.1168999585330996, 2.1143840342505364, 2.1106560653091497, 2.1081147958070803, 2.104551097776136, 2.100913029450637, 2.0980419455430446, 2.0951883517778835, 2.0906923805546556, 2.0869131210522776, 2.0837597235655174, 2.0813453615221205, 2.077068861733135, 2.0736568509004054, 2.070287636712066, 2.0662454893955817, 2.062857598830492, 2.058959463213244, 2.0559763587438145, 2.0516283298150086, 2.047255941435822, 2.045022139691899, 2.041208170163326, 2.0384927251909533, 2.0336338477766414, 2.03013489389012, 2.026989583530997, 2.0233845399995136, 2.0198720772551675, 2.016316195583751, 2.0133094695898204, 2.010439404310324, 2.005732424238808, 2.002903936765133, 1.999780911156255, 1.997456874857601, 1.993442591948387, 1.9904027285738888, 1.987750221011985, 1.9843404922220442], "test_loss": [1.6734047149658202, 1.514239517211914, 1.4611609497070313, 1.4901218170166015, 1.4445955139160156, 1.4316929992675782, 1.4074910339355469, 1.4188402267456055, 1.386835821533203, 1.3894518005371095, 1.4212018936157227, 1.3906092483520507, 1.409629312133789, 1.3858151107788086, 1.380080113220215, 1.3322755950927734, 1.4375666397094726, 1.3972051956176759, 1.4139053039550782, 1.371490754699707, 1.3748110778808593, 1.38358006439209, 1.3611981369018555, 1.3795308441162109, 1.3840104736328125, 1.3498615036010742, 1.4084710906982423, 1.3632612991333009, 1.3409544082641602, 1.408933219909668, 1.3737298080444336, 1.3302624420166016, 1.366448045349121, 1.3549582244873046, 1.4350701385498046, 1.3625508026123048, 1.3641584671020508, 1.361022119140625, 1.374082745361328, 1.36686611328125, 1.3943180541992188, 1.3964326080322265, 1.4412792312622071, 1.3793299987792969, 1.3428227645874022, 1.3292764251708984, 1.3563966552734374, 1.3562901901245117, 1.3428254821777343, 1.4153385177612305, 1.3446411682128907, 1.417305780029297, 1.3793324676513672, 1.3633223937988281, 1.389336735534668, 1.365992626953125, 1.3629208068847656, 1.3216148330688477, 1.417692840576172, 1.4571162704467773, 1.3778871475219727, 1.3810737670898436, 1.425414486694336, 1.4434217025756837, 1.3811140487670899, 1.3593731384277343, 1.422216796875, 1.4079146102905273, 1.3832969833374023, 1.399558204650879, 1.4751119079589843, 1.4392178131103515, 1.4374685440063477, 1.420288768005371, 1.447470394897461, 1.4470650375366212, 1.4225335311889649, 1.4170757751464844, 1.4531330596923828, 1.4666869033813477, 1.4846970993041992, 1.4294550109863282, 1.383123649597168, 1.5076005432128907, 1.4211230667114259, 1.4934799865722657, 1.4513515670776367, 1.4569850784301759, 1.4922917861938476, 1.523386898803711, 1.4184553176879884, 1.450171011352539, 1.5199140518188476, 1.4187313293457031, 1.512297430419922, 1.4815537399291991, 1.4787156692504884, 1.4857565200805665, 1.5523914932250977, 1.4452838500976561], "test_acc": [88.24, 93.46, 94.67, 95.65, 96.46, 96.55, 97.13, 97.12, 97.28, 97.38, 97.71, 97.62, 97.83, 97.87, 97.84, 97.94, 97.88, 98.01, 98.02, 97.99, 97.97, 98.1, 98.16, 97.98, 98.06, 97.8, 97.39, 98.01, 97.89, 97.85, 97.58, 97.94, 97.63, 97.62, 97.24, 97.75, 97.39, 97.47, 97.0, 96.91, 96.41, 96.59, 95.64, 96.13, 95.32, 95.91, 94.87, 94.14, 95.26, 93.13, 94.77, 93.16, 92.27, 93.13, 92.06, 91.62, 90.99, 91.93, 87.2, 83.04, 87.37, 86.37, 86.53, 84.91, 86.12, 84.63, 83.41, 83.0, 83.38, 81.39, 77.67, 80.3, 75.95, 79.0, 77.72, 76.44, 75.87, 77.02, 72.72, 70.17, 69.36, 76.66, 76.12, 69.75, 74.09, 69.21, 71.92, 70.62, 67.01, 66.67, 73.73, 71.03, 64.78, 70.3, 66.66, 67.84, 66.66, 66.92, 62.32, 68.68]}