{"train_loss": [2.2950939184580093, 2.2852508272880163, 2.282286605773828, 2.2804302613959355, 2.2791922046588016, 2.2783682738613877, 2.2778309879139957, 2.277372793254689, 2.277080423811562, 2.27680144401697, 2.276550669445951, 2.2763668125511236, 2.2761667686649876, 2.276009932033017, 2.275859884217254, 2.275735217791337, 2.2756054875178213, 2.2754811909463672, 2.275400657939096, 2.275293788848779, 2.275205703372629, 2.2751231020332403, 2.275046307816465, 2.274973363448412, 2.27489375253009, 2.2748219559335303, 2.2747695308465223, 2.274709774897649, 2.2746432336986575, 2.2745939095815024, 2.274527807521005, 2.2744993817093024, 2.274439645628644, 2.2743816452148633, 2.2743324713829236, 2.2743003414227414, 2.2742453064673986, 2.274215192366869, 2.2741716590702024, 2.274131977150583, 2.2740905244126277, 2.2740511955359044, 2.2740257188805146, 2.273983055200332, 2.27394772747643, 2.273920455040076, 2.2738829020761018, 2.2738500349542017, 2.2738158193408933, 2.2737973439387784, 2.2737685589708834, 2.2737346352675023, 2.2736878267720213, 2.2736777576625857, 2.2736317770093932, 2.2736297142811313, 2.273595608707167, 2.2735598275804114, 2.2735353438263264, 2.273507936897441, 2.2734909378565273, 2.273463799403264, 2.2734400370182137, 2.2734247965690417, 2.2733966794788327, 2.2733737841630592, 2.2733392185635037, 2.273306474726424, 2.273296509543036, 2.2732855152880025, 2.273266734730484, 2.273241301887056, 2.273228549040281, 2.273188876800048, 2.273186413650839, 2.273157051485828, 2.2731280240238223, 2.273121455286303, 2.273100928363637, 2.2730724052486257, 2.2730511610324564, 2.2730374937383537, 2.2730196235526323, 2.27299184167487, 2.272964361386421, 2.2729549907211566, 2.272940981082427, 2.2729299231472178, 2.272909180730836, 2.272894127246661, 2.272861352333656, 2.2728459728069796, 2.272830571883764, 2.272820190486745, 2.272801426231352, 2.2727857868895573, 2.2727642726694417, 2.272734553895445, 2.2727220486371946, 2.2727012812581835], "test_loss": [2.026267677307129, 1.9253320617675782, 1.876094856262207, 1.85151650390625, 1.8309141571044922, 1.8193541030883789, 1.8069294326782226, 1.7981172973632813, 1.8001244186401366, 1.7841473388671876, 1.7797548278808595, 1.7773043029785156, 1.7751520278930664, 1.7753349990844727, 1.7770290481567383, 1.778096319580078, 1.7759452941894531, 1.77436376953125, 1.764677474975586, 1.7646221572875977, 1.7668165069580077, 1.7696533966064454, 1.7631800323486329, 1.7559181854248047, 1.7612315155029297, 1.7577404922485351, 1.7511229598999023, 1.7584262069702148, 1.7522798446655274, 1.7532644577026366, 1.751259832763672, 1.7475208648681642, 1.7543247146606444, 1.746190380859375, 1.7370749099731446, 1.7518442901611329, 1.7468391876220704, 1.7455363708496094, 1.755055097961426, 1.7620898513793946, 1.739058757019043, 1.7410070251464844, 1.7486995391845703, 1.7486530853271485, 1.7417440643310547, 1.7421001266479492, 1.738836521911621, 1.7487192276000976, 1.7557395706176757, 1.742966293334961, 1.7493535873413086, 1.744173583984375, 1.7444731216430664, 1.743447248840332, 1.7414505081176759, 1.7342909698486328, 1.7427292617797852, 1.74202021484375, 1.732606443786621, 1.7470321548461913, 1.7334857849121095, 1.740047102355957, 1.7393939361572266, 1.7392351272583009, 1.7402345779418946, 1.7445894119262695, 1.7434374725341797, 1.7361996368408203, 1.7364992095947265, 1.7443680419921874, 1.7441021499633789, 1.742686198425293, 1.7397103759765624, 1.757767623901367, 1.7360235809326172, 1.737518067932129, 1.7271576080322266, 1.747561262512207, 1.740352117919922, 1.7376530227661133, 1.7355983520507812, 1.7345336013793946, 1.7336225509643555, 1.7381456130981445, 1.7350306198120118, 1.7509389221191407, 1.7256526885986327, 1.7255490966796876, 1.7357891021728515, 1.7372458053588866, 1.745739973449707, 1.7336745223999024, 1.72243702545166, 1.7281718795776366, 1.7450162887573242, 1.7159258911132813, 1.7441459197998046, 1.7314104415893554, 1.7386390548706054, 1.7366845764160157], "test_acc": [80.0, 88.84, 91.41, 92.62, 94.66, 95.19, 95.7, 96.23, 96.26, 96.47, 96.84, 96.91, 97.09, 97.24, 97.29, 97.48, 97.53, 97.6, 97.58, 97.53, 97.66, 97.85, 97.8, 97.78, 97.73, 97.88, 97.99, 97.94, 98.02, 97.86, 98.08, 98.03, 98.07, 98.06, 98.14, 98.12, 98.09, 98.13, 98.21, 98.21, 98.28, 98.3, 98.23, 98.28, 98.32, 98.33, 98.31, 98.39, 98.48, 98.37, 98.41, 98.34, 98.32, 98.53, 98.44, 98.48, 98.49, 98.46, 98.48, 98.53, 98.47, 98.53, 98.49, 98.56, 98.57, 98.59, 98.53, 98.58, 98.58, 98.63, 98.56, 98.6, 98.6, 98.57, 98.61, 98.58, 98.56, 98.66, 98.59, 98.67, 98.65, 98.62, 98.62, 98.66, 98.66, 98.69, 98.72, 98.65, 98.65, 98.71, 98.74, 98.68, 98.72, 98.62, 98.69, 98.72, 98.73, 98.67, 98.76, 98.73]}