{"train_loss": [2.2454790885631857, 2.202007362475762, 2.191136602153126, 2.1861692055677757, 2.1831212476787405, 2.1809411099833302, 2.1787888810165925, 2.1773528838768983, 2.176015716332656, 2.1746811367507672, 2.1737369762526617, 2.1724882818694806, 2.1714956342664538, 2.1705112161799374, 2.1694095776631284, 2.1686946377794967, 2.1677168001476517, 2.1667645344367394, 2.165782867333828, 2.164604136067578, 2.163593221933414, 2.1627679635316897, 2.161872022681766, 2.160873666787759, 2.1597663479992466, 2.158522734275231, 2.1575068046904016, 2.156077794539623, 2.1551167694931355, 2.1538316240677466, 2.152686587256244, 2.1512416866090565, 2.149707770245707, 2.1480844408018975, 2.146729499865801, 2.144993332716135, 2.1435980750964236, 2.141577404788417, 2.1399623787301216, 2.1378727560369377, 2.1365423599878945, 2.1344547765886683, 2.1322359412144394, 2.1300677876187186, 2.1279475683839912, 2.1254318504251986, 2.123076809777154, 2.1207622997781153, 2.1178948492066474, 2.1155198155305324, 2.112489538315015, 2.1099323329762516, 2.1066888025683217, 2.103918557493096, 2.1007550068390675, 2.097691382607843, 2.0943776542304926, 2.090902880216256, 2.087263594325791, 2.083687808778551, 2.0806250679187284, 2.0769502561316533, 2.0730519029829235, 2.0687235191337066, 2.064873126327482, 2.060595562315395, 2.058029557395185, 2.052788903570583, 2.049037283811814, 2.0448742947007856, 2.0403184531590877, 2.0365086727672153, 2.0320651607635694, 2.028314687247969, 2.0233341317910414, 2.019678521614808, 2.016261185845758, 2.011096730700925, 2.008095835773354, 2.0037896523618293, 1.9996274505924976, 1.9956394808414655, 1.9909881343189468, 1.9869931271443, 1.9826826201035426, 1.978807472010963, 1.9749565504045568, 1.9699202865107446, 1.9675659465993571, 1.9634401923061435, 1.9594921607237596, 1.9555404265212197, 1.9533973654620669, 1.9486680410356603, 1.9459394524749527, 1.9419944783051808, 1.9392378681745284, 1.9353456700968945, 1.932181208052187, 1.9291310898768597], "test_loss": [1.5704456817626953, 1.4196352890014647, 1.414926594543457, 1.402712159729004, 1.3475945999145509, 1.37165789642334, 1.3431418975830078, 1.3948735717773437, 1.3445746475219726, 1.3379893600463868, 1.3358017532348634, 1.3750570968627929, 1.3150908493041993, 1.3132638366699219, 1.2977552444458007, 1.308001252746582, 1.3217140029907226, 1.3238011154174805, 1.3185835708618163, 1.3109987976074218, 1.3237135482788085, 1.3272658767700196, 1.3049566131591797, 1.2860716506958008, 1.3255826568603515, 1.2926417190551758, 1.2859066299438477, 1.2842474990844726, 1.299874542236328, 1.3291987564086913, 1.2846035583496094, 1.265636247253418, 1.3254980239868164, 1.2789989700317383, 1.303550813293457, 1.2792835006713867, 1.3230732254028321, 1.2652329696655273, 1.320030224609375, 1.319625636291504, 1.3294323501586913, 1.306437109375, 1.3695027130126953, 1.3186431564331054, 1.4000973281860352, 1.3233344970703125, 1.2752777603149414, 1.3376002029418945, 1.308194320678711, 1.3071676254272462, 1.3001413452148438, 1.3761858932495117, 1.2865968215942383, 1.3274593536376953, 1.31725478515625, 1.2944714080810547, 1.2858071868896483, 1.35040086517334, 1.3207779846191405, 1.316405955505371, 1.3301562118530272, 1.3459293701171875, 1.3593104858398437, 1.3446194763183594, 1.3285776977539063, 1.3544110427856446, 1.3526282348632812, 1.3074948715209962, 1.3802786544799805, 1.3752803802490234, 1.3886105682373047, 1.349924137878418, 1.433905780029297, 1.3750037063598632, 1.3890513214111329, 1.3351233367919921, 1.4304805114746093, 1.471761378479004, 1.4010266174316406, 1.4321390060424806, 1.4120423461914062, 1.4761264724731444, 1.4198035400390625, 1.4331274887084962, 1.4734587280273437, 1.390866160583496, 1.4655590560913085, 1.4145784820556642, 1.406567755126953, 1.3960743072509765, 1.449139714050293, 1.4553228271484375, 1.4264463500976563, 1.4258297485351563, 1.4021737579345703, 1.4102586959838868, 1.4465067123413087, 1.468493098449707, 1.4647839050292968, 1.4447635116577149], "test_acc": [85.51, 93.38, 95.57, 96.16, 96.46, 97.19, 97.14, 97.35, 97.51, 97.52, 97.87, 97.81, 97.95, 98.06, 97.87, 98.05, 98.23, 98.25, 98.04, 98.02, 98.34, 98.21, 98.19, 98.21, 98.22, 98.09, 98.23, 98.23, 97.91, 98.23, 98.17, 98.03, 97.92, 97.12, 97.74, 97.78, 97.4, 97.43, 97.11, 97.24, 96.03, 95.53, 94.66, 96.29, 94.45, 95.53, 96.02, 94.35, 94.34, 94.04, 93.92, 92.07, 92.82, 90.85, 91.51, 92.74, 91.51, 89.74, 89.54, 89.0, 87.26, 87.23, 84.9, 86.12, 86.21, 83.28, 83.11, 84.46, 82.08, 80.91, 79.04, 79.03, 74.4, 77.27, 75.17, 80.38, 72.77, 71.38, 74.95, 70.98, 73.02, 69.86, 73.06, 69.99, 70.17, 72.25, 66.16, 69.95, 69.47, 72.12, 67.4, 67.61, 67.09, 67.89, 70.14, 69.68, 65.14, 65.34, 64.65, 66.71]}