{"train_loss": [2.302653220983652, 2.3026190145402894, 2.302610707588685, 2.3026055978913593, 2.302602249332982, 2.3025997566361713, 2.3025976332843814, 2.302595962316562, 2.30259435197227, 2.302593168539879, 2.302591969824245, 2.3025908286754904, 2.30259004006019, 2.302589295256851, 2.3025884286970153, 2.302587729233962, 2.302586970675705, 2.3025864337244606, 2.3025857846961064, 2.3025852635375457, 2.302584654245621, 2.3025843113915534, 2.302583705156277, 2.3025833072825375, 2.3025827382364845, 2.302582434609405, 2.3025820647549424, 2.3025817055987496, 2.3025812440448337, 2.3025810040979304, 2.302580701999175, 2.3025802195581617, 2.30257997298852, 2.302579585303608, 2.302579305620275, 2.302578905199328, 2.3025787141588, 2.3025784191922245, 2.3025781451127467, 2.30257781346639, 2.3025776081615024, 2.3025773926677866, 2.30257690920789, 2.3025769010568276, 2.3025767365072527, 2.302576408936427, 2.3025760951205196, 2.3025758628152375, 2.302575616245596, 2.302575492960775, 2.3025752988635984, 2.3025750308974176, 2.302574742044139, 2.3025746513635683, 2.3025743105472665, 2.3025742020362463, 2.302574051751031, 2.3025738230118384, 2.3025736671227675, 2.30257342564754, 2.302573223399301, 2.302572917734456, 2.3025729049984207, 2.302572789355221, 2.302572548389435, 2.30257234053734, 2.302572207063691, 2.302571969663995, 2.3025716186588645, 2.3025716583952947, 2.302571373617547, 2.3025712493138437, 2.302570961988889, 2.3025707923449, 2.302570833100213, 2.3025705906061025, 2.3025705294731336, 2.3025701789774446, 2.3025701764302378, 2.30257007607028, 2.302569923747299, 2.3025694927598677, 2.302569344512418, 2.3025692920399528, 2.3025691448113856, 2.302569011847178, 2.302568768334185, 2.30256867612529, 2.302568391856984, 2.3025683684226794, 2.3025681422306943, 2.3025680938337603, 2.302567822810931, 2.3025677173565597, 2.3025676124116297, 2.3025673434265657, 2.3025672965579562, 2.302567155442686, 2.302567079026475, 2.302566893080361], "test_loss": [2.2974950439453123, 2.2967404235839846, 2.296240368652344, 2.295777374267578, 2.2954309356689455, 2.295146487426758, 2.294867013549805, 2.2946634155273435, 2.294463040161133, 2.2943326446533203, 2.2941630859375, 2.294031900024414, 2.293906091308594, 2.2938026916503906, 2.293676565551758, 2.293573654174805, 2.293509826660156, 2.2934162170410155, 2.29336809387207, 2.2932711822509764, 2.293223956298828, 2.2931411010742186, 2.29308095703125, 2.2930394653320314, 2.292930062866211, 2.292876889038086, 2.292848376464844, 2.2928010375976564, 2.2927589904785157, 2.2927015533447266, 2.2926476135253906, 2.2926322174072267, 2.2925715118408205, 2.292501971435547, 2.2924526672363283, 2.292447253417969, 2.29239296875, 2.2923608520507814, 2.2923651947021484, 2.2923147369384766, 2.2922630493164062, 2.2922091552734374, 2.2921852813720704, 2.292164831542969, 2.2921552490234376, 2.2921136627197267, 2.2920973876953123, 2.2920862396240236, 2.2920472076416014, 2.29199157409668, 2.291989096069336, 2.291948089599609, 2.2919235565185545, 2.291867919921875, 2.29188994140625, 2.2918797058105467, 2.291825534057617, 2.291794342041016, 2.2917838745117187, 2.2917759674072267, 2.291742337036133, 2.291731103515625, 2.2916897430419922, 2.2916813873291018, 2.2916926696777344, 2.2916552551269533, 2.2916174377441405, 2.291569921875, 2.291591421508789, 2.2915472625732423, 2.2915159912109373, 2.2914992279052733, 2.2914743865966796, 2.2914522399902344, 2.291444760131836, 2.2914362091064455, 2.29141921081543, 2.2913826385498046, 2.291337780761719, 2.2913095855712893, 2.2913612854003906, 2.2913262115478514, 2.2912490631103517, 2.291302603149414, 2.291242584228516, 2.291232650756836, 2.2912097534179687, 2.2911996643066406, 2.2911783721923826, 2.291163330078125, 2.291207537841797, 2.2911480224609373, 2.2911236907958985, 2.291097180175781, 2.2911107177734373, 2.2911111602783203, 2.2910663635253905, 2.2910825805664063, 2.291059329223633, 2.2910468322753905], "test_acc": [16.76, 18.19, 20.8, 20.81, 22.87, 24.07, 27.03, 28.78, 29.29, 31.42, 30.52, 32.89, 34.27, 35.98, 35.34, 37.13, 38.07, 38.32, 38.67, 38.62, 40.84, 38.68, 42.2, 41.83, 42.36, 43.85, 44.44, 45.36, 45.62, 43.33, 45.84, 46.57, 46.94, 47.19, 47.57, 46.48, 48.55, 48.31, 48.18, 48.91, 49.13, 49.42, 48.29, 50.05, 49.9, 49.48, 51.51, 49.84, 51.18, 52.11, 51.81, 50.88, 52.9, 50.38, 50.3, 52.81, 53.12, 53.32, 52.92, 54.23, 52.64, 52.41, 52.94, 54.9, 54.37, 52.78, 54.5, 54.32, 54.03, 54.36, 55.16, 53.28, 56.28, 55.32, 56.18, 54.2, 56.31, 55.15, 55.83, 56.31, 55.26, 56.67, 55.37, 55.39, 56.69, 55.88, 56.33, 57.01, 56.16, 54.98, 54.2, 57.88, 57.48, 56.04, 58.22, 55.86, 57.73, 57.31, 57.5, 57.84]}