{"train_loss": [1.6082069563050556, 1.421126316755246, 1.3971011139388778, 1.384730390758596, 1.3764442526377165, 1.3691089377444015, 1.364554399353826, 1.3597838453248017, 1.3560519185331132, 1.3523210134261694, 1.3491130975576549, 1.345881204574536, 1.3428784022983322, 1.3397443546698644, 1.337459268478247, 1.3340469991040027, 1.3317993785071576, 1.3291166320315793, 1.326185911639124, 1.323538976856786, 1.3212231835748396, 1.31794610262936, 1.315224098853576, 1.3125811743940043, 1.309072372240898, 1.3063583050528143, 1.3029810358316471, 1.3004395709587977, 1.2971673134045723, 1.2936405728005955, 1.2900092637437022, 1.286083749216846, 1.2831556101640065, 1.2796492306595175, 1.275667059625316, 1.271580726163, 1.2670528353788915, 1.2636548107505863, 1.259183667663835, 1.254363775253296, 1.2498270558495808, 1.2455064144908872, 1.2411575368326953, 1.2367995409374564, 1.232216379326633, 1.2273124087060618, 1.2223806009333358, 1.2164042668464856, 1.2127766912309532, 1.2076010530830448, 1.2028463505781615, 1.197577057995348, 1.192706270605071, 1.1890520033163903, 1.1830479576546922, 1.1783848573000004, 1.1749554082878635, 1.169757140497876, 1.1656742829542894, 1.161719932515397, 1.157167500919766, 1.1525374910770319, 1.1488527607204568, 1.1444030437204573, 1.141562247887636, 1.1376439322773209, 1.1327257288826837, 1.13030723705251, 1.1264475408272865, 1.1223156449631748, 1.119577358930539, 1.1172746990480993, 1.1139213544690711, 1.111587279372745, 1.1074821110974011, 1.1054339913221507, 1.1025824108694353, 1.0999226180406718, 1.0981001204405076, 1.095496069926482, 1.0929653293047197, 1.091070514713597, 1.0889153506001856, 1.0867086378937094, 1.0851445916371467, 1.0836193576837196, 1.080459650255676, 1.0793043741813073, 1.07743768253897, 1.075843141374425, 1.0740518073240917, 1.0729279472277715, 1.0715374493191385, 1.0702049444373856, 1.0690283467117538, 1.0673332369735098, 1.0659898853200114, 1.0645312063204937, 1.0634073159124098, 1.0618647461772983], "test_loss": [0.5137784519195556, 0.4635587120056152, 0.49470525093078616, 0.4676701717376709, 0.4464070419311523, 0.483024898147583, 0.4725836166381836, 0.44152344818115236, 0.45195317611694336, 0.41810922317504884, 0.4176794376373291, 0.43266465950012206, 0.4288126071929932, 0.4359673000335693, 0.4216961540222168, 0.38020951614379883, 0.3996546501159668, 0.426213671875, 0.43346331520080567, 0.46708542366027833, 0.4216311260223389, 0.39836899452209473, 0.4583889091491699, 0.44143395462036134, 0.4292466419219971, 0.3752985153198242, 0.385082279586792, 0.4527566917419434, 0.44885150451660155, 0.4070199718475342, 0.4641469654083252, 0.4337112480163574, 0.469855611038208, 0.4475925354003906, 0.421106018447876, 0.37154413681030274, 0.4167618179321289, 0.4217376495361328, 0.5015882820129395, 0.43673506507873533, 0.42756045303344725, 0.42966048927307127, 0.4071673686981201, 0.39430117263793946, 0.4116379955291748, 0.4072071434020996, 0.409923844909668, 0.3967362449645996, 0.4625208713531494, 0.45846703720092774, 0.4767012531280518, 0.4443355987548828, 0.4654594348907471, 0.4432851936340332, 0.3797705272674561, 0.41084430236816405, 0.41077911567687986, 0.4442106689453125, 0.47594436950683594, 0.41971092758178713, 0.44058926887512206, 0.4532579586029053, 0.4457070022583008, 0.48696921310424807, 0.4383266975402832, 0.4292535991668701, 0.5075443145751953, 0.41867856216430666, 0.4806014766693115, 0.4528378505706787, 0.43062465133666994, 0.42409180374145505, 0.5125636573791504, 0.4759876758575439, 0.4660988162994385, 0.4647536632537842, 0.45123663940429687, 0.4345207473754883, 0.49786823768615723, 0.44290119476318357, 0.492300301361084, 0.4565200859069824, 0.48853262062072755, 0.43205239868164064, 0.5057862289428711, 0.4708703536987305, 0.4732329647064209, 0.48281793174743654, 0.4558292671203613, 0.4741244178771973, 0.4911203216552734, 0.46661365661621096, 0.47498013191223143, 0.4661505584716797, 0.4677290245056152, 0.4925667568206787, 0.4570981689453125, 0.4698812717437744, 0.4752348693847656, 0.49407884216308595], "test_acc": [96.21, 97.75, 98.16, 98.5, 98.44, 98.54, 98.61, 98.77, 98.61, 98.81, 98.85, 98.86, 98.74, 98.87, 98.86, 98.98, 98.95, 98.95, 98.9, 98.9, 98.98, 98.9, 98.86, 98.97, 99.06, 98.87, 98.97, 98.83, 98.89, 98.89, 98.91, 98.95, 98.91, 98.89, 98.74, 98.83, 98.66, 98.77, 98.76, 98.62, 98.64, 98.5, 98.57, 98.75, 98.68, 98.35, 98.34, 98.11, 98.09, 97.61, 97.39, 97.8, 97.67, 97.58, 98.11, 97.87, 97.73, 97.41, 97.03, 97.25, 97.29, 97.34, 96.6, 96.68, 96.92, 97.25, 95.93, 97.05, 96.23, 96.46, 96.8, 96.87, 95.5, 96.6, 96.44, 96.31, 96.7, 96.67, 95.58, 96.32, 95.84, 96.27, 96.0, 96.7, 95.7, 96.2, 96.17, 95.59, 96.24, 95.9, 95.64, 96.06, 95.94, 95.91, 95.97, 95.47, 95.94, 95.92, 95.8, 95.3]}