{"train_loss": [2.132791745357024, 2.0490508168681054, 2.035402458192956, 2.0289631587827306, 2.0250980163741317, 2.0222463192593336, 2.0200676378021893, 2.018441764207987, 2.0169928127374406, 2.015653616342789, 2.014494756093392, 2.013491353418073, 2.012719118951732, 2.011712530739287, 2.011065418903644, 2.0102206236786313, 2.009680299167959, 2.008971577526158, 2.0082901588871946, 2.0077010174082894, 2.0071281204875717, 2.0067224400675197, 2.006104405109699, 2.0057170959109936, 2.005118217987892, 2.0047430737405763, 2.0043397762327113, 2.0037463470401926, 2.0035014386869903, 2.0029595068886747, 2.0026374731817818, 2.002237729791902, 2.001584307505534, 2.0012203684219947, 2.00090318510675, 2.000528998609282, 2.000078173784109, 1.9996028379497366, 1.999282741648519, 1.9987734321855073, 1.9984172399227436, 1.9980119293571537, 1.9975966210039253, 1.9973594401127253, 1.9968304432864883, 1.9962047427637963, 1.9958728449976342, 1.9955776234467824, 1.9950899387526715, 1.9948132618879661, 1.9942940975356305, 1.9941454820143871, 1.9936078690056107, 1.9931192400618496, 1.992598163521188, 1.9922125331866436, 1.9918685242151604, 1.9915125311439872, 1.9912243011670234, 1.9907010722364116, 1.9901627564532125, 1.989693427951927, 1.9892978854159005, 1.98885277321196, 1.9884502322245867, 1.9879876734354558, 1.9873915971853795, 1.9869850142898722, 1.9866334653308249, 1.9861180514861376, 1.9857116249891429, 1.9853128864724412, 1.9849975822318313, 1.9844296814030051, 1.9838560396789486, 1.9836200045214758, 1.9829320826082149, 1.9826181737276225, 1.9821326355648856, 1.9816534626178253, 1.9812218444979088, 1.9805026991754515, 1.9801159445037189, 1.9798413509996529, 1.9793376168634138, 1.97876546296299, 1.9783582740869277, 1.9779099478171422, 1.9775196581314771, 1.9768141645651598, 1.9762913923487704, 1.9759155764029577, 1.9755589755681844, 1.97490917541023, 1.9746087091600792, 1.9736713311101637, 1.9737103418407278, 1.9733686258650234, 1.9728080800965302, 1.9721615054668524], "test_loss": [1.168689199066162, 1.070952806854248, 1.079481317138672, 1.0214081031799316, 1.0214995918273926, 1.020897583770752, 1.0026240768432617, 1.036858303833008, 1.01695894241333, 0.9772098449707032, 0.9661416091918945, 1.0268106826782226, 0.9875208961486817, 1.0057710830688475, 0.9759046028137207, 0.9866131233215332, 1.0102541885375977, 0.9873981857299805, 0.9778251541137696, 0.9893095191955567, 1.0062229858398437, 1.0011024520874023, 0.998028385925293, 0.9726201507568359, 0.9915954917907714, 1.0044622650146484, 1.0163495727539062, 1.0278106666564941, 0.9890180297851563, 0.9441622367858886, 0.9758073921203614, 0.9627962036132812, 1.0085765464782714, 0.9476656402587891, 0.999523731994629, 0.9438609916687012, 0.9904655006408691, 0.9327743827819824, 0.9842676498413085, 0.9750341316223144, 0.9414616661071777, 0.9448706153869629, 0.9130950469970703, 0.9892824325561523, 1.0050690490722656, 0.9430860893249512, 0.9537766357421875, 0.9636474433898926, 1.005013980102539, 0.9799445648193359, 0.9391314422607422, 0.9415563133239746, 0.9597489517211915, 0.9378889022827148, 0.9347482788085938, 0.979506958770752, 1.0047750213623048, 0.982708952331543, 0.9383166282653809, 0.961420832824707, 0.9630449569702149, 0.9401849395751953, 1.010136097717285, 0.9610218200683593, 0.929500779724121, 0.9695485359191894, 0.9798621070861816, 0.9677979606628418, 0.9542497329711914, 0.9649168731689454, 0.9285833122253419, 0.9957416793823243, 1.0000520141601563, 0.9998860229492188, 0.9484550384521484, 0.9607336471557617, 0.9292253883361816, 0.9758370491027832, 0.9981027282714844, 1.0024148986816406, 0.9628688957214355, 0.9483478729248047, 0.9643838127136231, 0.9529278160095215, 0.9728016792297364, 0.9820017227172851, 0.9504962844848632, 0.999746923828125, 0.9715382545471192, 0.9652264694213867, 0.9785352745056153, 0.962728556060791, 0.974370523071289, 0.9805706748962403, 0.9747114990234375, 0.9811966667175293, 0.9832695213317871, 1.0009870155334473, 0.9416879386901855, 0.97855205078125], "test_acc": [92.72, 96.3, 97.2, 97.51, 97.69, 98.07, 98.13, 98.27, 98.36, 98.55, 98.54, 98.59, 98.72, 98.63, 98.77, 98.66, 98.8, 98.79, 98.79, 98.88, 98.85, 98.83, 98.81, 98.77, 98.88, 98.9, 98.96, 98.91, 99.0, 98.83, 98.9, 98.87, 98.87, 98.91, 98.99, 98.99, 98.88, 98.92, 98.89, 99.0, 98.99, 98.91, 98.96, 98.99, 98.96, 99.02, 98.98, 99.04, 98.94, 98.95, 99.05, 98.95, 98.97, 98.92, 98.98, 99.02, 98.95, 99.02, 98.9, 98.94, 99.02, 98.94, 98.8, 98.89, 98.89, 98.94, 98.81, 98.91, 98.88, 98.86, 98.91, 98.9, 98.98, 98.97, 98.93, 98.92, 98.91, 98.86, 98.82, 98.73, 98.87, 98.85, 98.82, 98.92, 98.83, 98.85, 98.83, 98.86, 98.64, 98.65, 98.78, 98.77, 98.81, 98.81, 98.68, 98.79, 98.69, 98.76, 98.82, 98.78]}