{"train_loss": [2.0659161036850042, 1.9641770129529839, 1.948832963521664, 1.941455410586463, 1.9369002598473148, 1.933520179019015, 1.9309216775955298, 1.928974588966777, 1.9271864824824863, 1.9255360920205076, 1.9240764825262575, 1.922795932007651, 1.9218444365721483, 1.9205915553447528, 1.919753952158822, 1.9186269049970512, 1.9179651653155303, 1.9170342434165824, 1.9161255458990734, 1.9153118439209766, 1.914516494060174, 1.9139874047703214, 1.9131315164586418, 1.912616524940882, 1.91179592639972, 1.9112116146800864, 1.9106254052912068, 1.9097757548348517, 1.909433463954518, 1.9086530165285127, 1.9081415118824723, 1.9075362998196201, 1.906600505623043, 1.9060428438023624, 1.9055124070399847, 1.9049965856421707, 1.9042600749904275, 1.9035456440387628, 1.9030309844220805, 1.9022464859179962, 1.9016187552712922, 1.9009559070452666, 1.9003162562337697, 1.8998922175831265, 1.8991111751295562, 1.898131395252342, 1.8975513638594212, 1.8970028235871568, 1.8961723813643823, 1.8957124589345393, 1.8948463395110562, 1.8944811156162848, 1.893650927604773, 1.8928668825035422, 1.89202801284627, 1.8913444428362398, 1.8907409705157974, 1.890039267193558, 1.8895305316162925, 1.8887228810379648, 1.8877818482553856, 1.8869664325163915, 1.8862950394296238, 1.885535158153273, 1.8848054564406729, 1.8839966670060768, 1.8829794862331488, 1.8822651497828655, 1.8816989031102922, 1.8806622053822901, 1.8801339620198958, 1.8792489377351909, 1.8787259314304743, 1.8777258538792276, 1.8768050347128484, 1.876204983291463, 1.8752850851951501, 1.8746116000872393, 1.8737489020722544, 1.8729155730997396, 1.8721246981722677, 1.8710149162345462, 1.870321815339928, 1.8698247299235091, 1.8689596095146277, 1.8678928993196569, 1.8671840976955545, 1.8665720988542607, 1.8657789207421815, 1.8644802488832393, 1.8636007393017793, 1.8630962532300215, 1.8624492761416314, 1.8612940899836712, 1.8606384062868917, 1.8594658532713213, 1.8592787902069907, 1.8586451584457333, 1.8576635782025819, 1.8566901930886457], "test_loss": [1.027993923187256, 0.943194051361084, 0.9584705207824707, 0.8967489776611328, 0.9013708923339844, 0.9059008285522461, 0.8838638252258301, 0.923891088104248, 0.8972620933532715, 0.8533957450866699, 0.8442740196228027, 0.9113354438781738, 0.8690044807434082, 0.8875210838317871, 0.848944051361084, 0.8661449264526367, 0.8940252281188965, 0.872966902923584, 0.8627659973144531, 0.8737920372009277, 0.8933878959655762, 0.8952846183776856, 0.8895472244262695, 0.8573823608398438, 0.8735907569885254, 0.88765078125, 0.9043083374023437, 0.9151072372436524, 0.8720596229553222, 0.8261581008911133, 0.8555752090454102, 0.8423178398132324, 0.8920989135742188, 0.8271044502258301, 0.8846115989685058, 0.8300899017333985, 0.8792568534851074, 0.813862306213379, 0.8675658737182618, 0.8562018356323242, 0.8293808486938476, 0.8279572616577149, 0.7965023246765137, 0.8718363639831543, 0.8973773719787598, 0.8223604736328125, 0.8352551620483398, 0.8509132461547851, 0.8884327758789062, 0.8712481063842773, 0.8209368957519532, 0.8192483001708984, 0.8429789947509766, 0.8268887855529785, 0.8130329658508301, 0.8591588676452637, 0.8820002593994141, 0.8726056785583496, 0.8170104690551758, 0.8578685157775879, 0.8436540458679199, 0.8234974578857421, 0.897950146484375, 0.8461898483276368, 0.8181822273254394, 0.8629112892150879, 0.8739743049621582, 0.8510421928405761, 0.8276686943054199, 0.8564522270202637, 0.8173333801269531, 0.8876605262756347, 0.8916805488586426, 0.8931877487182617, 0.8358807273864746, 0.8460608451843262, 0.8136720489501953, 0.8629755363464355, 0.8805535423278809, 0.9023196220397949, 0.8655402862548828, 0.8377214523315429, 0.8537642517089844, 0.8445549118041992, 0.8527922973632812, 0.8649244682312012, 0.8203862113952637, 0.8891856704711915, 0.8745944755554199, 0.8512909492492676, 0.866890966796875, 0.8410424095153809, 0.8638114227294922, 0.8760569396972656, 0.8713872375488281, 0.8757333236694336, 0.8608978637695313, 0.9011123863220215, 0.844768938446045, 0.860616862487793], "test_acc": [93.87, 96.67, 97.51, 97.76, 97.91, 98.18, 98.23, 98.45, 98.52, 98.76, 98.68, 98.65, 98.81, 98.72, 98.88, 98.82, 98.85, 98.79, 98.89, 98.88, 98.94, 98.82, 98.86, 98.85, 98.9, 98.95, 98.98, 98.96, 98.94, 98.88, 99.0, 98.94, 98.96, 98.91, 98.96, 99.04, 98.97, 99.0, 98.95, 99.07, 98.98, 98.91, 99.05, 98.98, 98.98, 98.98, 99.03, 99.05, 98.89, 98.97, 99.1, 99.05, 98.99, 98.99, 98.97, 99.03, 98.92, 99.08, 99.09, 98.98, 98.98, 99.0, 98.79, 98.88, 98.91, 98.94, 98.83, 98.97, 98.93, 98.79, 98.8, 98.94, 98.87, 98.94, 98.95, 98.84, 98.88, 98.78, 98.78, 98.58, 98.84, 98.69, 98.81, 98.67, 98.73, 98.78, 98.76, 98.73, 98.55, 98.43, 98.53, 98.58, 98.65, 98.7, 98.42, 98.58, 98.47, 98.29, 98.56, 98.49]}