{"train_loss": [2.121754654452332, 2.0294732558421598, 2.0137205256356134, 2.0053623634525852, 1.9997168644371195, 1.9953354166613684, 1.9921119146876864, 1.9882351852889755, 1.9855663623565283, 1.9827109840181139, 1.9794749255873199, 1.9772708617214463, 1.9744948281182184, 1.9713614646695619, 1.9688267560086699, 1.9656225776570475, 1.9624178641372256, 1.9595082718082981, 1.9560720999526162, 1.9524870392603753, 1.9483030853617904, 1.9453194227992978, 1.9401533145170946, 1.9359468657236834, 1.9313016936310337, 1.925231796554011, 1.920508836579119, 1.913754973656092, 1.9074206102607596, 1.901671181886624, 1.8937573509338574, 1.8860406883251972, 1.8778189705987263, 1.8681292607743516, 1.8587522988135998, 1.8486024599808912, 1.8393791154918508, 1.8269012351321359, 1.8151592961233904, 1.8027029804184906, 1.789245796509278, 1.7760018871890173, 1.7613581192289662, 1.7463339322652571, 1.7297474008340101, 1.7154445003749978, 1.7001219901264224, 1.6824860063373532, 1.6677970751228495, 1.6527769188595633, 1.6345630229538322, 1.6197034744625418, 1.6015223967723358, 1.584971651307538, 1.5697793298297458, 1.5540645433287334, 1.5396143073200161, 1.52416605495999, 1.5100416788178632, 1.4970006407835545, 1.4812945481548963, 1.4708181869270456, 1.4562979638576508, 1.4459496466522543, 1.434798087574478, 1.4238613645235698, 1.412669566961435, 1.4032315904768105, 1.393237083640873, 1.385488559038211, 1.3754791064649565, 1.3679516315460205, 1.3616749244367974, 1.3544076670948257, 1.3468976334119453, 1.3419701760141258, 1.3351160899186745, 1.3296873240898817, 1.3243995507558186, 1.3196070769913175, 1.313722002455312, 1.309772186809116, 1.3056492199245682, 1.3015209780289576, 1.2975039578910568, 1.2935500761382601, 1.2908328152619875, 1.2866907764194357, 1.2832105312591944, 1.279618883998985, 1.27827641979242, 1.274267471753634, 1.2720048870795813, 1.2685753736231062, 1.2664712387272434, 1.2646225991412106, 1.2630333457237635, 1.2596604408871415, 1.256830517298136, 1.2548475400504904], "test_loss": [1.1703009223937988, 1.097822063446045, 1.0032016288757324, 0.9967947845458984, 0.9572042190551758, 0.9821685981750489, 1.0092675399780273, 1.0149267150878907, 0.9412095375061035, 0.9420870704650879, 0.9250113090515136, 1.0143444557189942, 1.009015810394287, 1.0344210311889648, 0.9982700553894043, 0.9248586982727051, 0.9591733276367187, 0.914680590057373, 0.9770816513061523, 0.9834436813354492, 0.9045848922729492, 0.9435832046508789, 0.958272885131836, 0.9686802886962891, 0.910972998046875, 1.0319808113098146, 0.9389753707885742, 0.9651506103515625, 1.0014212577819823, 0.9965673179626465, 0.9814113403320313, 1.001695442199707, 1.0284792304992676, 1.0465369087219238, 1.0136584655761718, 0.9230124389648438, 0.9325255050659179, 1.048541315460205, 0.9959358154296875, 1.0741540718078613, 1.0062562492370606, 0.9877090187072753, 0.9439591743469238, 1.0914670700073241, 0.9811390586853027, 0.9556156089782715, 1.03297511138916, 1.0937025062561034, 1.04956767578125, 1.050274030303955, 1.0551880935668945, 1.1216430099487305, 1.025549585723877, 1.0290470878601075, 1.1196526237487794, 1.0729501815795899, 1.1753433753967286, 1.1326397300720215, 1.1704704154968262, 1.232414451599121, 1.1193616943359375, 1.1745788139343263, 1.2870866790771485, 1.1854170570373534, 1.1989096977233886, 1.1356310356140136, 1.135182795715332, 1.213931089782715, 1.209433822631836, 1.1853876487731934, 1.2282263229370116, 1.1590956344604493, 1.1928381637573242, 1.1893561958312988, 1.251418441772461, 1.2099135314941407, 1.2200759963989258, 1.2766070053100587, 1.2577143226623535, 1.2521903442382813, 1.2554552597045898, 1.2958491073608398, 1.3403284927368164, 1.2763235733032225, 1.3193195068359376, 1.3016498168945312, 1.3214125137329102, 1.3399450851440429, 1.2890773498535155, 1.333106022644043, 1.2888151947021484, 1.261181234741211, 1.3525270217895509, 1.3267536529541015, 1.3038021514892577, 1.3265518585205078, 1.2941591354370117, 1.3213524963378906, 1.3080035522460938, 1.3262723205566407], "test_acc": [92.09, 95.36, 96.74, 97.26, 97.61, 97.15, 97.95, 97.77, 98.03, 98.17, 98.12, 98.35, 98.3, 98.37, 98.49, 98.37, 98.39, 98.48, 98.39, 98.28, 98.41, 98.22, 98.19, 98.04, 97.98, 96.86, 97.42, 97.23, 96.51, 95.76, 96.47, 94.56, 94.53, 92.22, 92.96, 93.41, 93.06, 86.55, 91.15, 85.32, 87.7, 87.62, 86.19, 81.53, 84.16, 85.48, 80.56, 77.07, 78.67, 77.92, 77.46, 73.28, 77.8, 76.44, 72.26, 72.7, 68.75, 70.66, 67.76, 65.56, 70.69, 67.42, 62.32, 66.25, 66.32, 69.23, 68.67, 65.72, 65.9, 66.76, 64.58, 67.01, 66.23, 65.99, 62.54, 65.15, 64.22, 62.38, 62.7, 62.73, 62.55, 61.22, 59.43, 61.62, 60.42, 60.81, 60.28, 58.87, 61.35, 59.42, 61.68, 62.55, 58.57, 59.83, 60.62, 59.88, 61.06, 60.11, 60.28, 59.51]}