{"train_loss": [2.120651770860721, 2.029589718223637, 2.0132392341764564, 2.0053344743374066, 1.9992462470490708, 1.9949615083189092, 1.9914067357014387, 1.9879662216219127, 1.9853898192572796, 1.982311746503553, 1.9797339989588811, 1.9770008544636588, 1.9747949436179593, 1.971958237580764, 1.9694169960979722, 1.9672514852295575, 1.9643326740489047, 1.9618720947167811, 1.959361552173256, 1.956771756339277, 1.9534051290944092, 1.9500970552619705, 1.9469750363093157, 1.9429428618178408, 1.9389490424058375, 1.9349843638065534, 1.9308982432907462, 1.9265400627229967, 1.9215224375072708, 1.916315836020005, 1.9110659862685406, 1.9052175191732554, 1.8988617528707554, 1.8928321877605894, 1.8853062085616283, 1.879304780664607, 1.8719778641676292, 1.8625923069114358, 1.8540681063109994, 1.8462817049943483, 1.8362710990457454, 1.8268791623095162, 1.8172314521084485, 1.8064837160273495, 1.7961077799654415, 1.7853831218348608, 1.7738012696942713, 1.76296664099408, 1.750109350324696, 1.7367978202990997, 1.7271174263750386, 1.7140801826603391, 1.7014618396249592, 1.69039084463038, 1.678472051763127, 1.6648806929588318, 1.6532167557977204, 1.6413394464896276, 1.6318322078794496, 1.6191254798163714, 1.6074740081770806, 1.596503059578757, 1.587187939729446, 1.5751548794090238, 1.5665072373345368, 1.556552084337952, 1.5473981958169203, 1.5385649245009463, 1.5312398814747477, 1.523514108780103, 1.5131223025994422, 1.5060481403627966, 1.499281144549704, 1.4919468885303562, 1.4854803070043907, 1.4778978842445927, 1.4734441472424402, 1.4658646191287243, 1.461099692644217, 1.455968339728494, 1.4514804332174807, 1.4469194241568573, 1.4417873200697777, 1.4368933729636364, 1.433425813403904, 1.4283603839894645, 1.4256214866271386, 1.4214306404957404, 1.4180366740776942, 1.4146839874422448, 1.4113199942641788, 1.4080792382741585, 1.4052009159683163, 1.4027950916534815, 1.4000339630322578, 1.3970029463625362, 1.3945152757004795, 1.3923140354136117, 1.3899234105379155, 1.3874228265550401], "test_loss": [1.1701447692871094, 1.1150303855895995, 1.0624203964233399, 1.0269446174621581, 1.0547856086730958, 1.0102794342041015, 0.9146408851623535, 0.9630802375793457, 0.9672376266479492, 0.9954726776123047, 1.0004547355651856, 1.0033654678344726, 0.9405303512573242, 0.9651125267028808, 0.9444102752685547, 0.8532065742492676, 0.9915110725402833, 0.9987575401306152, 0.9287481979370117, 0.9721689559936524, 0.9359159675598144, 1.0355427543640137, 1.0038762214660644, 0.9251317726135254, 0.937261067199707, 0.9547963027954102, 0.962631460571289, 0.9480209632873535, 0.9649564315795899, 0.9297597633361816, 0.9581134674072266, 1.0171667114257812, 0.9341762969970703, 0.9802261100769043, 0.9575674911499024, 0.9798702995300292, 1.0281470504760741, 0.932489860534668, 1.036340071105957, 0.952465030670166, 0.9378197265625, 0.997431674194336, 1.00008744430542, 1.0557261009216308, 1.0362358695983886, 1.105107112121582, 1.0323520950317382, 1.0812407669067383, 1.0454624191284179, 1.0281319496154786, 1.1385321281433105, 1.0264487365722657, 1.0670150276184083, 1.0406281753540039, 1.0167376419067382, 1.0391663093566894, 1.0943978866577149, 1.064882568359375, 1.1000242553710937, 1.0825240295410157, 1.1195059730529786, 1.0960688232421876, 1.0578803260803222, 1.1429732955932617, 1.084033576965332, 1.1833038162231446, 1.104367449951172, 1.1378689559936523, 1.129678865814209, 1.1629671546936036, 1.1522215995788574, 1.184188182067871, 1.1985350967407227, 1.1796733612060546, 1.162930756378174, 1.1884956344604491, 1.2721071578979493, 1.1405533866882325, 1.2537548690795899, 1.2229266174316407, 1.178493369293213, 1.2240083023071289, 1.2116061264038085, 1.213055771636963, 1.2258511474609375, 1.1697325889587402, 1.2126420013427734, 1.1772270294189453, 1.2269526931762695, 1.230510823059082, 1.2529225410461426, 1.250073095703125, 1.2315472702026367, 1.2256485107421875, 1.2243474395751952, 1.2699364669799804, 1.2795880844116212, 1.2325922912597655, 1.2620747268676757, 1.277151239013672], "test_acc": [91.95, 96.09, 96.03, 97.12, 97.78, 97.49, 97.88, 98.2, 98.31, 98.35, 98.31, 98.45, 98.58, 98.45, 98.52, 98.33, 98.44, 98.57, 98.36, 98.64, 98.48, 98.39, 98.44, 98.22, 97.92, 97.91, 98.24, 98.11, 97.33, 97.71, 97.33, 96.5, 96.55, 96.11, 96.09, 95.3, 93.32, 94.01, 92.91, 93.66, 93.31, 90.96, 91.18, 87.82, 86.64, 85.61, 84.58, 83.38, 84.73, 84.94, 79.08, 82.18, 80.06, 80.6, 80.73, 79.06, 77.28, 76.99, 73.65, 76.29, 74.48, 75.22, 75.02, 71.86, 73.79, 70.0, 71.86, 71.35, 71.53, 68.97, 70.09, 67.95, 67.8, 68.44, 69.28, 68.14, 63.65, 69.61, 64.59, 65.5, 67.89, 65.78, 67.15, 66.2, 65.44, 67.66, 66.07, 67.81, 65.9, 64.97, 64.57, 64.35, 65.05, 65.47, 65.05, 63.2, 63.18, 65.11, 63.65, 62.87]}