{"train_loss": [2.231039710024483, 2.1823786492021675, 2.1717813646691475, 2.167069205870995, 2.1640638882278376, 2.1620458053727436, 2.1605189417162514, 2.159227802203252, 2.15815097755856, 2.1572293751260156, 2.156503663613246, 2.1558125829085326, 2.1550970062231407, 2.154621019322648, 2.154029072349907, 2.1535172396235995, 2.1529687480029898, 2.152535890412127, 2.152030747160952, 2.1517169439894523, 2.1514013027533507, 2.150910555297493, 2.1504064900243383, 2.1500699932758627, 2.149613194486015, 2.149219015215197, 2.148910496479426, 2.148626196078765, 2.1482231958299622, 2.14786246444425, 2.1473816526241793, 2.147096217697502, 2.14687111438849, 2.1464502016703286, 2.146102038713602, 2.1457210804662132, 2.1454669272797737, 2.1449725699220967, 2.144740607493963, 2.1443217422208214, 2.1438118749194675, 2.1436244178022075, 2.1433023204151382, 2.142924932842581, 2.142461948415153, 2.142003806737753, 2.141641409988077, 2.1413947328543053, 2.1411167765275025, 2.1407361142655725, 2.1402372345965133, 2.139947359887963, 2.1395101282331677, 2.1390116887214856, 2.1385174220443792, 2.13841428155573, 2.1379058931627846, 2.137336595955058, 2.1369470220345717, 2.136619449680687, 2.136092904795948, 2.135843067087679, 2.135232804167984, 2.1348620301637893, 2.1344435449339385, 2.133945206291655, 2.133587905484387, 2.132883648587088, 2.132666084501478, 2.132127516799503, 2.1315274238586426, 2.131193290918301, 2.130632701083126, 2.1301035616132946, 2.1297495731940637, 2.1293081615725136, 2.128670745425754, 2.1281698127078195, 2.127806224884131, 2.1272190473018546, 2.1264246824460153, 2.1259681113764772, 2.1255985549372487, 2.124962478111952, 2.1245233467501454, 2.1239497182715654, 2.123316772473164, 2.1228098803096347, 2.122264009765071, 2.1219513915542865, 2.1213770783864536, 2.1207980844709606, 2.1201756830908294, 2.1195358858149276, 2.1189272444472356, 2.1186227075055113, 2.117794278849903, 2.1171921593511205, 2.1166467080768356, 2.1162958343823752], "test_loss": [1.5028852279663085, 1.3613641967773438, 1.3305710678100586, 1.2905827926635742, 1.3139858764648438, 1.3038438217163086, 1.2835181274414063, 1.2933329360961914, 1.271917803955078, 1.2712907638549804, 1.2417099151611328, 1.2870063064575195, 1.2806302764892579, 1.251407046508789, 1.2892887634277344, 1.2425287551879882, 1.2212443237304687, 1.2299725967407227, 1.273011247253418, 1.2626857635498048, 1.2469734481811523, 1.2435954132080078, 1.2447043533325195, 1.2116190444946289, 1.2132075836181642, 1.2335155807495117, 1.2395310165405273, 1.2262212463378905, 1.2553727478027343, 1.2664618957519531, 1.30446443939209, 1.2432064147949218, 1.2753766464233398, 1.206021273803711, 1.251916323852539, 1.2638833526611328, 1.2320128128051757, 1.2630679595947265, 1.245221812438965, 1.235691828918457, 1.2446535720825196, 1.2041180755615235, 1.1985236206054688, 1.2600079956054688, 1.2557057708740234, 1.1950568496704101, 1.249420196533203, 1.2430481521606445, 1.2241270324707032, 1.2306608306884765, 1.2575206909179688, 1.1812235473632813, 1.2550192489624024, 1.2466066513061524, 1.2467508895874024, 1.2461928314208985, 1.2194179489135741, 1.2100897567749023, 1.219838247680664, 1.2420407043457031, 1.2416812561035155, 1.2016245254516602, 1.2788587783813476, 1.2680445739746093, 1.2262904098510743, 1.1963723587036132, 1.2060350372314452, 1.2688454559326172, 1.2159140869140626, 1.213481005859375, 1.222619416809082, 1.2640044357299804, 1.2498258758544922, 1.262470735168457, 1.2735393142700195, 1.2292068069458009, 1.2644259017944337, 1.2745498382568359, 1.2446096923828125, 1.2122744552612306, 1.2233036178588867, 1.249849314880371, 1.206375912475586, 1.2855955612182617, 1.2669175109863282, 1.3019223739624024, 1.266559780883789, 1.224346855163574, 1.2821077041625977, 1.2953284698486327, 1.2782152099609374, 1.293356950378418, 1.2074559494018555, 1.2417472885131835, 1.2552553009033203, 1.2777949050903321, 1.2395633560180663, 1.2475341751098632, 1.2290950057983399, 1.2635224090576171], "test_acc": [90.67, 94.65, 96.11, 96.68, 97.2, 97.37, 97.65, 97.82, 97.97, 98.05, 98.11, 98.21, 98.34, 98.36, 98.45, 98.34, 98.38, 98.42, 98.39, 98.51, 98.56, 98.61, 98.62, 98.51, 98.6, 98.6, 98.71, 98.74, 98.67, 98.75, 98.75, 98.75, 98.66, 98.63, 98.63, 98.69, 98.78, 98.7, 98.76, 98.69, 98.75, 98.7, 98.77, 98.76, 98.78, 98.74, 98.79, 98.73, 98.7, 98.71, 98.59, 98.75, 98.65, 98.78, 98.58, 98.77, 98.67, 98.69, 98.77, 98.66, 98.6, 98.71, 98.63, 98.65, 98.6, 98.62, 98.67, 98.44, 98.49, 98.53, 98.56, 98.5, 98.53, 98.64, 98.4, 98.53, 98.29, 98.32, 98.4, 98.51, 98.62, 98.29, 98.44, 98.16, 98.18, 98.09, 97.99, 98.02, 98.12, 98.06, 97.75, 97.68, 98.2, 97.6, 98.05, 97.5, 97.79, 97.53, 97.74, 97.73]}