{"train_loss": [2.2274748102212563, 2.177906964069758, 2.167302681849553, 2.1628608285871325, 2.160090836194845, 2.158264277327774, 2.15684805619411, 2.155750734683795, 2.1549389336863136, 2.154097883619814, 2.153507052323757, 2.15298154619005, 2.1525203371659303, 2.152043168870812, 2.151682401824201, 2.151372230460501, 2.151049420874343, 2.15073014375491, 2.150473160112006, 2.1502170257079296, 2.1499919850602107, 2.1497784088819456, 2.1495934872545748, 2.1494168552578006, 2.1492322978810368, 2.1490469065486875, 2.1488795728764982, 2.1487583202174587, 2.1485954971394987, 2.14841854521352, 2.148328506029569, 2.1482285189832377, 2.1480714561592817, 2.147970519004724, 2.1478857224823065, 2.147743744727893, 2.147646062903934, 2.1475724547337265, 2.147445466783312, 2.1473982813011885, 2.1472809691714425, 2.1471971889846344, 2.1471040615668664, 2.147031521695292, 2.1469745243716445, 2.1468795680592203, 2.1468074754772024, 2.1467243743757916, 2.146659947358645, 2.1465973584060993, 2.1465525107505994, 2.146489536150908, 2.1464132045069313, 2.146357356483101, 2.146286577750475, 2.1462468973591795, 2.146187631492941, 2.14613948826097, 2.146060871772277, 2.146010289334843, 2.1459588647907615, 2.1459199572220826, 2.145875529346303, 2.145824955569373, 2.1457918321984444, 2.145740134593768, 2.145666609971951, 2.1456506496820693, 2.1456199828376117, 2.145569619969425, 2.1454888643362584, 2.1454789322665615, 2.1454653974272246, 2.145386115098611, 2.145349247333331, 2.145327138595092, 2.1452968538316908, 2.1452424969428625, 2.145218326495244, 2.145170651949369, 2.145144559888758, 2.145089954901964, 2.1450742376156344, 2.1450594276444526, 2.144998297222659, 2.1449777035631685, 2.144955644240746, 2.144910293766576, 2.1448805739736962, 2.144850216869615, 2.1448061501877937, 2.144774820560064, 2.1447417012646666, 2.1446987573917093, 2.1446952096417418, 2.1446523605248866, 2.1446389724046755, 2.144634758305346, 2.1445864545993314, 2.144578064099336], "test_loss": [1.493037272644043, 1.368350860595703, 1.3205549545288087, 1.3032483459472657, 1.2961355651855468, 1.2827964889526366, 1.2684317825317384, 1.2693087509155274, 1.26636171875, 1.2647089447021485, 1.2514520645141602, 1.2612878021240235, 1.242771142578125, 1.2551773376464843, 1.2421093551635742, 1.260580810546875, 1.2448717803955078, 1.243782391357422, 1.2384017700195313, 1.23915714263916, 1.2307720504760742, 1.2290158416748047, 1.2320947143554688, 1.220816780090332, 1.2328474182128906, 1.2460746643066407, 1.2343880767822266, 1.2271200592041016, 1.2265918182373048, 1.223566162109375, 1.236246061706543, 1.209086360168457, 1.2470466186523437, 1.234975685119629, 1.2287277572631836, 1.220358445739746, 1.2209446487426758, 1.216441343688965, 1.226123895263672, 1.216266387939453, 1.230425392150879, 1.2100805892944335, 1.2272628646850585, 1.2202151000976562, 1.2175091217041016, 1.2319003234863282, 1.212506024169922, 1.2412200393676758, 1.2218332778930665, 1.2172276321411133, 1.219681607055664, 1.221627474975586, 1.2077720397949219, 1.2449727615356445, 1.2161147430419923, 1.2111620895385742, 1.2208276077270508, 1.221795036315918, 1.2229820388793946, 1.209918719482422, 1.2235803741455078, 1.2210926956176757, 1.2208181137084961, 1.2213016616821288, 1.218803643798828, 1.207874771118164, 1.2091110458374024, 1.201457147216797, 1.2202895751953124, 1.2120841186523437, 1.22111748046875, 1.2176356384277345, 1.2100119079589844, 1.222556674194336, 1.2140000549316405, 1.206810398864746, 1.2176208328247071, 1.2213319381713867, 1.2244646667480468, 1.2124896743774414, 1.228816177368164, 1.222751319885254, 1.2333001007080078, 1.190476837158203, 1.2166645309448243, 1.197030322265625, 1.2277453521728516, 1.2129120483398437, 1.2009944564819337, 1.2159400039672852, 1.221266389465332, 1.2026390228271484, 1.2066278244018556, 1.2087678344726562, 1.2150613082885742, 1.2169775283813478, 1.216753645324707, 1.210153546142578, 1.2121007690429688, 1.2260185775756836], "test_acc": [90.01, 94.75, 96.47, 97.06, 97.19, 97.59, 97.82, 97.98, 98.01, 98.19, 98.26, 98.36, 98.4, 98.43, 98.52, 98.58, 98.62, 98.56, 98.65, 98.66, 98.72, 98.71, 98.71, 98.75, 98.77, 98.8, 98.76, 98.81, 98.79, 98.79, 98.84, 98.8, 98.82, 98.83, 98.86, 98.89, 98.91, 98.92, 98.86, 98.89, 98.94, 98.93, 98.9, 98.9, 98.94, 99.01, 98.94, 98.98, 98.99, 98.98, 98.97, 98.97, 99.02, 98.99, 98.98, 99.0, 99.03, 99.02, 98.98, 98.97, 98.99, 99.01, 99.05, 99.02, 99.06, 99.05, 99.02, 99.04, 99.07, 99.06, 99.11, 99.09, 99.01, 99.06, 99.06, 99.1, 99.06, 99.08, 99.04, 99.09, 99.02, 99.06, 99.11, 99.08, 99.06, 99.1, 99.11, 99.11, 99.05, 99.1, 99.12, 99.1, 99.12, 99.05, 99.1, 99.13, 99.16, 99.13, 99.14, 99.12]}