{"train_loss": [2.256997145139254, 2.2192047044762178, 2.2086727782192392, 2.2038447016324754, 2.200864340505029, 2.198227400963123, 2.196262300014496, 2.194636480930524, 2.1932555651053405, 2.1917724415787263, 2.190408908913278, 2.189089122491005, 2.1878500728525667, 2.1864586513266606, 2.1852219868928957, 2.1840836191788697, 2.182311746299776, 2.181274752331595, 2.1799063422741036, 2.1783853662319674, 2.176575786028153, 2.175102188036992, 2.1732435817392464, 2.1711520664712305, 2.169560983649686, 2.1671784336750326, 2.1648453056302843, 2.162845637044336, 2.1602437272031083, 2.157451608751574, 2.1548756243836165, 2.1520396939709654, 2.1484909888006682, 2.1454250858380246, 2.1418412877963138, 2.1384283273647995, 2.1343436704741583, 2.130077162868956, 2.1254806065151834, 2.120999830910283, 2.1161060919109573, 2.1109543814618363, 2.1050837697126927, 2.099581654764648, 2.0929427890696077, 2.086786372284604, 2.080750964136205, 2.073367657824459, 2.066645957975306, 2.0582956057837887, 2.051255372599659, 2.0422662707984958, 2.0350583157478233, 2.0252921970990987, 2.0167176216586022, 2.0070281184127188, 1.9988968102341025, 1.9892516617591565, 1.981259363074588, 1.9708119470339556, 1.9613919426233342, 1.9512157343391678, 1.9405307481940994, 1.9310396384989095, 1.9215372276102376, 1.91211002606612, 1.9020636514720755, 1.8929856518904369, 1.8835021822880476, 1.8747274878188076, 1.8648498208604307, 1.8550858902625549, 1.8487688455826197, 1.8390766891658816, 1.830630343184512, 1.8237336130223722, 1.8161289577300732, 1.8062340181607466, 1.798728693754245, 1.792533702065802, 1.785678817675664, 1.7790104622005398, 1.7714669273959265, 1.764741802826906, 1.7593468315580971, 1.7549672860365648, 1.7490441096134675, 1.7423714460470738, 1.7381840518906586, 1.7312423530806842, 1.7289165721999273, 1.7228521144288218, 1.7187996593296018, 1.7124966247978373, 1.709383313727175, 1.7039216688046088, 1.7008909389504, 1.6976958902982564, 1.693034243889344, 1.6896976252906344], "test_loss": [1.6238249542236327, 1.4926872482299804, 1.457427606201172, 1.4508799453735353, 1.4043811767578125, 1.4069957550048828, 1.4467661117553712, 1.3824074798583985, 1.4194168701171874, 1.3882728088378906, 1.3700896408081054, 1.3835189178466798, 1.3456902633666992, 1.4244887985229493, 1.3702920516967774, 1.3150975189208984, 1.388043522644043, 1.3651324905395508, 1.3530931045532226, 1.3829047882080079, 1.3299583343505859, 1.3579376495361328, 1.3203187240600587, 1.3394615676879882, 1.3790099395751954, 1.3664821075439453, 1.3547182235717774, 1.3680270050048828, 1.3331767959594727, 1.351541859436035, 1.401772834777832, 1.386476190185547, 1.4331718856811524, 1.3493868850708008, 1.4043874984741211, 1.3958459365844726, 1.4053571990966798, 1.3441845962524415, 1.3197885940551757, 1.391225784301758, 1.3937906463623047, 1.386351382446289, 1.409735562133789, 1.3672423065185546, 1.420157305908203, 1.4279465301513672, 1.4241692459106445, 1.463011701965332, 1.4559545196533203, 1.4866930236816407, 1.3999033157348633, 1.5280212615966797, 1.4245844619750976, 1.4972477172851562, 1.4431860107421874, 1.5252217620849609, 1.4759315994262696, 1.4714212280273438, 1.4483461837768554, 1.5173358001708985, 1.6075248153686523, 1.4808788116455078, 1.4723581329345703, 1.5092947479248047, 1.4742163467407225, 1.5032242370605469, 1.5602541046142577, 1.5440998840332032, 1.535530192565918, 1.5789572692871094, 1.5519270858764649, 1.613492266845703, 1.5957750625610352, 1.5937753707885742, 1.6592310348510741, 1.4726881576538087, 1.5681605575561524, 1.6238685089111329, 1.618608070373535, 1.6131252578735351, 1.6610129119873047, 1.5972135040283204, 1.6347175354003907, 1.6580295715332032, 1.7401543212890624, 1.714555470275879, 1.6599378295898437, 1.6351471481323243, 1.6943658355712892, 1.7023895812988281, 1.7047444381713868, 1.6641317642211915, 1.739109457397461, 1.7457116287231444, 1.7244591064453125, 1.709816471862793, 1.74191007232666, 1.7195678329467774, 1.7148009552001953, 1.7273439987182617], "test_acc": [81.06, 93.42, 94.46, 95.46, 96.23, 96.43, 97.0, 97.17, 97.14, 97.3, 97.43, 97.77, 97.92, 97.69, 97.43, 97.66, 97.69, 97.83, 97.7, 97.69, 97.8, 97.7, 97.68, 97.59, 96.83, 97.29, 97.21, 96.97, 97.07, 96.41, 96.11, 95.88, 93.79, 95.15, 93.16, 92.63, 91.23, 93.0, 92.46, 90.89, 89.15, 89.01, 84.78, 87.42, 82.5, 83.02, 81.65, 77.98, 75.03, 72.63, 77.06, 70.64, 72.99, 68.79, 70.53, 65.67, 66.27, 67.85, 69.39, 63.1, 56.73, 63.75, 63.0, 60.54, 62.4, 60.21, 56.38, 55.74, 57.46, 54.98, 55.68, 52.46, 52.57, 53.99, 48.16, 59.02, 53.86, 50.93, 51.41, 51.37, 49.26, 52.17, 49.16, 47.91, 42.98, 44.72, 46.9, 49.37, 46.35, 45.22, 44.84, 48.11, 44.53, 43.8, 43.92, 45.75, 42.72, 45.3, 45.25, 44.37]}