{"train_loss": [1.6063386377615807, 1.4209326225468235, 1.3988372729374812, 1.3877246046168172, 1.3806770874394312, 1.375363388377377, 1.3712700315010853, 1.3683488381724072, 1.3654173492875874, 1.363073906582645, 1.3609166209004884, 1.3593042538716242, 1.3576067841460562, 1.3561600365190425, 1.3544045567003071, 1.3532611337991862, 1.3520429692207239, 1.3509317356297093, 1.3500416976773841, 1.349333701734869, 1.3481981035990593, 1.3472424743012485, 1.3464389769440024, 1.3456061192047901, 1.3448571713052244, 1.3439546843879244, 1.342883523203369, 1.342790402408339, 1.3418662038623776, 1.3411868263004172, 1.3405373048069131, 1.3400600185761085, 1.3390722565161877, 1.3387033577658172, 1.3381183504039407, 1.3374429243242638, 1.337047043773863, 1.3364532449816027, 1.335853374666638, 1.3352997015174637, 1.3348105399527102, 1.3342641462118199, 1.3339445965412335, 1.333262829699068, 1.3325469774058742, 1.3324294031685233, 1.331988165775935, 1.331107398128917, 1.3308262720576718, 1.3302369986334417, 1.32971462709272, 1.3294165389150636, 1.3287290966408885, 1.3284200289819994, 1.3279308760777497, 1.327666588828095, 1.327180423033543, 1.3267524981091166, 1.3264464038050072, 1.3259312709172566, 1.325500113587094, 1.3249601064584193, 1.3246326255492675, 1.324146216751164, 1.323833208817702, 1.3232662764369931, 1.3228266004823213, 1.3224254892422602, 1.3222215990734916, 1.3218547388529167, 1.3214742467444167, 1.3210530884754963, 1.320721957928095, 1.3202117009040637, 1.3199656264394777, 1.3196297435678987, 1.319247115116853, 1.318646679321925, 1.3185322345831456, 1.3180851312274606, 1.317592604802205, 1.3172627812267368, 1.3169335012252514, 1.3165958350540226, 1.3163878166268015, 1.3161180872693021, 1.3156370846634238, 1.3153665030104482, 1.3149970135627649, 1.3146415737449613, 1.3143396155956464, 1.3141186084502783, 1.3138210908469992, 1.313451701759273, 1.312934733608849, 1.3128010959197314, 1.3123670322263343, 1.3122819341146028, 1.3117869526912005, 1.311503417726256], "test_loss": [0.5463227451324463, 0.4714544651031494, 0.46645271377563474, 0.4502549018859863, 0.4822272300720215, 0.48378457717895507, 0.4462306800842285, 0.48587601623535154, 0.4369008113861084, 0.43575875816345216, 0.41713776473999026, 0.4172880187988281, 0.41222472648620606, 0.42860133323669436, 0.45905673751831055, 0.42011938781738284, 0.4363048343658447, 0.46151863708496094, 0.3921292087554932, 0.4434751010894775, 0.4064947540283203, 0.39599804649353026, 0.39713463325500487, 0.4038056884765625, 0.46322837295532227, 0.4101703689575195, 0.43442887077331543, 0.42524149169921877, 0.4499845676422119, 0.41687403984069826, 0.42283747673034666, 0.4223525676727295, 0.4488779262542725, 0.4392824310302734, 0.45188194465637205, 0.3987112586975098, 0.40366057395935057, 0.41222498092651366, 0.4270392925262451, 0.45774190559387207, 0.41789188804626465, 0.412276496887207, 0.4457545082092285, 0.45342208633422854, 0.4357149669647217, 0.42061255378723145, 0.4243415550231934, 0.41475094299316406, 0.4257089096069336, 0.4152343215942383, 0.41939673919677734, 0.4092105442047119, 0.4218052932739258, 0.4398270042419434, 0.415249475479126, 0.417596411895752, 0.43993817901611326, 0.4677325569152832, 0.4161755706787109, 0.4086341567993164, 0.4178297824859619, 0.4288313724517822, 0.41640707397460935, 0.426841125869751, 0.40672491722106935, 0.4261787105560303, 0.39733093490600585, 0.41547690582275393, 0.41960566902160645, 0.4220042907714844, 0.41732244148254394, 0.41393206176757813, 0.40751010246276853, 0.43961106910705566, 0.4025936672210693, 0.4363090358734131, 0.42006106452941894, 0.42265195541381834, 0.4298081321716309, 0.41685001831054685, 0.4165949279785156, 0.4170925884246826, 0.43267701606750486, 0.42122915802001953, 0.40422448234558106, 0.4258623359680176, 0.3977541664123535, 0.4041808029174805, 0.4275504539489746, 0.4433722007751465, 0.4295974151611328, 0.4342267753601074, 0.41445728340148924, 0.41740782470703125, 0.45523968963623046, 0.41524423904418944, 0.42263976783752444, 0.42264697227478026, 0.4237913513183594, 0.4119919826507568], "test_acc": [96.59, 97.69, 98.32, 98.44, 98.52, 98.67, 98.87, 98.77, 98.97, 98.93, 98.95, 98.95, 98.93, 98.98, 99.08, 99.03, 99.04, 98.94, 99.01, 99.09, 99.07, 99.0, 99.01, 99.17, 99.12, 99.1, 99.13, 99.12, 99.1, 99.07, 99.09, 99.09, 99.08, 99.14, 99.17, 99.15, 99.18, 99.14, 99.22, 99.18, 99.27, 99.13, 99.14, 99.09, 99.16, 99.18, 99.27, 99.15, 99.16, 99.2, 99.2, 99.19, 99.23, 99.19, 99.2, 99.18, 99.15, 99.22, 99.14, 99.2, 99.18, 99.23, 99.21, 99.26, 99.26, 99.21, 99.21, 99.23, 99.19, 99.19, 99.23, 99.25, 99.25, 99.2, 99.16, 99.2, 99.22, 99.21, 99.25, 99.26, 99.21, 99.23, 99.25, 99.23, 99.23, 99.19, 99.22, 99.25, 99.14, 99.29, 99.23, 99.22, 99.2, 99.22, 99.14, 99.2, 99.15, 99.19, 99.16, 99.15]}