{"train_loss": [2.1517683318537526, 2.072511967176046, 2.0590220608262935, 2.052235909506806, 2.048230744834639, 2.0450371236373215, 2.042743804108383, 2.041001623767054, 2.0389316708613663, 2.037501327247701, 2.035936805172863, 2.03491363591618, 2.03346999333455, 2.032635706102746, 2.0314888602648025, 2.0305062947619676, 2.0296994055438247, 2.0285357534885406, 2.0275991630350423, 2.026653322908613, 2.0257288057070513, 2.0247859244163218, 2.0238472984896765, 2.0227708416616816, 2.0216723423228307, 2.021237454862676, 2.0197893302155356, 2.019092508360871, 2.017897675689469, 2.0170323515040245, 2.0159113850349035, 2.015005650683346, 2.0140169573645306, 2.012619843085607, 2.011585437334501, 2.0104898140471206, 2.009317497921805, 2.0081290699477887, 2.007259139902571, 2.005350099160121, 2.004431035783556, 2.0029572014115815, 2.001893557799168, 2.0005347260043154, 1.999054733504597, 1.9975205527411566, 1.99612400164971, 1.9947076350705237, 1.9928201238314311, 1.991739640887986, 1.9899423346560225, 1.9884521306579948, 1.986436608255419, 1.9847250743808909, 1.9831939602000082, 1.9812210029007022, 1.9794739925453806, 1.9776190058288412, 1.9757227915474491, 1.973813384007185, 1.9716842419061906, 1.9696848822964563, 1.9679589060127225, 1.9660783927155356, 1.9641821542356768, 1.9618238646250505, 1.9600079887443118, 1.9581860415955894, 1.9556020717335563, 1.9537644523840685, 1.9508259123207157, 1.9489156568152273, 1.9469632990339882, 1.9449469059960456, 1.9425434928673964, 1.9405435828062205, 1.937550333320585, 1.9355599788519053, 1.9332819922357543, 1.931482408545975, 1.9288732098717976, 1.9273618864707458, 1.9247763123777177, 1.9229095058563428, 1.919414503961547, 1.9181976626571426, 1.9154989421367645, 1.9135915845887275, 1.9117007245365372, 1.9090096453825633, 1.9068853381352546, 1.9056063630642035, 1.9030267257466276, 1.9009037988308148, 1.8984217419583573, 1.8976384791044087, 1.8944790725015168, 1.8930230711260412, 1.8905320845098577, 1.8889606671455579], "test_loss": [1.2770590423583985, 1.1446684242248535, 1.1006563453674316, 1.0889423225402832, 1.0509025283813476, 1.0306008499145507, 1.0322229118347168, 1.1091883583068847, 1.0347178916931152, 1.0513248023986816, 1.012498834991455, 1.04450961227417, 1.0151851272583008, 1.025035523223877, 0.9837963821411133, 1.040816748046875, 1.0004147994995116, 1.0379936836242676, 1.0081295097351075, 0.9851774696350097, 1.016262924194336, 1.015785585784912, 1.0100755180358887, 1.0109199722290039, 0.9747273117065429, 0.9932848320007325, 0.9945688346862793, 1.015119438934326, 1.0436090927124024, 1.0500065422058105, 1.0947907760620117, 1.0287533538818359, 1.0019161911010743, 0.9903034278869629, 1.0158306228637695, 1.0126148429870605, 1.0006281158447266, 1.0214113082885743, 1.020403054046631, 1.03494878616333, 0.9932395698547364, 0.9854889587402343, 1.002835620880127, 0.9980137893676758, 1.0014650062561035, 0.9973886108398438, 0.9918124069213867, 1.073251336669922, 1.0189908851623535, 0.9684854827880859, 1.0715702239990235, 1.0325906852722169, 1.040513404083252, 1.0208628669738768, 0.9578950340270996, 1.0141009963989258, 1.0472794303894042, 1.021147585296631, 0.9754734062194824, 1.0266415031433105, 0.9920467063903808, 1.044111809539795, 1.026224924468994, 1.03332762298584, 1.0355031913757324, 1.0549693870544434, 1.0509109962463379, 1.049768305206299, 1.0947777305603028, 0.9722922439575196, 1.0869123565673828, 1.0404912216186524, 1.1012024261474609, 0.9679881019592285, 1.076705724334717, 0.9961492988586426, 1.0719638343811035, 1.0367196006774901, 1.092165293121338, 1.0157822814941406, 1.0194263595581055, 1.073292618560791, 1.0101617134094238, 0.9923497619628906, 1.043156227874756, 1.1022826042175293, 1.074028269958496, 1.040113523864746, 1.072279613494873, 1.0729169898986817, 1.0840833259582519, 1.0837613914489745, 1.0462754692077636, 1.0834621940612792, 1.0570295654296875, 1.0450318412780761, 1.092935376739502, 1.0310589225769042, 1.1069920104980469, 1.0820937194824218], "test_acc": [91.88, 95.95, 96.81, 97.41, 97.71, 97.85, 97.96, 98.11, 98.36, 98.36, 98.28, 98.46, 98.41, 98.58, 98.41, 98.56, 98.62, 98.66, 98.73, 98.65, 98.6, 98.59, 98.6, 98.8, 98.8, 98.65, 98.64, 98.74, 98.71, 98.73, 98.63, 98.7, 98.7, 98.57, 98.69, 98.71, 98.67, 98.66, 98.67, 98.42, 98.68, 98.54, 98.65, 98.47, 98.59, 98.5, 98.57, 98.29, 98.29, 98.49, 98.24, 98.28, 98.09, 98.17, 98.17, 97.98, 97.41, 97.76, 97.87, 97.57, 97.59, 97.14, 97.08, 96.2, 96.5, 96.14, 96.54, 95.76, 94.81, 97.1, 94.72, 95.75, 95.45, 96.44, 95.43, 95.24, 94.81, 95.36, 93.59, 93.97, 95.36, 94.48, 93.74, 94.68, 92.58, 92.67, 92.58, 93.22, 91.48, 91.03, 91.3, 92.27, 92.36, 91.36, 92.02, 90.47, 90.45, 92.11, 89.48, 88.64]}