{"train_loss": [2.3013085610846167, 2.29776463447473, 2.2955433532722993, 2.294154042362148, 2.292713078168722, 2.291780187533452, 2.2907623414300446, 2.289627992699289, 2.288479991448231, 2.2871304103451915, 2.286022675343049, 2.284857651616773, 2.2835365635717015, 2.282070856827956, 2.2807406462155857, 2.2787217711791015, 2.276626450383765, 2.2747334343755345, 2.2721740532125163, 2.2689758126552286, 2.266229799670032, 2.262806191913083, 2.2590486132181606, 2.2541563887881417, 2.250008182138459, 2.2442849956007085, 2.237730007395785, 2.230836644131913, 2.222580639215616, 2.2135973093856096, 2.2032692386553836, 2.1926450097662773, 2.17897712573027, 2.163567836468036, 2.1480559013847613, 2.130061365600325, 2.1081652333084335, 2.085332662631304, 2.0615222212086377, 2.0319759040816217, 2.0013522049810133, 1.9692561030387878, 1.9290748276771643, 1.8888562815821068, 1.8481929190138466, 1.804555644082208, 1.7589846936046567, 1.7073772363683097, 1.6573772524666583, 1.609274833630293, 1.5595151257311177, 1.5080771981141505, 1.4605441465337052, 1.4086644432993016, 1.3596737805085304, 1.3123968837098179, 1.262178354538404, 1.2164666884475284, 1.1767553305014586, 1.1370869599855864, 1.1030409957608607, 1.0707293527248578, 1.0404900595163689, 1.0133524524350452, 0.9910793779497473, 0.9710168469155955, 0.9541401301438992, 0.9392922116905196, 0.9256651661334894, 0.9147682923537034, 0.9042745371404876, 0.8945805955136943, 0.886075061865342, 0.8776642950172098, 0.8712960191262074, 0.8662588961868205, 0.8597306036032163, 0.8538367073250632, 0.8491308481520058, 0.8440861159410232, 0.8396378860004947, 0.8354180394074856, 0.8316338789513987, 0.8277530098318034, 0.8246290850588399, 0.8212030489220579, 0.8174913553600638, 0.8145389383674687, 0.8116462961730794, 0.8085694588147677, 0.8060170226117485, 0.8034777235016863, 0.8009449991150799, 0.798193115581814, 0.7957576881361823, 0.7935326315908351, 0.7916995512369351, 0.7893009421407667, 0.7876937427581885, 0.7857444369130664], "test_loss": [2.2168325225830077, 2.1265319122314454, 2.1082196014404295, 2.0583449600219725, 2.0370825286865233, 2.027071844482422, 1.989805502319336, 1.9936813858032227, 1.979686441040039, 1.9847107879638672, 1.9460524612426757, 1.9824269760131836, 1.993445964050293, 1.9378747131347656, 1.9853539932250976, 1.961218553161621, 1.9063789489746095, 1.9577415481567382, 1.970744499206543, 1.9410993713378906, 1.950791468811035, 1.9088389724731445, 1.942623614501953, 1.9583059844970703, 1.9616146789550781, 1.9707805297851562, 1.9624854080200196, 1.9691967590332031, 1.9655052368164063, 1.9331996078491211, 1.9218324905395507, 1.9342311416625977, 1.9498242553710938, 2.0125198791503904, 2.0352082733154298, 2.076154103088379, 1.9843032836914063, 2.0650925384521486, 2.1219402557373046, 2.076506771850586, 2.0407129486083986, 2.2426515594482423, 2.1277091262817382, 2.1615191467285158, 2.204599182128906, 2.369547817993164, 2.4540627288818357, 2.3985848510742187, 2.5018610412597657, 2.589239440917969, 2.6490134735107422, 2.5499259338378906, 2.877360818481445, 2.6744920135498047, 2.736869378662109, 2.883619677734375, 2.8959608825683594, 2.828408929443359, 3.063256106567383, 2.997295425415039, 3.2208284545898436, 3.0503726257324217, 3.1852195892333985, 3.165265036010742, 3.2494938659667967, 3.192106793212891, 3.2362277313232424, 3.243358203125, 3.203286361694336, 3.1584875030517576, 3.2241694732666017, 3.2297219299316406, 3.244352587890625, 3.248888909912109, 3.262755926513672, 3.2461657623291016, 3.265923699951172, 3.2045416046142576, 3.2732554168701173, 3.229993798828125, 3.2994025177001953, 3.2685107025146483, 3.2587078552246096, 3.2506079833984374, 3.3113867279052736, 3.287534378051758, 3.299519967651367, 3.2713846374511717, 3.3025429290771484, 3.352371939086914, 3.2887612670898436, 3.332648254394531, 3.332870080566406, 3.315881085205078, 3.323297265625, 3.3345219787597657, 3.2849220947265625, 3.318199984741211, 3.261899850463867, 3.281811224365234], "test_acc": [48.43, 76.37, 79.82, 80.86, 77.43, 87.57, 87.12, 81.28, 86.72, 88.17, 88.56, 87.74, 85.72, 83.05, 83.96, 83.3, 81.55, 81.25, 74.43, 71.88, 65.35, 70.19, 67.02, 63.12, 53.09, 47.05, 47.51, 48.75, 48.08, 47.22, 44.73, 44.69, 40.59, 34.02, 32.56, 31.31, 33.86, 29.39, 28.96, 25.67, 29.61, 21.02, 25.93, 24.62, 23.19, 18.95, 18.49, 20.31, 18.68, 17.12, 18.97, 18.5, 17.36, 19.99, 19.15, 16.52, 17.07, 19.86, 16.24, 17.28, 14.32, 17.93, 15.52, 16.8, 14.76, 16.11, 15.14, 15.2, 15.93, 17.95, 15.76, 15.92, 15.57, 15.55, 15.27, 16.08, 15.78, 16.98, 15.8, 16.76, 15.0, 15.94, 15.79, 15.73, 14.94, 15.53, 14.82, 15.31, 16.0, 14.73, 15.36, 14.79, 14.65, 15.1, 15.24, 14.7, 15.78, 14.91, 16.02, 15.4]}