{"train_loss": [2.3026491118292522, 2.3025788109526677, 2.302550337253473, 2.302526331355429, 2.3025085564352508, 2.3024937102937293, 2.302481911630712, 2.3024708980169053, 2.302459012748849, 2.3024520349298787, 2.3024417671382937, 2.30243020485609, 2.30242376959222, 2.302417072984907, 2.302408671277201, 2.3024002451163073, 2.302391860729609, 2.302386799429217, 2.3023790503159547, 2.3023729813404574, 2.302363623920669, 2.30235974656211, 2.3023506958260493, 2.302345004856077, 2.302334111979884, 2.3023303507739663, 2.3023240581536903, 2.3023172265444045, 2.302309508507068, 2.3023036203832707, 2.302299425133273, 2.3022883172728057, 2.3022823934881096, 2.3022746846207185, 2.3022676823485613, 2.302256673319727, 2.3022526787896442, 2.3022450376779604, 2.302238115388104, 2.30222817720511, 2.3022227221065097, 2.302215902723818, 2.302199859904428, 2.302198635207282, 2.302191226910322, 2.3021826937667327, 2.302172608864613, 2.3021606619541464, 2.30215379774061, 2.3021478148607106, 2.3021387381431384, 2.302128578862573, 2.3021194399931493, 2.302110015327095, 2.302099079148382, 2.3020924064848156, 2.3020833970135093, 2.3020710170778456, 2.302065316428486, 2.3020537862410912, 2.302042672267327, 2.302028787441743, 2.3020228570343084, 2.302014713613396, 2.3020023367343803, 2.301989812626798, 2.3019791474709144, 2.3019670197087474, 2.3019503579180465, 2.301944247677795, 2.3019315330391255, 2.3019191439335165, 2.3019029080358324, 2.30188707408742, 2.301883639433445, 2.301869138183757, 2.301856658907018, 2.301840769429492, 2.3018297247397594, 2.3018183040822673, 2.301805937901521, 2.301781390467261, 2.3017662631140814, 2.301759419278202, 2.301739137396853, 2.3017271054096713, 2.301705810249361, 2.301692937174414, 2.3016721213984694, 2.301662388520363, 2.301641198304983, 2.3016299116305814, 2.301611479021545, 2.3015933678700375, 2.3015747707114262, 2.3015541011451655, 2.3015400777515183, 2.301520003212823, 2.301504177415473, 2.3014835491139665], "test_loss": [2.292629602050781, 2.2889629302978514, 2.286362756347656, 2.2839349182128905, 2.2822005767822264, 2.2807960845947264, 2.2792668029785155, 2.278149319458008, 2.2771758178710937, 2.276474426269531, 2.275355859375, 2.2746121612548826, 2.2741473724365235, 2.273439450073242, 2.2726337463378905, 2.272259701538086, 2.2721942230224608, 2.2714689697265626, 2.271065539550781, 2.2705263641357423, 2.2702066223144532, 2.2695091827392577, 2.2692173889160157, 2.2689177734375, 2.267961883544922, 2.2675983764648437, 2.2673858703613283, 2.2675484527587892, 2.2672008361816407, 2.2666912811279296, 2.2662420471191407, 2.2660087493896484, 2.2654979522705077, 2.265042074584961, 2.2647077911376954, 2.2647476898193357, 2.2644340301513672, 2.264411520385742, 2.2638365509033203, 2.2634794158935545, 2.2629501068115236, 2.2625624206542967, 2.2625539642333985, 2.26231064453125, 2.262672970581055, 2.2617178985595703, 2.2621135559082033, 2.262149932861328, 2.261317300415039, 2.260943215942383, 2.261149725341797, 2.260807064819336, 2.260505270385742, 2.260274319458008, 2.259922152709961, 2.259472036743164, 2.2597144622802734, 2.2593123138427735, 2.259261373901367, 2.259028765869141, 2.258861947631836, 2.2589067657470703, 2.257646618652344, 2.258430145263672, 2.2585580688476563, 2.258629885864258, 2.257698666381836, 2.257168328857422, 2.256979406738281, 2.2569378692626954, 2.2571563110351565, 2.2573515869140626, 2.2562434112548826, 2.256769876098633, 2.256301983642578, 2.2564102844238283, 2.2564433197021483, 2.2552182189941408, 2.2558305206298828, 2.2547636657714842, 2.256645300292969, 2.256509646606445, 2.2548577697753904, 2.256246676635742, 2.2548154083251952, 2.2539466583251953, 2.254989276123047, 2.2549751525878907, 2.255564001464844, 2.254941799926758, 2.254698825073242, 2.254117785644531, 2.2536952087402344, 2.254866372680664, 2.255914279174805, 2.2543006286621092, 2.2543797119140625, 2.2557002532958985, 2.2531177215576172, 2.254451953125], "test_acc": [24.71, 34.94, 43.88, 51.02, 54.36, 51.53, 60.68, 63.2, 64.59, 66.91, 62.18, 66.97, 67.97, 71.95, 70.57, 71.63, 71.14, 70.1, 69.82, 70.87, 70.99, 68.61, 73.43, 74.54, 72.04, 72.63, 74.56, 74.93, 76.56, 69.32, 72.29, 74.75, 73.47, 73.5, 74.81, 73.13, 72.96, 72.97, 75.92, 74.97, 75.84, 74.41, 67.9, 74.35, 72.79, 72.33, 75.95, 71.16, 74.0, 75.41, 74.0, 72.59, 72.16, 64.81, 68.91, 73.5, 71.7, 71.4, 71.79, 71.96, 71.98, 67.79, 67.65, 70.6, 70.68, 69.31, 71.68, 68.46, 68.79, 68.07, 68.19, 63.93, 69.47, 65.45, 68.84, 63.73, 65.64, 64.95, 62.68, 65.43, 61.57, 62.46, 59.65, 60.86, 61.11, 57.13, 58.54, 61.85, 55.19, 58.65, 55.83, 60.61, 60.36, 52.12, 56.68, 57.35, 56.67, 51.37, 54.93, 54.31]}