{"train_loss": [2.0633432837123546, 1.9535247288707993, 1.934175939641447, 1.9230082384032061, 1.915505392683877, 1.9095262587070465, 1.902975030689158, 1.8982504384639936, 1.8935016862347596, 1.8885748765916905, 1.8843862289546902, 1.8791063081504953, 1.8735547363758087, 1.8680129680368636, 1.8617134580754826, 1.8563009607486236, 1.8489318355026407, 1.8416186094793499, 1.8326180190102668, 1.8230307316168761, 1.8126487204661736, 1.8018990385736156, 1.7905931004092224, 1.7771051250971281, 1.7624658285043178, 1.7447219676951058, 1.7260477705898447, 1.704955592369422, 1.6841128409927726, 1.6600828899277582, 1.6347739966506631, 1.6045861952325218, 1.5757638822253952, 1.5412902559480097, 1.5061526257767637, 1.469179243613512, 1.4297458491264246, 1.3888026104014144, 1.347515963591062, 1.3018278716466365, 1.2643501007149363, 1.2178964840295987, 1.1745816032346497, 1.1306593428310165, 1.086757091502858, 1.0446805543879158, 1.004710784707314, 0.9653207062401323, 0.9257876520228182, 0.8917796919997941, 0.8593449256359003, 0.8288052265460675, 0.7981509770083631, 0.7750670736671513, 0.7527708315696472, 0.7312804637556403, 0.7153310909485205, 0.7006148082068843, 0.686904647666165, 0.676582599679629, 0.6664831625600146, 0.6579951770030535, 0.6498630612324445, 0.6426330711851772, 0.6350061511382078, 0.6295134116951216, 0.624473761416908, 0.6195008711427705, 0.6142783578899171, 0.6098775984639795, 0.6055808997052348, 0.6020789180810635, 0.5979991520826633, 0.594659561657498, 0.591200916048808, 0.5873498469591141, 0.5844254003376024, 0.5816107973074301, 0.5785551886273246, 0.5762780618209106, 0.5738538870444665, 0.5713820020612489, 0.5686887227571927, 0.5671012165964159, 0.5644379157541145, 0.5626203378296306, 0.5603442389486183, 0.5583646245237089, 0.5567618435264653, 0.5544594909645554, 0.553366764743104, 0.5511568333858099, 0.5498516420778047, 0.5477665749370543, 0.5466348518673171, 0.5449829775298762, 0.5437280065738238, 0.5423282260059291, 0.5410370268882849, 0.539388845491613], "test_loss": [1.0768072463989258, 0.8816594207763672, 0.9522311775207519, 0.9505786895751953, 0.8740948036193847, 0.8993941314697266, 0.8686753448486328, 0.9670023384094238, 0.8981189071655273, 0.8589801612854004, 0.8615797958374023, 0.9380383041381836, 0.8563909912109375, 0.825858228302002, 0.8351761772155761, 0.865175877380371, 0.8734687171936035, 0.8597189247131347, 0.8770079963684082, 0.8836433891296387, 0.8936530296325683, 0.9136809898376465, 0.8881615547180176, 0.8596244613647461, 0.8898752449035644, 0.8503104354858398, 0.8626286689758301, 0.8746755920410156, 0.9232063537597657, 0.9327568786621093, 0.8891280876159668, 0.9064629524230957, 0.9722284713745117, 0.9650279838562011, 0.9571840141296387, 0.9776847518920898, 1.0765145072937012, 1.0197503944396973, 1.0885989509582519, 1.1620063484191894, 1.151358586883545, 1.2046334701538086, 1.189306795501709, 1.1796504013061524, 1.3043519958496095, 1.262534407043457, 1.2545911094665527, 1.322396713256836, 1.345502289581299, 1.334870149230957, 1.280672364807129, 1.392427503967285, 1.382030828857422, 1.3147682762145996, 1.3839408889770508, 1.3484642135620117, 1.4399573425292969, 1.4995326614379882, 1.4648496688842774, 1.4760324478149414, 1.4846634368896485, 1.5447261108398438, 1.481262612915039, 1.5042274688720703, 1.5305477188110352, 1.5578373764038087, 1.5517339935302734, 1.5372852905273438, 1.5747712036132813, 1.593913494873047, 1.5870380584716797, 1.5784940643310548, 1.6273959915161134, 1.6437682632446289, 1.628184913635254, 1.6055985549926757, 1.624201985168457, 1.6658005172729493, 1.6178447189331056, 1.6756404190063476, 1.6436613632202148, 1.6838119598388672, 1.6792387161254883, 1.6767258514404297, 1.7054369110107421, 1.6699617584228517, 1.7110250854492188, 1.717403030395508, 1.667819773864746, 1.7091081527709961, 1.747179362487793, 1.7355066024780272, 1.6739271377563476, 1.7076258499145507, 1.709613040161133, 1.7182594848632813, 1.7342697509765626, 1.757873162841797, 1.7429238586425781, 1.7280978149414064], "test_acc": [93.74, 95.48, 96.84, 97.24, 97.58, 97.94, 97.79, 97.89, 98.05, 98.09, 98.19, 98.07, 98.09, 98.19, 97.86, 97.78, 97.93, 97.92, 97.5, 97.42, 97.04, 96.49, 94.99, 95.04, 95.01, 94.42, 93.0, 91.86, 88.07, 87.35, 86.85, 83.94, 81.58, 77.64, 79.1, 76.84, 72.85, 72.58, 69.52, 65.89, 65.91, 64.21, 63.36, 62.92, 58.66, 60.24, 60.43, 58.47, 57.34, 57.64, 60.08, 56.31, 57.4, 59.68, 56.6, 57.57, 55.28, 53.11, 55.33, 53.53, 54.62, 52.33, 54.74, 53.88, 52.97, 51.79, 52.5, 52.58, 51.61, 50.74, 51.42, 51.63, 49.97, 49.84, 50.08, 51.25, 50.49, 49.59, 50.81, 48.9, 50.26, 48.95, 49.01, 49.11, 48.26, 49.53, 48.14, 48.15, 49.57, 48.08, 46.65, 47.88, 49.72, 48.21, 48.46, 48.33, 48.09, 46.89, 47.47, 47.82]}