{"train_loss": [2.2825133912583704, 2.262928097166567, 2.2569095777650166, 2.253696127834483, 2.2519350831325236, 2.2508414168643136, 2.249911826899928, 2.2492488052091026, 2.2486424644788108, 2.248119405701629, 2.247738496870057, 2.2473458036398277, 2.2469092266172423, 2.2466460777144146, 2.246369373594594, 2.246054733920301, 2.2458193954239545, 2.2455636624597077, 2.2453860401088357, 2.245157715601799, 2.244992316278637, 2.2447583542929754, 2.24459099667704, 2.244357379583212, 2.2442331614657345, 2.2440607430588484, 2.243854921597701, 2.2436911723552604, 2.2435834932531047, 2.2434216009245977, 2.243288932193039, 2.2431500778238997, 2.2429721029395733, 2.242791733171186, 2.242673785258562, 2.242554154660967, 2.24238739360092, 2.2422260764317636, 2.2421206694382887, 2.242030285871946, 2.2417700795026927, 2.2416581730557303, 2.241543675589765, 2.2414523979537506, 2.241231224475763, 2.241109572414659, 2.2410268921118517, 2.2408343120517893, 2.2406796344325075, 2.2405272625450396, 2.2404167183444033, 2.2402545855595517, 2.2401084191778784, 2.2399857008559074, 2.2398808950032945, 2.239697744194259, 2.239563185435075, 2.2394228205721602, 2.239257520590073, 2.239074604633527, 2.238883030210805, 2.238736859244159, 2.2386700770793815, 2.2384582314735804, 2.23834509217841, 2.2382292278811464, 2.238053754863576, 2.237842228677538, 2.237672292269193, 2.237575389381148, 2.237401818108355, 2.2372236175414844, 2.2370470497343273, 2.236929094689524, 2.236698857229999, 2.2365243781326165, 2.236406126083472, 2.23621903372626, 2.2360337442821927, 2.2359263881658897, 2.2356673387380748, 2.2355373812536907, 2.2353185175830483, 2.235064400566949, 2.23490928279029, 2.2347413917892, 2.234585895497575, 2.2343432052522645, 2.2341292897860208, 2.2340267748914213, 2.2338146292246304, 2.2336509237941513, 2.23336171441608, 2.233167715052254, 2.2329758558517847, 2.232858053639404, 2.2326006522545447, 2.23239382260885, 2.2321780232282786, 2.231970897087684], "test_loss": [1.8411038452148438, 1.7281639862060547, 1.68341834564209, 1.6501542388916015, 1.6291427734375, 1.6249719314575195, 1.6247670684814453, 1.6226472305297852, 1.6089202087402343, 1.5823859619140626, 1.6033157165527343, 1.5946013229370117, 1.5953582885742188, 1.5861390701293945, 1.5874698959350586, 1.5891118377685547, 1.5839070434570313, 1.5916566787719726, 1.586955322265625, 1.5764351852416991, 1.5594491928100587, 1.573392318725586, 1.6037036163330078, 1.5663071578979493, 1.5764690475463867, 1.5784185424804686, 1.5555412841796874, 1.551253060913086, 1.581299545288086, 1.597336328125, 1.5639390441894532, 1.5498676681518555, 1.5727898971557617, 1.556897038269043, 1.563048777770996, 1.5561990447998046, 1.548405537414551, 1.5486422790527343, 1.5554332901000976, 1.5261707397460937, 1.5520851486206055, 1.546371270751953, 1.5529443130493163, 1.5579074096679688, 1.564666618347168, 1.5481172256469726, 1.570224186706543, 1.606403887939453, 1.554122932434082, 1.5800214157104493, 1.5636532501220703, 1.5434091873168945, 1.553531106567383, 1.5540208633422852, 1.5503810424804687, 1.5360528030395508, 1.561033609008789, 1.5542394226074219, 1.5433717224121093, 1.5568568969726562, 1.5647250534057617, 1.5513826522827148, 1.5306570983886718, 1.5728354888916016, 1.5341981796264648, 1.5650744323730468, 1.5584920303344727, 1.529119175720215, 1.542197200012207, 1.5644637756347657, 1.5746622741699219, 1.5483224731445313, 1.5300632125854492, 1.5879541580200196, 1.5514065521240235, 1.5648103927612305, 1.537195733642578, 1.5723558242797853, 1.5751263046264647, 1.5393463302612305, 1.5781356872558594, 1.542637661743164, 1.5545996170043945, 1.5489374420166016, 1.5510709335327149, 1.5435668548583985, 1.573893537902832, 1.5479312225341797, 1.5163700149536132, 1.52262755279541, 1.5498859283447266, 1.5345144409179687, 1.562676106262207, 1.5236088485717774, 1.578886508178711, 1.5408101013183593, 1.5597721252441406, 1.5628954177856444, 1.526315655517578, 1.5565353897094727], "test_acc": [80.47, 90.83, 93.6, 95.06, 95.67, 96.37, 96.69, 96.82, 97.02, 97.36, 97.34, 97.56, 97.54, 97.59, 97.71, 97.78, 97.72, 97.91, 97.89, 98.1, 97.95, 97.94, 98.13, 98.19, 98.17, 98.22, 98.18, 98.29, 98.28, 98.32, 98.31, 98.23, 98.24, 98.35, 98.35, 98.27, 98.38, 98.32, 98.33, 98.34, 98.4, 98.37, 98.2, 98.38, 98.42, 98.46, 98.64, 98.5, 98.45, 98.51, 98.61, 98.38, 98.37, 98.41, 98.64, 98.5, 98.48, 98.59, 98.41, 98.39, 98.47, 98.42, 98.45, 98.4, 98.52, 98.51, 98.59, 98.55, 98.33, 98.42, 98.52, 98.42, 98.39, 98.37, 98.47, 98.49, 98.44, 98.58, 98.53, 98.29, 98.33, 98.54, 98.46, 98.34, 98.39, 98.17, 98.11, 98.26, 98.2, 98.32, 98.2, 98.22, 97.94, 98.28, 97.65, 98.23, 98.13, 98.07, 98.22, 98.17]}