{"train_loss": [2.2484217556113872, 2.208304218756847, 2.198548295049586, 2.1943996380536985, 2.191853491159586, 2.190041950625232, 2.1886745507900534, 2.187643113808754, 2.18659939062901, 2.185859955783583, 2.185121320761167, 2.184506373018281, 2.1839654185833077, 2.183458944161733, 2.182930815933097, 2.182466568600418, 2.182102274690938, 2.181843024543208, 2.1813366728970127, 2.1809830314073806, 2.180638043798952, 2.1803559528456793, 2.180039825093033, 2.1797170710359883, 2.179386261691395, 2.179107886603755, 2.1787533271007047, 2.178477671920744, 2.17818916710014, 2.1779000697991786, 2.1777925353783827, 2.1773728509234567, 2.17719451433573, 2.176850500779274, 2.1765875016522203, 2.1763200209690976, 2.1760074868161454, 2.1758335329528546, 2.1754589839878244, 2.1752878193162446, 2.17493561292306, 2.174805635570461, 2.174494537532839, 2.174235706145947, 2.1740146880475884, 2.173706076084039, 2.1733758225400224, 2.1731966805254292, 2.1728310488228106, 2.172534026651301, 2.172246131632063, 2.1720585930041776, 2.1716549498403173, 2.171483072460207, 2.1712569018714447, 2.17087678420238, 2.170614241025387, 2.170223342047797, 2.1700837423658776, 2.1698431642646465, 2.169515633684957, 2.1691307838146505, 2.16872595416175, 2.1685009807602973, 2.1683474962527933, 2.1679474303865027, 2.1676871470915966, 2.167347147423997, 2.1668693632142157, 2.1666135084934726, 2.1663513861150823, 2.165987112583258, 2.165824134125669, 2.1654843484234605, 2.165096020596659, 2.1647281269741874, 2.1642387310663858, 2.1640286817509904, 2.1637231055487933, 2.163162137708093, 2.162876127112625, 2.1625683557273994, 2.1621711916393704, 2.1619138162360234, 2.1615504760008593, 2.161144490425403, 2.160802851884793, 2.160502092451112, 2.1599191055338607, 2.1597013763892345, 2.1593712624321637, 2.159068676141592, 2.158630330847879, 2.1582243860277357, 2.157777328267057, 2.157491625374199, 2.1569666500784392, 2.1564988947322226, 2.156028605424441, 2.155684309128003], "test_loss": [1.5837313583374024, 1.4560214218139649, 1.4209715408325196, 1.390957064819336, 1.392580209350586, 1.3735375, 1.3612894577026367, 1.3717225936889648, 1.348039256286621, 1.3600735061645508, 1.3239071487426757, 1.3606482620239257, 1.338899658203125, 1.3223771942138671, 1.3203634140014648, 1.3623297515869142, 1.3188788284301758, 1.3215476593017579, 1.3368476776123046, 1.3140701049804688, 1.3573769134521485, 1.3162522155761718, 1.308261279296875, 1.3167715698242188, 1.297651220703125, 1.3646615982055663, 1.3424996383666992, 1.3233017456054688, 1.3061561065673828, 1.2770247741699219, 1.336291404724121, 1.2706959274291991, 1.339901544189453, 1.3072728866577148, 1.3148152893066407, 1.3220843399047852, 1.3023701248168946, 1.3323940689086915, 1.3237719161987305, 1.2895928512573243, 1.327479734802246, 1.3118645385742187, 1.2884912857055664, 1.3031027252197265, 1.3050992324829103, 1.299627131652832, 1.3278702911376954, 1.3271036331176758, 1.3340751083374023, 1.314293620300293, 1.2851906509399413, 1.2878195068359375, 1.321246339416504, 1.3406403442382813, 1.3119470947265626, 1.331546551513672, 1.3172010528564453, 1.3265217788696289, 1.3369139938354493, 1.286723892211914, 1.3084739669799805, 1.2466549453735352, 1.3108919982910157, 1.3432930694580079, 1.3311039642333984, 1.3194555053710937, 1.2776184677124023, 1.322472819519043, 1.309146794128418, 1.2942786544799805, 1.3367544204711914, 1.3007457885742189, 1.343358024597168, 1.3250220275878906, 1.3063010238647461, 1.3387741729736329, 1.3163014556884765, 1.2828684463500977, 1.3654281448364258, 1.3022634048461914, 1.3092246047973632, 1.3161274002075196, 1.2806022842407228, 1.3491831100463867, 1.3423148956298827, 1.321874105834961, 1.3034896408081054, 1.316184014892578, 1.2717390869140626, 1.3476308578491212, 1.3006267044067383, 1.3220734161376952, 1.3086906936645508, 1.3327258972167968, 1.3226791656494141, 1.3212302215576173, 1.3588110549926757, 1.2896886215209962, 1.2965961715698242, 1.32266785736084], "test_acc": [88.07, 94.1, 95.22, 96.53, 97.02, 97.25, 97.52, 97.73, 97.8, 97.94, 97.89, 98.06, 98.1, 98.29, 98.35, 98.26, 98.47, 98.43, 98.35, 98.49, 98.48, 98.35, 98.57, 98.49, 98.59, 98.7, 98.52, 98.63, 98.54, 98.49, 98.67, 98.59, 98.6, 98.53, 98.64, 98.57, 98.57, 98.61, 98.66, 98.52, 98.68, 98.65, 98.68, 98.69, 98.61, 98.62, 98.73, 98.64, 98.8, 98.61, 98.73, 98.56, 98.57, 98.69, 98.72, 98.73, 98.73, 98.6, 98.7, 98.52, 98.71, 98.75, 98.7, 98.75, 98.61, 98.74, 98.73, 98.61, 98.49, 98.64, 98.31, 98.57, 98.64, 98.43, 98.58, 98.42, 98.46, 98.55, 98.35, 98.31, 98.44, 98.38, 98.58, 98.41, 98.42, 98.48, 98.38, 98.35, 98.39, 98.16, 98.3, 98.36, 98.41, 98.05, 98.38, 98.24, 97.73, 98.31, 98.15, 97.63]}