{"train_loss": [2.3012128558933225, 2.2987654153098407, 2.297723515930339, 2.2971627849798937, 2.2967465254995556, 2.296390551787156, 2.296087259410793, 2.295835633053739, 2.295634426112868, 2.2954612420155454, 2.2953014185285974, 2.2951674848540216, 2.295056088357909, 2.294961894679273, 2.2948716343977513, 2.2947661020816903, 2.294694454751463, 2.2946277923054166, 2.294552322636303, 2.2944759828412633, 2.294425093720102, 2.2943737843097787, 2.294308785699372, 2.294249978839842, 2.294192442527184, 2.294140750526363, 2.294089786007873, 2.2940362498291536, 2.2939937308303313, 2.2939322606111183, 2.2938999762901893, 2.293843599466177, 2.2938033755008993, 2.2937532209942484, 2.293721294301188, 2.2936673821547093, 2.293613103210417, 2.293603690770956, 2.2935375642572713, 2.2934932336848006, 2.2934453242864365, 2.293405094717303, 2.293355727297628, 2.2933177387612496, 2.2932567173599177, 2.293208849226308, 2.2931907885094995, 2.293124249857715, 2.293089147306915, 2.293069202675779, 2.293007948459723, 2.2929662629070444, 2.292906535996331, 2.292897005366464, 2.2928361235520778, 2.2928142206281676, 2.2927402074520407, 2.2926872158661866, 2.292664497326582, 2.2926293743981256, 2.292575023113153, 2.292531910105648, 2.292474997858716, 2.292443303980379, 2.292408759267921, 2.292366228042505, 2.292317519840012, 2.292260376816122, 2.292211858635275, 2.2921655483734913, 2.2920943957108717, 2.2920923767945705, 2.292005881285056, 2.291987074746026, 2.291912696300409, 2.291873165175446, 2.291827869211507, 2.291768888123015, 2.291719452947633, 2.291669456367819, 2.2915920849539275, 2.2915942918541083, 2.291500748732151, 2.2914532794911637, 2.291406256011409, 2.2913518150647483, 2.291302273925553, 2.291242090555338, 2.291187201300238, 2.2911419690164747, 2.2910712610962043, 2.291029410993951, 2.2909534909786324, 2.2909103178570414, 2.2908352002119408, 2.290761686797835, 2.290721356868744, 2.290664315223694, 2.2906027522861447, 2.29053737821742], "test_loss": [2.215022064208984, 2.135050927734375, 2.103230923461914, 2.081868685913086, 2.0718785949707033, 2.0576987777709963, 2.0493295547485353, 2.041428924560547, 2.031097361755371, 2.025666160583496, 2.0147713623046877, 2.016438200378418, 2.01754548034668, 2.0100272521972657, 2.010223823547363, 2.0045034301757814, 2.000642904663086, 2.0020963897705077, 1.998670248413086, 1.9993353897094726, 1.9941899108886718, 1.996328254699707, 1.9963668167114257, 1.9983335418701171, 1.990703076171875, 1.9870029479980469, 1.989648176574707, 1.9870834350585938, 1.9911648529052735, 1.9886513610839844, 1.983959829711914, 1.9898069808959962, 1.9842413665771483, 1.9839202346801759, 1.986178205871582, 1.985985610961914, 1.9842922103881835, 1.9823448394775391, 1.9745850601196289, 1.9846642745971679, 1.9743909103393555, 1.977203010559082, 1.9847775161743164, 1.9846182907104493, 1.9859066207885743, 1.974787240600586, 1.9723184432983398, 1.9779193969726563, 1.974119497680664, 1.972480340576172, 1.9772718307495116, 1.974845233154297, 1.9784821411132814, 1.9675184631347655, 1.9740947662353516, 1.9762279067993165, 1.9748203536987305, 1.9813011459350587, 1.961828515625, 1.9784190246582032, 1.9730444427490235, 1.9719234481811523, 1.9684612731933593, 1.966128289794922, 1.9746751983642579, 1.9630401962280273, 1.9701753158569335, 1.9738864547729493, 1.9718736618041992, 1.9708961975097656, 1.976460447692871, 1.9648379638671876, 1.962806881713867, 1.9651959854125975, 1.9711967590332031, 1.9772451751708984, 1.9637035751342773, 1.956376042175293, 1.9583109436035155, 1.9643482513427735, 1.968038900756836, 1.9674992248535157, 1.9644039428710938, 1.9651410903930664, 1.9766724487304688, 1.9667973342895508, 1.9625783676147461, 1.972128971862793, 1.9712830978393554, 1.9817787017822266, 1.9742207702636718, 1.960576629638672, 1.9717148162841798, 1.9773642547607422, 1.9696433135986329, 1.9621596878051757, 1.9577217361450194, 1.956827293395996, 1.9730409332275392, 1.9663199310302735], "test_acc": [70.66, 81.27, 85.73, 88.26, 89.93, 90.96, 91.47, 92.69, 93.23, 93.71, 93.7, 94.78, 94.87, 94.83, 94.91, 95.19, 95.53, 95.35, 95.82, 95.78, 96.0, 95.96, 96.0, 96.33, 96.14, 96.69, 96.47, 96.44, 96.96, 96.84, 96.68, 96.79, 96.3, 96.95, 96.74, 96.62, 96.91, 96.98, 97.12, 97.21, 97.01, 97.21, 97.13, 97.36, 97.16, 97.09, 97.21, 97.08, 97.31, 97.5, 97.48, 97.15, 97.4, 97.47, 97.24, 97.31, 97.48, 97.5, 97.25, 97.36, 97.38, 97.49, 97.32, 97.35, 97.41, 97.39, 97.37, 96.59, 97.15, 97.19, 97.34, 97.34, 97.17, 97.3, 97.21, 97.18, 97.12, 97.41, 97.18, 97.21, 97.18, 97.23, 97.25, 97.0, 96.84, 97.14, 97.09, 96.94, 96.64, 95.94, 96.85, 96.98, 96.49, 96.82, 96.89, 96.52, 96.54, 96.6, 96.48, 96.28]}