{"train_loss": [2.2943550383942757, 2.284035894096407, 2.2808991390415745, 2.278786577220656, 2.2774427278429017, 2.2764861023324166, 2.275813724240686, 2.275297424222669, 2.274935068737747, 2.2745339564788036, 2.2742560072841806, 2.2739760213428073, 2.273730246939211, 2.2735280628897185, 2.2733268172313004, 2.2731233473516936, 2.272942725409809, 2.2727722372764196, 2.272605705974448, 2.2724492916694055, 2.2723458750635133, 2.27219035075261, 2.2720765425608707, 2.2719548186685286, 2.2718175364355755, 2.2717292772399054, 2.2715950241455665, 2.27149451084626, 2.2713745694894056, 2.271262410868946, 2.2711608674791126, 2.2710390416984882, 2.2709547052016625, 2.270847489181747, 2.27072138307441, 2.270649034752805, 2.270535385506785, 2.2704472847473927, 2.2703190328728438, 2.270222641973414, 2.270146704127646, 2.27005286858632, 2.269934588517898, 2.26982426796204, 2.269711850035904, 2.269633351228176, 2.269539444365053, 2.269466632961208, 2.2693595269806366, 2.269275328032991, 2.269128655266558, 2.2690509975465956, 2.2689054786649523, 2.268814958058871, 2.2686774389356628, 2.2686481256770272, 2.268441190576961, 2.2683813429286337, 2.26830192305084, 2.268163948487013, 2.268020291104276, 2.2679718259053354, 2.267850576302944, 2.267710370385749, 2.2676018114782805, 2.2675253570589247, 2.267357523115272, 2.2672729512565155, 2.2671350413917475, 2.2670060243362036, 2.266883501639733, 2.26673589557664, 2.2666129373077655, 2.2664841138399563, 2.26638292043637, 2.266256152564644, 2.266120201502091, 2.2660018139415317, 2.2659661759678116, 2.265780821824685, 2.265612574214609, 2.2654693972351203, 2.2653241886032953, 2.265278882959969, 2.2650781554034634, 2.2649316680737033, 2.2647960048455458, 2.2646393944055605, 2.2644388089832077, 2.264347108510824, 2.2641457084916596, 2.264039001913152, 2.2638879790265336, 2.2638133764266968, 2.2636456301069665, 2.263408041917361, 2.2633397400888624, 2.263090520333021, 2.262965718905131, 2.2629102060937476], "test_loss": [2.0141197479248047, 1.9162456344604493, 1.8594997482299804, 1.8393845199584962, 1.8246668304443359, 1.810823875427246, 1.7790388793945313, 1.7735720260620118, 1.7771426025390624, 1.776326641845703, 1.7801360290527344, 1.7754154449462891, 1.7539049163818359, 1.7704899322509766, 1.7553747024536133, 1.7625435180664062, 1.7505452346801758, 1.766700244140625, 1.7397705001831054, 1.7496842315673828, 1.7304473831176759, 1.7375971557617187, 1.7598919021606445, 1.7595751571655274, 1.7238619613647461, 1.7267025970458985, 1.7466120864868164, 1.740657192993164, 1.7364598205566406, 1.7248295608520507, 1.7452165267944335, 1.7220224624633789, 1.743100991821289, 1.7431184890747071, 1.7418864517211914, 1.7471018981933595, 1.7542026626586915, 1.7197408309936524, 1.7271804946899414, 1.745213035583496, 1.7273432052612305, 1.7344254272460937, 1.7397637542724609, 1.722691876220703, 1.7384584854125977, 1.7307057876586913, 1.7244603286743163, 1.7390360733032226, 1.7246053344726562, 1.7293655364990235, 1.7151616775512695, 1.7086116989135742, 1.7163243850708008, 1.730442970275879, 1.738653305053711, 1.7287584686279296, 1.7364007888793946, 1.7332357055664063, 1.7290976974487304, 1.7394433609008788, 1.7391892288208008, 1.730418504333496, 1.7052351791381837, 1.700367510986328, 1.7274038208007811, 1.7051563522338866, 1.693196417236328, 1.7170715499877929, 1.7194688064575194, 1.7045310165405274, 1.743466668701172, 1.7246400390625, 1.724666358947754, 1.750095310974121, 1.733880059814453, 1.731409635925293, 1.74764296875, 1.7149884124755859, 1.708339338684082, 1.7357138626098634, 1.6935234359741211, 1.7279413558959962, 1.715482551574707, 1.7216071365356445, 1.7194522689819336, 1.7233488861083985, 1.709576351928711, 1.6989722625732422, 1.6994664962768555, 1.702721745300293, 1.728667510986328, 1.7389686157226563, 1.7208956649780274, 1.722837109375, 1.7225901901245118, 1.726690756225586, 1.7017779373168946, 1.7020677169799805, 1.7346268264770508, 1.698342578125], "test_acc": [81.31, 87.89, 91.49, 92.61, 93.95, 95.05, 95.52, 95.82, 96.15, 96.44, 96.46, 96.33, 96.68, 96.71, 96.78, 96.93, 97.04, 97.28, 97.29, 97.33, 97.42, 97.47, 97.49, 97.47, 97.49, 97.62, 97.68, 97.7, 97.55, 97.66, 97.76, 97.64, 97.7, 97.8, 97.86, 97.86, 97.81, 97.84, 97.84, 97.84, 97.74, 98.0, 97.9, 97.84, 97.99, 98.04, 97.98, 97.93, 97.93, 97.92, 98.01, 97.92, 97.89, 98.01, 97.77, 98.02, 97.97, 97.92, 97.9, 97.9, 97.9, 97.95, 97.71, 97.92, 97.93, 97.91, 97.89, 97.75, 97.89, 97.82, 97.86, 97.89, 97.75, 97.7, 97.65, 97.81, 97.81, 97.87, 97.7, 97.52, 97.83, 97.87, 97.73, 97.84, 97.89, 97.68, 97.73, 97.84, 97.61, 97.65, 97.28, 97.37, 97.31, 97.11, 97.36, 97.48, 97.16, 97.25, 96.93, 97.31]}