{"train_loss": [1.9972874242016392, 1.8725106086995866, 1.8511534891067407, 1.8401751592118516, 1.831507967832761, 1.8250976304213207, 1.8195708455183568, 1.814041758194948, 1.8097489415070949, 1.8045712826598403, 1.7999808609995067, 1.7950765495626335, 1.7905572698666499, 1.7849097346138751, 1.7795480410767417, 1.7746068096568441, 1.768201285957271, 1.76226001060926, 1.7555506677709074, 1.748908849608185, 1.7405807643364637, 1.7315131005568383, 1.7216838234000735, 1.7102766441993225, 1.6992549496328728, 1.6863129172060225, 1.6736397643884022, 1.6587681653153183, 1.6420239564190564, 1.625630504045731, 1.6052277989876576, 1.584736497993143, 1.5633034530358436, 1.540378287816659, 1.5161257001579318, 1.4902049669852624, 1.4651641713248358, 1.434690755401921, 1.4037624378489633, 1.3755974400247264, 1.3438533259253216, 1.3133136380431998, 1.283438740632473, 1.2509004254626412, 1.2236655581201243, 1.188763240718434, 1.1574763737173162, 1.1307637851971846, 1.1021600998619683, 1.0733787986712577, 1.0493829857844572, 1.0250439333100605, 1.0011170733178782, 0.9792177254318172, 0.9596783194022301, 0.9421425498703606, 0.9246122055074089, 0.9114737053457488, 0.8981825741183045, 0.8841929686629874, 0.8746374043134543, 0.8627680244608822, 0.8542546847691903, 0.8460424504218957, 0.837866646102351, 0.8311350238628876, 0.8260500363559804, 0.8192296802488148, 0.8145147703396969, 0.8091152891134604, 0.8039785986527418, 0.7997240891568681, 0.79558286911402, 0.7913484453645527, 0.787257951294255, 0.7847517938950123, 0.780252954389295, 0.7772630860662868, 0.7743040222642769, 0.7716498604187598, 0.7689670422393032, 0.7664952760832942, 0.7635826127141969, 0.7607670230233771, 0.7586451181743898, 0.7563638636189648, 0.7541594553706993, 0.7522337078793436, 0.75021578078596, 0.7479611898844059, 0.7464865136605042, 0.7441621208802248, 0.7424116037849687, 0.7408232448192743, 0.739453819190335, 0.7376168599495521, 0.7357977758615445, 0.734746380494191, 0.7327269887567586, 0.7313136096693512], "test_loss": [0.970813826751709, 0.9228587265014648, 0.8763668609619141, 0.8393042037963867, 0.8693156478881836, 0.8238420661926269, 0.7084956748962402, 0.7617646018981934, 0.7696713249206543, 0.812657878112793, 0.8120430252075196, 0.826409521484375, 0.7379623771667481, 0.7777826492309571, 0.7587101356506347, 0.6587177520751953, 0.7957911430358887, 0.8217685554504395, 0.751373567199707, 0.794571939086914, 0.751902840423584, 0.8627095100402832, 0.8246823852539062, 0.7458689186096191, 0.7824157783508301, 0.7758991241455078, 0.7979551170349121, 0.8030831726074219, 0.8049363166809081, 0.7542035675048828, 0.8074141906738281, 0.8862765335083008, 0.7903528976440429, 0.8132824333190918, 0.8056277381896972, 0.8666346252441406, 0.8884977867126465, 0.8261055778503418, 0.9385530288696289, 0.8553646034240723, 0.8414196357727051, 0.9127853904724121, 0.9562445259094239, 0.9902259307861329, 1.010043116760254, 1.0483170440673828, 1.0260352653503417, 1.0930319831848145, 0.9853884140014648, 1.0284734649658203, 1.1648635383605956, 1.0352320114135742, 1.1136251770019532, 1.092335758972168, 1.0680188117980958, 1.0557616394042968, 1.1353826210021973, 1.1198681938171386, 1.1548917411804198, 1.1122095672607422, 1.1432213661193849, 1.130624951171875, 1.1568628456115722, 1.1494177848815919, 1.135973560333252, 1.18438716506958, 1.187329175567627, 1.163873843383789, 1.2142942428588868, 1.241018120574951, 1.229609718322754, 1.2409753852844239, 1.2743827903747558, 1.2545224311828613, 1.2516024093627929, 1.2468032951354981, 1.277518849182129, 1.2686824279785156, 1.26644471282959, 1.2431826049804688, 1.2652714416503905, 1.3010828628540039, 1.2600911758422852, 1.271285302734375, 1.293018440246582, 1.267266658782959, 1.2837741119384765, 1.2627594833374023, 1.3167908462524414, 1.3060267074584961, 1.300873846435547, 1.2976190277099608, 1.310769645690918, 1.2970123413085937, 1.3040461868286133, 1.3568243759155274, 1.3174243621826172, 1.282023979949951, 1.322230307006836, 1.315937403869629], "test_acc": [93.36, 96.63, 96.52, 97.43, 97.91, 97.84, 97.98, 98.28, 98.44, 98.42, 98.31, 98.56, 98.6, 98.43, 98.61, 98.28, 98.29, 98.29, 98.12, 98.18, 97.95, 97.61, 97.51, 97.41, 95.65, 96.43, 95.96, 95.06, 93.38, 94.41, 92.74, 88.59, 90.09, 89.15, 87.1, 84.29, 82.19, 83.43, 78.92, 80.88, 80.54, 77.59, 74.62, 72.93, 70.72, 69.49, 70.16, 67.55, 71.22, 69.58, 63.71, 68.22, 65.63, 66.38, 66.73, 68.2, 64.93, 65.25, 63.84, 65.91, 64.31, 65.03, 64.05, 63.78, 63.99, 62.64, 62.82, 63.53, 62.19, 60.78, 60.94, 60.97, 59.49, 60.02, 60.86, 60.7, 59.7, 59.68, 59.74, 61.23, 59.8, 59.08, 60.17, 59.63, 59.32, 60.26, 59.02, 60.18, 58.19, 58.53, 59.1, 59.18, 58.73, 58.88, 59.23, 57.1, 58.07, 59.55, 57.99, 58.2]}