{"train_loss": [2.2219315043881407, 2.1697375687778506, 2.1589867330005026, 2.1543673225957103, 2.1515743599997625, 2.149571109531272, 2.148099001146789, 2.1470014707654967, 2.1460125843683877, 2.1451349640503907, 2.144517139491872, 2.143919864271441, 2.143458492226071, 2.142927781638936, 2.142583306528564, 2.142179447870988, 2.141833168319148, 2.1414732438886266, 2.1411892425300727, 2.1409670741130142, 2.140702051994128, 2.1404426036736903, 2.140205440358219, 2.1399649295032535, 2.1397714492602224, 2.1395503669722467, 2.139354854567438, 2.1392043935946927, 2.1390233050044785, 2.1388654082249374, 2.1387274728880987, 2.1385700942104697, 2.138390135051858, 2.13825200103287, 2.138114155867161, 2.138001431257297, 2.1379136611253786, 2.1377831738219304, 2.137657560344435, 2.1375389037988124, 2.1374322629382467, 2.13730018464928, 2.137196917819162, 2.1371297016103044, 2.137001638229077, 2.1368909962156897, 2.1368333223538523, 2.1366991609589667, 2.1366028383246856, 2.1365583151833625, 2.1364537513154183, 2.1363997673377013, 2.136331054389986, 2.136183414194319, 2.136088551619114, 2.136079840680473, 2.1359745111220922, 2.135916514783843, 2.1358015257069187, 2.1357217242575097, 2.1357038454112844, 2.1356072038666816, 2.1355681984852524, 2.1354584102956657, 2.1353813241689634, 2.1353085688036733, 2.1352544299557676, 2.1351859172185264, 2.135105022507855, 2.1350781026049557, 2.134983134065938, 2.1349068426678324, 2.134902245978005, 2.134790940162463, 2.1347664110680933, 2.1346557481676087, 2.1346054372624454, 2.1345531879327235, 2.1345240417708697, 2.13446515900457, 2.134374914515732, 2.1343729358453016, 2.1342628567646713, 2.1342173957417154, 2.1341797857203035, 2.1340882839300694, 2.1340519953996706, 2.133973789520753, 2.133928011625241, 2.1338885441804543, 2.1337992533659325, 2.133777707051008, 2.1337410654777136, 2.133700929645799, 2.133626411613236, 2.1335597405066857, 2.133467970750271, 2.133461315917154, 2.133413353536883, 2.133396619405502], "test_loss": [1.4655536071777344, 1.3317712738037109, 1.2912283081054687, 1.2824047485351562, 1.2665392913818359, 1.2712405838012695, 1.2466817337036133, 1.2366654235839845, 1.2394122848510742, 1.2359437118530274, 1.2276821395874022, 1.2441878051757813, 1.2094746810913086, 1.220238328552246, 1.2057305541992187, 1.2314933517456055, 1.2226276824951172, 1.2288285446166993, 1.2346497360229491, 1.1964994033813476, 1.2300177474975587, 1.1867144073486329, 1.2297526092529296, 1.1891426605224609, 1.1995504989624024, 1.2111905319213867, 1.236110678100586, 1.2192328720092773, 1.1890809631347656, 1.2016166458129882, 1.2436396606445312, 1.2039546920776367, 1.225530744934082, 1.1775099685668946, 1.2316886566162109, 1.1777002593994141, 1.2111666275024413, 1.2041107284545898, 1.1995055313110352, 1.1999121536254882, 1.2276309844970703, 1.1988811325073243, 1.1908856033325195, 1.1824713912963867, 1.211164665222168, 1.199975424194336, 1.1827705810546876, 1.2382891433715821, 1.1881109909057617, 1.2313863311767579, 1.183101075744629, 1.2032116806030273, 1.1923912902832032, 1.2054760772705078, 1.2131951934814453, 1.1878581008911133, 1.1886990676879883, 1.1918159362792968, 1.19465770111084, 1.1934358627319337, 1.1929014770507813, 1.1850466461181641, 1.1876104675292969, 1.214091310119629, 1.180887649536133, 1.2174398300170899, 1.2098559768676758, 1.1966933364868164, 1.220190510559082, 1.205531561279297, 1.2058419677734376, 1.1925871566772461, 1.194342561340332, 1.2105470932006837, 1.1877393844604491, 1.1839570373535155, 1.207789665222168, 1.206432650756836, 1.193588235473633, 1.2028402450561524, 1.184572511291504, 1.1692127716064453, 1.2186104995727538, 1.1862114837646485, 1.2192552947998048, 1.1996885665893555, 1.1755322509765624, 1.209291552734375, 1.1657874862670898, 1.1938875518798828, 1.2002259216308593, 1.1968405731201173, 1.1993510833740235, 1.1912871124267579, 1.192758450317383, 1.1981741119384766, 1.2194942306518555, 1.184696371459961, 1.2000251724243165, 1.18016611328125], "test_acc": [90.95, 94.91, 96.55, 97.05, 97.44, 97.62, 97.6, 97.94, 98.17, 98.21, 98.31, 98.33, 98.36, 98.47, 98.47, 98.47, 98.56, 98.66, 98.63, 98.62, 98.6, 98.71, 98.73, 98.7, 98.71, 98.82, 98.82, 98.8, 98.76, 98.79, 98.8, 98.81, 98.82, 98.8, 98.85, 98.82, 98.89, 98.84, 98.77, 98.86, 98.91, 98.86, 98.85, 98.91, 98.86, 98.89, 98.88, 98.87, 98.91, 98.9, 98.92, 98.95, 98.93, 98.9, 98.96, 98.86, 98.92, 98.96, 98.89, 98.96, 98.93, 98.92, 98.89, 98.93, 98.93, 98.99, 98.98, 98.92, 98.9, 98.93, 98.99, 98.99, 98.96, 98.96, 99.0, 98.92, 99.02, 98.96, 98.91, 98.97, 98.93, 98.98, 98.97, 98.97, 98.94, 98.97, 99.0, 98.97, 98.89, 99.01, 99.04, 98.96, 98.97, 99.0, 99.01, 98.95, 98.99, 98.98, 98.99, 98.97]}