{"train_loss": [2.2824285198480654, 2.262133199435014, 2.2553435604796452, 2.251808223561344, 2.249783742122161, 2.2481199589549985, 2.246979804120512, 2.2459914837128077, 2.2452136797782702, 2.2444173214782, 2.2436975551466656, 2.2430576325481772, 2.2424517248430824, 2.241809198489556, 2.2412926549585457, 2.2408191627926297, 2.2401038311485553, 2.239743721790803, 2.2392001600347013, 2.238717067445445, 2.2380055978766875, 2.2375725207165775, 2.2369821433328156, 2.236313171366341, 2.2358567852240343, 2.235129438404344, 2.2344787227801786, 2.233940658406315, 2.233215642790509, 2.2324882755931625, 2.2318305663573437, 2.2311520031374745, 2.2302646030727615, 2.2296243019593067, 2.2286433047718472, 2.227976479082026, 2.2269618771015067, 2.2261541124083037, 2.225190993048187, 2.2242055346823144, 2.223350817321712, 2.222208097959176, 2.2210138435037727, 2.219967956216926, 2.2186114497673817, 2.2174417534445086, 2.2163795920518727, 2.214926610645066, 2.213665202132657, 2.212132561410594, 2.2106181709175434, 2.20891499468404, 2.207636265163748, 2.2059930807504897, 2.2041882648427262, 2.202263012401059, 2.2004615802031298, 2.199086128646492, 2.197261267238193, 2.1952342523468866, 2.193281903735593, 2.190944217209123, 2.1887085982876964, 2.1865424055319567, 2.1842477545778975, 2.182178487125625, 2.1798623402913413, 2.177824733603714, 2.175108039481008, 2.1730032466415667, 2.1704252102436166, 2.1669730584845586, 2.165572096139957, 2.1620947535221395, 2.159668788441226, 2.1577013517037416, 2.1545358697573342, 2.1508966500942526, 2.1486602079155097, 2.1455147276576767, 2.142825120025211, 2.140188188634367, 2.137177882031498, 2.133445921107235, 2.1308755691234884, 2.1283818789017506, 2.125299300902929, 2.1220462806204443, 2.1191220395585413, 2.11643702046484, 2.1145120604425416, 2.110306794826801, 2.1073332184400315, 2.1039633210907636, 2.1017414127659593, 2.097828440177135, 2.095240284744491, 2.092994310407557, 2.088891217851231, 2.0866979044726772], "test_loss": [1.8389411743164064, 1.7180431716918945, 1.6705615859985352, 1.6571200546264648, 1.6150286804199219, 1.61218458404541, 1.6372002838134765, 1.5845832138061524, 1.6129972747802734, 1.5861014312744142, 1.5766398880004884, 1.57860751953125, 1.5649939086914062, 1.6064632705688477, 1.5685063369750976, 1.5302398971557618, 1.5805380966186524, 1.564092384338379, 1.5542548583984375, 1.5737997131347656, 1.5327435241699219, 1.5539952087402344, 1.5314896911621094, 1.5487566116333007, 1.5662956008911133, 1.5523841369628906, 1.5483502395629882, 1.554048826599121, 1.5407284088134765, 1.5489856994628906, 1.5668698318481444, 1.5533202407836915, 1.5833623886108399, 1.540589370727539, 1.5601675582885741, 1.5701719131469727, 1.563117514038086, 1.5289042922973632, 1.5004335250854492, 1.5496354263305665, 1.5598143920898437, 1.5433982009887695, 1.5631449478149415, 1.5452914291381836, 1.5525956802368164, 1.5837597122192384, 1.5547159744262695, 1.5928283737182618, 1.581775015258789, 1.6166956268310546, 1.5637618423461914, 1.6137833923339844, 1.5668551498413086, 1.5746008285522461, 1.5313018341064453, 1.5985257431030273, 1.5758036422729491, 1.5872937744140625, 1.5218223861694335, 1.571605389404297, 1.6616360946655273, 1.5571093139648438, 1.5506714904785157, 1.5754364944458008, 1.5536114456176757, 1.5888973007202147, 1.605446856689453, 1.5850536880493165, 1.5895570526123046, 1.5870496826171876, 1.6104035293579102, 1.5999754501342773, 1.5897088439941407, 1.5817571166992188, 1.665232746887207, 1.5467374603271484, 1.5818161270141602, 1.61127939453125, 1.6172224914550781, 1.6496991195678712, 1.5786241256713867, 1.6204615097045898, 1.586944873046875, 1.6404211532592774, 1.6975890243530274, 1.6885998992919922, 1.6535955612182618, 1.6016862503051759, 1.6635305374145508, 1.606210122680664, 1.6434854415893554, 1.6286224227905273, 1.653884602355957, 1.682286293029785, 1.6800314697265626, 1.643380239868164, 1.6687510391235352, 1.6527177047729493, 1.659178140258789, 1.6638081115722656], "test_acc": [77.41, 91.12, 92.76, 94.48, 95.25, 95.67, 96.26, 96.65, 96.71, 97.03, 97.01, 97.4, 97.67, 97.29, 97.31, 97.57, 97.62, 97.73, 97.64, 97.61, 97.77, 97.86, 97.8, 97.79, 97.57, 97.88, 97.52, 97.81, 97.9, 97.63, 97.71, 97.7, 97.26, 97.38, 97.27, 96.82, 96.87, 97.15, 97.04, 96.92, 97.03, 96.89, 96.05, 96.01, 95.38, 94.67, 95.34, 93.05, 92.3, 90.88, 92.63, 91.41, 90.68, 90.35, 90.64, 88.49, 89.09, 88.17, 90.2, 89.2, 82.23, 87.5, 86.28, 85.76, 84.32, 81.78, 81.72, 77.75, 78.33, 78.93, 78.3, 76.48, 74.87, 76.51, 69.06, 77.43, 75.93, 73.69, 70.07, 69.43, 73.24, 69.2, 71.89, 67.78, 65.23, 63.03, 64.91, 66.51, 63.15, 68.76, 60.56, 63.26, 60.93, 58.71, 59.4, 62.56, 58.18, 60.68, 57.69, 59.8]}