{"train_loss": [2.218282494280073, 2.1644177599849863, 2.153490738990979, 2.148679277835748, 2.145917906720414, 2.143822734681969, 2.1422540988677587, 2.1409646130015707, 2.140036990499904, 2.1391487157242928, 2.138355319826012, 2.1378027837500615, 2.137175689395676, 2.13668239575166, 2.1362721033585377, 2.13583361898732, 2.1354526296640053, 2.1350944694290814, 2.13473527553754, 2.134453876915141, 2.134169176602975, 2.1338079434174757, 2.1336538465613994, 2.133393809836135, 2.1330727787099333, 2.1329352432846003, 2.132649529693473, 2.1324478688403072, 2.13228044194034, 2.1320406320767527, 2.131857593344827, 2.1316820255711546, 2.1315118003095317, 2.1313258913847117, 2.1311445210733986, 2.1310489712617335, 2.1308162869551244, 2.130636981409839, 2.1305122981723557, 2.1303373391811666, 2.130196354837499, 2.130107494500967, 2.1299250808536496, 2.1298235491809683, 2.129650216326754, 2.129525401143946, 2.129366823241242, 2.129219375614427, 2.1291400362283754, 2.1290549457582655, 2.128899477995359, 2.1287740728794, 2.1286264000794826, 2.1284567148257523, 2.128424959305005, 2.1283094220691257, 2.1281413812922616, 2.128073756511395, 2.1279321144788694, 2.127802997063368, 2.1276208855148053, 2.12757240044765, 2.1275184658857493, 2.1273548867967396, 2.127267947054317, 2.127141330486689, 2.1269986527597804, 2.126834040014153, 2.126842573667184, 2.126686820617089, 2.126521327556708, 2.126478205888699, 2.126332740498404, 2.126211852599413, 2.1261166252641597, 2.1260501125938873, 2.1258720088208842, 2.125886443333748, 2.1257933276331324, 2.125603526066511, 2.1254645453559027, 2.1254438411476264, 2.125273700962719, 2.125180451788454, 2.1250787815477095, 2.1250187530476823, 2.124839147950849, 2.1247732685162473, 2.1246860954496594, 2.1246500973008637, 2.124447836325719, 2.1243882332092676, 2.1242797782278466, 2.124184117357955, 2.1240914382486262, 2.1239558142474575, 2.123842989277636, 2.123814639882145, 2.1237205949604, 2.1236388586525226], "test_loss": [1.450168849182129, 1.323118537902832, 1.2812967529296875, 1.2824803756713867, 1.2589479171752929, 1.2701259033203125, 1.2361820846557616, 1.2376801895141603, 1.2466524444580078, 1.2065868179321289, 1.2086041793823241, 1.2111743591308595, 1.2207250228881836, 1.185050587463379, 1.2212253646850586, 1.1967211196899414, 1.1864995666503906, 1.2020551177978516, 1.2061707550048828, 1.1903165115356444, 1.2030502670288086, 1.1922556274414062, 1.2369525115966797, 1.1961672622680664, 1.2234733306884766, 1.2297601623535157, 1.1768029190063476, 1.1640178939819337, 1.1967610229492187, 1.1958703918457032, 1.2132487655639648, 1.1916945663452148, 1.177970327758789, 1.1820109313964844, 1.2203475616455077, 1.1705541275024414, 1.1812209594726562, 1.1699146591186524, 1.1580903442382813, 1.1713174072265624, 1.1697647827148439, 1.2092036163330078, 1.1537374084472656, 1.169980859375, 1.218796484375, 1.1853894653320312, 1.178851187133789, 1.1941671356201171, 1.2154563568115235, 1.1759216918945312, 1.2020791137695312, 1.194635743713379, 1.173624479675293, 1.1587468200683593, 1.1825157272338866, 1.1579124862670898, 1.1773567184448241, 1.1959735626220702, 1.1879576568603516, 1.179205258178711, 1.1802017700195313, 1.169795606994629, 1.220894839477539, 1.2040927200317382, 1.1662323608398437, 1.2014286529541016, 1.1871499908447265, 1.1661830154418946, 1.196619711303711, 1.1985845611572266, 1.1876955474853517, 1.2057660720825196, 1.1753954528808594, 1.1867679244995117, 1.2012706176757812, 1.180360206604004, 1.161884324645996, 1.1958072357177734, 1.178419386291504, 1.2374465133666992, 1.2147504684448243, 1.1932305984497071, 1.1568145080566405, 1.1995245071411134, 1.2172391952514647, 1.1771656814575195, 1.228744483947754, 1.1655478149414062, 1.1659798828125, 1.1851798080444336, 1.1896434844970702, 1.1820221633911132, 1.1544267852783203, 1.1934268264770507, 1.1528038635253905, 1.2149771377563476, 1.2039032379150392, 1.1708466827392578, 1.1936887084960937, 1.2000625152587892], "test_acc": [91.08, 95.47, 96.2, 96.93, 97.49, 97.53, 97.77, 98.06, 98.05, 98.01, 98.37, 98.34, 98.38, 98.45, 98.47, 98.49, 98.59, 98.68, 98.66, 98.71, 98.65, 98.72, 98.77, 98.76, 98.82, 98.79, 98.72, 98.85, 98.79, 98.71, 98.92, 98.9, 98.86, 98.86, 98.93, 98.89, 98.91, 98.93, 98.93, 98.87, 98.94, 98.93, 98.91, 98.88, 99.03, 99.01, 98.99, 98.96, 98.97, 99.03, 99.01, 99.05, 99.06, 99.02, 99.03, 99.02, 99.08, 99.08, 99.06, 99.05, 99.04, 99.09, 99.0, 99.02, 99.02, 99.1, 99.03, 99.03, 99.01, 99.04, 99.11, 99.01, 99.12, 99.08, 99.0, 99.07, 99.06, 99.1, 99.1, 99.11, 99.07, 99.03, 99.08, 99.09, 99.17, 99.13, 99.16, 99.09, 99.06, 99.06, 99.11, 99.14, 99.13, 99.09, 99.09, 99.15, 99.14, 99.08, 99.07, 99.16]}