{"train_loss": [2.302013810373779, 2.3009899615222573, 2.300422032674154, 2.3001160794853144, 2.2999156346687903, 2.2997561886779265, 2.2995951094179072, 2.2994874939959273, 2.2993790512411003, 2.2992565209030085, 2.2991680660818377, 2.299067669444614, 2.2989929063707337, 2.298907070587843, 2.2988375048352103, 2.298770526026049, 2.2987030749647026, 2.298659452006348, 2.2985972018323393, 2.298547487992507, 2.298502031045082, 2.298470167013315, 2.2984223523710527, 2.298372003257784, 2.298331668234279, 2.2982908889778657, 2.2982404293158116, 2.298209792528397, 2.298156369955112, 2.298125438710563, 2.29807729089362, 2.2980487519859247, 2.2980162027554636, 2.2979614332190947, 2.297946035861969, 2.2978933163178272, 2.2978571663554916, 2.2978156519751263, 2.297780048643422, 2.297762754635933, 2.297709221513862, 2.2976804910561976, 2.29764626474462, 2.297596292108552, 2.2975700370266905, 2.2975252479569526, 2.2974940405951605, 2.2974492978845906, 2.2974219918251038, 2.2973728893149614, 2.2973174839957147, 2.2973069823705234, 2.2972444479282084, 2.2972209917174444, 2.2971728917879934, 2.297152551830324, 2.297084415060842, 2.2970609343968906, 2.2970190858229613, 2.2969637808636723, 2.2969273894261093, 2.296873038650578, 2.296827628571763, 2.296788379167899, 2.2967584734289055, 2.296715969713325, 2.296668384319697, 2.2966035339567394, 2.29657259150448, 2.296515797957396, 2.296450200753334, 2.2964262325539546, 2.296365606988597, 2.2963163037585397, 2.296257588598463, 2.296199032384106, 2.296141482825972, 2.296099241472717, 2.2960388359860477, 2.2959740951529937, 2.295927565321963, 2.2958663462573647, 2.2958164332259416, 2.295754434206547, 2.295683021728809, 2.295646126453693, 2.295567202262389, 2.2955078222812753, 2.2954576295665188, 2.29537418917713, 2.2953224304394846, 2.2952904456701035, 2.295193672689617, 2.2950995248607082, 2.295065088149829, 2.2950049424782777, 2.2949062285260258, 2.294859481163514, 2.2947780061990786, 2.2947207490603128], "test_loss": [2.2528620849609373, 2.205834075927734, 2.178375225830078, 2.161982699584961, 2.151323956298828, 2.1451741333007814, 2.1367176818847655, 2.129266830444336, 2.123911959838867, 2.120130853271484, 2.1137789916992187, 2.1102070037841796, 2.1088756927490233, 2.105194381713867, 2.104098956298828, 2.0966141052246092, 2.0952096710205077, 2.092603826904297, 2.087458203125, 2.087415365600586, 2.083661575317383, 2.0877100799560546, 2.0886348571777344, 2.0854274383544924, 2.083613916015625, 2.0804532196044923, 2.0855047637939452, 2.0793059204101563, 2.0802311767578123, 2.076979067993164, 2.075931475830078, 2.0706387756347655, 2.0769076293945314, 2.0768935668945314, 2.0768042083740235, 2.075214337158203, 2.070499801635742, 2.0779153686523437, 2.0684218841552733, 2.070086785888672, 2.0730013610839846, 2.071572946166992, 2.067903207397461, 2.062998568725586, 2.0645391723632813, 2.0689886138916016, 2.0630193084716795, 2.0676194305419924, 2.0666149017333986, 2.0660270233154296, 2.067342492675781, 2.0590059478759764, 2.062448211669922, 2.0636470245361327, 2.0586022827148436, 2.064505224609375, 2.063494888305664, 2.059875622558594, 2.062217791748047, 2.0616731536865234, 2.062526934814453, 2.0620919342041018, 2.056905197143555, 2.052212057495117, 2.0702616607666013, 2.0615808624267578, 2.066079766845703, 2.0618709869384766, 2.053050958251953, 2.0593337005615235, 2.05312018737793, 2.05939485168457, 2.0626908508300783, 2.058665524291992, 2.059061184692383, 2.059755480957031, 2.063821905517578, 2.05699811706543, 2.058267370605469, 2.0526977966308593, 2.06137170715332, 2.053490170288086, 2.0635024139404297, 2.0631432891845702, 2.0557260772705077, 2.0651176025390625, 2.0602310791015626, 2.0563685516357424, 2.0556875213623047, 2.055743194580078, 2.054820703125, 2.0563533264160156, 2.0547915130615233, 2.0508829193115234, 2.0644596649169924, 2.0609458740234374, 2.0568343109130858, 2.0508924530029295, 2.053577456665039, 2.0646277404785156], "test_acc": [60.84, 78.32, 81.58, 85.38, 88.07, 88.06, 88.41, 90.04, 90.88, 92.11, 91.01, 92.53, 93.17, 92.95, 93.1, 93.53, 94.11, 93.62, 94.19, 94.5, 94.54, 94.76, 95.01, 95.18, 95.33, 95.41, 94.09, 95.21, 95.35, 95.66, 94.91, 95.71, 95.62, 95.66, 95.46, 95.86, 95.88, 95.63, 95.98, 95.81, 95.93, 95.65, 95.9, 95.87, 95.88, 95.96, 95.84, 96.07, 96.19, 95.7, 95.59, 96.16, 96.06, 95.99, 95.8, 95.96, 95.34, 95.76, 95.82, 95.23, 95.73, 95.67, 94.28, 95.78, 94.73, 95.46, 95.27, 94.85, 94.3, 95.33, 95.33, 94.54, 94.87, 94.5, 95.24, 94.39, 93.95, 93.21, 93.62, 94.84, 94.34, 94.72, 94.0, 93.66, 93.7, 92.78, 93.32, 90.94, 93.57, 93.21, 92.86, 93.69, 91.66, 91.47, 91.56, 91.6, 90.94, 91.14, 90.44, 91.13]}