{"train_loss": [2.0947102522238708, 1.992787376173541, 1.9747869038683736, 1.9649920305635176, 1.9578391657425807, 1.9522096341491764, 1.9471084455139616, 1.9425639698648045, 1.938312992071494, 1.9345488981304007, 1.930651905699673, 1.9259508280163138, 1.9211969607406192, 1.916266841511441, 1.9109867154023585, 1.906228549969502, 1.9000812980354342, 1.8933585652938256, 1.8861929771737156, 1.8790082460285251, 1.870482180872534, 1.8612166439366138, 1.8505220550757189, 1.8395948053425193, 1.8264994748637207, 1.8128105896150963, 1.8000576552162824, 1.7836500057297895, 1.7650364183972025, 1.7453001284191751, 1.724316526681949, 1.702301390405394, 1.6754812916629336, 1.6507809625731573, 1.6203937698633244, 1.5909378100664189, 1.5594682708764687, 1.5244640998351269, 1.4913736436611567, 1.4536796087383206, 1.4152855615839999, 1.3802594781940818, 1.343317870146189, 1.298843213635632, 1.2637401465167346, 1.2292170705448868, 1.1887937692495494, 1.15492080967141, 1.1176668904785416, 1.0839418249252515, 1.0554663244730387, 1.022635403351906, 0.9967816999325385, 0.9685245767617837, 0.9468186884863764, 0.9247826305974243, 0.904098937399367, 0.8849568347900342, 0.8694132074841068, 0.8564421635152947, 0.8418804227541654, 0.8322371370517291, 0.8222102275770954, 0.8128984272480011, 0.8035952103698355, 0.7966300094993706, 0.7905532994076737, 0.78436310767618, 0.7781421710283328, 0.7716718341550256, 0.7671176410383649, 0.7628868344502572, 0.758410435456496, 0.7541858468554977, 0.7504043068386551, 0.7458913434519727, 0.742607967593731, 0.7394327197828864, 0.7356173068794429, 0.733442863338014, 0.7303480987365429, 0.7274208952728499, 0.7248856311934626, 0.7218689624315653, 0.7191830979198472, 0.7169710370974663, 0.7143372186483481, 0.7125668352485722, 0.710359443201978, 0.7084286587360578, 0.7066702949695098, 0.7040461775584098, 0.7024166343303827, 0.7008425280069693, 0.6986917936139636, 0.6971582860773445, 0.6952767564445479, 0.6934911471146804, 0.6922088550706195, 0.690885830256674], "test_loss": [1.0816877174377442, 1.0424376846313477, 0.9921079040527344, 0.9944365859985351, 0.9373506141662598, 0.9147732391357422, 0.9008749778747559, 0.9280514167785645, 0.9173234573364257, 0.8926316879272461, 0.9723125717163086, 0.9271076316833496, 0.9638110443115234, 0.9258784240722656, 0.9108224250793457, 1.0147512413024902, 0.9220231460571289, 0.9762475730895996, 0.8446845138549804, 0.9545975997924805, 0.961394051361084, 0.9843671463012695, 0.9337770690917969, 0.8650845176696778, 1.0041911239624024, 0.9450714065551757, 0.9827227394104003, 0.9152581924438477, 0.9076643692016602, 1.0109829605102538, 1.0148007759094237, 0.9812967460632325, 0.9863625633239747, 0.8994822387695313, 1.000284238433838, 1.0570801193237305, 1.0730661407470703, 1.0529641845703126, 1.0482917747497558, 1.0016556045532226, 1.1433242088317872, 1.1672537300109864, 1.1735077598571777, 1.1152031982421875, 1.256069207763672, 1.2110752784729004, 1.21664803314209, 1.357857632446289, 1.268751951599121, 1.2450394012451171, 1.3533314804077148, 1.3595737747192382, 1.3288798431396485, 1.3787414337158204, 1.3570378005981445, 1.3643674636840821, 1.390996681213379, 1.3763846771240233, 1.3590381118774415, 1.4651608749389649, 1.3791533187866212, 1.4497111038208008, 1.4567613525390626, 1.423176809692383, 1.5004705368041993, 1.4857454315185548, 1.5474168014526368, 1.477393293762207, 1.4679346862792968, 1.552935464477539, 1.541950276184082, 1.4962943756103515, 1.565111911010742, 1.5551056579589844, 1.536985887145996, 1.4920531951904297, 1.571091326904297, 1.5626457580566406, 1.5335525558471679, 1.5605159149169923, 1.5652628921508789, 1.6182919189453124, 1.5992272613525391, 1.5765116760253906, 1.6128391860961915, 1.6076021591186525, 1.5937346008300781, 1.617351791381836, 1.5833214935302735, 1.5909063095092772, 1.6407197570800782, 1.6484159912109375, 1.6380101150512696, 1.6420489959716797, 1.5958893432617187, 1.6310954635620116, 1.6590842315673828, 1.6811144958496094, 1.6591075286865233, 1.660975927734375], "test_acc": [93.51, 96.05, 96.87, 97.15, 97.55, 97.78, 97.64, 97.7, 97.98, 98.0, 98.15, 98.05, 98.08, 98.0, 98.07, 97.92, 97.83, 97.7, 97.13, 97.58, 97.04, 96.58, 96.19, 96.3, 91.91, 94.26, 91.27, 92.57, 91.97, 88.09, 84.03, 85.37, 83.74, 86.08, 79.81, 76.75, 74.64, 74.21, 74.66, 74.13, 67.74, 66.23, 65.43, 67.27, 61.97, 63.33, 62.81, 57.8, 60.3, 61.23, 57.47, 57.56, 58.34, 57.12, 58.04, 56.7, 56.13, 56.97, 57.54, 53.82, 56.87, 54.12, 54.14, 55.26, 52.84, 53.39, 51.16, 54.11, 54.06, 51.46, 51.78, 53.69, 50.52, 51.1, 52.15, 53.2, 51.23, 51.17, 52.58, 51.49, 51.21, 48.93, 49.93, 50.75, 49.66, 49.06, 50.36, 49.56, 50.28, 50.35, 49.22, 48.69, 48.35, 48.41, 50.47, 49.42, 47.96, 47.67, 48.41, 48.36]}