{"train_loss": [1.8063965641025803, 1.6513330029626179, 1.6306961785014877, 1.6202179201138325, 1.6133524821354792, 1.6081070627412226, 1.6039462033500018, 1.6007498232727377, 1.5976059711896455, 1.5946962227169266, 1.5919954715630946, 1.58959244713824, 1.5878160409947746, 1.5853450127646453, 1.5835666995272677, 1.5813040190782301, 1.5797818618961887, 1.5776859547337916, 1.5755674268445399, 1.5737445754373176, 1.5716278053756454, 1.5702522246756105, 1.5679746789809985, 1.566480669965092, 1.5643082368068206, 1.5625213308212085, 1.5607078317393603, 1.5584501889016893, 1.5569940018348205, 1.5547093160641499, 1.5529674434254312, 1.5507659435781658, 1.5479676731121845, 1.5459083193897183, 1.5439565181732178, 1.5418428185149136, 1.539203005978185, 1.5365642602117653, 1.5344353598407192, 1.531554779690555, 1.5288592566791763, 1.5263027851907616, 1.5237265224130745, 1.5214193068508408, 1.5181515239752257, 1.5151172476446526, 1.5122988937247512, 1.509664035250998, 1.5066701660298893, 1.5038644335208795, 1.5006238729016395, 1.4982169359667687, 1.494751118696653, 1.4915597403151357, 1.488409211492946, 1.4854369764654045, 1.4827068249384563, 1.4791869620482128, 1.4771676185803535, 1.47322745481108, 1.4699836001436934, 1.466772592220551, 1.4636016182410412, 1.4610158559094129, 1.4576104624658568, 1.455085528966708, 1.4516102574829362, 1.4482342009870415, 1.4465263378925812, 1.4422979940716019, 1.4403484420389192, 1.4373104103610046, 1.4350032729980273, 1.432407472632889, 1.429395235501803, 1.427522916569669, 1.4245841775694463, 1.4218940031834137, 1.419612657565337, 1.416788450927816, 1.415252430826171, 1.4121873131674578, 1.4096284608046215, 1.408448854063311, 1.4060895099089696, 1.4036530381084507, 1.401416252566199, 1.4001551866531372, 1.3985815066048222, 1.3954728416398041, 1.394056589430214, 1.3921381978907137, 1.3910373910370035, 1.3880661962888179, 1.386840045452118, 1.384899803206452, 1.384469997933787, 1.3830740283697078, 1.3811690705454247, 1.3796336941229992], "test_loss": [0.6852768882751464, 0.6413082946777344, 0.6651840003967285, 0.5932410076141358, 0.6110943626403809, 0.6192074424743652, 0.5876843265533447, 0.6413310989379882, 0.5998134075164795, 0.5524237712860107, 0.5525569236755371, 0.6300051887512207, 0.5788566482543945, 0.5955572784423828, 0.5588415569305419, 0.5725005531311035, 0.6033018173217773, 0.5861866886138916, 0.5710799198150635, 0.5889647338867188, 0.6060881713867188, 0.6144366096496582, 0.5948800567626953, 0.5763868457794189, 0.5843343727111816, 0.5921386535644532, 0.6141274192810059, 0.6414835113525391, 0.5793131729125977, 0.5311460334777832, 0.5714027675628662, 0.5448996139526368, 0.6202690208435059, 0.5385339088439941, 0.5977036209106446, 0.5548320697784423, 0.6025756187438965, 0.5347432865142823, 0.5960084281921386, 0.5607572818756104, 0.5701554973602295, 0.5397821685791016, 0.5125850605010986, 0.5870160163879394, 0.6291729766845703, 0.5513481571197509, 0.5658667621612549, 0.5893480728149414, 0.5941055862426757, 0.5905438659667969, 0.5470209461212158, 0.556341040802002, 0.555910652923584, 0.5466262840270996, 0.5604291351318359, 0.604153507232666, 0.6248552551269532, 0.6156473701477051, 0.5720758102416992, 0.5688055561065674, 0.5859378929138184, 0.5685606231689453, 0.6464436538696289, 0.5691115455627441, 0.5666613056182861, 0.6117223030090332, 0.605409757232666, 0.6155295097351074, 0.5670823310852051, 0.5814298927307129, 0.5568808555603028, 0.6277263320922851, 0.627125520324707, 0.6263801322937012, 0.5902015186309815, 0.5976264820098877, 0.563863671875, 0.5986595138549805, 0.6270687004089356, 0.6544861579895019, 0.6238694953918457, 0.6154729125976562, 0.5983761268615723, 0.5888200420379639, 0.6108565567016602, 0.6085440967559814, 0.5743546318054199, 0.6454886207580567, 0.6064808059692383, 0.6059728977203369, 0.6085815574645996, 0.6000145202636719, 0.6257556488037109, 0.6343137878417969, 0.6132044364929199, 0.626827456665039, 0.6394021835327148, 0.6379514739990234, 0.6181586982727051, 0.6136283752441406], "test_acc": [95.42, 97.33, 97.94, 98.13, 98.17, 98.47, 98.56, 98.68, 98.66, 98.81, 98.81, 98.8, 98.95, 98.82, 98.93, 98.88, 98.97, 98.88, 98.94, 98.93, 99.0, 98.96, 98.89, 98.78, 98.85, 98.95, 98.89, 98.92, 98.93, 98.94, 98.93, 98.93, 98.97, 98.94, 98.99, 99.01, 98.88, 98.8, 98.8, 98.96, 98.86, 98.89, 98.9, 98.85, 98.8, 98.78, 98.82, 98.56, 98.43, 98.64, 98.66, 98.68, 98.51, 98.46, 98.37, 98.11, 96.99, 98.22, 98.2, 98.13, 97.93, 98.21, 97.7, 97.98, 97.77, 97.77, 97.5, 96.69, 97.49, 97.27, 97.64, 97.03, 97.12, 96.41, 97.26, 96.57, 97.6, 96.56, 96.89, 95.86, 96.24, 96.52, 96.66, 96.86, 96.5, 96.54, 97.01, 95.86, 96.4, 96.2, 95.7, 96.34, 95.86, 96.06, 96.07, 95.99, 95.82, 95.61, 96.0, 96.12]}