{"train_loss": [2.3026305926151767, 2.302551852332221, 2.3025194971989364, 2.3025008470584183, 2.3024835240127692, 2.302470549558982, 2.302460209936158, 2.3024516645659747, 2.302442513469957, 2.302434489258334, 2.30242924252127, 2.302422397157066, 2.302415841155582, 2.302410537870521, 2.3024052147172456, 2.302398220086709, 2.3023943855212283, 2.302389660452166, 2.3023863057804923, 2.3023807941338954, 2.302375880571512, 2.3023731922492003, 2.302366771759131, 2.302362497545715, 2.302359867809165, 2.302355591557984, 2.302350148685977, 2.3023469356390147, 2.3023423241753864, 2.3023406939628797, 2.30233720327035, 2.302332222971142, 2.302328697127155, 2.302325925256452, 2.3023215771740317, 2.3023182306534204, 2.3023130980312314, 2.3023092634657507, 2.3023050733101673, 2.3023041491834526, 2.3023001755404677, 2.3022959807999115, 2.3022913515058336, 2.3022893050796966, 2.3022849916392922, 2.3022823262418437, 2.3022783184662843, 2.3022760799807362, 2.3022725296835613, 2.3022684465106735, 2.302266835147499, 2.3022616918270407, 2.302257543955094, 2.302254889255915, 2.3022539366004815, 2.3022485360121117, 2.3022465456245294, 2.3022420829177923, 2.3022384480533438, 2.3022335747368317, 2.3022300183263598, 2.30222864028735, 2.302224435357966, 2.3022201453518663, 2.3022180383022013, 2.302214440626976, 2.3022110003691454, 2.3022054413444977, 2.302202825362866, 2.3021992322726126, 2.30219555614341, 2.3021943635410733, 2.3021875329506702, 2.3021838191228037, 2.3021810767997026, 2.302179097619831, 2.3021749176530757, 2.302172626185621, 2.302166573002807, 2.3021634475797668, 2.302159069949745, 2.3021530402012362, 2.3021534360372105, 2.3021462366112275, 2.3021428788829055, 2.302140800871401, 2.3021362118231945, 2.302131517830058, 2.3021277805678864, 2.3021252517007356, 2.3021203034963365, 2.30211669104731, 2.302114273747827, 2.302108505852202, 2.3021061929882083, 2.302099560061072, 2.302092924586728, 2.3020920458002987, 2.302086421057709, 2.3020842131386456], "test_loss": [2.2900938873291015, 2.285156979370117, 2.281317807006836, 2.2785252075195315, 2.276318194580078, 2.2742981079101563, 2.272645538330078, 2.271260595703125, 2.269773406982422, 2.2686139251708983, 2.267453860473633, 2.266587628173828, 2.266037371826172, 2.26502587890625, 2.264369500732422, 2.2636143920898437, 2.26314587097168, 2.2626581115722657, 2.2620381774902345, 2.261424838256836, 2.2609889556884766, 2.260437057495117, 2.2602080017089845, 2.259756399536133, 2.2591839782714844, 2.2589148651123048, 2.2583997924804686, 2.257721063232422, 2.257685516357422, 2.257169775390625, 2.2569178802490235, 2.256169583129883, 2.2563578033447267, 2.256239471435547, 2.255427276611328, 2.2555194732666015, 2.255157717895508, 2.2546130187988283, 2.254268994140625, 2.254217236328125, 2.2535035095214844, 2.2538472595214842, 2.2532613983154297, 2.2530663818359375, 2.253159326171875, 2.252848745727539, 2.2524243927001955, 2.2521357025146482, 2.2521793212890624, 2.2518655792236326, 2.2515608673095704, 2.2513257232666017, 2.2512599304199217, 2.2507497833251953, 2.250651791381836, 2.250625811767578, 2.2503171173095704, 2.2498672760009764, 2.2498611999511717, 2.2498056762695313, 2.249588049316406, 2.249750927734375, 2.2490245666503905, 2.2491744720458984, 2.2489267944335936, 2.2489214599609375, 2.2486468505859376, 2.2481579040527344, 2.2482477172851563, 2.247518209838867, 2.2476592956542967, 2.2479343017578124, 2.2475749755859376, 2.2469612426757815, 2.247240979003906, 2.2473912078857423, 2.2465164459228517, 2.246662463378906, 2.246681008911133, 2.2464006256103515, 2.246411666870117, 2.2461036529541016, 2.2454147277832033, 2.2456327056884766, 2.245228903198242, 2.2459060607910155, 2.2453077239990233, 2.2448349670410157, 2.2450652404785156, 2.2450484985351564, 2.2447095458984374, 2.244511120605469, 2.244713525390625, 2.2446724609375, 2.244229965209961, 2.2444415740966797, 2.243852169799805, 2.2444232666015624, 2.2440433959960937, 2.2443600128173826], "test_acc": [33.05, 43.75, 51.75, 60.32, 65.89, 66.08, 73.08, 70.82, 73.15, 73.87, 77.19, 74.99, 80.57, 80.19, 78.87, 80.61, 79.65, 80.26, 83.07, 82.17, 83.79, 85.17, 83.61, 83.9, 84.18, 84.62, 82.96, 84.79, 85.42, 85.17, 85.16, 84.3, 83.53, 82.54, 87.41, 85.35, 87.51, 85.41, 87.0, 86.86, 86.19, 86.74, 87.23, 88.32, 85.79, 88.38, 87.11, 88.01, 88.23, 87.31, 87.57, 86.86, 87.26, 88.2, 88.17, 88.15, 87.05, 87.4, 87.67, 88.2, 87.54, 87.51, 88.76, 85.82, 88.38, 88.02, 87.07, 87.64, 86.83, 87.18, 87.34, 87.15, 87.16, 87.45, 88.31, 88.1, 88.27, 88.41, 88.5, 86.59, 88.45, 87.34, 87.82, 87.98, 86.79, 87.38, 87.76, 88.13, 87.65, 88.49, 87.92, 85.93, 86.33, 87.05, 87.77, 86.31, 87.23, 85.94, 86.13, 86.72]}