{"train_loss": [2.2301590610773134, 2.182040038781288, 2.1716435831836147, 2.167135244760758, 2.1644053841248536, 2.162515753864223, 2.161123233473199, 2.1599776179362564, 2.1590991763987093, 2.1583483484056263, 2.157634127853263, 2.157115579670311, 2.1566446994104957, 2.1561512325564003, 2.155754421001826, 2.155404965082804, 2.1550125571397634, 2.1547016323122206, 2.1544354700634623, 2.1541595846159844, 2.1538513822433276, 2.15361509567652, 2.1533474759158926, 2.153133025026729, 2.152945022807162, 2.1527052333212304, 2.152536797727275, 2.1523438289634185, 2.1521982056462865, 2.1520372888980766, 2.1518583440373087, 2.1516330420461474, 2.1515581597629776, 2.1513867454651074, 2.1512339782511067, 2.1511385349126964, 2.150953768664955, 2.1508039073047476, 2.1506926666977058, 2.150522431756696, 2.1504773441542926, 2.150345124750056, 2.1502135936011615, 2.1500900708712063, 2.1500198876755867, 2.1498608125580683, 2.149723265415583, 2.149684108220614, 2.149567828219161, 2.149515760760022, 2.149347880966643, 2.149229370121263, 2.149174381015647, 2.1490532867928858, 2.1490169004497366, 2.1488822443872437, 2.1488443623241196, 2.1486982942646384, 2.1486174571208463, 2.1484983497195773, 2.148449232435634, 2.148315513235891, 2.1482675778560147, 2.1481994507659197, 2.1481115160844264, 2.147997109299032, 2.1479194689000773, 2.1478564601678114, 2.1477427446944084, 2.1477266071189165, 2.147598374603141, 2.1475049995968485, 2.1474304280729375, 2.1473377290953937, 2.147268801672846, 2.147109478457361, 2.1471115483178034, 2.1469550122562637, 2.1469114871106596, 2.146818048424191, 2.146755225638039, 2.1467048097879458, 2.146614886756636, 2.1465694099409967, 2.1464929789559455, 2.146499682185996, 2.146333191639338, 2.1462408161570883, 2.146185155607696, 2.1461445103343735, 2.1460418477017655, 2.145985879959204, 2.1459122931855354, 2.145808616764525, 2.145784901248084, 2.145688193476098, 2.1455278834726057, 2.1455547218648796, 2.1454702707437368, 2.1454568912840295], "test_loss": [1.5124082977294921, 1.3875861755371093, 1.3307177551269531, 1.3261320388793945, 1.2942927017211914, 1.2904523086547852, 1.270362013244629, 1.2853792083740234, 1.277487142944336, 1.2550328018188477, 1.27347509765625, 1.2478490951538086, 1.2751481018066406, 1.2712740280151367, 1.2691183807373048, 1.2613969253540038, 1.2456155334472656, 1.2666145767211914, 1.218877308654785, 1.2574743591308595, 1.239412077331543, 1.2419161682128905, 1.2432410736083985, 1.22548271484375, 1.273713427734375, 1.2558324844360351, 1.2432179244995116, 1.2792876571655274, 1.2485074905395508, 1.2354981384277344, 1.2602095764160157, 1.2375421768188477, 1.2364723052978515, 1.222998745727539, 1.2479256362915039, 1.2306156707763671, 1.2573031127929688, 1.2231104934692383, 1.2202441345214843, 1.2613326431274414, 1.277080012512207, 1.2463533645629883, 1.2464136474609375, 1.212522981262207, 1.228352052307129, 1.2071619613647462, 1.2398856826782227, 1.2264940963745117, 1.2305884475708009, 1.2159948669433593, 1.2194010223388672, 1.2315381652832031, 1.233242724609375, 1.2596945587158204, 1.2509198501586913, 1.277185888671875, 1.246159083557129, 1.2297674560546874, 1.2151398162841798, 1.2279281494140626, 1.2475815139770507, 1.2199288558959962, 1.2188723251342772, 1.217684228515625, 1.2264486083984374, 1.1985804595947265, 1.2118098922729492, 1.1985554794311524, 1.2202781463623047, 1.2290535263061524, 1.2487344192504883, 1.2386298873901367, 1.2678744522094727, 1.24978809967041, 1.2326387100219727, 1.2313178512573242, 1.225529084777832, 1.2034238632202148, 1.2376353225708008, 1.2366181137084962, 1.2308906311035157, 1.2144862777709962, 1.2115855026245117, 1.2578321685791016, 1.2339531494140625, 1.2360749252319336, 1.2399461883544922, 1.2478763092041016, 1.2261483520507812, 1.2289061141967774, 1.2174987854003907, 1.2358750213623046, 1.23563611907959, 1.2344491012573242, 1.2311600341796876, 1.2106258056640624, 1.2403879516601561, 1.2417329818725586, 1.221723518371582, 1.246988624572754], "test_acc": [90.0, 95.15, 96.14, 96.92, 97.16, 97.57, 97.74, 97.94, 98.01, 98.16, 98.25, 98.26, 98.35, 98.39, 98.42, 98.5, 98.54, 98.61, 98.52, 98.61, 98.65, 98.63, 98.64, 98.54, 98.73, 98.73, 98.7, 98.72, 98.66, 98.74, 98.75, 98.77, 98.7, 98.7, 98.83, 98.74, 98.82, 98.84, 98.83, 98.78, 98.83, 98.85, 98.85, 98.84, 98.88, 98.84, 98.9, 98.83, 98.83, 98.88, 98.97, 98.92, 98.9, 98.93, 98.87, 98.9, 98.89, 98.91, 98.92, 98.91, 98.94, 98.94, 98.9, 98.92, 98.94, 98.95, 98.88, 98.91, 98.99, 99.02, 98.94, 98.95, 98.91, 98.96, 99.0, 98.98, 98.99, 98.94, 99.01, 99.06, 98.94, 98.99, 99.02, 98.98, 99.02, 98.97, 98.97, 98.94, 99.01, 98.99, 99.01, 99.03, 99.01, 99.05, 98.99, 99.06, 99.0, 99.05, 99.0, 99.01]}