{"train_loss": [2.197396620725974, 2.1305984671299276, 2.116319059052019, 2.10753938759494, 2.1028767808889732, 2.0989781172357054, 2.0950121665612245, 2.0915295435832095, 2.0886019330758314, 2.0853146258582416, 2.0826542779930635, 2.0795738885545325, 2.076662555973754, 2.0730196507568035, 2.069860109151938, 2.066064977238321, 2.0615949786116934, 2.0579753612351213, 2.053584692060438, 2.047788290386526, 2.042582496109172, 2.0369845272129417, 2.0302466923355036, 2.023459440877295, 2.015127557974595, 2.0067449018486543, 1.997589586636959, 1.9863076077567206, 1.9763366040001569, 1.9642821843298073, 1.950033550333773, 1.9358684382377527, 1.9209050658421638, 1.9034783183000026, 1.8838214909928477, 1.8643835304129837, 1.843198417343645, 1.8215525888989115, 1.7963934003287911, 1.7714249484049969, 1.743118399228805, 1.7183459360375364, 1.6890846475576744, 1.6598932513823876, 1.6304661909229734, 1.5996524640637586, 1.5697044399049547, 1.539935272728276, 1.5110362189957218, 1.4815475224939167, 1.4531658694275424, 1.4273958802223206, 1.3981527380454235, 1.3709851167140863, 1.3473220551625276, 1.320127143819108, 1.2985495288147886, 1.2771093990558233, 1.2574365821659055, 1.2391201061570747, 1.2190606917580988, 1.2048101071109119, 1.1890542407830555, 1.1770257483690212, 1.164231822022006, 1.1513558165130453, 1.140279420165934, 1.131354622097097, 1.1213552253878014, 1.1131468244597442, 1.1052764529346402, 1.0977265320272527, 1.0911444445960543, 1.08508002350473, 1.0781560344064338, 1.0730862747400234, 1.0685439980947053, 1.0636678399183812, 1.0587654484388156, 1.053876572057732, 1.0501968431421833, 1.045778103109099, 1.0433456951226943, 1.0389843496501956, 1.0364427370393379, 1.0329093992964835, 1.029591902326315, 1.0271162900150332, 1.0242734126046174, 1.0216678833095436, 1.0186426908287227, 1.016450331124485, 1.0139067826362758, 1.0115448655481012, 1.0096401804023318, 1.0075889450107884, 1.0051894027453203, 1.0033202516472237, 1.0007949587371614, 0.999543558838021], "test_loss": [1.359788247680664, 1.247972274017334, 1.2800987823486327, 1.2463570068359375, 1.181032088470459, 1.1945339965820312, 1.193658528137207, 1.1924124282836914, 1.1652922760009765, 1.1849160308837892, 1.1252837608337403, 1.1763568252563477, 1.129671794128418, 1.1533105834960937, 1.0536834831237794, 1.1270588821411134, 1.0836799560546875, 1.082472942352295, 1.067508219909668, 1.0800862060546874, 1.2214678009033204, 1.0961838844299316, 1.1329918670654298, 1.1717788452148437, 1.1219713012695312, 1.118056756591797, 1.1050456314086914, 1.2014768264770508, 1.1635813446044923, 1.197715786743164, 1.2093455139160156, 1.2122969268798829, 1.2026071990966798, 1.234387026977539, 1.1700142120361328, 1.2498404022216796, 1.118481101989746, 1.1909288528442383, 1.3151970855712891, 1.2144577758789064, 1.301891194152832, 1.314939973449707, 1.2958052062988281, 1.288263508605957, 1.4090061965942382, 1.3606281967163085, 1.4175677307128907, 1.4468690002441407, 1.4561639434814453, 1.3884262252807618, 1.3977991104125977, 1.4759940994262695, 1.4808720642089843, 1.5073955291748047, 1.583421075439453, 1.5570219497680664, 1.443999430847168, 1.611187564086914, 1.5776208114624024, 1.6457511032104493, 1.6012751586914062, 1.5269959121704102, 1.595298178100586, 1.587373374938965, 1.6738002685546876, 1.601677604675293, 1.6691813613891602, 1.6898844863891602, 1.714821173095703, 1.6590382141113282, 1.7126927139282226, 1.6871888778686523, 1.7033998016357421, 1.7207006942749024, 1.708339178466797, 1.7087810409545898, 1.741280485534668, 1.7497250289916992, 1.751830094909668, 1.7263484588623046, 1.7743861877441407, 1.7388753387451172, 1.800570361328125, 1.789541148376465, 1.778281625366211, 1.8311214050292968, 1.8006529037475585, 1.7851109130859375, 1.7564189178466796, 1.7706699020385743, 1.7643738647460938, 1.8092912368774414, 1.8253710342407226, 1.82997333984375, 1.8420319793701172, 1.8600277923583985, 1.8603694213867188, 1.830890234375, 1.8577942260742188, 1.875707861328125], "test_acc": [88.94, 94.63, 95.85, 95.81, 97.17, 96.97, 96.86, 97.63, 97.36, 97.89, 97.79, 97.95, 97.87, 98.04, 97.69, 98.19, 97.94, 97.7, 97.62, 97.51, 97.1, 96.4, 96.36, 94.63, 95.57, 94.34, 93.62, 89.85, 92.57, 89.8, 83.33, 85.33, 82.47, 81.85, 82.33, 74.18, 81.14, 75.85, 68.89, 71.67, 65.76, 65.61, 66.07, 64.06, 57.61, 59.07, 56.44, 55.74, 54.89, 56.4, 57.5, 52.05, 52.36, 51.27, 47.73, 50.06, 53.28, 46.66, 48.76, 47.04, 48.62, 50.9, 48.02, 47.6, 45.59, 47.94, 45.78, 45.07, 44.29, 45.99, 43.73, 44.52, 45.11, 43.54, 44.42, 44.58, 43.79, 43.4, 42.2, 43.67, 42.08, 44.01, 41.5, 41.87, 42.23, 40.11, 42.58, 41.4, 43.13, 43.07, 43.18, 41.76, 41.04, 40.38, 40.33, 40.13, 40.07, 40.84, 39.97, 39.41]}