{"train_loss": [2.227062504006247, 2.1754757981015067, 2.1638423484614773, 2.158530494086763, 2.1552591807821875, 2.152771131095723, 2.150532418846065, 2.148769556457161, 2.147244501317668, 2.1459177350386596, 2.1447259202981606, 2.1431878224397316, 2.1421451701058283, 2.1408960941510324, 2.1398945282667112, 2.1388467056119542, 2.137567991374904, 2.1365191931398506, 2.135507552032797, 2.134075581517994, 2.1329816309814777, 2.131751886290363, 2.130568627618317, 2.1291397030536947, 2.127885322794955, 2.126273184760004, 2.1252347455065475, 2.123587352088374, 2.121777445332617, 2.120440181503948, 2.118623896032317, 2.1171605576816788, 2.1152166398162517, 2.113350350123185, 2.1116540651036124, 2.1094479456416564, 2.1073064151992145, 2.105238803431519, 2.1028203785928907, 2.100242691162305, 2.098043180174298, 2.0954004602554517, 2.092317980578822, 2.089413861943106, 2.0862820828572297, 2.0833426790359693, 2.080701345561916, 2.076992001798418, 2.0743006103568606, 2.0703137883773217, 2.0668662470630093, 2.063071664581951, 2.0590422474420986, 2.0549891237010303, 2.0506975289083953, 2.0467473034165864, 2.0425059876890264, 2.0385341741080976, 2.0338504136118116, 2.029839493525334, 2.0252408721508126, 2.020801096645176, 2.0151784965115733, 2.010458534344649, 2.0053898320238814, 2.0009372774352374, 1.996261901070929, 1.9910156097677019, 1.986433945150457, 1.9803542617039802, 1.9762567258798158, 1.9711718026898866, 1.9659593915328002, 1.960348003440433, 1.9554380433172243, 1.9510619974034464, 1.9472441915263476, 1.941239671065257, 1.9367614918284946, 1.933299709843774, 1.9278561062792428, 1.9232101394579961, 1.9182261200542123, 1.9136785533693101, 1.9094344672993717, 1.9055717475393898, 1.9004467346219935, 1.8966725017779913, 1.8924696644147236, 1.8880753939987247, 1.8845615009976249, 1.8813359936078389, 1.8765529422169058, 1.873820095235466, 1.8700358493205829, 1.865994047660094, 1.8638284147804618, 1.8598616630093665, 1.8558278707866995, 1.8537427933297606], "test_loss": [1.514844891357422, 1.3797687881469727, 1.3546260803222656, 1.3100313415527345, 1.2795222534179687, 1.2646607635498046, 1.2762412536621093, 1.2641723770141602, 1.2768678237915039, 1.219773323059082, 1.2832736145019532, 1.3058445373535157, 1.2968049713134766, 1.2598210876464844, 1.2883149932861329, 1.1969740432739258, 1.238579591369629, 1.216566079711914, 1.243414306640625, 1.234015106201172, 1.2163654876708985, 1.2158958633422852, 1.2225913375854491, 1.1770904342651367, 1.1686037841796875, 1.2082889801025392, 1.2646820220947266, 1.277755450439453, 1.2596668518066407, 1.2582864730834962, 1.2243937805175782, 1.2344204467773439, 1.261960350036621, 1.2612504486083984, 1.279731430053711, 1.2403862243652344, 1.255800747680664, 1.2247512405395509, 1.2615689590454102, 1.221629800415039, 1.1947302139282228, 1.2631102935791017, 1.2551188171386718, 1.2366683685302735, 1.254488801574707, 1.2237138031005859, 1.2811065811157227, 1.3247755264282226, 1.277544630432129, 1.2168371810913086, 1.233851072692871, 1.2685063827514649, 1.2644119094848634, 1.2791453536987305, 1.284559683227539, 1.2219736923217774, 1.3135355728149414, 1.2657280136108398, 1.3298966018676759, 1.2873420486450196, 1.2838191452026366, 1.2922237197875976, 1.2682910842895507, 1.3138193466186523, 1.2236704391479492, 1.271089109802246, 1.3322192077636719, 1.3425114929199218, 1.2537989273071288, 1.2784431991577148, 1.3100203079223633, 1.3050790939331054, 1.270802182006836, 1.3036988815307617, 1.4006232482910157, 1.3612955627441405, 1.291623175048828, 1.3638761596679687, 1.2880840744018556, 1.3689130798339844, 1.3553484008789063, 1.3651727478027345, 1.3420423202514649, 1.3462973678588868, 1.3812882766723633, 1.3404092071533202, 1.3914405990600587, 1.3109456008911133, 1.347370832824707, 1.365435333251953, 1.3736030181884766, 1.4076784988403321, 1.3901796646118163, 1.356012629699707, 1.4386025405883789, 1.391586245727539, 1.3802721130371094, 1.4076497467041016, 1.497472576904297, 1.4712143844604493], "test_acc": [89.88, 94.45, 95.81, 96.33, 96.79, 97.19, 97.33, 97.63, 97.4, 97.94, 98.08, 98.11, 98.08, 98.12, 97.93, 98.13, 98.28, 98.19, 98.06, 98.04, 98.32, 98.13, 98.09, 98.19, 98.1, 98.12, 98.1, 97.9, 98.06, 98.13, 97.52, 97.84, 97.68, 97.01, 97.57, 97.44, 97.2, 97.09, 97.2, 96.6, 95.9, 95.95, 95.07, 95.54, 95.34, 95.32, 94.16, 92.24, 93.56, 93.75, 93.06, 91.76, 91.71, 91.21, 89.92, 90.0, 86.13, 89.68, 85.03, 87.02, 86.59, 84.94, 85.76, 82.71, 85.96, 82.93, 79.13, 77.18, 80.89, 79.89, 78.68, 77.69, 78.55, 76.94, 70.02, 73.1, 76.97, 72.69, 76.69, 72.43, 72.79, 71.3, 71.6, 72.51, 69.93, 71.82, 68.57, 72.8, 71.52, 69.48, 69.63, 67.5, 68.79, 69.83, 64.26, 67.88, 66.85, 66.04, 61.51, 62.08]}