{"train_loss": [2.255397228094248, 2.2137133876482644, 2.201668275727166, 2.195885497280675, 2.191903793404245, 2.1887830852443337, 2.1859974703218183, 2.1834196336249, 2.1810938629329715, 2.178998896199414, 2.1767087772361235, 2.1737646705065017, 2.171291556623247, 2.1685610372796016, 2.165906074719551, 2.1629236009385853, 2.159404436747233, 2.155882430382264, 2.1523621128155637, 2.1481947588105488, 2.1426387103194866, 2.138389136546697, 2.1330570769615664, 2.1271875182278137, 2.1205188662577896, 2.113392439662901, 2.1047688027222953, 2.096113870795975, 2.0856072548617663, 2.075569684943582, 2.064388243561117, 2.051438996170321, 2.0371984398772573, 2.020893175632526, 2.0037957462999554, 1.9859467441709633, 1.9685874548223283, 1.9465980081476717, 1.9259647406064546, 1.899797367489236, 1.8760644803699265, 1.8498251405027177, 1.8222197449614859, 1.7937722748670824, 1.764102707306544, 1.7349012840507376, 1.7035117908420725, 1.6717866165006263, 1.64259012005268, 1.6102583174012666, 1.5799691626149366, 1.5485840358285823, 1.5226190148765206, 1.4912599205461323, 1.4609743458592994, 1.4360841708814995, 1.4092159505583282, 1.385070333114037, 1.3601080403368697, 1.3374174474141536, 1.3164009566490467, 1.2989524951857379, 1.2787159556507046, 1.2617541304510882, 1.2464320690203936, 1.2312247437289638, 1.2177737752596538, 1.2033402244759421, 1.1923937244802458, 1.1821821242825599, 1.1717855329187508, 1.1635471210520492, 1.153999167884517, 1.1447806465320098, 1.1393208526648009, 1.1323225773297823, 1.1254820984143477, 1.1196137406887152, 1.1152583915963132, 1.109828170038696, 1.1040853195720248, 1.0997109792680821, 1.095231237065079, 1.0917170610692766, 1.087877536431337, 1.0835744229137387, 1.0804409473879724, 1.0766353388117929, 1.07402299841245, 1.0704949391193879, 1.067642733327344, 1.0649973487752116, 1.0625235069001842, 1.0596541655369294, 1.0572030302296338, 1.0551972457995782, 1.0524114754974332, 1.050481863765635, 1.0476368668242397, 1.045566479365031], "test_loss": [1.6610034378051757, 1.480529914855957, 1.4619265869140625, 1.453554165649414, 1.4005945175170897, 1.375320457458496, 1.3673831985473632, 1.3984100997924804, 1.3846384506225586, 1.3878796203613282, 1.3322359130859376, 1.359435968017578, 1.360716310119629, 1.3843038803100587, 1.38998779296875, 1.3515047485351563, 1.3578103149414062, 1.2999926025390625, 1.3431491622924805, 1.3453236892700196, 1.3950469543457031, 1.2764874481201172, 1.336299954223633, 1.3791331970214844, 1.3518835708618164, 1.354220101928711, 1.3633738037109375, 1.4281590545654297, 1.3945677780151366, 1.3876167373657227, 1.4041608520507813, 1.4145617294311523, 1.359303582763672, 1.360620066833496, 1.3866181182861328, 1.4629386489868164, 1.424137112426758, 1.4074458435058594, 1.4217960708618165, 1.502345866394043, 1.5438028945922853, 1.5131054397583008, 1.4955773971557618, 1.5863499221801758, 1.6468459045410155, 1.6202878662109375, 1.6720753707885743, 1.5850369644165039, 1.6823545211791993, 1.7605519958496094, 1.773424934387207, 1.662925993347168, 1.7738354782104493, 1.8521022369384765, 1.8184637588500976, 1.8020124633789063, 1.895058659362793, 1.92245830078125, 1.862226988220215, 1.9380054428100586, 1.9661680145263671, 1.9388561965942384, 1.909140495300293, 2.021717610168457, 1.9788774475097657, 1.9662354110717772, 1.9672161849975587, 2.0703209396362303, 1.9686072952270508, 1.97452393951416, 1.9569814483642578, 2.0074203125, 2.030703189086914, 2.124620343017578, 2.106339128112793, 2.0978135147094727, 2.0934474945068358, 2.0565008743286133, 2.035811227416992, 2.123715647888184, 2.1911486236572264, 2.122418183898926, 2.103803677368164, 2.140140007019043, 2.2077250228881837, 2.095249139404297, 2.1903989395141603, 2.1360801712036133, 2.137701927185059, 2.156449980163574, 2.173648323059082, 2.1742246963500977, 2.2124782455444336, 2.1599413421630858, 2.192980258178711, 2.2136275405883787, 2.1491268753051758, 2.1907940368652343, 2.220231996154785, 2.1688625579833984], "test_acc": [87.26, 92.42, 94.36, 95.45, 95.73, 96.32, 96.96, 96.95, 96.89, 97.0, 96.89, 96.8, 97.34, 96.99, 96.1, 97.16, 96.48, 96.32, 96.19, 96.41, 94.52, 95.61, 94.31, 93.57, 92.88, 91.85, 90.44, 83.69, 83.69, 82.27, 82.02, 78.6, 79.83, 78.31, 73.22, 66.81, 69.76, 69.41, 66.66, 62.59, 56.65, 57.93, 56.67, 51.06, 48.69, 49.33, 47.08, 50.96, 46.68, 42.87, 43.58, 46.55, 42.56, 40.25, 40.84, 41.4, 39.11, 37.13, 39.79, 36.8, 37.58, 37.49, 39.45, 34.64, 37.01, 37.1, 37.73, 34.07, 37.07, 37.06, 38.18, 36.86, 35.88, 32.63, 33.48, 33.37, 34.29, 35.28, 36.47, 32.43, 31.13, 33.29, 33.79, 32.32, 31.81, 34.3, 31.28, 33.24, 33.53, 32.35, 32.14, 31.98, 31.32, 32.85, 31.36, 31.29, 33.42, 31.73, 31.3, 32.41]}