{"train_loss": [2.2881254645494313, 2.2727068188862924, 2.267648022908431, 2.2646606809053664, 2.2628790848275537, 2.261734584967295, 2.2608353852206826, 2.2601460992780504, 2.259569116637238, 2.2590893445870814, 2.258682401261778, 2.2582253141280932, 2.2578712941234946, 2.2575050892992916, 2.2572402791080313, 2.256956305259313, 2.256658505170773, 2.2563481081245294, 2.256123196365487, 2.2558953762054443, 2.2556361968700704, 2.2554291043526087, 2.255153042638404, 2.254905525435749, 2.254693756246159, 2.2544635269376965, 2.2543146141573915, 2.254076830851726, 2.2538190647068186, 2.2536134174746327, 2.253414479076353, 2.253249266718188, 2.252947579591702, 2.2527709720481157, 2.2524814335708943, 2.252262784375085, 2.252066892436427, 2.2518755732438502, 2.2516055366931815, 2.2514124273234963, 2.251169003991999, 2.2508742513819637, 2.25072591427045, 2.250426391760508, 2.2501368436039004, 2.249936033008445, 2.249695511964651, 2.249351654806708, 2.249067854168069, 2.2488806960929155, 2.2485791475344925, 2.2483233065686674, 2.2480391416794214, 2.2477585316723228, 2.247492569634038, 2.2471904795393987, 2.2468641446186948, 2.2465364841314464, 2.2462450510416274, 2.2458404924115563, 2.2455170623257628, 2.245150928823357, 2.244865990602053, 2.2445252955469313, 2.2441861945339756, 2.2438090530216184, 2.2434204689457884, 2.2429846489531364, 2.2428311792194333, 2.2424149334940138, 2.241842087007995, 2.241522290258326, 2.241226048551054, 2.2406111038648167, 2.2403794144972777, 2.239850076345297, 2.239541355870728, 2.239032571641808, 2.2386545212859783, 2.2382128080751142, 2.2377974905519404, 2.237262867964231, 2.2368090234251103, 2.2364019364373298, 2.2357721155525274, 2.235635466555245, 2.2349889115390615, 2.2345989198766203, 2.233912895887326, 2.2334311675821614, 2.233094001427675, 2.2323838131040588, 2.231972891041356, 2.2313466729261937, 2.2308906943370133, 2.230341257702591, 2.2298531919463067, 2.2291643217078643, 2.2286359514945593, 2.2281782224647], "test_loss": [1.9093421340942383, 1.8148447937011718, 1.766848014831543, 1.726253498840332, 1.7071975418090821, 1.6827520874023438, 1.6727179550170899, 1.6786439376831055, 1.6681901748657226, 1.6538895172119141, 1.6694842514038086, 1.6558104721069336, 1.6826280334472656, 1.653746206665039, 1.6454775802612305, 1.6700343627929688, 1.6333513473510741, 1.635826678466797, 1.6274231521606446, 1.6430843948364258, 1.6416311920166016, 1.6590137985229492, 1.6313333694458008, 1.6181742721557617, 1.6549641204833985, 1.6353355453491212, 1.637281756591797, 1.6167516693115234, 1.6091630950927733, 1.639215690612793, 1.6448351699829102, 1.6181576782226563, 1.6123008178710938, 1.616209378051758, 1.6092098663330079, 1.6165327102661133, 1.6297304580688476, 1.6206433517456054, 1.632825276184082, 1.6090153213500977, 1.6260482727050782, 1.646023844909668, 1.6380076339721679, 1.6088000930786133, 1.6490299423217774, 1.6205894912719727, 1.617518942260742, 1.6345790756225587, 1.6118230560302735, 1.6033056838989257, 1.6255002334594726, 1.6446463623046874, 1.6442456298828125, 1.6111608871459961, 1.6173481521606445, 1.625925863647461, 1.6382018692016602, 1.6357690353393555, 1.6007655563354493, 1.6352932235717774, 1.6100551040649413, 1.648392478942871, 1.6104868637084961, 1.6263896591186524, 1.6288952392578124, 1.6188596405029296, 1.6346225128173828, 1.6202279724121094, 1.6240953674316407, 1.613308856201172, 1.6489162078857422, 1.6032345169067383, 1.6257107437133789, 1.5947152587890625, 1.6352564483642578, 1.5991612594604492, 1.634853256225586, 1.6072890441894532, 1.627382243347168, 1.5997067153930664, 1.6098135360717774, 1.6039264083862306, 1.6535184814453125, 1.6035670745849608, 1.6212651245117187, 1.638059294128418, 1.6243272689819337, 1.6339543884277343, 1.5862075393676758, 1.5924908325195313, 1.6552271697998047, 1.6516464065551757, 1.6114596725463868, 1.6308325622558595, 1.5960750045776366, 1.6193113021850587, 1.6394797836303712, 1.6547781646728517, 1.6639318222045898, 1.6348349533081055], "test_acc": [83.02, 90.19, 92.56, 93.85, 95.31, 95.93, 96.07, 96.5, 96.71, 97.03, 97.2, 96.94, 97.35, 97.58, 97.45, 97.54, 97.37, 97.44, 97.59, 97.8, 97.67, 97.87, 97.97, 97.77, 97.84, 97.97, 97.69, 97.9, 97.9, 97.99, 97.9, 97.95, 97.87, 97.84, 98.02, 98.06, 98.02, 97.81, 97.94, 98.03, 97.94, 97.96, 98.05, 97.94, 97.93, 97.96, 97.88, 97.6, 97.94, 97.94, 97.78, 97.85, 97.87, 97.69, 97.6, 97.75, 97.52, 97.61, 97.44, 97.53, 97.55, 97.39, 97.51, 97.27, 97.41, 97.32, 96.94, 96.81, 97.07, 96.89, 96.54, 96.22, 96.71, 96.42, 95.83, 96.57, 95.94, 95.79, 94.85, 95.91, 95.6, 95.37, 94.67, 95.58, 95.64, 94.44, 93.71, 94.49, 93.19, 95.28, 93.78, 93.11, 93.36, 93.33, 92.98, 91.91, 92.78, 91.49, 90.05, 91.71]}