{"train_loss": [2.300576130549113, 2.297118788600987, 2.2958147627675634, 2.2951040390210276, 2.294567271684989, 2.294138227772509, 2.2938000498673854, 2.2935381460393596, 2.293339349775233, 2.293176913872743, 2.2930467495551476, 2.292942398124271, 2.292855162905832, 2.2927733017848086, 2.2927066072439537, 2.292639662567367, 2.292581993799943, 2.2925309049777494, 2.29248126093139, 2.2924374525363627, 2.2923965392968593, 2.2923608131897755, 2.292324203201848, 2.2922905107848663, 2.2922579691960263, 2.2922326530146804, 2.2922054310130258, 2.2921736540957394, 2.292153039549151, 2.2921243452618265, 2.292102452526745, 2.2920820091524696, 2.292053968987913, 2.2920354676042867, 2.2920200641338644, 2.2919997012513313, 2.2919821178811226, 2.2919624901225424, 2.2919480326848154, 2.2919288175737758, 2.2919138420341363, 2.291898647434691, 2.29188363878136, 2.2918724896561384, 2.291857566588964, 2.2918384650833588, 2.291829256929903, 2.2918157419587812, 2.2918034847984967, 2.2917938894695706, 2.2917826053423758, 2.2917716798619328, 2.29175682964488, 2.291745530743884, 2.291734189559252, 2.29172528299511, 2.2917140594914427, 2.291706736271198, 2.291699335615859, 2.2916889435205703, 2.291673788657555, 2.2916670604648752, 2.291656675501766, 2.2916452803163447, 2.2916414049955516, 2.2916327490765824, 2.2916218786158113, 2.291613876310169, 2.2916053019018254, 2.291600417887044, 2.2915926753965197, 2.291582924178523, 2.2915785786433096, 2.291568503420577, 2.291561326919458, 2.291555281378265, 2.291544045648004, 2.291540914111667, 2.291533992331252, 2.2915249522934613, 2.2915192745689654, 2.2915120603691816, 2.2915040962716455, 2.2914997563402877, 2.2914927581436615, 2.291483499046065, 2.2914802452437897, 2.2914732495943704, 2.2914702530600066, 2.291465621218722, 2.291455783905127, 2.2914509161924705, 2.2914443000769005, 2.2914404456432047, 2.2914348499387756, 2.291425640766437, 2.2914250452294307, 2.2914197098495612, 2.2914145349437356, 2.2914085958757973], "test_loss": [2.1896249084472656, 2.098186572265625, 2.065700212097168, 2.043132537841797, 2.0263413787841795, 2.0133172119140625, 2.001291032409668, 1.9928365585327148, 1.9863846084594727, 1.980629522705078, 1.9758727920532226, 1.9744648559570313, 1.9676133270263672, 1.9662373565673827, 1.9659555633544923, 1.9625968811035157, 1.9620680526733398, 1.9586614852905273, 1.956266355895996, 1.9580136306762694, 1.9542666427612305, 1.9511202499389648, 1.952402214050293, 1.9518502182006836, 1.951271647644043, 1.9489681518554687, 1.9523968963623046, 1.94870205078125, 1.9455753372192384, 1.9455047897338866, 1.9450838882446289, 1.945218101501465, 1.9473937271118165, 1.942307878112793, 1.9424798965454102, 1.941815037536621, 1.9426311447143554, 1.9415823013305664, 1.942079573059082, 1.9426429138183594, 1.9389561157226562, 1.937962907409668, 1.9339474426269532, 1.938475408935547, 1.9404989898681642, 1.932418031311035, 1.9407276580810546, 1.9377947677612304, 1.9410037857055664, 1.938131105041504, 1.9351748947143554, 1.9311139617919921, 1.9357611923217772, 1.9339674224853516, 1.9307050765991212, 1.9326295516967773, 1.9355211837768556, 1.9346020751953126, 1.9311845260620117, 1.9326705810546876, 1.9354071762084961, 1.9286871871948241, 1.9318368835449218, 1.9332494216918945, 1.9328916458129883, 1.9321266479492187, 1.930133952331543, 1.9335859161376954, 1.9341675979614257, 1.9318405563354493, 1.9291068923950194, 1.9328446151733398, 1.9348150863647462, 1.9342043853759765, 1.9272834930419922, 1.9324048980712891, 1.9292388229370117, 1.9282639373779298, 1.9320647583007813, 1.9297900436401367, 1.9251176666259766, 1.9296919525146485, 1.9277732467651367, 1.9298059371948242, 1.9310755111694335, 1.929650619506836, 1.9253516143798828, 1.9298144485473632, 1.9266861389160157, 1.9286159698486327, 1.924258656311035, 1.926237516784668, 1.9277135787963868, 1.9245090057373047, 1.9270721954345704, 1.9241866073608398, 1.9305951339721679, 1.9255436981201173, 1.9255573760986329, 1.92186192779541], "test_acc": [74.43, 83.94, 87.15, 89.89, 91.46, 92.65, 93.46, 94.08, 94.5, 94.95, 95.48, 95.67, 95.82, 95.85, 96.22, 96.2, 96.46, 96.43, 96.62, 96.77, 96.74, 96.84, 96.82, 96.72, 97.1, 97.11, 97.27, 97.3, 97.22, 97.2, 97.38, 97.48, 97.52, 97.49, 97.5, 97.62, 97.54, 97.65, 97.61, 97.74, 97.69, 97.74, 97.72, 97.81, 97.88, 97.77, 97.81, 97.84, 97.93, 97.85, 97.93, 97.84, 98.03, 97.99, 97.98, 98.02, 98.02, 98.01, 97.93, 98.03, 98.07, 98.06, 97.98, 97.99, 98.14, 98.04, 98.08, 98.2, 98.2, 98.18, 98.21, 98.24, 98.15, 98.3, 98.2, 98.21, 98.28, 98.1, 98.16, 98.24, 98.27, 98.26, 98.29, 98.34, 98.17, 98.28, 98.26, 98.4, 98.29, 98.38, 98.28, 98.38, 98.31, 98.34, 98.41, 98.45, 98.39, 98.37, 98.33, 98.37]}