{"train_loss": [1.9824230118185027, 1.861849017887034, 1.8443906406561534, 1.83523953317577, 1.8293282081428757, 1.825391955100573, 1.8216008164434352, 1.8183050830649514, 1.816000319698937, 1.813426440088158, 1.8115696830627246, 1.8095535348113785, 1.8077725706956325, 1.8059965514729166, 1.8042086153967767, 1.8029005710895245, 1.8011271788014307, 1.7992553670182188, 1.798312853034745, 1.7965520161848803, 1.7950913200521061, 1.7936946940727723, 1.7918452551731696, 1.790373277460408, 1.7883382633201077, 1.7873013419473274, 1.7852958764275935, 1.7838082076647344, 1.7821694444387386, 1.7808255813060663, 1.7786571796123798, 1.7769088969271407, 1.7750065841226497, 1.7736909055811727, 1.7714133866322346, 1.7695811551350813, 1.7674505091630495, 1.7653421415732458, 1.763537877645248, 1.760806759707948, 1.7596555749575298, 1.7570492113247895, 1.7549144612927723, 1.7519086925392477, 1.7494516976368732, 1.7468947882835681, 1.7452848395730696, 1.7423329215783339, 1.7399256117323525, 1.7367105731087873, 1.7347379161251917, 1.7316710230631707, 1.728350783005739, 1.72630175948143, 1.723151342991071, 1.720431595786005, 1.717166669603087, 1.7140846746599572, 1.7111163664067912, 1.7081742230643573, 1.7049935108576066, 1.7019446176341457, 1.6997680582551875, 1.6960412605195982, 1.6930401768439856, 1.690303271397566, 1.6866156461401882, 1.6834640322077987, 1.6807905573111315, 1.6782881492732937, 1.6750764260944138, 1.6711336832780104, 1.6688827668499744, 1.6654874697709694, 1.6623569576658754, 1.6599370842306023, 1.6574029318797283, 1.654499497423824, 1.6516150414434254, 1.6482165483837454, 1.645516937869227, 1.6439608442477691, 1.6405143337881463, 1.6385292438869803, 1.6359520712469378, 1.6336686218905652, 1.631083902894941, 1.6290155970133269, 1.6266730274909582, 1.6250238838868263, 1.6214541466827066, 1.6196593237228882, 1.617437769459863, 1.6155125850286238, 1.613011724419064, 1.61121590830322, 1.6102267766100729, 1.6075668989593148, 1.60566388669177, 1.6040510639675662], "test_loss": [0.958072721862793, 0.8402950202941895, 0.7790862533569336, 0.7820218368530274, 0.8301176513671875, 0.7876984024047852, 0.7944732498168945, 0.8005152877807618, 0.8078377151489258, 0.7363865364074706, 0.7426244049072266, 0.7517847450256347, 0.7405335227966309, 0.7294610916137695, 0.7685485893249512, 0.7203876861572266, 0.7679624732971191, 0.7485686332702637, 0.7959552848815918, 0.7794358573913575, 0.7557708602905273, 0.7085007835388184, 0.7965111480712891, 0.7201649009704589, 0.7230755157470703, 0.7476215019226075, 0.7257422653198242, 0.7529358970642089, 0.7525609001159668, 0.7624342407226562, 0.7786622856140136, 0.7270886093139648, 0.7985171585083007, 0.7613574043273926, 0.768028231048584, 0.7455444496154785, 0.7336599975585938, 0.7156699966430664, 0.7138445846557617, 0.7522419891357421, 0.7112221878051758, 0.7458522499084472, 0.7388836853027344, 0.6940242729187012, 0.7662410690307617, 0.7689498054504394, 0.7431832458496094, 0.8184580390930176, 0.7568333282470703, 0.7165112365722657, 0.6742645950317383, 0.7908140975952148, 0.8333214645385743, 0.7714640655517578, 0.7793828788757324, 0.7695198196411133, 0.7424863327026368, 0.726711824798584, 0.7253874992370606, 0.7714437538146973, 0.7335483406066895, 0.8108180427551269, 0.8149106887817383, 0.7283436874389648, 0.7710654586791992, 0.777624526977539, 0.7511491630554199, 0.7838696479797364, 0.7972134399414063, 0.7431066146850586, 0.8097777267456054, 0.7641982383728028, 0.7975133903503417, 0.7962646682739258, 0.7909070152282714, 0.7869027679443359, 0.788131413269043, 0.7559298522949218, 0.7476410675048828, 0.8303934387207031, 0.7695385665893555, 0.7849298782348633, 0.8441310768127441, 0.8296990524291992, 0.7524814620971679, 0.8015914985656738, 0.7899057830810546, 0.7698744323730469, 0.8593693618774414, 0.8112258193969727, 0.7574236602783203, 0.806848403930664, 0.7580674209594727, 0.8518584732055664, 0.7885058883666992, 0.8208475769042969, 0.8108270736694336, 0.8066941520690918, 0.7918734313964844, 0.7905216697692871], "test_acc": [94.31, 97.0, 97.55, 97.61, 97.93, 98.28, 98.4, 98.36, 98.48, 98.59, 98.5, 98.75, 98.7, 98.77, 98.71, 98.77, 98.76, 98.86, 98.83, 98.85, 98.89, 98.86, 98.73, 98.93, 98.87, 98.82, 98.68, 98.75, 98.72, 98.81, 98.63, 98.77, 98.83, 98.88, 98.63, 98.8, 98.71, 98.95, 98.7, 98.69, 98.79, 98.69, 98.79, 98.63, 98.72, 98.48, 98.51, 98.25, 98.4, 98.6, 98.58, 98.12, 97.83, 98.12, 98.11, 98.08, 97.83, 98.09, 97.94, 97.6, 97.73, 96.62, 96.7, 97.57, 97.02, 96.51, 97.23, 96.77, 96.99, 96.19, 95.61, 96.27, 95.42, 95.29, 95.51, 94.94, 95.97, 95.66, 95.69, 94.07, 95.36, 94.85, 93.65, 94.45, 95.02, 94.34, 94.66, 94.8, 93.13, 94.36, 95.11, 94.31, 95.1, 92.71, 94.16, 93.38, 93.06, 93.8, 93.83, 93.79]}