{"train_loss": [1.2986935131315491, 1.0733531038475852, 1.0463185385506377, 1.0306211501105218, 1.0206549205841162, 1.0132394913170073, 1.0069691636878202, 1.0010131913372593, 0.9962053953582405, 0.9918076203674333, 0.9869142503310473, 0.983298435043066, 0.9794181421017035, 0.9749721754819919, 0.9711284794104404, 0.967600892114843, 0.9631112695504458, 0.9593813716091661, 0.9557425261307986, 0.9512511465029839, 0.9469118527112863, 0.9420966997615292, 0.9376171181599299, 0.9330145943368602, 0.9282932104463251, 0.9228965662992917, 0.9175763288114824, 0.9119623507189955, 0.9066958761113322, 0.9005957792202631, 0.8949434278357742, 0.8878852146812993, 0.8816791344911624, 0.8751647311907548, 0.8679577701876307, 0.8617157146462009, 0.8545281208223767, 0.8473319351418406, 0.839788925061878, 0.8324007427590525, 0.8259791435084791, 0.818219447747255, 0.8105388556280707, 0.8045152123921957, 0.7975264945600786, 0.7910985494526024, 0.7831801011776313, 0.7779604062820092, 0.7711308403657033, 0.765770761630474, 0.7586347810987734, 0.7529305511305475, 0.7480269271848549, 0.7424182642219413, 0.7382735215191149, 0.7336466104811074, 0.7285385562313927, 0.7235754877328873, 0.7204481644762887, 0.7160388832418327, 0.7129570839242039, 0.7089407017343065, 0.7059777738192142, 0.7031972214706943, 0.699508136536321, 0.6973008094435065, 0.6940643502096845, 0.6914673842426039, 0.689032863220598, 0.6869565982085007, 0.6848622510830561, 0.6824594473736918, 0.6800555672146317, 0.6784708142025858, 0.6767742549761747, 0.6744524589461139, 0.6729909608252028, 0.6716716345558819, 0.6700080388631576, 0.6682981266679927, 0.6671848364620128, 0.6656105021635691, 0.664649295883301, 0.66340670397139, 0.6618527803156111, 0.6613271739493068, 0.659747405948802, 0.6583026257845072, 0.6574578680034376, 0.6565276579214976, 0.6555657724284718, 0.6544648380870492, 0.6536287614422985, 0.6525602809384338, 0.6518207416575179, 0.65103126081646, 0.6502050121879985, 0.6494216894746846, 0.6483947712386775, 0.6479073686477466], "test_loss": [0.426965647315979, 0.33188995571136476, 0.3052791627883911, 0.34014789505004883, 0.29686128997802735, 0.2843777814865112, 0.26655977840423584, 0.2961903926849365, 0.28770834312438964, 0.2597171850204468, 0.3106802791595459, 0.24867981624603272, 0.3018625350952148, 0.30522855682373046, 0.30372020797729493, 0.25774917945861814, 0.2779767768859863, 0.31425377082824707, 0.22334156341552736, 0.30105131282806397, 0.24910564861297607, 0.2651272104263306, 0.26596957836151125, 0.2505718618392944, 0.3325806251525879, 0.28091943016052245, 0.2864189256668091, 0.32521708488464357, 0.2738690282821655, 0.2680861572265625, 0.28214020519256594, 0.2860135908126831, 0.27270239505767824, 0.25947839946746826, 0.26136306037902834, 0.2874796506881714, 0.32119336242675783, 0.2625513608932495, 0.2490063886642456, 0.30748514194488524, 0.3241875270843506, 0.32101704635620115, 0.30586107177734373, 0.23223712787628173, 0.26481629219055175, 0.25838219661712647, 0.2882247552871704, 0.28298972301483155, 0.2572624620437622, 0.2507521629333496, 0.27400768184661867, 0.295138800239563, 0.2933270225524902, 0.2954575998306274, 0.308466375541687, 0.3022005392074585, 0.29364709548950196, 0.28739467639923094, 0.2749849069595337, 0.29323033599853515, 0.2960352777481079, 0.2772149251937866, 0.2805755615234375, 0.27215488986968994, 0.2988685306549072, 0.25570192432403566, 0.268016392326355, 0.2811920093536377, 0.3042633434295654, 0.30186506309509276, 0.28874292430877685, 0.304935426902771, 0.3253220375061035, 0.32474937286376954, 0.2955391366958618, 0.3042293529510498, 0.2985485912322998, 0.27920298328399656, 0.2978852010726929, 0.2904553970336914, 0.2940849271774292, 0.30129260559082033, 0.3056999435424805, 0.31288276424407957, 0.30416414623260496, 0.3181338088989258, 0.2935925952911377, 0.31948798084259034, 0.2956928995132446, 0.3213106075286865, 0.29766695289611816, 0.30575559253692625, 0.3102140474319458, 0.31958453941345216, 0.3105528600692749, 0.29394218978881836, 0.3139990367889404, 0.3070828525543213, 0.3181035772323608, 0.30944782485961914], "test_acc": [96.68, 97.88, 98.26, 98.49, 98.48, 98.68, 98.77, 98.83, 98.88, 98.78, 98.89, 98.83, 98.89, 98.8, 98.94, 98.97, 98.89, 98.93, 98.92, 98.92, 98.83, 98.85, 98.84, 98.94, 98.79, 98.82, 98.84, 98.72, 98.79, 98.73, 98.55, 98.48, 98.55, 98.55, 98.51, 98.23, 97.89, 98.34, 98.39, 97.83, 97.78, 97.57, 97.46, 98.11, 98.04, 97.96, 97.8, 97.73, 97.71, 97.85, 97.7, 97.43, 97.2, 97.02, 96.9, 96.95, 97.06, 97.15, 97.17, 96.99, 96.69, 97.01, 96.9, 96.93, 96.91, 97.43, 97.14, 96.84, 96.81, 96.68, 96.82, 96.8, 96.75, 96.46, 96.77, 96.43, 96.87, 96.91, 96.73, 96.97, 96.61, 96.73, 96.64, 96.52, 96.59, 96.41, 96.78, 96.43, 96.69, 96.34, 96.8, 96.54, 96.52, 96.2, 96.56, 96.67, 96.63, 96.78, 96.45, 96.49]}