{"train_loss": [2.3020811167537656, 2.301190132768745, 2.3006726207896175, 2.3004071661549754, 2.300233756375109, 2.3001010346616435, 2.299987225451021, 2.2998899547462788, 2.2998044001750455, 2.299728088399284, 2.299661559936328, 2.2996036048628326, 2.299548189864199, 2.299503624948681, 2.2994632634342227, 2.2994272489833016, 2.299396947917775, 2.299368556748089, 2.2993443241486182, 2.29931953523913, 2.2992995906079936, 2.2992817749325027, 2.299264035673223, 2.299247004537501, 2.2992342012560267, 2.2992201921267386, 2.299206682250031, 2.2991943201448164, 2.299183305002685, 2.299171251109523, 2.2991631876709113, 2.299152239265605, 2.2991433209843106, 2.2991334148961253, 2.299125724368625, 2.2991153796513877, 2.2991074985928006, 2.2991002889779897, 2.2990935037278724, 2.2990835507710776, 2.2990796856391125, 2.2990725060813446, 2.2990657676998367, 2.299058605463077, 2.29905122365707, 2.2990480681769867, 2.2990401667407436, 2.299034755963546, 2.2990283257940893, 2.299022986338689, 2.2990189383172583, 2.2990139014700537, 2.2990083888045745, 2.299005043302846, 2.2989991159520597, 2.2989935212665134, 2.298988872104221, 2.2989860329872522, 2.29897987180286, 2.2989773526150956, 2.298972102311941, 2.298968121027335, 2.298962579323695, 2.2989601477598534, 2.298955886791914, 2.298952674254393, 2.298948014903272, 2.298944554777227, 2.2989414339391594, 2.298938822033059, 2.2989325762813926, 2.2989284029373755, 2.2989260712240496, 2.2989238103230796, 2.2989179013121843, 2.2989176527047768, 2.2989146434343777, 2.298913113072387, 2.29890660648672, 2.298903324155726, 2.298901728585235, 2.2988965017163854, 2.2988962505617714, 2.298893471558889, 2.2988899345071907, 2.2988861442631126, 2.2988834065249844, 2.298880123684549, 2.2988785347367964, 2.2988739288770237, 2.298872372533521, 2.298871752033886, 2.2988671130604215, 2.2988659021181936, 2.2988617435479775, 2.2988613064472494, 2.298857865170536, 2.298854874749469, 2.298851762062464, 2.2988490869856286], "test_loss": [2.2562200408935547, 2.2123874420166016, 2.184576400756836, 2.169213754272461, 2.1595248596191405, 2.1514972381591795, 2.1449265167236327, 2.1394529296875, 2.1342685668945314, 2.129051724243164, 2.1246188537597654, 2.121034829711914, 2.1179604705810546, 2.1144792236328125, 2.11212568359375, 2.1101293823242186, 2.1077836395263674, 2.10484208984375, 2.1035158447265623, 2.1018067108154295, 2.100574526977539, 2.1005578033447265, 2.098409017944336, 2.097001736450195, 2.0972264709472657, 2.0972872375488283, 2.094753775024414, 2.092131140136719, 2.093553271484375, 2.0932185485839843, 2.0919844787597657, 2.091360882568359, 2.0889956451416016, 2.091234945678711, 2.089322494506836, 2.0897670501708983, 2.089033108520508, 2.0875788177490233, 2.0858371887207032, 2.0887002685546876, 2.0864647705078125, 2.0876014892578123, 2.087254067993164, 2.0851189819335936, 2.0869281982421874, 2.0848986083984373, 2.0849836700439455, 2.0860860321044923, 2.0840066314697268, 2.084995947265625, 2.0829377044677733, 2.0842832275390624, 2.0855850189208986, 2.0829333374023435, 2.084575827026367, 2.0830645111083985, 2.08358957824707, 2.0836017608642576, 2.081801119995117, 2.0813093994140623, 2.0809313385009767, 2.081143441772461, 2.0806780944824217, 2.0799626739501953, 2.0804940979003907, 2.0812704833984377, 2.080015560913086, 2.0810381408691407, 2.079664651489258, 2.0793235107421877, 2.078444543457031, 2.080201803588867, 2.0788920776367186, 2.078767385864258, 2.0787151763916016, 2.0809327178955077, 2.0796839111328125, 2.079534939575195, 2.079372198486328, 2.0780776428222656, 2.077468460083008, 2.0790002685546876, 2.0772430541992186, 2.0778711608886717, 2.0784851623535157, 2.0779845520019533, 2.076567041015625, 2.075215121459961, 2.077632485961914, 2.0751154815673827, 2.075425744628906, 2.0753653778076173, 2.075893276977539, 2.0766893676757814, 2.0754259307861327, 2.075157702636719, 2.076636553955078, 2.075651025390625, 2.074938912963867, 2.077338037109375], "test_acc": [64.48, 78.24, 83.11, 86.44, 87.97, 88.86, 89.81, 90.81, 91.35, 91.91, 92.67, 93.15, 93.53, 93.89, 94.01, 94.34, 94.59, 94.71, 94.84, 94.93, 95.46, 95.34, 95.51, 95.51, 95.64, 95.82, 95.87, 95.89, 96.06, 96.03, 96.12, 96.27, 96.33, 96.27, 96.39, 96.45, 96.41, 96.54, 96.58, 96.71, 96.72, 96.69, 96.62, 96.81, 96.74, 96.79, 96.77, 96.98, 96.83, 97.01, 96.9, 96.9, 97.01, 97.16, 97.13, 97.09, 97.1, 97.15, 97.13, 97.24, 97.24, 97.25, 97.28, 97.24, 97.34, 97.31, 97.29, 97.42, 97.26, 97.32, 97.47, 97.47, 97.48, 97.45, 97.39, 97.58, 97.46, 97.5, 97.48, 97.52, 97.63, 97.68, 97.54, 97.65, 97.6, 97.67, 97.68, 97.7, 97.74, 97.7, 97.67, 97.73, 97.66, 97.78, 97.76, 97.76, 97.81, 97.68, 97.68, 97.76]}