{"train_loss": [2.059656977144062, 1.9540108900803785, 1.937321218669924, 1.9283397009230068, 1.9224723389006069, 1.9182686316661346, 1.9146227915572305, 1.9115248625604515, 1.9090713473976169, 1.906288514025191, 1.9039319249299855, 1.9017758005195193, 1.8994440920332558, 1.8975219594107733, 1.8952783728257203, 1.8933753931624258, 1.8911660499552376, 1.8894434219751604, 1.8869300693528266, 1.8852837579882042, 1.8825331549359183, 1.880538667114372, 1.8779283690656352, 1.8757063585978289, 1.8730543869682865, 1.870817480943142, 1.8679644531673856, 1.8651046340282147, 1.8616174258228042, 1.8588493196373312, 1.856094534835245, 1.8517954909903371, 1.849439769728571, 1.8457092428818727, 1.8413145544691982, 1.837183151489649, 1.83370712501371, 1.8291844025126889, 1.8248045571848877, 1.8200599097798014, 1.8152308257726522, 1.8103931930839505, 1.805793452466655, 1.8001418383712442, 1.7941045753466778, 1.7894517715670104, 1.782947865052101, 1.7766384546063905, 1.7710606842978387, 1.7644990682601929, 1.7577451416569898, 1.7520232139489589, 1.7459914872788975, 1.738505094479292, 1.7320817408398685, 1.7241504003858974, 1.718184074275514, 1.7111636512299888, 1.7037388226415358, 1.6975516004440112, 1.691392200624841, 1.6841642387911804, 1.6774521633091135, 1.6712859351920266, 1.6644997359850469, 1.6583419085567832, 1.6512909979901762, 1.6462612768523714, 1.6398943818023062, 1.6337758019948616, 1.6272498190912426, 1.6212912260467172, 1.6149287447970138, 1.6106879614357255, 1.6046864718962939, 1.5989631814324958, 1.5937034571782136, 1.5896741735120106, 1.5833363321601834, 1.5790888470971687, 1.5742535828015742, 1.5704043841260111, 1.5668701870828612, 1.5620555187392438, 1.558604571554396, 1.5533927034618509, 1.5509402937868721, 1.5475781799381614, 1.5429691162883725, 1.5395226399613242, 1.5378971693352756, 1.5323378290885534, 1.5306318937203822, 1.5276155094815116, 1.525136238234675, 1.5214491305697677, 1.519182841747235, 1.5166100398597555, 1.5137241648303137, 1.511869766518601], "test_loss": [1.0528830474853517, 0.9385240112304688, 0.9360205589294434, 0.9136473197937012, 0.9504687171936035, 0.8473810539245605, 0.8884868362426758, 0.8848771675109863, 0.834272853088379, 0.8650417358398438, 0.8786379150390625, 0.8415576026916504, 0.8601817207336426, 0.8278687637329102, 0.8058198951721192, 0.8144011772155761, 0.876447947692871, 0.863242301940918, 0.8574571418762207, 0.8678639190673828, 0.8865763626098633, 0.8552499824523926, 0.8463214546203613, 0.8089784088134766, 0.8686929527282715, 0.8157686622619629, 0.8577520858764649, 0.8033775718688965, 0.8697252433776855, 0.8265654472351074, 0.8968655151367187, 0.77643212890625, 0.8327461875915527, 0.8479260009765625, 0.8388299278259277, 0.877037003326416, 0.8618895378112793, 0.8326418792724609, 0.8374026275634766, 0.8570445938110351, 0.8648377624511718, 0.8650076980590821, 0.8207273727416993, 0.8378998100280761, 0.9172036781311035, 0.8768892280578613, 0.8205470260620117, 0.8800048164367675, 0.8521073860168457, 0.8270216217041015, 0.8564155731201172, 0.9364070655822754, 0.9657767723083496, 0.8696631561279297, 0.8965312431335449, 0.8678631240844726, 0.9222196510314942, 0.9471268371582031, 0.8467915351867675, 0.8760611793518066, 0.832180394744873, 0.9468782722473145, 0.9198767837524414, 0.9053856544494628, 0.9272748298645019, 0.9481713172912598, 0.9390134773254395, 0.875130354309082, 0.9413626747131347, 0.9476530075073242, 0.9174479934692383, 0.9464939216613769, 0.9168020782470703, 0.9520934494018555, 0.9525274398803711, 0.987373291015625, 0.9498284614562988, 0.9915376106262207, 0.9975559158325196, 0.945454948425293, 0.9591953018188476, 0.9426012901306152, 0.9653668724060058, 0.9789993148803711, 1.0085917846679688, 0.962441529083252, 0.998545475769043, 0.986533757019043, 0.9297022300720215, 1.0029291900634765, 0.9502877304077149, 0.9486456077575683, 1.0052155014038087, 1.0510924964904784, 0.9925273704528809, 1.0617912567138672, 1.0003519729614259, 1.026869010925293, 0.9641406196594239, 1.0117170570373535], "test_acc": [92.06, 96.62, 97.26, 97.67, 97.96, 98.03, 98.26, 98.37, 98.47, 98.6, 98.55, 98.47, 98.54, 98.6, 98.52, 98.5, 98.62, 98.62, 98.53, 98.59, 98.6, 98.57, 98.69, 98.6, 98.67, 98.56, 98.44, 98.47, 98.38, 98.41, 98.47, 98.32, 98.22, 98.31, 98.27, 97.94, 97.89, 97.89, 97.83, 97.54, 96.94, 96.13, 97.38, 97.05, 94.98, 95.82, 96.3, 94.4, 94.94, 95.8, 94.41, 92.25, 91.05, 94.08, 91.3, 93.62, 90.85, 88.12, 92.42, 91.54, 91.59, 86.11, 89.67, 88.68, 88.42, 85.74, 86.67, 88.61, 85.67, 86.27, 86.64, 84.36, 86.59, 84.87, 84.83, 82.52, 84.11, 81.09, 81.05, 83.22, 82.89, 83.33, 81.41, 81.5, 80.56, 81.62, 80.56, 81.0, 83.49, 79.74, 81.86, 82.38, 80.26, 77.5, 79.75, 77.09, 79.77, 78.55, 81.15, 79.69]}