{"train_loss": [2.2439333429703345, 2.19898284602369, 2.187435221977723, 2.182623544309893, 2.1793836299170795, 2.1766789275356846, 2.1746699397380533, 2.172943718922444, 2.1713007591728473, 2.169810178952339, 2.1684607048319955, 2.1673844966114078, 2.1658829547401166, 2.164528129956661, 2.1631217481743574, 2.162145106201498, 2.160736806372292, 2.159440200552981, 2.157968092168498, 2.1569334304230843, 2.1554103019909983, 2.1536219721166496, 2.1525241401460438, 2.1508352257247663, 2.148971828130575, 2.14767806397544, 2.1456103895464516, 2.1436368364554186, 2.141920186006106, 2.139953615828457, 2.137467592699915, 2.1355127962226543, 2.132887316055787, 2.1301026318827248, 2.128030541106167, 2.1251420872843165, 2.1216973163123822, 2.1184802279513106, 2.1156219345891576, 2.112088613021068, 2.1087380759736414, 2.1047698692378836, 2.101086174320971, 2.0962568969808073, 2.0931987854150624, 2.088249629888779, 2.0836822237723913, 2.0789502285994015, 2.0738529491628337, 2.0686284787634497, 2.063287175109244, 2.057789340742633, 2.052446028360954, 2.046195942367244, 2.04092816893871, 2.0342234362903824, 2.028614348325974, 2.021546649117755, 2.0161772082504044, 2.0093687056985674, 2.0022405492953763, 1.9965253617518988, 1.9886240088022673, 1.9812011520067851, 1.9750807759089348, 1.9681249446848519, 1.9612540959293008, 1.9548254759393187, 1.94797527942902, 1.9410799543062847, 1.933674912676852, 1.9263256648157396, 1.9200848241647084, 1.9128755343775463, 1.9057037817616749, 1.9015789121134667, 1.8939375897758028, 1.886009711230922, 1.8807910808131225, 1.8749332713265705, 1.8684018009748213, 1.8629828762804341, 1.8575908534037762, 1.8506610627867217, 1.8467103994300222, 1.84117870274772, 1.8357490548211286, 1.8307783820180812, 1.8257923673870218, 1.8202199352602673, 1.8160125822083564, 1.8128395623121507, 1.8071009712850945, 1.802935374343497, 1.7977194994942756, 1.7938909349787948, 1.7901853157414331, 1.786954312497734, 1.7839815331320477, 1.7803514261021574], "test_loss": [1.590675146484375, 1.4301556289672852, 1.3471109283447265, 1.3197886322021484, 1.355575747680664, 1.3357346633911134, 1.30702001953125, 1.3469066329956054, 1.3275144790649414, 1.3473002655029296, 1.329883871459961, 1.3280471572875976, 1.3401920028686523, 1.3279647811889648, 1.3206634841918945, 1.2843137634277344, 1.3097265350341798, 1.3064574340820312, 1.2985016036987305, 1.2893698593139649, 1.2971570693969727, 1.2848457778930664, 1.2539615859985351, 1.2598376831054687, 1.3042372329711913, 1.302539601135254, 1.2604886016845702, 1.277544386291504, 1.3101140060424805, 1.3237815002441407, 1.3304448669433593, 1.3016156829833985, 1.3383820281982421, 1.2775405563354492, 1.3031314926147461, 1.3194057662963867, 1.2926708312988282, 1.356583331298828, 1.326266030883789, 1.3902831604003907, 1.3191128952026367, 1.2600866760253906, 1.3914099365234376, 1.262283741760254, 1.3325273910522462, 1.3472201522827147, 1.3454920791625977, 1.3057088302612305, 1.3307596893310547, 1.338181315612793, 1.3852285263061523, 1.345191909790039, 1.3203059356689453, 1.3275805389404296, 1.3625333114624023, 1.3640541305541993, 1.351830502319336, 1.3651481552124023, 1.3612426483154296, 1.416341407775879, 1.3724078796386718, 1.379208447265625, 1.3468949157714845, 1.426938752746582, 1.3809773178100586, 1.3991135803222656, 1.3872702011108398, 1.4615559219360352, 1.3874840255737304, 1.3998375427246095, 1.4345732421875, 1.4214565689086913, 1.4870986068725587, 1.4378583297729493, 1.4422764083862305, 1.4731090698242189, 1.4590816619873046, 1.4736428268432618, 1.435063363647461, 1.4585364395141602, 1.4096895080566407, 1.427805419921875, 1.400195669555664, 1.5505358489990235, 1.518787142944336, 1.487969546508789, 1.5172789505004882, 1.4969051467895509, 1.5622049697875977, 1.4988663314819335, 1.4838415512084961, 1.5007184158325195, 1.5647593200683594, 1.5774051620483398, 1.4940944396972655, 1.5505915344238281, 1.5148851181030274, 1.5559249801635742, 1.531524757385254, 1.6085383499145507], "test_acc": [87.61, 92.9, 95.21, 95.66, 96.75, 96.96, 97.28, 97.54, 97.54, 97.64, 97.83, 97.94, 98.0, 97.95, 97.97, 98.06, 97.81, 97.96, 98.04, 98.04, 98.15, 97.93, 98.09, 97.79, 97.77, 97.93, 97.82, 97.78, 97.75, 97.08, 97.03, 96.83, 95.35, 97.11, 96.49, 96.16, 96.05, 94.57, 94.04, 92.92, 94.45, 94.44, 90.44, 93.29, 90.73, 89.8, 88.83, 90.51, 88.14, 86.29, 82.75, 86.01, 84.68, 80.93, 80.93, 81.13, 75.67, 77.22, 77.62, 72.67, 76.25, 71.74, 76.09, 70.93, 71.86, 71.28, 69.86, 66.99, 69.53, 68.89, 67.91, 67.21, 63.71, 64.91, 64.19, 62.31, 63.1, 61.47, 63.18, 62.12, 63.8, 62.92, 64.04, 56.06, 58.85, 60.02, 56.86, 59.7, 55.22, 58.28, 58.85, 57.62, 53.87, 53.92, 58.09, 54.38, 56.67, 55.29, 56.56, 51.4]}