{"train_loss": [2.3025908393737597, 2.302486749795767, 2.3024386794139176, 2.3024066803801775, 2.3023831141300692, 2.302364740616236, 2.3023506423347015, 2.302338279210604, 2.302328814298679, 2.3023201863989873, 2.302312920745621, 2.302306334177653, 2.3023002198618703, 2.302294307284885, 2.3022892811359505, 2.302284370630215, 2.3022798386394467, 2.3022754880098195, 2.3022715408577876, 2.302267624781682, 2.3022638126316233, 2.3022600962565494, 2.302256640715477, 2.3022535774442883, 2.3022506369484796, 2.3022472058605943, 2.302244563897451, 2.3022418939150295, 2.3022396218063483, 2.302236357815245, 2.302233915043692, 2.302231810031793, 2.3022292134089346, 2.3022272265874424, 2.302224809797401, 2.3022231714338317, 2.30222066396322, 2.302218874804994, 2.3022167320944305, 2.3022148058964658, 2.302213525160765, 2.3022116478691754, 2.3022100273360553, 2.3022080155519338, 2.3022063430557904, 2.3022047439192095, 2.3022035263542437, 2.30220192263269, 2.3022006184626846, 2.3021991410826006, 2.302197777817392, 2.30219664838579, 2.3021951934211273, 2.302193362488706, 2.302192510702671, 2.302191875429235, 2.302190390916971, 2.302188991990864, 2.3021873775710406, 2.3021865487098694, 2.302185863001734, 2.3021844854721656, 2.3021831690755663, 2.30218246146145, 2.302181725828057, 2.3021807028697086, 2.3021805113197393, 2.302178385420742, 2.3021777272224426, 2.302177016042237, 2.3021759900272403, 2.3021751270334945, 2.3021743506447883, 2.302173296101073, 2.302172588996398, 2.3021718457213836, 2.302171252731584, 2.3021704997771826, 2.302169029019837, 2.3021688043561754, 2.3021677691712337, 2.3021671038407545, 2.3021663111499233, 2.3021656351211743, 2.3021646697297053, 2.302164007455875, 2.3021640242674413, 2.302162221354297, 2.3021624801505327, 2.302161363964407, 2.3021603410060587, 2.302160094436417, 2.3021594907483482, 2.302158913551233, 2.302158389845465, 2.30215794306535, 2.302156691877251, 2.3021568105770993, 2.302155807486966, 2.3021550957973185], "test_loss": [2.2866728668212892, 2.2789232971191407, 2.2729322479248046, 2.2681297637939455, 2.2642953857421877, 2.2610119354248046, 2.25819919128418, 2.2560974517822268, 2.2543029418945313, 2.2527144653320312, 2.251269323730469, 2.250102993774414, 2.2488496612548827, 2.247938180541992, 2.24705419921875, 2.2461464233398436, 2.2453626403808595, 2.2446048614501954, 2.2439512023925783, 2.243267980957031, 2.2425986511230467, 2.2418672576904295, 2.2412606231689454, 2.240795492553711, 2.240296224975586, 2.2397419067382813, 2.2393168060302733, 2.238825466918945, 2.2383426513671876, 2.237894808959961, 2.2375553405761717, 2.2370659912109376, 2.236511114501953, 2.2361450897216795, 2.2357863128662108, 2.2355188537597654, 2.235104183959961, 2.234728497314453, 2.2344105834960937, 2.234200094604492, 2.2337118072509767, 2.233593829345703, 2.2330867736816407, 2.232949951171875, 2.232595944213867, 2.2320521606445314, 2.2319377716064452, 2.231883969116211, 2.2316481597900393, 2.2312210205078125, 2.2308884948730467, 2.230925180053711, 2.230548522949219, 2.2302630096435547, 2.2301216857910156, 2.229803890991211, 2.2297155181884767, 2.229524038696289, 2.229446630859375, 2.229211312866211, 2.228856817626953, 2.2286745971679687, 2.228673880004883, 2.2283390106201173, 2.228307318115234, 2.2281252777099607, 2.228140954589844, 2.2277161804199217, 2.2273861389160157, 2.2273741821289064, 2.2275131561279298, 2.226971115112305, 2.2272835021972655, 2.227100714111328, 2.2267790130615235, 2.226960943603516, 2.2267427795410155, 2.2264760803222656, 2.226437683105469, 2.2260796325683594, 2.2258332611083986, 2.2258805419921877, 2.2257798645019533, 2.2257913360595705, 2.2260005432128906, 2.2254552947998048, 2.2256012298583983, 2.2254529541015624, 2.2252331939697267, 2.225186022949219, 2.2250829650878905, 2.225150958251953, 2.224801312255859, 2.2247481689453124, 2.224843096923828, 2.224710134887695, 2.2244849182128905, 2.2246414794921874, 2.224486444091797, 2.2245458984375], "test_acc": [37.68, 56.65, 66.65, 72.88, 77.69, 79.04, 80.09, 82.54, 83.08, 84.12, 85.07, 85.71, 86.32, 86.92, 87.38, 88.29, 88.14, 88.5, 88.88, 89.2, 89.7, 89.91, 89.83, 90.26, 90.41, 90.58, 90.95, 91.19, 91.24, 91.49, 91.68, 91.74, 91.95, 92.1, 92.22, 92.45, 92.33, 92.69, 92.57, 92.96, 92.78, 92.88, 92.88, 93.28, 93.17, 93.31, 93.41, 93.55, 93.66, 93.42, 93.67, 93.54, 93.8, 93.78, 93.95, 93.98, 93.68, 94.01, 94.2, 94.17, 94.34, 94.25, 94.14, 94.22, 94.3, 94.32, 94.54, 94.23, 94.3, 94.29, 94.53, 94.65, 94.67, 94.79, 94.72, 94.85, 94.67, 94.74, 94.67, 94.96, 94.83, 94.92, 94.87, 94.86, 94.97, 94.91, 94.96, 94.92, 95.16, 94.94, 95.19, 94.99, 95.05, 95.17, 95.0, 95.11, 95.15, 95.17, 95.21, 95.26]}