{"train_loss": [2.301981890303457, 2.300579018572457, 2.2998764728888488, 2.2994055768363495, 2.2990778710088158, 2.298787197496137, 2.298520339350415, 2.2982356395476904, 2.2979811577715425, 2.29772355617621, 2.29750495028292, 2.2972827029024434, 2.2970780816852536, 2.2968293734085865, 2.296619355169117, 2.296301777036781, 2.2961628538930516, 2.2958695710214796, 2.2956244588917136, 2.2953622611159954, 2.295134777187282, 2.2948745107039428, 2.2945624717280397, 2.2942133887201295, 2.2940410125968804, 2.2936681172786613, 2.2932988425605316, 2.2929807514206977, 2.2925755116674633, 2.292170343745468, 2.291829054681664, 2.2914054276596785, 2.2909144565590425, 2.2904892237777386, 2.289930216777019, 2.28937447631461, 2.288934968985044, 2.2883223172945852, 2.2875837113103294, 2.286969734562768, 2.286308846412561, 2.2856805910412064, 2.2848190614300914, 2.284030617811741, 2.283398115227365, 2.2825206844215717, 2.2814320677366013, 2.280615070946196, 2.279546389212975, 2.2784745117537994, 2.2774339083932404, 2.2760943500404682, 2.2751027926420555, 2.273644383646484, 2.2723865346011953, 2.2711094587277145, 2.2694916205528455, 2.26808058247607, 2.26631972932408, 2.264491127596961, 2.2629705305792327, 2.260945424055442, 2.2592830286066756, 2.257108945112962, 2.255253799450703, 2.2528353007430706, 2.2505742729219618, 2.2480514492744055, 2.2454725697509246, 2.2431261147189345, 2.2402591496451287, 2.2375257769201555, 2.2343703477810593, 2.2317267534060354, 2.2281777914772687, 2.2255530887179904, 2.2218893613570776, 2.218138795123141, 2.215263635174841, 2.210975339779487, 2.207128423401433, 2.2037804549575872, 2.199145119923812, 2.1959433372204122, 2.1916076530758133, 2.187572516946711, 2.183147974503346, 2.1782552936138253, 2.17364627479488, 2.169898517620869, 2.1651403832639384, 2.159799193724608, 2.155948750483684, 2.1509120708856826, 2.1468985034869266, 2.1422249634041743, 2.136463602893373, 2.133237161188044, 2.1276666613725514, 2.1231471631262036], "test_loss": [2.249295349121094, 2.2001959381103515, 2.1699192108154297, 2.149191030883789, 2.1431902740478517, 2.1351025390625, 2.1224308013916016, 2.1158334228515625, 2.104239505004883, 2.1020894653320314, 2.0858968688964845, 2.0869422424316406, 2.0791898315429687, 2.0833174896240236, 2.0778655548095704, 2.073848373413086, 2.069327456665039, 2.061400296020508, 2.0735336883544924, 2.0553325088500976, 2.0584216400146484, 2.069340673828125, 2.050542054748535, 2.0424042633056643, 2.0513460418701173, 2.047328547668457, 2.044080076599121, 2.04213408203125, 2.043694316101074, 2.042857554626465, 2.042778628540039, 2.061335079956055, 2.0255753051757814, 2.024233821105957, 2.016112969970703, 2.052841223144531, 2.0365754684448243, 2.038227262878418, 2.0374394622802736, 2.0426906524658204, 2.02056171875, 2.036687693786621, 2.0473790405273435, 2.0345007095336913, 2.0341361114501955, 2.0449921081542968, 2.0514921020507813, 2.0241064697265627, 2.0416509994506837, 2.051746434020996, 2.0603791381835936, 2.0144357299804687, 2.068392352294922, 2.0600941162109376, 2.0614254119873046, 2.0538722534179685, 2.040424314880371, 2.0457984817504884, 2.0958777160644533, 2.0927187103271483, 2.0751591217041017, 2.0521864303588866, 2.052669012451172, 2.062899545288086, 2.074176126098633, 2.0531932342529298, 2.0642482345581055, 2.064342123413086, 2.0613449432373048, 2.097435580444336, 2.1138250885009766, 2.092512319946289, 2.0527935287475585, 2.1381890533447265, 2.089309616088867, 2.0711871688842773, 2.1068592864990237, 2.079739111328125, 2.0752908508300782, 2.047253773498535, 2.130089822387695, 2.1408519744873047, 2.1229698974609374, 2.0816188262939455, 2.146473913574219, 2.201116879272461, 2.161915057373047, 2.1241971130371096, 2.1580807342529296, 2.1411713592529296, 2.147908224487305, 2.1425768188476564, 2.2175403747558593, 2.1971030181884768, 2.193017086791992, 2.134199475097656, 2.212048959350586, 2.1739726196289064, 2.1723106048583984, 2.2448465423583985], "test_acc": [59.59, 69.68, 70.26, 80.71, 74.19, 83.6, 87.0, 87.92, 87.3, 89.45, 86.82, 90.67, 89.77, 91.07, 91.14, 90.2, 90.71, 91.83, 91.12, 91.7, 88.5, 89.77, 89.15, 90.73, 89.62, 89.92, 87.28, 90.41, 84.99, 88.44, 85.31, 83.28, 82.73, 84.73, 85.62, 81.18, 82.41, 77.78, 75.1, 72.28, 75.84, 73.67, 69.66, 69.97, 70.63, 66.89, 62.34, 65.44, 60.41, 61.9, 58.35, 60.17, 52.63, 51.82, 49.68, 51.16, 53.17, 50.44, 41.98, 42.75, 41.68, 43.36, 42.52, 41.74, 40.43, 41.83, 40.61, 40.0, 36.52, 35.75, 30.57, 34.43, 38.57, 24.21, 28.81, 34.07, 28.36, 32.99, 30.38, 33.75, 28.08, 25.5, 27.98, 29.65, 23.91, 23.28, 23.7, 27.2, 23.2, 26.22, 24.21, 27.33, 20.05, 22.09, 21.45, 24.83, 20.13, 22.31, 23.95, 19.21]}