{"train_loss": [2.018156580435924, 1.904210759788497, 1.8871366705140498, 1.8787243855305207, 1.8729388061751666, 1.8687121893605616, 1.865233839322359, 1.8622366105898833, 1.8598372994834542, 1.8574147389994726, 1.8555478955435956, 1.8532912341447978, 1.8516580510852683, 1.849911335696522, 1.8483906994518051, 1.84665208010592, 1.8450734314755497, 1.8434969092536175, 1.841841290649186, 1.840799780228199, 1.8392537608105912, 1.837787891045595, 1.8359663529783232, 1.8346124011227207, 1.8331507090319934, 1.8315436796754854, 1.8298867395800402, 1.828287538809654, 1.8267293320252345, 1.824886892341141, 1.8233318224421933, 1.8213012697350266, 1.8198716131031003, 1.8177779607283764, 1.815850982044497, 1.8141148918204837, 1.812066652581223, 1.8097248599570022, 1.8081860040497577, 1.8057745618697925, 1.8037763757583423, 1.801152627946984, 1.7989410910850916, 1.7968111058585665, 1.7940583983038225, 1.7920055570255997, 1.789393465488385, 1.786323791385716, 1.783399432642847, 1.7814501704823258, 1.7781005211365528, 1.7761828504566453, 1.7728891851555588, 1.7690507805245554, 1.7672860156267116, 1.76409949731623, 1.7604939907025068, 1.7576967653555748, 1.754855330937948, 1.751064725411244, 1.7483671261714056, 1.745006766838905, 1.7419663680414867, 1.738570789496104, 1.7355097680010347, 1.732574002100871, 1.7294133769141302, 1.7263283176809294, 1.7229798015875695, 1.7200269958911798, 1.7169000435079265, 1.7132318850256438, 1.7108417644969418, 1.7073369808176644, 1.7039089816757755, 1.7008669063066826, 1.6979097133008842, 1.6956606779852483, 1.6918988637944572, 1.6900447670720582, 1.6866460521506448, 1.6840222880371616, 1.6803466364359245, 1.6778248803228395, 1.675542799071369, 1.6731837030149932, 1.6706785936640878, 1.6680074621978989, 1.6647757021789877, 1.6634317430166097, 1.6605749932619243, 1.6589213561298501, 1.6564701894919078, 1.6543577486633236, 1.6513579182135754, 1.6490448774435582, 1.6481792432630165, 1.6453903006692219, 1.643678640962666, 1.6421974922856715], "test_loss": [0.9679838882446289, 0.838484268951416, 0.8760871765136719, 0.8514160255432129, 0.8470402793884277, 0.7868041702270507, 0.8263119270324707, 0.8274157791137695, 0.8366415283203125, 0.7417204032897949, 0.7722763526916504, 0.7935615486145019, 0.7998705924987793, 0.7765505355834961, 0.7529539001464843, 0.7215005783081054, 0.8040300003051758, 0.761044255065918, 0.8001869903564454, 0.8528508972167969, 0.8812214637756348, 0.7907063659667969, 0.7872671508789062, 0.8145475082397461, 0.815126651763916, 0.8214217002868652, 0.762706388092041, 0.7687552062988281, 0.8514707855224609, 0.7613306632995606, 0.7577143966674804, 0.8055302886962891, 0.7546289482116699, 0.7603144340515137, 0.793408519744873, 0.7194929794311523, 0.7594687309265137, 0.7711065673828125, 0.7296883926391602, 0.7557882781982422, 0.7106985412597656, 0.8253179023742676, 0.7922459648132324, 0.8196205894470214, 0.8243609260559082, 0.7804229545593262, 0.79980859375, 0.814759587097168, 0.8459986846923828, 0.7582177665710449, 0.7599853843688965, 0.8199581329345703, 0.7637260139465332, 0.8316998870849609, 0.8037462852478028, 0.8002718437194825, 0.8118194549560547, 0.8090892562866211, 0.8490955688476562, 0.7756549621582032, 0.7700377601623535, 0.7901947761535645, 0.7777383781433106, 0.8146786750793457, 0.7449611465454101, 0.8559508216857911, 0.8452569221496582, 0.8145410285949707, 0.8847032836914063, 0.8523759155273437, 0.8371203742980957, 0.8266338005065917, 0.7928605224609375, 0.8109443840026855, 0.8195062652587891, 0.8220670600891113, 0.8128291038513183, 0.8660669425964356, 0.8844668487548828, 0.8434653602600097, 0.8097621017456055, 0.8301019226074219, 0.8160038009643554, 0.8537604873657226, 0.883002367401123, 0.8125455757141113, 0.8216757301330566, 0.874403426361084, 0.8183174858093262, 0.891845622253418, 0.8636167449951172, 0.886167943572998, 0.8167852073669434, 0.8323533897399902, 0.8260309349060059, 0.8296919059753418, 0.8822326911926269, 0.8189577430725098, 0.8391281066894531, 0.8701736450195312], "test_acc": [94.79, 96.72, 97.26, 97.7, 97.97, 98.18, 98.19, 98.42, 98.52, 98.5, 98.63, 98.5, 98.6, 98.72, 98.72, 98.76, 98.79, 98.79, 98.73, 98.67, 98.92, 98.8, 98.78, 98.68, 98.82, 98.67, 98.74, 98.79, 98.78, 98.77, 98.75, 98.64, 98.78, 98.75, 98.72, 98.74, 98.67, 98.67, 98.77, 98.7, 98.47, 98.48, 98.55, 98.55, 98.36, 98.46, 98.28, 98.16, 97.25, 98.26, 98.24, 98.01, 98.06, 97.85, 98.03, 97.39, 97.75, 97.46, 97.05, 97.29, 97.11, 96.75, 97.36, 97.1, 97.07, 94.71, 96.43, 96.72, 94.84, 95.43, 95.84, 95.23, 95.8, 95.44, 94.86, 94.46, 95.11, 94.28, 94.51, 93.65, 94.48, 94.8, 92.82, 93.57, 93.17, 94.16, 94.4, 92.45, 93.73, 92.41, 92.34, 91.5, 93.19, 93.23, 92.94, 93.02, 90.79, 92.33, 91.76, 92.5]}