{"train_loss": [2.297262337472704, 2.2897569919243836, 2.2874334286420774, 2.285896735313611, 2.284754463750073, 2.283947700109237, 2.283346347319774, 2.282904915830009, 2.282554374800788, 2.2822911785199094, 2.2820665622368836, 2.2818191306203857, 2.281635598749177, 2.2814452877411475, 2.2813088374260144, 2.2811697583932142, 2.2810199566376514, 2.2808706999843955, 2.280759950478872, 2.280638893445333, 2.2805231325646753, 2.2804263152627864, 2.2802998663013816, 2.2801883404071512, 2.2801025800215893, 2.279994650783702, 2.2799343772423573, 2.2798324853946, 2.2797299058009415, 2.279660468427544, 2.279577001547202, 2.279500746828878, 2.2794044165529757, 2.27933358738565, 2.2792334240725918, 2.2791562819073343, 2.279084999846597, 2.2790150708622403, 2.278928046552544, 2.2788626480306315, 2.2787989729490037, 2.2786997745179725, 2.2786523231074343, 2.2785700432255735, 2.278475734922621, 2.2784143146286664, 2.2783561654579945, 2.2782503753645806, 2.2781714221351166, 2.2781240181026297, 2.2780412532325482, 2.277969191726456, 2.277898621864808, 2.2778335213661194, 2.277761419104715, 2.277668829147632, 2.2776123402465105, 2.277518576536423, 2.2774571221098943, 2.277344482576745, 2.27727660511294, 2.277184682524102, 2.2771159609158835, 2.277048909256601, 2.276975591467996, 2.276875844368568, 2.276794411178328, 2.2766704951596055, 2.276671401455871, 2.276588349770277, 2.276441046824822, 2.2763775373116517, 2.2762885333126426, 2.2761677605474095, 2.2761241717216296, 2.276021659374237, 2.2759500359877562, 2.275835894111894, 2.2757639227769313, 2.2756427709872904, 2.2755946608690114, 2.275463375270876, 2.2753755251566568, 2.275299123209766, 2.2751780244020314, 2.2751428006041765, 2.2750247793319898, 2.2749411509587216, 2.2747820518974566, 2.274707040216169, 2.2746532630716634, 2.274538136445559, 2.2744151109304185, 2.274319435796167, 2.274213254961193, 2.2741007305618024, 2.2740035994440064, 2.273856560898642, 2.273755483647697, 2.2736555353189125], "test_loss": [2.078778253173828, 1.9842912200927734, 1.9445489547729493, 1.9114151473999024, 1.8950185684204102, 1.8716471939086914, 1.8594132278442383, 1.8576501098632812, 1.8471361450195312, 1.8369374435424806, 1.8433901672363282, 1.8336124816894532, 1.8470521102905273, 1.8293215423583984, 1.8243185745239259, 1.8344003189086915, 1.8145839431762696, 1.8162546981811523, 1.8192457229614258, 1.8206934509277344, 1.8183521713256836, 1.8274679885864258, 1.8126235946655274, 1.8036069931030274, 1.8230902725219726, 1.8118701980590821, 1.8103802978515624, 1.8002847427368165, 1.7960371643066406, 1.811733740234375, 1.8155079788208008, 1.803551580810547, 1.7966397018432618, 1.7988060409545898, 1.789474836730957, 1.7954885208129883, 1.8033491073608399, 1.8037864196777345, 1.8071738677978515, 1.7927642852783203, 1.8002803482055665, 1.8141593856811524, 1.807113250732422, 1.7924102935791015, 1.8071899932861328, 1.794860707092285, 1.7916785415649414, 1.8091296478271484, 1.792069856262207, 1.7914093612670898, 1.7920451721191406, 1.8100470428466797, 1.8099010467529297, 1.7895148162841796, 1.793681852722168, 1.7933351974487304, 1.809767674255371, 1.8030796264648437, 1.7882783462524414, 1.8019662033081054, 1.7812751586914062, 1.8018269973754883, 1.7941909286499023, 1.7997979904174806, 1.8000206878662108, 1.7928127990722655, 1.8015952850341796, 1.7873822723388673, 1.7929748962402343, 1.785273519897461, 1.800482093811035, 1.7843119674682617, 1.786752719116211, 1.7722063537597657, 1.8012489990234375, 1.7880512741088868, 1.7981204193115234, 1.782695002746582, 1.7949579833984375, 1.7650952346801758, 1.7938749542236327, 1.7717493240356446, 1.800480632019043, 1.7826504409790038, 1.7871425979614257, 1.802161831665039, 1.791465951538086, 1.7949237365722657, 1.766546095275879, 1.7711875564575195, 1.8012836807250976, 1.7978710815429688, 1.7871068084716797, 1.7873973281860351, 1.769008692932129, 1.784287567138672, 1.7949099685668946, 1.793746697998047, 1.8025812194824218, 1.7879465133666992], "test_acc": [79.08, 87.03, 89.78, 91.39, 93.28, 94.15, 94.89, 95.56, 95.87, 95.96, 96.38, 96.02, 96.65, 96.93, 96.85, 97.0, 96.8, 96.93, 97.12, 97.32, 97.22, 97.34, 97.54, 97.51, 97.5, 97.66, 97.23, 97.58, 97.61, 97.72, 97.61, 97.74, 97.67, 97.71, 97.69, 97.84, 97.81, 97.75, 97.92, 97.96, 97.72, 97.98, 97.97, 98.0, 98.12, 97.99, 97.93, 97.86, 98.02, 98.07, 97.98, 98.14, 98.02, 97.95, 98.05, 98.1, 97.95, 97.98, 98.0, 97.93, 98.02, 98.09, 98.05, 97.96, 98.05, 97.97, 97.94, 97.97, 98.09, 97.94, 97.94, 97.8, 97.9, 97.67, 97.76, 97.91, 98.01, 97.75, 97.57, 97.53, 97.8, 97.7, 97.72, 98.01, 97.91, 97.63, 97.68, 97.86, 97.43, 97.65, 97.89, 97.54, 97.7, 97.76, 97.85, 97.29, 97.43, 97.31, 97.35, 97.57]}