{"train_loss": [2.2942288726822944, 2.2823799048733506, 2.277317464351654, 2.2744275270364223, 2.272278200357388, 2.270135686947749, 2.268748669542818, 2.2673142577847862, 2.2659070858588586, 2.264802597526811, 2.263285296085553, 2.262098037279569, 2.2605066172078123, 2.2589954061385913, 2.25730169736422, 2.2551583846410117, 2.253432972308917, 2.251124912347549, 2.2487764475692034, 2.2464159997100506, 2.2431270826576104, 2.23998397996283, 2.235917003236265, 2.232077186433678, 2.2276734383697185, 2.222838366133535, 2.2171287042462926, 2.2112675161443205, 2.204575702165946, 2.1973470255859895, 2.1885852426545234, 2.1788790012017274, 2.168617636220068, 2.1575415277073526, 2.1441083336487794, 2.1307726089770975, 2.1164970183983827, 2.098561276992162, 2.0804803850304365, 2.0603732772362537, 2.038780521633279, 2.0155225459836488, 1.9912892516352172, 1.9646827165897076, 1.9372170022410204, 1.9080551740450737, 1.8785815246594257, 1.845733082192576, 1.8144352660219893, 1.7808622893614647, 1.7496307105080695, 1.7172440850836599, 1.683360574591873, 1.6510486798918145, 1.6191443395920289, 1.5878184045481885, 1.5592052508623173, 1.529201010353545, 1.499859226310355, 1.4730060541222239, 1.4460846570312467, 1.4236392743057675, 1.4013916852637234, 1.3794802345781245, 1.3588723649835994, 1.3390765391353867, 1.3238665250122037, 1.306977565981384, 1.2908177762968926, 1.2790662409403386, 1.2660703939250393, 1.2538152533209221, 1.245452482985635, 1.236024939861053, 1.22643210617905, 1.218084576802376, 1.2115593343718438, 1.2050265170570114, 1.1969921953148313, 1.1917274189301026, 1.1859702037440405, 1.1809045198636177, 1.175806163213192, 1.1710188113726103, 1.1669655111100938, 1.162287480556048, 1.158657328185872, 1.1550805201897254, 1.1517503536664522, 1.1481410420348501, 1.144905248004147, 1.1423944764667087, 1.1390265167778373, 1.1352671899347224, 1.133542792409913, 1.130438543537743, 1.1287651869476352, 1.1260566637556777, 1.123666981091866, 1.1212022470103369], "test_loss": [2.0168544021606447, 1.8920294357299805, 1.8637605819702148, 1.8609607955932617, 1.808948599243164, 1.768817677307129, 1.7679548751831056, 1.7797628524780273, 1.7537786224365235, 1.7780752502441406, 1.7088861785888672, 1.7282796920776367, 1.7473612060546875, 1.7392407699584962, 1.716952033996582, 1.6916702346801757, 1.740876335144043, 1.7501620819091797, 1.7164109008789064, 1.7399580535888672, 1.7412215209960937, 1.6967885620117187, 1.7546875106811524, 1.7257200775146484, 1.6970339614868164, 1.7094029144287108, 1.7313328414916993, 1.7397896850585937, 1.7458766387939453, 1.794388264465332, 1.6746871658325195, 1.774066487121582, 1.8382548446655274, 1.7597691497802734, 1.691484732055664, 1.7853305603027343, 1.7401927185058594, 1.8148610778808594, 1.9072760620117188, 1.8015122650146485, 1.8956741729736328, 1.9372593215942382, 1.9444983108520508, 1.9367651962280275, 1.970193408203125, 2.0306913528442383, 1.9123812683105468, 1.9951386779785156, 1.9999199935913086, 2.0748919860839843, 2.113398663330078, 2.0611398803710936, 2.1783517181396483, 2.1522683776855467, 2.2215552017211913, 2.302641763305664, 2.244882760620117, 2.340451773071289, 2.4321021545410155, 2.326229391479492, 2.3361816467285155, 2.3289033264160155, 2.412030502319336, 2.461141714477539, 2.3831399841308594, 2.47370924987793, 2.423974368286133, 2.522960998535156, 2.481676626586914, 2.4165073913574218, 2.492375424194336, 2.5515052520751955, 2.5303458648681643, 2.611645251464844, 2.5647647094726564, 2.558827127075195, 2.6099665161132815, 2.5732726013183593, 2.5470009735107424, 2.5239091217041016, 2.549124862670898, 2.5695563751220702, 2.593423974609375, 2.5770463623046873, 2.594837518310547, 2.582522186279297, 2.616980709838867, 2.6152866088867186, 2.5954209442138674, 2.6558039306640624, 2.651428384399414, 2.5818822662353518, 2.5957050415039062, 2.5964469451904297, 2.621149447631836, 2.6083169799804686, 2.6459895416259767, 2.6073062103271485, 2.67235478515625, 2.686136730957031], "test_acc": [72.8, 84.54, 89.16, 90.77, 93.4, 92.85, 92.86, 94.64, 94.53, 94.48, 93.47, 94.64, 94.46, 94.01, 93.09, 94.14, 93.66, 92.64, 93.2, 89.92, 89.73, 89.67, 82.62, 84.35, 85.31, 80.12, 76.37, 75.15, 71.24, 64.72, 70.63, 59.3, 54.83, 58.68, 61.98, 51.27, 54.89, 49.34, 38.66, 45.45, 41.22, 38.0, 36.47, 36.39, 33.05, 32.27, 36.67, 31.82, 32.21, 29.93, 28.42, 29.85, 27.5, 28.56, 27.24, 25.18, 25.93, 24.72, 21.92, 25.76, 25.02, 26.15, 24.73, 22.85, 23.79, 22.2, 24.39, 23.55, 23.63, 26.23, 22.72, 21.81, 23.24, 20.77, 22.87, 21.81, 22.18, 22.41, 22.39, 23.41, 21.94, 22.97, 21.26, 21.87, 20.94, 22.29, 20.96, 21.12, 21.89, 20.29, 19.57, 21.55, 21.89, 21.88, 21.57, 21.13, 20.07, 21.13, 19.7, 19.76]}