{"train_loss": [2.0205978853070836, 1.9056487585234845, 1.8886628166223183, 1.8803085977705116, 1.8739576979070647, 1.8702090787581909, 1.8663671999915032, 1.863415689040453, 1.8608913704370842, 1.8582326683223758, 1.8561427667100205, 1.8546416306088114, 1.852492585650876, 1.85043471873316, 1.848610313784363, 1.846907485754062, 1.8451164813123198, 1.8433675332966013, 1.8414233637671185, 1.8395880929425232, 1.838361924020653, 1.8365786814282083, 1.8343617304777489, 1.8326709558311691, 1.8304124887172992, 1.828663261527689, 1.8266908615572839, 1.8249203315657427, 1.8224183048447993, 1.8205745665945559, 1.817926995519899, 1.8155629061735594, 1.8133474183388245, 1.8109403807892759, 1.808549113253243, 1.8062294413391342, 1.8031427493462195, 1.7999669514660142, 1.797238468614399, 1.794597461182847, 1.7917467526391022, 1.7886390994247208, 1.7846397895079393, 1.7822412446013882, 1.778498706399885, 1.7751544100097103, 1.7716302377545936, 1.7681529277410262, 1.764423021648684, 1.7601689316778102, 1.7565611453137846, 1.7523014688084269, 1.748536466023861, 1.7446606337514698, 1.740788033630094, 1.7361672826302357, 1.732718138358532, 1.7278826977962103, 1.7237605964526153, 1.7194371829684982, 1.715969278007491, 1.7115659402985859, 1.7074155876269708, 1.7029825726635435, 1.6988116698896782, 1.6942881936700935, 1.6898789721676426, 1.6858655718656688, 1.6819300852779648, 1.6771668722996345, 1.674329371533842, 1.6693274399154208, 1.665144965944127, 1.6617519590589735, 1.65794717017402, 1.6539348139722123, 1.6490112082061605, 1.646655155807479, 1.6432648334238265, 1.639989683770726, 1.6367063733757052, 1.6325693428516388, 1.6289763934591897, 1.6263563312017, 1.623696243406361, 1.619989207157722, 1.6182697244688995, 1.6140817750213492, 1.613167305277963, 1.608915827722631, 1.6062895788086786, 1.6033394423305478, 1.6009929554584699, 1.5984994415034595, 1.596879703621579, 1.5936677030518525, 1.5920859720462408, 1.5899523022847297, 1.588470302331142, 1.5853153851806607], "test_loss": [0.9920618392944336, 0.9230739356994629, 0.874777286529541, 0.8054699256896972, 0.8396152961730957, 0.8472393997192382, 0.8396195915222168, 0.837134676361084, 0.7949982231140137, 0.839504141998291, 0.828604091644287, 0.8015884750366211, 0.7818295028686524, 0.7669771781921386, 0.8059543075561524, 0.7625762588500976, 0.7673119941711426, 0.7577849868774414, 0.8099544898986817, 0.7998850372314453, 0.77273828125, 0.769451985168457, 0.8268231018066406, 0.781418637084961, 0.8264831985473633, 0.8073939964294433, 0.7655837028503418, 0.7926527359008789, 0.7632829528808593, 0.8105562446594238, 0.7800481628417969, 0.7421862945556641, 0.7501691932678223, 0.8087174041748046, 0.768700064086914, 0.774560620880127, 0.8283242279052735, 0.8080281814575195, 0.8084120491027832, 0.8138194007873535, 0.824771597290039, 0.7932194900512696, 0.8477083999633789, 0.7446804000854492, 0.8106790008544922, 0.7577372413635254, 0.8919009330749512, 0.800347631072998, 0.7915124076843262, 0.7498377296447754, 0.8117821434020996, 0.8710136108398437, 0.8154998046875, 0.7925013282775879, 0.8115793479919433, 0.803553500366211, 0.8127423355102539, 0.8213127517700195, 0.7748028648376465, 0.8287918296813965, 0.818643204498291, 0.8336655059814453, 0.8059727828979493, 0.8781347869873047, 0.8374971282958984, 0.8055324325561524, 0.8809410324096679, 0.8724729507446289, 0.8895409248352051, 0.8361300796508789, 0.8719751670837402, 0.8869113166809082, 0.8479244873046875, 0.8007529647827148, 0.8276792831420898, 0.8686815399169922, 0.8997478057861328, 0.8579100654602051, 0.8424588134765625, 0.8551089378356933, 0.8981512901306152, 0.8659709381103515, 0.8319877967834473, 0.8535370574951172, 0.9098660827636719, 0.9067006759643554, 0.9187416244506836, 0.8923466644287109, 0.843231241607666, 0.8887253990173339, 0.887959226989746, 0.8875376747131347, 0.8640933448791503, 0.9658211311340332, 0.889893677520752, 0.9028586723327636, 0.8655498390197753, 0.9169342803955078, 0.9171318145751953, 0.9143054695129395], "test_acc": [94.22, 96.72, 97.29, 97.73, 97.83, 98.06, 98.19, 98.4, 98.63, 98.52, 98.57, 98.55, 98.67, 98.66, 98.57, 98.79, 98.77, 98.79, 98.77, 98.72, 98.78, 98.78, 98.77, 98.76, 98.76, 98.74, 98.74, 98.61, 98.63, 98.56, 98.59, 98.71, 98.6, 98.58, 98.28, 98.56, 98.47, 98.38, 98.3, 98.2, 98.1, 98.26, 97.82, 98.21, 98.03, 97.97, 96.91, 97.41, 97.51, 97.57, 96.3, 95.9, 96.55, 96.59, 96.35, 96.81, 96.49, 95.69, 95.61, 95.23, 95.43, 94.12, 95.22, 94.06, 94.68, 94.34, 92.92, 92.9, 91.0, 93.37, 91.98, 90.97, 92.77, 93.44, 92.69, 91.82, 91.27, 91.14, 92.14, 90.92, 90.52, 90.95, 91.53, 90.22, 89.68, 88.3, 87.38, 88.57, 90.17, 89.3, 88.44, 89.26, 87.94, 86.05, 87.92, 87.63, 88.74, 88.09, 87.86, 87.1]}