{"train_loss": [2.302668101257748, 2.302611967946729, 2.302585770431747, 2.302571050122253, 2.302555845843421, 2.302542044566228, 2.3025354146957397, 2.302526497433328, 2.3025148842069836, 2.302504661755684, 2.3024995332090263, 2.302491993476183, 2.302483546428191, 2.302478368465717, 2.302469356956645, 2.3024597662126918, 2.30245361623601, 2.302448418405321, 2.3024452899256325, 2.3024351102674108, 2.3024291971809845, 2.302422460837242, 2.3024124360492086, 2.3024076574887986, 2.302403115818643, 2.302394406408326, 2.302387946181827, 2.3023809439096694, 2.302370987386785, 2.3023665379255247, 2.3023576558145704, 2.302349658603342, 2.3023450420453, 2.3023340162048993, 2.302329113850227, 2.3023198690169897, 2.3023110495673285, 2.3023048863451705, 2.3022979946217985, 2.302282858608115, 2.302278063236139, 2.302272081375122, 2.3022583947222457, 2.30225120497565, 2.3022456765174866, 2.302231303137592, 2.302229748831855, 2.3022133972909717, 2.3022037769994164, 2.302195536275195, 2.3021902920853377, 2.3021763833160076, 2.302167206747919, 2.3021595635984697, 2.302147037962563, 2.3021341511326976, 2.3021208817123346, 2.302113061786717, 2.302102312573001, 2.302088806262383, 2.302079730054252, 2.302065634829366, 2.3020582056453085, 2.3020385585279546, 2.3020302143871274, 2.3020119279877753, 2.302006383227487, 2.3019927709530563, 2.301973613918337, 2.3019545373753605, 2.3019467276385708, 2.301921958087856, 2.3019191306880398, 2.3019035157994328, 2.3018882259344444, 2.3018614863738036, 2.3018519272152176, 2.301832704971998, 2.30181769733755, 2.301796762352316, 2.3017846641377506, 2.3017701628880625, 2.301749618134947, 2.3017329512498317, 2.301715457541311, 2.301694225042294, 2.3016756701673198, 2.30164955314408, 2.3016334400217757, 2.3016105064978967, 2.3015935456650887, 2.3015769704794273, 2.301554232581049, 2.301523536698431, 2.3014987564494467, 2.301479549998911, 2.301451187357943, 2.3014237177677646, 2.3014147750332823, 2.3013827158854556], "test_loss": [2.2950036712646487, 2.293083636474609, 2.2918905578613282, 2.290757131958008, 2.2900258483886717, 2.289463409423828, 2.2889298950195314, 2.28874895324707, 2.2878887573242186, 2.2875042266845704, 2.286796096801758, 2.2863794860839843, 2.2859568817138674, 2.285446514892578, 2.2851459838867187, 2.284817904663086, 2.284562405395508, 2.2844512359619142, 2.2841234558105468, 2.283860919189453, 2.28346337890625, 2.28328779296875, 2.2829935485839843, 2.282792657470703, 2.2824656799316405, 2.2824757385253904, 2.2822378479003906, 2.281776141357422, 2.281594497680664, 2.2814599365234374, 2.281223791503906, 2.2809396697998046, 2.2808030120849607, 2.280997348022461, 2.2806337341308596, 2.280198321533203, 2.280163977050781, 2.280006579589844, 2.279688415527344, 2.279630581665039, 2.279573794555664, 2.2794470153808595, 2.2797929473876954, 2.279057147216797, 2.2790941864013674, 2.2788992126464844, 2.278511282348633, 2.2779835388183596, 2.2782879333496093, 2.2781242584228516, 2.278017858886719, 2.277737579345703, 2.278073910522461, 2.2776099822998046, 2.2775993286132814, 2.276859573364258, 2.276908953857422, 2.2770354187011717, 2.277659280395508, 2.2766978820800783, 2.2763950622558595, 2.2771945861816407, 2.2765074005126955, 2.277481948852539, 2.277032092285156, 2.277250421142578, 2.275761187744141, 2.2752855407714843, 2.27533303527832, 2.275525616455078, 2.2762859008789063, 2.2753508666992186, 2.2757972290039064, 2.274556756591797, 2.2749905181884764, 2.2742799621582033, 2.275757208251953, 2.2761842193603514, 2.2748424835205077, 2.2754280364990236, 2.2748850982666013, 2.2748184936523437, 2.2752815521240235, 2.2743176666259766, 2.2732543151855467, 2.2755459686279296, 2.2743929565429686, 2.272230618286133, 2.275421911621094, 2.2725807586669924, 2.274052618408203, 2.272485739135742, 2.275276889038086, 2.272605685424805, 2.2750769744873045, 2.273021350097656, 2.273835659790039, 2.272822509765625, 2.2729333099365236, 2.2726046966552733], "test_acc": [20.74, 19.16, 31.83, 33.66, 36.1, 24.23, 34.59, 33.38, 41.12, 43.71, 38.28, 44.66, 39.89, 43.09, 48.4, 46.19, 50.62, 46.65, 50.26, 48.96, 50.37, 49.94, 46.28, 49.46, 48.35, 47.04, 43.37, 47.74, 45.54, 48.16, 48.47, 48.95, 46.9, 48.34, 48.2, 45.46, 43.52, 45.28, 49.56, 39.21, 49.55, 49.17, 32.27, 38.37, 44.59, 41.17, 44.71, 46.76, 45.92, 45.95, 48.8, 43.85, 46.86, 43.46, 44.94, 43.34, 44.66, 42.15, 42.99, 43.52, 40.56, 41.76, 43.81, 41.05, 40.04, 38.01, 38.63, 39.9, 37.33, 38.51, 38.34, 39.05, 37.03, 40.38, 38.83, 37.08, 32.76, 32.73, 35.0, 35.47, 33.77, 36.12, 34.98, 34.65, 34.39, 30.22, 32.61, 32.05, 31.9, 35.15, 31.44, 33.63, 30.65, 34.8, 26.37, 33.26, 29.77, 29.87, 32.14, 30.58]}