{"train_loss": [2.3026422654461656, 2.3025961360360823, 2.3025811177033644, 2.3025715677147236, 2.3025650871105685, 2.3025606391776323, 2.3025568993682537, 2.3025534494310365, 2.3025504478022585, 2.3025477233096066, 2.3025455872217813, 2.3025437537421527, 2.302542063925001, 2.3025399966117663, 2.302538638440972, 2.3025368334900618, 2.302535846702054, 2.302534566475795, 2.302533255683051, 2.302532013155456, 2.302530938743526, 2.3025294297780747, 2.30252900133785, 2.3025279834739165, 2.3025265239242816, 2.3025259365383377, 2.302525106148842, 2.302524198833694, 2.302523235989432, 2.302522782077137, 2.3025220291227355, 2.3025210459008174, 2.30252030517301, 2.302519443707588, 2.3025190784380984, 2.302518274539556, 2.3025174726787796, 2.3025166952711906, 2.302516194490286, 2.302515442554767, 2.30251519394736, 2.302514158252977, 2.3025134852808766, 2.3025129513862805, 2.302512332924411, 2.3025119034653034, 2.3025112248893476, 2.3025105987858567, 2.3025101194014916, 2.302509332823957, 2.302508958384522, 2.3025082314116325, 2.3025076104025555, 2.3025073246059256, 2.3025067698242316, 2.3025064014980936, 2.302505489597973, 2.3025050662521624, 2.302504621509813, 2.3025040468599043, 2.3025035379279375, 2.3025029770329466, 2.302502814011696, 2.3025019826033177, 2.3025014558409014, 2.302501182270865, 2.3025005673750853, 2.302500437467526, 2.3024998724970045, 2.3024990991649465, 2.3024986437243276, 2.302498149566161, 2.3024978403352265, 2.302497404762822, 2.302497151570442, 2.302496337992513, 2.3024960700263324, 2.3024955432639165, 2.302495296184833, 2.302494880480644, 2.3024944433799157, 2.3024939105042024, 2.3024935365742087, 2.30249290028189, 2.302492456558423, 2.302491962400257, 2.3024919053428192, 2.302491251220051, 2.302490775401776, 2.3024908513085456, 2.302490267998133, 2.302489837520143, 2.3024890845657415, 2.3024888726381154, 2.30248803868253, 2.3024883061392694, 2.302487878717928, 2.302487408503508, 2.3024869489873576, 2.302486002445221], "test_loss": [2.293877130126953, 2.290902734375, 2.2888722076416017, 2.2872632690429686, 2.286027346801758, 2.2850039794921875, 2.284121154785156, 2.2833748840332033, 2.2826528228759764, 2.282150164794922, 2.281563836669922, 2.2810611724853516, 2.28064924621582, 2.280241491699219, 2.2797972106933595, 2.2795268615722657, 2.2792064544677735, 2.278953451538086, 2.27864609375, 2.2783884521484374, 2.278187808227539, 2.2778391021728517, 2.277673110961914, 2.2774540618896486, 2.2773191741943357, 2.2771641357421877, 2.2769165985107422, 2.2767446594238283, 2.2765558013916016, 2.276484716796875, 2.2762809783935545, 2.276110546875, 2.2759232360839845, 2.2758754180908203, 2.2757978088378907, 2.2755712951660154, 2.2755089721679687, 2.2753735229492187, 2.2752908416748046, 2.275120495605469, 2.2749506103515627, 2.274826119995117, 2.274793167114258, 2.2746335693359376, 2.2745505432128907, 2.2743906829833986, 2.2743089202880857, 2.274138723754883, 2.274109112548828, 2.273952340698242, 2.273949313354492, 2.2738212341308595, 2.2737322845458983, 2.273618804931641, 2.2735358764648437, 2.2735337677001954, 2.273356039428711, 2.273360269165039, 2.273167239379883, 2.273135076904297, 2.2730625, 2.2730061157226564, 2.272893246459961, 2.272869171142578, 2.2727806060791016, 2.2726408477783204, 2.272602801513672, 2.272565670776367, 2.272400927734375, 2.272397592163086, 2.272355084228516, 2.2722472259521482, 2.2721186920166017, 2.272097869873047, 2.2720473052978516, 2.272043472290039, 2.2719324615478516, 2.2718592529296875, 2.27178916015625, 2.271715441894531, 2.271618197631836, 2.2716604217529297, 2.2715892791748047, 2.271523895263672, 2.271388882446289, 2.271329461669922, 2.271210021972656, 2.271190075683594, 2.2711900848388673, 2.2711309356689453, 2.271081820678711, 2.2710519592285157, 2.2710432739257813, 2.2709679138183594, 2.270762255859375, 2.2707418731689453, 2.2708186767578127, 2.2707422790527345, 2.2707093505859377, 2.2706256072998046], "test_acc": [23.77, 33.35, 43.22, 48.96, 54.24, 57.28, 62.9, 64.4, 65.96, 68.32, 69.92, 72.04, 73.16, 74.9, 74.62, 73.52, 76.17, 76.99, 76.69, 78.63, 78.66, 78.4, 79.31, 80.08, 78.89, 81.35, 80.44, 81.42, 80.91, 79.91, 81.34, 82.06, 82.01, 82.4, 81.99, 83.38, 82.81, 83.31, 83.09, 82.92, 83.57, 83.17, 83.51, 84.03, 84.34, 83.42, 84.62, 84.81, 84.38, 84.85, 84.79, 84.52, 85.44, 85.49, 85.37, 85.03, 85.45, 84.78, 85.73, 86.44, 85.74, 85.65, 86.52, 85.55, 85.26, 86.31, 86.29, 86.03, 86.73, 86.86, 86.46, 86.3, 87.14, 86.4, 86.73, 85.66, 86.38, 86.99, 87.04, 87.03, 87.47, 87.41, 87.54, 86.71, 86.78, 87.77, 87.32, 86.73, 87.17, 87.38, 87.57, 87.4, 87.87, 87.77, 87.02, 88.01, 87.48, 87.44, 87.31, 88.07]}