{"train_loss": [2.3026763246609616, 2.3026039916225987, 2.3025660091995173, 2.302545978472783, 2.302523947169638, 2.3025027172178283, 2.3024929130179252, 2.3024786420357533, 2.302459689287039, 2.3024427034916024, 2.302434178499075, 2.30242164980652, 2.302406776155162, 2.3023982491248693, 2.302383137564374, 2.302365694799994, 2.302355471329811, 2.3023459564926276, 2.302340097916432, 2.302321555268051, 2.3023111229268913, 2.3022986258197036, 2.3022805034604845, 2.3022708653384805, 2.3022617437900643, 2.3022455685159082, 2.302232652138441, 2.3022184361759415, 2.302199634731325, 2.302189958910657, 2.3021723551627917, 2.3021561707186904, 2.3021449135918903, 2.302122559812334, 2.3021106908464026, 2.302092501750359, 2.3020727084233212, 2.3020577349214473, 2.3020423650741577, 2.302010599364582, 2.301999470107576, 2.301984085995927, 2.301953211808816, 2.301936415016142, 2.3019213014178805, 2.3018899070910916, 2.3018812532098885, 2.301846584193727, 2.301821435109163, 2.3018028078935084, 2.301785248467046, 2.301752878050519, 2.3017292557618556, 2.3017062473500896, 2.301675423597678, 2.301642903405377, 2.3016099486595545, 2.301585494962513, 2.3015564343868156, 2.3015217185020447, 2.3014973417306557, 2.301455886954935, 2.3014302014285684, 2.3013806287040057, 2.301355235087566, 2.301305811629336, 2.3012831883552747, 2.3012434977751512, 2.301189786858029, 2.3011347086001663, 2.301107994002155, 2.3010421762099633, 2.3010279154166198, 2.300978732414735, 2.3009313008724113, 2.3008567706132546, 2.3008246060110564, 2.3007676606504326, 2.300720171031789, 2.300659922962515, 2.300611048682123, 2.3005609981015196, 2.3005021846192513, 2.300444798082368, 2.3003922201629377, 2.3003271507401752, 2.3002671665615506, 2.300185801127018, 2.3001297406661205, 2.300052299968198, 2.300003978431734, 2.2999457671092105, 2.299868948948689, 2.2997757237181706, 2.299704714718028, 2.2996363940401974, 2.2995396821926803, 2.299461660731552, 2.299410620306292, 2.299311379591624], "test_loss": [2.293924639892578, 2.2913703338623046, 2.2899612030029295, 2.288421081542969, 2.2874343536376953, 2.2865763275146485, 2.2857324493408204, 2.285439944458008, 2.2841941528320313, 2.283757009887695, 2.2826646087646485, 2.282076107788086, 2.28149404296875, 2.2808243103027346, 2.280410314941406, 2.279875112915039, 2.279566098022461, 2.2793358123779295, 2.278959292602539, 2.27854052734375, 2.2782109283447265, 2.2778162506103516, 2.2773333862304685, 2.2770346466064453, 2.276368374633789, 2.2765738739013672, 2.276286099243164, 2.275546310424805, 2.2752386169433594, 2.275058364868164, 2.2746298919677734, 2.274287356567383, 2.2741500885009764, 2.274567965698242, 2.2739329071044923, 2.2732965026855467, 2.2731336700439453, 2.272859573364258, 2.2722741485595703, 2.27263674621582, 2.2724154418945313, 2.2721278503417968, 2.272592321777344, 2.2717290802001955, 2.271870556640625, 2.2715079864501955, 2.2706781341552733, 2.2694331451416017, 2.2703257110595705, 2.270171807861328, 2.2700510681152344, 2.269431430053711, 2.2700001708984376, 2.2694731719970704, 2.269237191772461, 2.2677575592041017, 2.2684275024414062, 2.2685190216064455, 2.27048981628418, 2.2682906768798827, 2.268108465576172, 2.26906220703125, 2.267937432861328, 2.270610726928711, 2.2698545196533204, 2.269843478393555, 2.266459799194336, 2.265314227294922, 2.265971826171875, 2.2670417724609373, 2.268078564453125, 2.2653403137207033, 2.2676495666503906, 2.2652986267089843, 2.2659957733154297, 2.2644964599609376, 2.2687612884521484, 2.2687514099121096, 2.2656103607177736, 2.2673691833496092, 2.2664248046875, 2.267901208496094, 2.267840960693359, 2.2657250854492186, 2.2632740844726564, 2.2694753356933592, 2.2668792236328126, 2.262723635864258, 2.271159292602539, 2.262035336303711, 2.2670816162109375, 2.2638618743896486, 2.2689670013427734, 2.2659574737548827, 2.2685954711914063, 2.2646764373779296, 2.2692399017333984, 2.263412924194336, 2.265806704711914, 2.265078546142578], "test_acc": [21.74, 18.07, 34.84, 35.91, 39.49, 25.95, 37.78, 34.66, 44.99, 47.29, 40.98, 49.19, 43.42, 47.05, 52.86, 49.36, 54.22, 49.29, 53.27, 51.8, 54.08, 53.67, 49.26, 51.56, 51.52, 49.4, 45.15, 50.07, 47.25, 49.98, 51.16, 50.45, 47.49, 48.61, 49.02, 44.74, 43.21, 46.86, 49.57, 37.48, 48.77, 49.15, 32.83, 37.39, 43.69, 39.55, 42.96, 47.05, 44.01, 44.1, 45.91, 41.97, 44.31, 40.69, 42.17, 39.79, 41.5, 38.46, 38.55, 39.34, 37.23, 38.03, 38.94, 35.34, 33.68, 32.74, 34.72, 36.8, 33.49, 34.12, 31.68, 33.66, 31.77, 34.99, 34.1, 32.41, 26.4, 28.36, 29.51, 29.47, 27.62, 28.63, 29.82, 29.4, 28.46, 24.01, 26.45, 26.15, 24.63, 29.74, 25.71, 26.87, 24.11, 26.43, 21.63, 26.56, 22.42, 25.26, 26.05, 23.76]}