{"train_loss": [2.1068917917899594, 2.01129721932941, 1.9937010896511567, 1.9857630948735099, 1.9793757004106147, 1.9746695428322523, 1.9708498522766635, 1.9666864214799342, 1.9636981431235614, 1.960170489600581, 1.9573833967885401, 1.9536379107043274, 1.9510338533128428, 1.9476234961269248, 1.9438698003944168, 1.9412404130666683, 1.9368900035181615, 1.9330076442824469, 1.9285446655037057, 1.9242188553524833, 1.9197390726488879, 1.914509325200676, 1.9088906757851951, 1.903359818407613, 1.8966110797009916, 1.8901276455985174, 1.8826041822759514, 1.8746063518218505, 1.8660270281327076, 1.856983265815637, 1.8474928418285825, 1.8369264640869238, 1.8261977314439595, 1.812971993134572, 1.8007541607078323, 1.788249476088418, 1.7714601879955356, 1.7577466794058807, 1.741319692032969, 1.7245754747309237, 1.7086239765342484, 1.6893493968706865, 1.6694682120767415, 1.6499526052393465, 1.6299073754722238, 1.6098813434951327, 1.5898059066544232, 1.567798074748781, 1.546997077189959, 1.5269458775336926, 1.5063891815833557, 1.4845029974085653, 1.4658875378788028, 1.4452178972399132, 1.424594325132859, 1.4089871232326214, 1.3893571959601507, 1.371996188775087, 1.3556058529095771, 1.3406008838588357, 1.3254773726320674, 1.309877248146595, 1.2967404190801148, 1.2855897408265333, 1.2733428124179187, 1.2619208609446502, 1.2538822102241027, 1.2416716256202796, 1.2334880777913282, 1.2233946183298388, 1.2160007225142584, 1.2091316871154003, 1.2018596743926024, 1.1953975377429245, 1.1901484511346898, 1.1828552326585493, 1.1780082718429403, 1.1725220749011407, 1.1689472407357306, 1.163849576161458, 1.1594524088068905, 1.1555129062925649, 1.1514681231262338, 1.1474700427462912, 1.144578963263422, 1.1420049323485448, 1.1383264884989486, 1.1349485180316827, 1.1318107917268052, 1.12952149576611, 1.1266916893486283, 1.124029139422963, 1.1221060434467771, 1.1197730437812643, 1.116970940023406, 1.1150590591451042, 1.1127601938369946, 1.1112792402760596, 1.1085173650684519, 1.1067291982153542], "test_loss": [1.131695763397217, 1.1092003631591796, 1.0705600944519043, 1.0102147079467774, 0.9625883247375489, 0.947367300415039, 0.9512313117980957, 0.977359571838379, 0.9946835861206055, 0.9272385246276855, 0.9119865219116211, 0.9542429710388184, 0.9504966720581055, 0.9690092651367187, 0.9303267951965332, 0.920634642791748, 0.9332257064819336, 0.9588315063476562, 0.888445263671875, 0.9663119812011719, 0.8766607810974121, 0.9328864562988282, 0.9579266273498536, 0.8883275283813477, 0.8902663917541503, 0.9038882377624512, 0.9302287719726563, 0.8967438789367675, 0.974133627319336, 0.982170768737793, 0.9782662048339844, 0.9895490676879882, 0.9961946296691895, 0.9666146171569824, 0.951583657836914, 0.9470095390319824, 1.0105467514038087, 1.0092845260620118, 0.9585550498962402, 1.0054814071655274, 0.9209104499816895, 1.0219138015747071, 1.051067091369629, 0.9712324737548829, 1.0139192276000977, 1.0313185012817383, 1.0473781982421875, 1.1351806144714356, 1.05131619720459, 1.0826829010009766, 1.093008901977539, 1.0528622924804687, 1.0992309326171874, 1.0370407859802246, 1.1819242485046386, 1.1428399017333983, 1.1523309951782226, 1.18542933883667, 1.1491946006774902, 1.1721851387023925, 1.1923296615600585, 1.2158921867370605, 1.200696974182129, 1.1857974822998048, 1.2071061721801757, 1.2280134864807128, 1.237158155822754, 1.3392809494018554, 1.2423110122680665, 1.232616835784912, 1.2619449630737305, 1.2603408386230468, 1.2606458618164063, 1.249582805633545, 1.2589980995178223, 1.3349259155273439, 1.3431586639404296, 1.2669106742858887, 1.3417261543273926, 1.308778106689453, 1.3171240425109862, 1.2992095596313478, 1.3108772254943848, 1.3418238319396973, 1.329501377105713, 1.3537462646484375, 1.3461618606567383, 1.3520236267089845, 1.348128977203369, 1.3690499145507813, 1.370287954711914, 1.405247479248047, 1.3690671447753906, 1.3297313514709472, 1.340459268951416, 1.3910376083374023, 1.3274351104736328, 1.3766063949584961, 1.3635747131347655, 1.4156207077026368], "test_acc": [91.91, 95.1, 96.48, 97.45, 97.47, 97.87, 97.81, 97.88, 98.14, 98.28, 98.38, 98.23, 98.25, 98.33, 98.35, 98.12, 98.24, 98.21, 98.18, 97.98, 98.11, 97.9, 97.69, 97.95, 97.7, 97.69, 96.93, 96.96, 95.79, 94.16, 95.08, 93.29, 92.15, 92.7, 91.41, 89.92, 87.53, 87.07, 86.85, 84.96, 86.89, 81.32, 79.86, 81.74, 80.51, 78.53, 77.22, 71.61, 74.39, 73.46, 72.05, 72.85, 70.71, 73.35, 66.02, 67.65, 67.38, 65.82, 65.87, 65.81, 65.04, 63.45, 64.52, 64.75, 63.66, 63.12, 62.73, 58.13, 62.16, 62.74, 61.04, 60.92, 61.39, 61.75, 61.25, 58.34, 57.28, 60.87, 57.62, 59.9, 58.79, 59.98, 59.54, 57.99, 58.13, 57.14, 57.85, 57.59, 57.78, 57.05, 56.84, 56.0, 56.76, 58.42, 57.77, 56.27, 58.91, 56.47, 57.03, 55.16]}