{"train_loss": [1.1515728999406865, 0.9032652674831896, 0.8724911047352685, 0.855533883230299, 0.8437083623348138, 0.83239360484812, 0.8251844822851002, 0.8176011660287523, 0.8108381761444939, 0.8041983892520269, 0.7983596817805216, 0.7916154433519412, 0.7850759869966751, 0.7781228109175323, 0.7722168058539048, 0.7638393114519935, 0.7568949991439142, 0.7488331658463193, 0.7406282410917119, 0.7314538272400187, 0.7231829720429885, 0.7123268493092977, 0.7010214305204204, 0.6895607029143561, 0.6766857587628894, 0.6645589065220621, 0.6490083295438025, 0.6349696480692961, 0.6195884562200971, 0.6035624770527213, 0.5847739149362613, 0.5646724782438359, 0.5471177552627702, 0.5275384933393226, 0.5077068777675302, 0.48656215868953967, 0.46520419316923517, 0.44567544070573956, 0.4252262007222216, 0.4027035684667082, 0.3836124678198089, 0.3643180656318481, 0.3465354814170263, 0.32837578740257484, 0.313172197367391, 0.29740250550019437, 0.2850600069977789, 0.2732885508583142, 0.2640862478596023, 0.25599123190483475, 0.2489446727001769, 0.24312525035606491, 0.23874955121268573, 0.2341577880976037, 0.22991265939214292, 0.22664043450584778, 0.22381535194750524, 0.22098078187077475, 0.21874226798486507, 0.21604606677961147, 0.21322687400075105, 0.21153322365294155, 0.20959353822673488, 0.20747149748425198, 0.20561716807448965, 0.20367190003013, 0.20219513449149254, 0.20086633394926023, 0.1992703553957817, 0.19769344714462248, 0.19680678443266794, 0.19521737213318163, 0.1942451630328965, 0.1929033945640947, 0.19141980069570053, 0.19077168478288203, 0.18966057543189097, 0.18887164930884653, 0.1874938036323103, 0.18650891383488974, 0.18590906972431728, 0.18485132999654508, 0.18384850840283257, 0.18320938339854917, 0.18223719416647896, 0.1816013748001339, 0.1808679202873992, 0.18021359781806284, 0.17927452539786315, 0.17891471492301705, 0.17837745979683012, 0.17772710651286647, 0.1773890844012937, 0.17655732164270857, 0.17601688480020589, 0.1755387066011755, 0.17514936377604803, 0.1746260072940435, 0.1741207600531415, 0.17371704601324522], "test_loss": [0.2748921217918396, 0.24359126749038695, 0.2674458911895752, 0.2492974561691284, 0.2296763593673706, 0.2464027421951294, 0.24741189918518067, 0.2101001895904541, 0.235030926322937, 0.19341030101776124, 0.20889432640075684, 0.21161771087646483, 0.2135150100708008, 0.2184566858291626, 0.20805788688659668, 0.1716426830291748, 0.1811480972290039, 0.21602724514007568, 0.2133021963119507, 0.24095291023254395, 0.2138402431488037, 0.18637253551483154, 0.25244105339050293, 0.255182625579834, 0.21115528526306152, 0.18187953948974608, 0.19454733848571779, 0.2378019763946533, 0.2645265983581543, 0.20613292369842529, 0.2807219264984131, 0.23008314781188965, 0.26901275444030764, 0.24613249187469483, 0.24895126876831056, 0.1993491289138794, 0.2197671856880188, 0.2576971218109131, 0.31713264293670657, 0.26564387283325197, 0.25528984241485597, 0.2535265811920166, 0.24279864253997802, 0.25913166255950926, 0.2446619167327881, 0.23814842653274537, 0.2370216215133667, 0.24113402280807494, 0.24406539316177367, 0.2540075819015503, 0.271119232749939, 0.2469900712966919, 0.23973858366012574, 0.2550473793029785, 0.24399987869262696, 0.24486159067153931, 0.23977921619415282, 0.2592838611602783, 0.26094488162994384, 0.2500327105522156, 0.2559184142112732, 0.257188468170166, 0.25883764781951907, 0.2745778970718384, 0.26463134746551514, 0.2519945967674255, 0.27413679285049436, 0.2595851776123047, 0.2625692687034607, 0.2698929492950439, 0.2669820402145386, 0.2680704312324524, 0.27461554946899414, 0.27392921142578125, 0.2765957721710205, 0.2754814863204956, 0.27757092666625977, 0.27115749521255494, 0.27894131298065183, 0.2819767250061035, 0.2780821629524231, 0.2767242250442505, 0.28665580520629885, 0.27492397747039793, 0.27970856122970583, 0.27874574890136716, 0.278437494468689, 0.280511834526062, 0.28165711698532103, 0.28381574440002444, 0.2802005139350891, 0.2797353627204895, 0.2817994255065918, 0.2891359292984009, 0.2805128498077393, 0.278991926574707, 0.27966169891357423, 0.28437371406555173, 0.2817715856552124, 0.29029033889770506], "test_acc": [96.81, 97.97, 98.32, 98.6, 98.46, 98.59, 98.78, 98.76, 98.7, 98.81, 98.89, 98.86, 98.68, 98.8, 98.82, 98.85, 98.84, 98.86, 98.67, 98.55, 98.46, 98.53, 98.21, 98.03, 98.5, 98.26, 98.12, 97.36, 95.84, 97.26, 95.64, 96.53, 95.63, 95.38, 94.93, 95.94, 95.15, 93.62, 92.0, 93.31, 93.56, 93.52, 93.46, 93.1, 93.24, 93.52, 93.69, 93.39, 93.45, 93.18, 92.56, 93.35, 93.67, 93.25, 93.19, 93.44, 93.4, 93.17, 92.88, 93.18, 92.99, 93.3, 93.06, 92.79, 92.84, 93.07, 92.51, 92.96, 93.01, 92.59, 92.91, 92.65, 92.26, 92.61, 92.44, 92.35, 92.54, 92.65, 92.44, 92.19, 92.52, 92.53, 92.31, 92.68, 92.48, 92.61, 92.5, 92.48, 92.27, 92.23, 92.5, 92.5, 92.57, 92.36, 92.34, 92.51, 92.45, 92.31, 92.49, 92.17]}