{"train_loss": [1.4676627659390116, 1.2565585402851431, 1.2264891476967397, 1.210582112527301, 1.1980266011932976, 1.1873560053670509, 1.1787678321712038, 1.17044511411944, 1.1631791684617343, 1.1553097495920637, 1.149155773031406, 1.1408875522195783, 1.1333338057892954, 1.1260514159997304, 1.1179382734828525, 1.1084245867454088, 1.0993872642771811, 1.088500946505457, 1.0778820778314884, 1.0670781830946605, 1.0534595259998598, 1.0400095648235745, 1.0240252523595452, 1.0078570917885528, 0.9903522678929516, 0.9706893877850639, 0.94846964863121, 0.925884675521117, 0.901096743141484, 0.8748120457952858, 0.8485770193684814, 0.8181087360677556, 0.7895959744341353, 0.7568892313119693, 0.7233598562132599, 0.6927304023988227, 0.6579606916405197, 0.6213678986980364, 0.5929579245738494, 0.5593633426305575, 0.5235397125411237, 0.48890594647735613, 0.460269812016915, 0.43063369520709044, 0.4005083051374835, 0.37578925445803213, 0.3528051664177169, 0.33035593463951707, 0.31143134927902466, 0.29569249090730637, 0.2834771094031823, 0.27451049281745893, 0.2672985955818087, 0.26059943676376957, 0.2536869592900969, 0.24883335790573022, 0.2452452050951811, 0.2398339067068365, 0.2371116070729545, 0.23336550784416688, 0.2297247889268602, 0.22682908737761343, 0.22451590759377194, 0.22107087741168135, 0.21931932812445185, 0.21683659277155867, 0.21425157893671948, 0.2123779474924772, 0.2103790025998894, 0.2078756394549313, 0.20629599263780138, 0.20484581631090906, 0.20297569249812356, 0.2013385769330029, 0.20009770976681995, 0.1985200690344358, 0.19688696309159964, 0.195907424753293, 0.194559873901626, 0.19328928229391065, 0.19208018402131194, 0.19091481132767138, 0.18986997489108998, 0.18905525323417452, 0.18805029628495884, 0.18707155601845848, 0.18639848451329094, 0.18568288194190744, 0.1849344741139147, 0.18416558664578658, 0.18348618829224864, 0.18272139558680037, 0.18218006588454938, 0.18163974331612262, 0.18127538190565556, 0.18042793933652404, 0.18004760244845325, 0.1795928730414464, 0.17911470420340186, 0.17851881972617573], "test_loss": [0.47274901905059813, 0.36324336776733396, 0.4283460578918457, 0.39527750244140625, 0.39043595581054685, 0.3221495855331421, 0.3797261791229248, 0.3768977523803711, 0.38911335182189943, 0.29531486587524414, 0.32958604946136477, 0.3289647825241089, 0.34702724876403807, 0.32996069755554197, 0.3064654356002808, 0.2735499631881714, 0.3520022735595703, 0.32590640144348143, 0.36289045944213866, 0.42848879013061525, 0.44507631416320803, 0.33389384689331053, 0.3515720317840576, 0.37175481071472166, 0.38347694549560546, 0.4424878116607666, 0.354730944442749, 0.34788144340515137, 0.4687859397888184, 0.34978047428131104, 0.37124222526550293, 0.4865840045928955, 0.3944216045379639, 0.353945281791687, 0.42553113403320314, 0.3580753860473633, 0.37940126209259034, 0.45301204109191895, 0.37806304130554197, 0.4305533905029297, 0.3840239454269409, 0.48497469482421873, 0.5384274940490723, 0.5193699893951416, 0.5054692850112915, 0.5256019947052002, 0.506761453819275, 0.5466826807022095, 0.53166510887146, 0.502148994064331, 0.4841964582443237, 0.5555668830871582, 0.5018613468170166, 0.5378123912811279, 0.5169063070297241, 0.5622915126800537, 0.5147467468261718, 0.5551807941436767, 0.5491415035247803, 0.5566155975341797, 0.5631428478240966, 0.5585826076507568, 0.5695095520019531, 0.568447972869873, 0.5561701644897461, 0.5728873607635498, 0.5756429637908935, 0.5772973834991455, 0.5776795082092285, 0.5737344966888428, 0.5953646839141846, 0.6121077278137207, 0.5841413803100586, 0.5939923377990722, 0.5955891750335693, 0.5963104804992676, 0.5944902702331543, 0.6236842456817627, 0.6015648277282715, 0.606677018737793, 0.6236534172058106, 0.6129101890563965, 0.6029693328857422, 0.6248020874023438, 0.6251940162658691, 0.6141985172271729, 0.6017199790954589, 0.6067964267730713, 0.6061210926055908, 0.6318379447937011, 0.6272954299926757, 0.6276799922943115, 0.6178134559631347, 0.6231125839233398, 0.6217041049957276, 0.625042151260376, 0.6249415054321289, 0.6215838581085205, 0.6347538646697998, 0.6541569278717041], "test_acc": [96.41, 97.26, 97.87, 98.15, 98.31, 98.56, 98.32, 98.63, 98.56, 98.6, 98.7, 98.54, 98.61, 98.77, 98.57, 98.65, 98.67, 98.65, 98.47, 98.18, 98.09, 98.2, 97.83, 97.49, 97.58, 95.95, 96.08, 96.27, 92.6, 94.67, 93.97, 88.8, 92.31, 92.74, 89.87, 91.87, 90.47, 87.6, 89.72, 87.82, 89.54, 86.06, 84.0, 84.68, 84.97, 84.3, 84.73, 83.36, 84.31, 84.9, 85.46, 83.38, 84.92, 83.58, 84.31, 83.03, 84.42, 83.12, 83.34, 83.33, 83.02, 83.02, 83.05, 82.56, 83.3, 82.46, 82.57, 82.51, 82.52, 82.58, 81.86, 81.4, 82.12, 82.07, 81.87, 81.84, 82.0, 81.11, 81.66, 81.47, 80.86, 81.33, 81.53, 81.12, 80.99, 81.42, 81.7, 81.48, 81.59, 80.74, 81.08, 80.96, 81.07, 81.19, 81.13, 80.99, 80.78, 81.15, 80.82, 80.07]}