{"train_loss": [2.29409705217068, 2.282171110312144, 2.277169767098549, 2.2739264705242257, 2.271433281083392, 2.2694639023552594, 2.267800099319882, 2.2666568557421365, 2.265106192511371, 2.2640660344026027, 2.2625794064285407, 2.2613059730611296, 2.2601404200252304, 2.2588430255906196, 2.257486807484912, 2.2558443408745985, 2.254255348800594, 2.252422492728274, 2.2504677487234783, 2.2482724943731585, 2.24638544035773, 2.2436840121562662, 2.240889258364327, 2.2379925867431183, 2.2346014258189077, 2.231082563726311, 2.2267361084620156, 2.2224569172940702, 2.2177788289184246, 2.2123718883237267, 2.2060638941251316, 2.1994393564697003, 2.1929336236073422, 2.184871577299558, 2.1758104853141003, 2.166526505580315, 2.1564047117518563, 2.145214833255507, 2.1333675236783476, 2.1213769568846774, 2.1064883990165515, 2.089909148012471, 2.074058114208727, 2.0580332353074327, 2.0384335772604003, 2.0173716448311114, 1.9983763501175449, 1.976678907361805, 1.9540415948782213, 1.932091152566111, 1.9056732922028272, 1.880781583296947, 1.8578127920627594, 1.8316198131467543, 1.8073585224457276, 1.7830838087277534, 1.7581982500532753, 1.7353208370697804, 1.709997644027074, 1.6849691656410184, 1.6614304495672894, 1.6430228938404312, 1.621474680228111, 1.599627442848988, 1.5811503127089932, 1.5626716061025603, 1.5448201838721576, 1.527978853537486, 1.5126372066318479, 1.4967279956381545, 1.4819140212658124, 1.4694419831801684, 1.45873725006723, 1.4452568863192174, 1.4352113316711197, 1.4244917694829469, 1.4154719307891324, 1.4054586772735302, 1.3987855786441739, 1.3903447893949656, 1.383635360461015, 1.3758213224574032, 1.3711870669299722, 1.3648616294575553, 1.3586323561831417, 1.352907568980486, 1.3481600457786496, 1.3439928239736803, 1.3396134465678124, 1.337195576256157, 1.333026581340366, 1.3282186483216083, 1.3257969355481303, 1.3213242559860914, 1.3182691949554997, 1.3145950286306887, 1.3117275574268439, 1.3093189762698278, 1.3067020279729469, 1.3040811926381202], "test_loss": [2.020888720703125, 1.9126352249145508, 1.8950349075317383, 1.812111004638672, 1.775830908203125, 1.7786260055541991, 1.765318650817871, 1.735569757080078, 1.7702385421752929, 1.7295868713378906, 1.71776863861084, 1.7249931793212891, 1.6980502395629882, 1.7706500015258788, 1.7095971954345703, 1.744029508972168, 1.7244348739624022, 1.7106415267944335, 1.6688016326904296, 1.687707911682129, 1.7067889785766601, 1.6955983154296874, 1.7286588638305664, 1.7122259719848634, 1.7061239364624023, 1.7069833251953126, 1.6960266326904296, 1.7006776870727538, 1.7489067291259766, 1.7622667556762694, 1.67191251373291, 1.7331570404052734, 1.7738764404296874, 1.748649417114258, 1.7406753555297851, 1.7530872909545898, 1.763168687438965, 1.7984546661376952, 1.7688140472412108, 1.8540225357055664, 1.8061853302001953, 1.8858256866455079, 1.8078868560791015, 1.8569768997192382, 1.7648050338745118, 1.8793037155151366, 1.8505746276855468, 1.9232367813110351, 1.9440207763671875, 1.8836991973876953, 1.9362513473510743, 1.9904666320800781, 1.909912823486328, 1.9904078842163087, 2.0746633865356445, 2.034315997314453, 2.0437858795166015, 2.176822055053711, 2.189452116394043, 2.200530986022949, 2.153614323425293, 2.153403094482422, 2.163499366760254, 2.126104763793945, 2.188442401123047, 2.1944939041137697, 2.276155207824707, 2.2527872833251954, 2.2699096115112303, 2.308814138793945, 2.338311827087402, 2.400416293334961, 2.3852296813964844, 2.3989619720458983, 2.3225980880737302, 2.3992318481445314, 2.381992964172363, 2.440451675415039, 2.361613346862793, 2.4238089538574217, 2.286896110534668, 2.4351446838378905, 2.373140301513672, 2.426560494995117, 2.4008956604003906, 2.4649586181640624, 2.3834908172607423, 2.391859851074219, 2.447275228881836, 2.3995246765136717, 2.513290328979492, 2.4768161560058592, 2.4152053497314454, 2.421884246826172, 2.4567619384765624, 2.485344647216797, 2.457923129272461, 2.4706987365722655, 2.5081888580322267, 2.4794526428222654], "test_acc": [73.89, 79.74, 90.22, 91.81, 93.61, 93.52, 94.24, 94.94, 94.88, 95.59, 95.26, 94.66, 94.63, 94.89, 95.02, 95.6, 94.36, 93.37, 94.36, 94.11, 91.82, 92.24, 87.49, 85.08, 84.95, 86.64, 85.02, 82.74, 77.99, 74.03, 77.58, 70.13, 67.46, 66.62, 63.6, 61.18, 58.14, 55.03, 52.86, 46.31, 47.59, 42.27, 45.78, 42.6, 46.63, 41.43, 41.33, 33.8, 35.35, 38.92, 34.48, 30.95, 36.64, 32.44, 31.2, 31.02, 31.2, 26.64, 26.29, 27.4, 27.95, 27.88, 28.47, 29.11, 27.17, 28.33, 26.42, 27.93, 25.57, 24.55, 23.35, 22.48, 22.26, 22.83, 25.03, 24.63, 24.53, 22.69, 25.04, 24.04, 27.26, 23.2, 24.19, 23.45, 23.21, 22.72, 24.6, 25.54, 22.66, 24.65, 21.27, 22.59, 24.79, 23.41, 22.54, 21.79, 22.77, 22.97, 21.43, 22.93]}