{"train_loss": [2.2821485919830127, 2.261699625569531, 2.254868998996213, 2.251226884687049, 2.249047986462585, 2.247535778925969, 2.246377308144529, 2.245333693475805, 2.2445169131979985, 2.2436772696992273, 2.2429302477429056, 2.242366600749839, 2.241725922649742, 2.2409647280334406, 2.240484369106782, 2.2398985822995505, 2.2391390775004005, 2.2386645985464764, 2.2381077026709533, 2.237465533435854, 2.2368262629223685, 2.2363258360797524, 2.2356292931442585, 2.235017616015214, 2.2343674572105083, 2.233641042159154, 2.2329473439444842, 2.2323281683473506, 2.2315683278263125, 2.2306742245315485, 2.229976050874107, 2.2291913058003807, 2.2281583124755793, 2.2272548420816407, 2.2263030883593435, 2.22565836733223, 2.224492825504042, 2.2234355201069107, 2.2222339164497504, 2.2210235911556797, 2.2201726080006003, 2.2188600602312984, 2.217699398342361, 2.216019922342056, 2.2146449980572758, 2.2130411649361634, 2.211802799986978, 2.2102690930040474, 2.208781941833659, 2.207017970390809, 2.2051651783478565, 2.2034466093422003, 2.2017181678714914, 2.1997564266889524, 2.1978880849658933, 2.196043392022451, 2.1937734805620632, 2.191368444862529, 2.189463097315568, 2.1870248857726398, 2.1844033456256247, 2.182335299304408, 2.179258035798358, 2.1772255734500723, 2.1742670867178173, 2.171626896939726, 2.1690367597800035, 2.1657765176561146, 2.1635653626205573, 2.1604391356818695, 2.157257032190633, 2.1546614068186183, 2.151711127187452, 2.1486153240896697, 2.1453430708656964, 2.142104661362803, 2.1380497650203543, 2.135414444992685, 2.1321679959949265, 2.1291734341882234, 2.125313711981488, 2.122443713184096, 2.1191527446111045, 2.1150985940908775, 2.11167585136544, 2.1080734357874618, 2.1052293935392656, 2.1016143983245916, 2.098487255919693, 2.0937480442544336, 2.091605849755116, 2.088012488479288, 2.084651487505334, 2.081505960888333, 2.0788636202486153, 2.0743648318143992, 2.072334109717964, 2.068261851102878, 2.06588149172628, 2.0619548798626304], "test_loss": [1.8293783706665039, 1.7004867889404296, 1.6748067993164062, 1.6290622680664062, 1.6552691787719727, 1.6176324264526367, 1.6176251586914063, 1.607135528564453, 1.593854832458496, 1.5875173934936524, 1.576658757019043, 1.5682104049682617, 1.5381217330932617, 1.5860663055419921, 1.5851141250610352, 1.5739962783813477, 1.5711477172851562, 1.5648942642211914, 1.5282903930664062, 1.554377311706543, 1.5310627227783202, 1.527995979309082, 1.5399031860351562, 1.5518468673706054, 1.540845669555664, 1.535194270324707, 1.5592464675903321, 1.5397989624023438, 1.5505529846191406, 1.5739530502319337, 1.5326836181640624, 1.5487619354248048, 1.5266215805053711, 1.5431299346923828, 1.5378264434814453, 1.505538427734375, 1.5526722396850585, 1.554648959350586, 1.4795475708007813, 1.5572775482177734, 1.577271531677246, 1.590267221069336, 1.5372026031494141, 1.5384694137573243, 1.4939836502075194, 1.5465127471923827, 1.5086771484375, 1.5675386505126954, 1.5374015090942383, 1.5450619171142579, 1.512086212158203, 1.5916507080078126, 1.5463324356079102, 1.5303619720458985, 1.560401956176758, 1.5926566696166993, 1.5399093475341796, 1.5514294052124022, 1.5820626007080079, 1.5257360961914062, 1.5983371475219728, 1.5576649169921875, 1.5404635208129882, 1.6230052459716797, 1.5689108184814453, 1.6212841552734376, 1.6043242904663086, 1.5764292114257812, 1.5595465026855468, 1.598331510925293, 1.609472378540039, 1.6257431091308594, 1.5923732162475586, 1.609653074645996, 1.6704956192016602, 1.5935152633666991, 1.5898816131591798, 1.5447701950073243, 1.5561410247802734, 1.6354874221801758, 1.5557450866699218, 1.561677751159668, 1.6295811813354493, 1.6664129745483398, 1.6428917724609375, 1.5797322555541993, 1.6462999572753907, 1.584463055419922, 1.6863816955566406, 1.6613801086425781, 1.6349270156860352, 1.61400887298584, 1.6163447631835937, 1.6276986755371095, 1.6507132614135742, 1.679457664489746, 1.6308436950683594, 1.7034789474487304, 1.6822349029541015, 1.6892441696166993], "test_acc": [77.63, 90.55, 91.61, 94.33, 95.16, 95.81, 95.84, 96.53, 96.82, 96.91, 96.98, 97.29, 97.4, 97.26, 97.57, 97.32, 97.47, 97.59, 97.69, 97.87, 97.93, 97.6, 97.75, 97.49, 97.9, 97.8, 97.74, 97.51, 97.74, 97.23, 97.71, 97.38, 97.63, 97.24, 97.07, 97.43, 97.18, 97.05, 96.87, 96.2, 95.84, 95.09, 95.23, 95.3, 95.96, 94.56, 95.47, 92.52, 92.83, 93.34, 93.57, 89.69, 91.44, 91.67, 86.86, 88.47, 87.72, 88.42, 84.09, 86.8, 80.88, 84.0, 84.65, 79.48, 80.66, 75.98, 78.84, 78.76, 80.77, 76.37, 72.29, 71.44, 74.17, 73.16, 67.28, 71.66, 70.39, 71.25, 71.34, 65.58, 70.97, 68.91, 66.68, 61.49, 61.98, 67.95, 59.87, 67.57, 60.23, 59.66, 62.43, 63.51, 63.11, 59.47, 59.15, 58.45, 60.53, 56.37, 55.38, 55.26]}