{"train_loss": [2.1156073352719984, 2.0226639919301386, 2.006038956917249, 1.9968420221255376, 1.9915637771288555, 1.9861984971242073, 1.9822291067013373, 1.9783439878215137, 1.9754502128841531, 1.9716967619382417, 1.9687667476315784, 1.9651491130009675, 1.962031255929898, 1.9588431043502612, 1.9553859399424658, 1.9511936666109624, 1.9472582268918681, 1.9427014365155473, 1.93839515096102, 1.9331897023396614, 1.9285348686907027, 1.9224011569451063, 1.9168891101820855, 1.9104091153185592, 1.9023771594222794, 1.894684802263211, 1.8859712081587212, 1.8775589529775147, 1.8670585025579503, 1.856553871407468, 1.8447809975880842, 1.8311886858736348, 1.8189541829956903, 1.802562800482807, 1.7874316135023394, 1.7717696252541664, 1.7525909983704233, 1.7346642962378314, 1.7146636550752525, 1.6961335371702144, 1.6732938248887022, 1.653013998371923, 1.6313981502993493, 1.6082226646761608, 1.582934822791662, 1.5614014779910064, 1.5368511304896102, 1.515289398085358, 1.4882196934304686, 1.4637722732164922, 1.4411248661514022, 1.4179972835585601, 1.394703558112821, 1.3737545555982835, 1.3526434055250933, 1.3317908552976756, 1.3108188869097295, 1.2950334612630372, 1.2791057588198247, 1.2621934632969718, 1.2470876322342799, 1.2325261492505033, 1.219807685440422, 1.2054569053853679, 1.1951667325109498, 1.1831148503682551, 1.1745201415485806, 1.1655156255787253, 1.156493535153886, 1.1480706069204543, 1.140622170817139, 1.133279517929778, 1.1278850023563092, 1.1204059783719544, 1.1157462102735145, 1.1100295843222203, 1.1049217775336697, 1.0998058991554456, 1.0948033625753517, 1.091277395812874, 1.087661365667979, 1.084055510086891, 1.079708494946488, 1.0767084388141959, 1.0730319468893557, 1.0695457163020077, 1.0668481804876246, 1.063510089348524, 1.0610399895753615, 1.058523352074827, 1.0559499401312609, 1.0535372067720463, 1.0507804160444145, 1.0482450270245218, 1.0464976539469173, 1.0438516822635617, 1.0421493855806498, 1.0403855379320617, 1.0382250915480475, 1.0370432453023062], "test_loss": [1.1931580894470215, 0.9944555038452149, 0.999431509399414, 1.0110450866699219, 1.0347900123596192, 1.0498751808166504, 0.927813126373291, 0.948635945892334, 0.9796071136474609, 0.962547933959961, 0.9875304725646973, 1.0146340156555176, 0.9462539390563964, 1.0239273178100585, 0.9171627388000488, 1.0084443542480468, 1.0139121116638183, 1.0240008430480958, 0.9446845932006835, 0.9516428909301757, 0.9414040313720703, 0.9599582618713379, 0.9446693954467773, 0.9754911087036133, 0.909295002746582, 0.913944701385498, 0.9840140876770019, 0.9935835189819336, 0.9393365257263183, 0.9017909439086914, 1.0014997299194337, 0.9891816520690918, 1.0163585777282715, 1.0058966865539551, 1.0216552223205566, 1.0724734817504882, 1.0739979080200195, 0.9602011283874512, 1.0264617614746094, 1.1124482292175293, 1.0413350875854492, 1.0569533126831054, 1.0610387001037598, 1.0067496978759765, 1.157656643676758, 1.0437872596740723, 1.109642253112793, 1.1544524116516113, 1.1099088661193848, 1.2303567192077636, 1.152623935699463, 1.2391258880615235, 1.120386309814453, 1.2715903785705567, 1.2039979583740235, 1.2119606018066407, 1.305174111175537, 1.2673560653686524, 1.313204411315918, 1.3124939582824706, 1.304336547088623, 1.3359503860473634, 1.2597457580566407, 1.2595658973693848, 1.2954952865600586, 1.2520857360839843, 1.3156925018310548, 1.3526665725708007, 1.3499050651550293, 1.3541683082580567, 1.4347313690185546, 1.418595361328125, 1.4028922744750976, 1.3629889724731445, 1.3837213676452638, 1.3826341781616212, 1.4425019500732421, 1.4114048187255859, 1.3560146263122559, 1.4150724510192871, 1.4180450271606446, 1.4333276321411133, 1.41514052734375, 1.489911688232422, 1.460411441040039, 1.4314756576538086, 1.435580795288086, 1.4322136154174805, 1.4005619857788085, 1.4634578643798828, 1.4955730667114258, 1.49447908782959, 1.5052940521240235, 1.4503181884765626, 1.4934124069213868, 1.5003525848388672, 1.4850513961791991, 1.4608957397460938, 1.509613278198242, 1.467622409057617], "test_acc": [93.35, 95.71, 96.42, 96.78, 97.43, 97.76, 97.75, 97.74, 97.88, 98.1, 97.96, 97.64, 98.09, 97.92, 97.98, 98.11, 97.85, 98.0, 98.17, 97.77, 98.0, 97.63, 97.67, 97.51, 96.82, 96.76, 96.05, 95.45, 95.48, 95.8, 93.16, 91.97, 91.56, 90.06, 87.84, 84.79, 83.41, 85.43, 82.12, 78.52, 79.96, 79.1, 77.53, 79.09, 69.68, 75.85, 72.53, 69.85, 70.13, 65.13, 68.26, 63.28, 68.7, 62.27, 65.02, 63.82, 59.35, 61.1, 58.11, 59.05, 59.63, 58.01, 61.59, 60.99, 59.81, 61.29, 59.15, 57.66, 57.5, 57.24, 54.17, 54.76, 56.06, 56.21, 56.05, 56.61, 54.45, 54.95, 57.4, 55.09, 54.58, 53.87, 55.23, 51.81, 53.32, 54.58, 54.24, 54.06, 55.87, 53.4, 51.8, 52.67, 51.69, 54.02, 52.1, 51.33, 52.91, 53.87, 51.84, 53.35]}