{"train_loss": [2.3021288121867385, 2.3013183902471495, 2.3008375437850628, 2.3005874258840184, 2.3004272529202647, 2.3003044046907344, 2.3002014842807736, 2.3001121868435135, 2.3000344812360582, 2.299963899147816, 2.299902180321196, 2.299847130592053, 2.299799168211782, 2.2997551932294145, 2.2997168491029334, 2.299683736430274, 2.299652640636151, 2.299625704431126, 2.299601348546835, 2.2995795413979097, 2.299560650291606, 2.2995436599111962, 2.2995272278785706, 2.2995123639065995, 2.299498482647105, 2.299486237713414, 2.299473913816305, 2.299462505385407, 2.299452076610337, 2.299442405374641, 2.299432817687336, 2.299423234585004, 2.299415502283308, 2.2994069798379884, 2.299400029019413, 2.299392667081621, 2.299385275596227, 2.2993776416167235, 2.299372012289161, 2.299365788952917, 2.299358985362909, 2.2993535440192265, 2.2993474449866858, 2.2993417458656507, 2.2993360019137716, 2.2993319946476536, 2.2993266633433156, 2.2993209519956865, 2.2993164021744685, 2.299310507937374, 2.299308237866459, 2.299301996190324, 2.299298531988747, 2.2992932786289444, 2.2992903997755456, 2.299285933502719, 2.2992824056209664, 2.2992772877725782, 2.2992735851524224, 2.2992699548729463, 2.299266891601758, 2.2992634895520334, 2.299259775214725, 2.2992559594985766, 2.2992533353658824, 2.299248959773626, 2.299245544987866, 2.2992428699110308, 2.2992399141319795, 2.299237731684986, 2.299233823759943, 2.2992307569226647, 2.299228318226643, 2.2992261255908217, 2.2992227490131674, 2.299219902254577, 2.2992166499806266, 2.299214177661472, 2.2992123395968704, 2.2992097694649654, 2.2992071611249547, 2.299205428005284, 2.299201533325717, 2.299200298439743, 2.299197843951038, 2.299195190270742, 2.2991922523221398, 2.299190771375966, 2.299188695402227, 2.2991866428627925, 2.299183494005448, 2.299182129211915, 2.2991792452641024, 2.299176927305694, 2.299175125411433, 2.299173847732381, 2.29917163726611, 2.2991691944945574, 2.299167315674643, 2.2991658897481413], "test_loss": [2.258436431884766, 2.2177238616943358, 2.190486657714844, 2.1756286346435547, 2.1657925354003904, 2.1581738220214843, 2.151846487426758, 2.1461857421875, 2.1414468292236326, 2.136567739868164, 2.1330878814697267, 2.1289079498291015, 2.1252957183837893, 2.1226618041992187, 2.1204365203857423, 2.1178076171875, 2.115393780517578, 2.1133567749023436, 2.1111627624511717, 2.1099260406494142, 2.108657830810547, 2.107845913696289, 2.106260931396484, 2.1056398010253905, 2.104187078857422, 2.104057321166992, 2.102614288330078, 2.1016651306152343, 2.101381832885742, 2.10075627746582, 2.099995184326172, 2.0990519622802735, 2.0989437377929687, 2.09756731262207, 2.0976027801513673, 2.0975218017578126, 2.0961263427734376, 2.0957955932617187, 2.095655847167969, 2.0958210052490234, 2.095371630859375, 2.0947392944335936, 2.0948551177978514, 2.094362478637695, 2.094270993041992, 2.093247790527344, 2.092729821777344, 2.092778515625, 2.0917153900146483, 2.093484942626953, 2.0919824493408203, 2.091925491333008, 2.091357144165039, 2.0910334381103515, 2.0909712127685545, 2.0910275024414062, 2.0909262786865233, 2.0907697845458983, 2.0900348236083985, 2.0901985260009766, 2.089663607788086, 2.08966721496582, 2.088980554199219, 2.089041864013672, 2.0885995697021484, 2.0883498474121094, 2.088315609741211, 2.0880690856933595, 2.0875006408691408, 2.0880807342529297, 2.087602984619141, 2.087908834838867, 2.0871999572753905, 2.0877296966552734, 2.087314572143555, 2.086340313720703, 2.0866450866699218, 2.0869587158203124, 2.085823519897461, 2.0870393737792967, 2.0871771759033204, 2.0868905670166016, 2.08571982421875, 2.086279739379883, 2.085793218994141, 2.086124621582031, 2.0860309356689455, 2.084636962890625, 2.0858972076416014, 2.0850323120117187, 2.08321086730957, 2.0855288696289063, 2.0845523986816406, 2.083629632568359, 2.0842935363769532, 2.084730334472656, 2.085071026611328, 2.083224395751953, 2.084403225708008, 2.083753396606445], "test_acc": [64.93, 77.68, 82.85, 86.07, 88.01, 88.93, 89.81, 90.57, 91.14, 91.75, 92.48, 92.72, 93.48, 93.67, 93.97, 94.2, 94.45, 94.71, 94.86, 95.09, 95.2, 95.37, 95.46, 95.6, 95.75, 95.84, 95.92, 95.93, 96.05, 96.08, 96.05, 96.13, 96.22, 96.31, 96.39, 96.4, 96.41, 96.43, 96.57, 96.56, 96.66, 96.68, 96.8, 96.6, 96.84, 96.9, 96.74, 96.92, 96.92, 96.93, 96.84, 96.93, 96.98, 97.08, 97.18, 97.07, 97.13, 97.21, 97.14, 97.24, 97.3, 97.17, 97.22, 97.21, 97.27, 97.26, 97.32, 97.41, 97.38, 97.44, 97.37, 97.37, 97.51, 97.42, 97.47, 97.44, 97.49, 97.57, 97.49, 97.51, 97.51, 97.64, 97.53, 97.63, 97.55, 97.6, 97.67, 97.68, 97.62, 97.64, 97.66, 97.64, 97.68, 97.78, 97.63, 97.75, 97.7, 97.66, 97.69, 97.8]}