{"train_loss": [2.3025764033325715, 2.3020435699030886, 2.30172609213071, 2.3014690386943326, 2.30129643332245, 2.301106216561081, 2.3009870836877417, 2.300819125949827, 2.3006607446915064, 2.300545102510697, 2.3003472813174257, 2.3002164409710812, 2.300078140874194, 2.299942286605509, 2.2997820377349854, 2.2996312980977898, 2.2994782109545846, 2.2992964386940002, 2.2991169028811984, 2.2989408139489655, 2.2987524138556585, 2.298504590478718, 2.2983355751404395, 2.298150809911581, 2.297903716054737, 2.2977053456836276, 2.2973663022375512, 2.2971273079896584, 2.29683961165257, 2.2964932144197645, 2.2962417694238515, 2.295811264942854, 2.2955603242939353, 2.2950571770341988, 2.294702508001246, 2.294349438104874, 2.2938435571825404, 2.2933775471825886, 2.29273727357897, 2.292289305955936, 2.2917506175163465, 2.2911148881300902, 2.2905448782138333, 2.2897636503235907, 2.2890437204613643, 2.2882705453114633, 2.287506910980257, 2.2866845227714276, 2.2858748863904905, 2.284859861064161, 2.2839731849156895, 2.282998387120728, 2.2818462792624774, 2.2807502288084764, 2.279838708221403, 2.2784680499989762, 2.277407314023401, 2.275580272715316, 2.2744994025964003, 2.2726207130994553, 2.2714345439886436, 2.269861176992074, 2.2678999034767475, 2.2664812446659446, 2.264324387933454, 2.2624810368586807, 2.2603128700174837, 2.258359089366391, 2.255827754481226, 2.2533485828301845, 2.2510568937684736, 2.2484075748003445, 2.2458679456996102, 2.2428512960417657, 2.240230185353858, 2.236888451453967, 2.2334824907474027, 2.2305420830718474, 2.227426138189104, 2.223858884257129, 2.219426914667472, 2.2166089334039607, 2.2125537573781786, 2.2080075088729205, 2.203938147960565, 2.1996521873351855, 2.195900496764061, 2.19049109149183, 2.1866186174572024, 2.1816716535478577, 2.1778844696843724, 2.172547756606697, 2.1680318117141724, 2.162678374693944, 2.1583670856606245, 2.1532254967934046, 2.1482112957881045, 2.1427360574404397, 2.1373690157874017, 2.1326406486014013], "test_loss": [2.275056271362305, 2.2548304138183592, 2.237723486328125, 2.2235639587402343, 2.2150726654052733, 2.207716500854492, 2.2002315307617186, 2.196729885864258, 2.1904712829589843, 2.184692138671875, 2.181727410888672, 2.177318460083008, 2.1770652740478518, 2.1723214263916018, 2.1656773712158204, 2.1654313385009765, 2.164667138671875, 2.159547430419922, 2.156765808105469, 2.158248712158203, 2.1554405181884766, 2.1503736297607423, 2.153345947265625, 2.1498240753173827, 2.152213787841797, 2.1487129791259765, 2.1504623931884765, 2.1396716674804686, 2.138517904663086, 2.130888897705078, 2.142266552734375, 2.1349227722167967, 2.126343542480469, 2.1306760375976563, 2.1454145782470704, 2.1392142822265625, 2.1408927642822264, 2.135183819580078, 2.124395150756836, 2.134264971923828, 2.137173208618164, 2.143376419067383, 2.1415943603515624, 2.1319686798095705, 2.1386639373779297, 2.1545849456787107, 2.160210827636719, 2.1431726165771483, 2.145552749633789, 2.1491829650878906, 2.1567564636230467, 2.1380264404296874, 2.137798748779297, 2.146275653076172, 2.1616306427001954, 2.1209914672851564, 2.1387075714111328, 2.1772947265625, 2.147434417724609, 2.1514484008789063, 2.1782941864013674, 2.1669324432373047, 2.1688490020751954, 2.1256998291015625, 2.1511640106201173, 2.168933404541016, 2.175844918823242, 2.199595111083984, 2.1873861267089842, 2.2242954193115234, 2.183217184448242, 2.1899958221435547, 2.1636443145751953, 2.17317848815918, 2.1865930419921873, 2.1664701904296875, 2.155417608642578, 2.1813648712158202, 2.1704468536376953, 2.2011170684814454, 2.185925393676758, 2.2099178131103514, 2.1613806396484376, 2.219000671386719, 2.1897021362304687, 2.211931597900391, 2.1829180206298826, 2.191664743041992, 2.2065654510498045, 2.2521032623291015, 2.2693300079345704, 2.2101000396728514, 2.2348993591308592, 2.2428955200195313, 2.242128564453125, 2.2878300109863283, 2.250278549194336, 2.2842015747070312, 2.2825913146972656, 2.221503967285156], "test_acc": [42.54, 59.63, 67.01, 68.99, 78.05, 70.23, 81.22, 78.45, 83.45, 80.68, 83.92, 84.95, 83.76, 86.91, 85.84, 84.19, 84.92, 84.64, 84.73, 82.97, 85.43, 82.83, 81.51, 81.62, 78.28, 80.83, 80.63, 80.67, 78.41, 81.07, 76.11, 76.01, 72.49, 68.72, 64.27, 66.78, 63.3, 64.53, 61.23, 59.46, 49.68, 49.01, 52.13, 51.65, 50.16, 42.08, 41.6, 42.89, 44.45, 38.68, 38.34, 43.41, 40.25, 40.16, 34.89, 40.98, 35.03, 26.14, 32.08, 32.69, 27.15, 28.49, 23.79, 32.95, 29.3, 27.8, 24.3, 23.12, 24.99, 19.79, 22.46, 23.86, 26.04, 23.86, 22.38, 26.24, 26.9, 24.44, 23.63, 23.19, 21.4, 21.42, 24.51, 19.35, 22.05, 22.0, 21.41, 22.32, 21.84, 17.81, 17.01, 20.46, 18.51, 17.74, 17.62, 17.46, 17.43, 18.15, 15.87, 19.24]}