{"train_loss": [0.9597171120918714, 0.6965094881180005, 0.6677891669365076, 0.6533040019054698, 0.6432252232717652, 0.6363261841301225, 0.6295977455810604, 0.6248599143746572, 0.6198176127086338, 0.615372267161679, 0.611189021768733, 0.6079729802460752, 0.6047709851692884, 0.6010011781612014, 0.598111003318913, 0.5953494908335881, 0.5915851008433562, 0.5881297050887703, 0.5852632148143573, 0.5826995967545061, 0.5799416111957314, 0.5768689448889505, 0.5738776237027258, 0.5704523076613744, 0.5678030305948013, 0.5647527229072701, 0.5612833156035497, 0.5576406388073905, 0.5558818617565, 0.5523258759043156, 0.5492277402653654, 0.5454180217069439, 0.5417418916765441, 0.5388064209976767, 0.5358609428517839, 0.5322836151617205, 0.5288556716763056, 0.5253925652076037, 0.5225760054129821, 0.5196896930280913, 0.5162743870009724, 0.5127984137616606, 0.5097515018195169, 0.5076735582616594, 0.5040954234253647, 0.5013315646439536, 0.4985104643891, 0.49608220121799373, 0.49486152375610465, 0.4919354021549225, 0.48940561291499013, 0.4868358149487748, 0.48517074709774083, 0.48270059803612214, 0.4804568121321181, 0.47878804503597766, 0.4774227548613508, 0.4751823112750665, 0.4740940193589936, 0.4726798419132192, 0.47086976978004486, 0.46916457819632995, 0.4679928015057857, 0.4670991326371829, 0.4650739422466001, 0.4641495548252367, 0.4633950087377149, 0.4620817135541867, 0.46102965667716456, 0.4598993616353752, 0.4590840150530522, 0.45766279145947886, 0.4569156272416441, 0.456253792039859, 0.45530215701741034, 0.4546813547101795, 0.4537048494586578, 0.4529926485867582, 0.4519744760587684, 0.45168907329058033, 0.4509135903074191, 0.4501130710809659, 0.44928770372246063, 0.44899592064639443, 0.4482129680422636, 0.44760502792067, 0.4473054362540571, 0.4466925766478237, 0.4460782646878153, 0.4456237162917088, 0.4451107671882352, 0.44453404620926606, 0.4441424661721939, 0.443767631919975, 0.44341529364514554, 0.44261545261256713, 0.4422642759278289, 0.4420277920161557, 0.4417893945151924, 0.4412740038500892], "test_loss": [0.25210755348205566, 0.19855714693069457, 0.19981663389205934, 0.15612958812713623, 0.1785387671470642, 0.18525985355377197, 0.18275484457015992, 0.16195869903564453, 0.17195138483047484, 0.16649019088745118, 0.15093706102371215, 0.1779960654258728, 0.15402044324874878, 0.14266579837799073, 0.16438874883651733, 0.14742058315277098, 0.1585074089050293, 0.1691658308982849, 0.1657594641685486, 0.1620518669128418, 0.13474088859558106, 0.1338471215248108, 0.13151043844223023, 0.12103417472839355, 0.1432353202819824, 0.15623433189392089, 0.15309068603515624, 0.14443359222412108, 0.14399703426361085, 0.17043306913375855, 0.14558853340148925, 0.1451776822090149, 0.14823488388061523, 0.16215222187042236, 0.14005087871551514, 0.12030919208526611, 0.1550487512588501, 0.15190599527359008, 0.1552623194694519, 0.1501051854133606, 0.1540265552520752, 0.14559295530319213, 0.1350898272514343, 0.1253481164932251, 0.1276356375694275, 0.13926189174652098, 0.15366522674560548, 0.13908726501464844, 0.1400652841567993, 0.1520941530227661, 0.1526895528793335, 0.15453682622909545, 0.16929293432235717, 0.15519153633117677, 0.14717718019485473, 0.14688828353881836, 0.12951782207489013, 0.14563382024765015, 0.1716756332397461, 0.1476689203262329, 0.1495640089035034, 0.16915528497695922, 0.15501314544677736, 0.16935690460205077, 0.14992909946441652, 0.15176649980545043, 0.1364105754852295, 0.16146660518646241, 0.14701644535064698, 0.14429861707687378, 0.14065889844894408, 0.13804661512374877, 0.14062985830307007, 0.141227334690094, 0.142972154712677, 0.1422519437789917, 0.16318670330047608, 0.14016226921081543, 0.15270282974243163, 0.14156185035705565, 0.15604501876831053, 0.13824652557373046, 0.14443713245391845, 0.15374904050827026, 0.15748104734420776, 0.15071143751144409, 0.14646139059066773, 0.1460524948120117, 0.17298275947570801, 0.14706717596054078, 0.16170345287322999, 0.1504027331352234, 0.1452054811477661, 0.15130275325775147, 0.144277983379364, 0.14376122522354126, 0.15624072465896607, 0.1502568811416626, 0.15212541608810426, 0.1543870548248291], "test_acc": [97.04, 98.09, 98.48, 98.72, 98.62, 98.78, 98.89, 98.95, 98.91, 98.99, 99.09, 98.95, 99.07, 98.99, 99.1, 98.97, 99.02, 99.03, 98.99, 99.05, 99.04, 99.0, 99.02, 99.03, 99.02, 99.01, 99.02, 98.9, 99.02, 98.95, 98.9, 98.97, 99.0, 98.84, 98.88, 99.01, 99.05, 98.9, 98.9, 98.98, 98.81, 99.0, 98.94, 98.87, 98.99, 98.91, 98.86, 98.88, 98.86, 98.72, 98.87, 98.69, 98.71, 98.83, 98.87, 98.92, 98.79, 98.79, 98.77, 98.77, 98.76, 98.77, 98.83, 98.75, 98.78, 98.77, 98.79, 98.77, 98.86, 98.72, 98.79, 98.87, 98.84, 98.86, 98.89, 98.74, 98.69, 98.75, 98.73, 98.83, 98.78, 98.77, 98.73, 98.81, 98.75, 98.81, 98.75, 98.84, 98.64, 98.84, 98.77, 98.8, 98.83, 98.81, 98.78, 98.81, 98.71, 98.77, 98.72, 98.78]}