{"train_loss": [2.2197653793881083, 2.1651977336304817, 2.15365932843624, 2.148334835839068, 2.1448845751265173, 2.142549296220144, 2.1406858695877924, 2.139041925087953, 2.137844819798429, 2.136555662012508, 2.135455493234162, 2.1345358455283012, 2.1335765836585283, 2.1327719010858455, 2.132191092030615, 2.131254266979348, 2.1303734636714315, 2.1297623326635766, 2.129013669287038, 2.1283876467973757, 2.1278834541638694, 2.127074604869908, 2.126410216347784, 2.1256504374691563, 2.1250989493141828, 2.1244266990922456, 2.1237915703374095, 2.123048757386004, 2.1222919730039744, 2.121584185677716, 2.120908227741209, 2.1202799367089558, 2.119260528148749, 2.1184254018669453, 2.117923053411337, 2.1169018210508885, 2.116334871858613, 2.1154788518563294, 2.11473407704606, 2.1137436388904214, 2.1128809278846807, 2.112093336052365, 2.110995286040836, 2.1104026584543734, 2.109237527745402, 2.1082588531013227, 2.1070656266986814, 2.1062566047040825, 2.105099240429381, 2.104385087123284, 2.1030749276153045, 2.102128123625731, 2.1009932262265782, 2.099764684326628, 2.0989512750226207, 2.097579159797766, 2.096380715696221, 2.0951211019458933, 2.0940600256634574, 2.0925059797417402, 2.091156440412896, 2.090239101495498, 2.088661869366964, 2.087593051103445, 2.0860731581337433, 2.084476612571977, 2.0829532732311478, 2.0814059152562394, 2.080452423829299, 2.0784845046508007, 2.0774328591477156, 2.0756876789606533, 2.0744239356782703, 2.072711451440795, 2.071378782264188, 2.0692852429854565, 2.0685944608134084, 2.0665444889639177, 2.064725843250242, 2.062690854072571, 2.061542156924549, 2.0602505008379617, 2.0586744964632215, 2.0564110370782704, 2.054720399216709, 2.0536056695840297, 2.0516068573690887, 2.050027620079171, 2.0484384303419, 2.0467655449850946, 2.0448190669218698, 2.0437084390566898, 2.0414636685298038, 2.0397281631445274, 2.0384300669543762, 2.037110664650925, 2.035079248695292, 2.033289324778777, 2.031677608816033, 2.030416657527288], "test_loss": [1.485215948486328, 1.3435755126953124, 1.3110666000366211, 1.2783388809204101, 1.2430681427001953, 1.2313804260253907, 1.2296340759277344, 1.2851125228881837, 1.2554204040527344, 1.2234697006225586, 1.186971971130371, 1.2187130325317383, 1.2228885360717774, 1.2146104248046874, 1.2203247817993164, 1.2028740036010743, 1.2503483093261718, 1.2130500122070313, 1.2178192276000976, 1.2219702865600586, 1.2264016448974608, 1.1951639236450196, 1.1911389801025392, 1.1871394714355468, 1.1994296127319335, 1.198430615234375, 1.1975735626220703, 1.201883009338379, 1.1632925811767578, 1.2145673950195313, 1.235646305847168, 1.2149972381591796, 1.2021331497192382, 1.2095524353027345, 1.1840268585205078, 1.2086709091186523, 1.1546544860839845, 1.2136880569458008, 1.188669091796875, 1.194023114013672, 1.1669538970947266, 1.1816523406982422, 1.1429491180419922, 1.1657956237792968, 1.2277820922851563, 1.210582211303711, 1.1850611755371094, 1.2210748794555664, 1.2819765914916992, 1.178067318725586, 1.2119499725341798, 1.1853935424804687, 1.237535206604004, 1.243850289916992, 1.1683781021118165, 1.227094613647461, 1.1933560745239258, 1.2429862335205077, 1.2256827407836914, 1.248200944519043, 1.2387356338500977, 1.2210653259277344, 1.17554931640625, 1.1960154693603515, 1.2041462570190429, 1.1964757400512696, 1.2345480819702148, 1.1614889602661134, 1.1879163955688476, 1.2383791625976563, 1.2257272933959962, 1.1743825149536133, 1.224607356262207, 1.2476300216674805, 1.2364317779541016, 1.272801123046875, 1.160196238708496, 1.2467819122314454, 1.2385803955078125, 1.2448625228881836, 1.2075262237548827, 1.2474328170776368, 1.253570669555664, 1.2419097213745116, 1.1973023956298827, 1.2177372787475587, 1.244111393737793, 1.1900102935791015, 1.2433015609741211, 1.267554229736328, 1.2514243530273437, 1.2852929275512694, 1.1711768600463868, 1.2260714019775392, 1.2775290710449219, 1.2758925918579103, 1.3082508392333985, 1.2596775405883789, 1.3197992385864257, 1.2443565994262695], "test_acc": [90.63, 94.96, 96.4, 97.03, 97.26, 97.03, 97.66, 97.7, 97.88, 98.02, 98.14, 98.2, 98.29, 98.04, 98.46, 98.4, 98.49, 98.46, 98.61, 98.65, 98.65, 98.48, 98.64, 98.67, 98.67, 98.63, 98.7, 98.54, 98.74, 98.65, 98.69, 98.46, 98.69, 98.64, 98.64, 98.73, 98.56, 98.76, 98.65, 98.52, 98.5, 98.51, 98.46, 98.57, 98.44, 98.5, 98.42, 98.27, 98.04, 98.25, 98.17, 98.17, 97.63, 97.56, 98.1, 97.75, 97.8, 97.46, 97.31, 97.11, 97.26, 97.34, 97.72, 97.3, 97.07, 96.32, 96.78, 96.91, 96.31, 95.42, 95.15, 95.8, 95.08, 94.48, 95.07, 93.37, 95.67, 94.22, 94.27, 94.03, 93.74, 93.47, 93.44, 94.11, 93.54, 91.36, 92.47, 93.62, 89.48, 91.57, 90.35, 86.88, 92.84, 89.39, 88.65, 87.84, 88.01, 89.96, 86.32, 88.82]}