{"train_loss": [2.1006229140310206, 2.006636773164456, 1.9914168863214998, 1.9837430766505053, 1.9789833459589217, 1.9758309181938825, 1.9723839973792052, 1.9702294094440265, 1.968287274114087, 1.9664770227212172, 1.964897957877216, 1.9633311827977498, 1.9616249486421928, 1.9605761700206332, 1.9592610709687583, 1.9578456432900877, 1.9565864011772678, 1.9554270671473608, 1.9541460767260983, 1.9526867787552695, 1.9516596134401794, 1.9507886375117505, 1.9491984800905244, 1.9483507565962963, 1.9470378208873618, 1.9457396276486225, 1.9443796455350697, 1.9432883726225958, 1.9420985717039843, 1.9409953788814382, 1.939484321918243, 1.9383474239426801, 1.9367310323266902, 1.9353102814947438, 1.9337595741972964, 1.9326189139969328, 1.931149023720342, 1.9292834148957179, 1.928110691981438, 1.9262018863461976, 1.9245892465114594, 1.9230107188734233, 1.9213389362025464, 1.9195056381898048, 1.9174826063661494, 1.9157106313440535, 1.9139622055057786, 1.9117854436238606, 1.9098868657890549, 1.9084431839804363, 1.9056443409023123, 1.9036819687765887, 1.9017038515999787, 1.899339129272689, 1.8974711482341473, 1.8949010889244895, 1.8925359221095712, 1.8907975893244784, 1.8884664493748264, 1.8854288486843436, 1.8831484875617883, 1.8808631242340446, 1.878450830013324, 1.876316451618814, 1.8734260560610356, 1.8716740595479298, 1.868091830331036, 1.8651935307898073, 1.8632159332434337, 1.8602053477213933, 1.8584179154828064, 1.8555478219293122, 1.8530471752851436, 1.8499929372571473, 1.8482227962241213, 1.8453255823025336, 1.8420007460647159, 1.8393665641291528, 1.8374559734112177, 1.8352512179786324, 1.8320333730970693, 1.8290023701822655, 1.8269040747585459, 1.824304456384773, 1.8229752361265004, 1.8203854194054236, 1.8177200168625922, 1.8145628268392677, 1.812513997666856, 1.809886472602176, 1.8080365645070362, 1.8062189639124095, 1.8036947943206527, 1.800897422254595, 1.7990808823169806, 1.7972926426137614, 1.794566140979783, 1.7923956187362344, 1.7906689733012109, 1.788657898067409], "test_loss": [1.0998222473144532, 1.0134647163391113, 1.0535528625488282, 0.972726530456543, 1.0403048072814942, 0.9537173812866211, 0.9285264656066895, 0.9755181076049805, 0.9417603981018067, 0.9645152717590332, 0.9291985000610351, 0.966837385559082, 0.8802341613769531, 0.87961533203125, 0.9751073616027832, 0.9629451385498047, 0.9223498916625976, 0.9565526397705079, 0.9000585914611816, 0.889057918548584, 0.8985431587219238, 0.922294554901123, 0.9687511398315429, 0.9132031013488769, 0.9424645393371582, 0.9347969764709473, 0.8947456230163574, 0.9035865615844727, 0.9524679664611816, 0.8924505226135254, 0.9483983215332031, 0.9202218811035157, 0.9033255645751953, 0.891489461517334, 0.9111312446594239, 0.8657138565063477, 0.9274516960144042, 0.9235636871337891, 0.9321790313720704, 0.940509757232666, 0.8967286010742187, 0.9241611946105956, 0.8920428413391114, 0.9095620529174805, 0.9214329574584961, 0.9401228393554687, 0.9329067344665527, 0.9674824951171875, 0.9633637741088867, 0.9513963356018066, 0.8952281295776368, 0.9328270080566406, 0.9035191932678223, 0.9207716949462891, 0.8903530456542968, 0.9281152542114258, 0.9253198585510254, 0.935585391998291, 0.9337712890625, 0.9412421516418457, 0.9395305786132813, 0.9683704170227051, 0.9992452598571777, 1.0097973884582518, 0.9258717651367188, 0.9525460990905762, 0.9408924880981445, 0.9281189956665039, 0.9631436676025391, 0.9509746879577636, 0.9570797119140625, 0.9330712936401367, 0.9745547187805176, 0.9349260314941407, 0.9925641357421875, 0.9438419898986816, 0.9428795768737793, 0.9016666091918946, 0.9648654235839844, 1.0172611663818358, 0.9605906585693359, 0.9593649688720703, 0.9614065223693847, 0.9310838020324707, 0.943364315032959, 1.0006175262451171, 1.0133748352050782, 1.0004172096252442, 0.9311239082336425, 0.9964221206665039, 0.9762091903686524, 0.9776748664855957, 0.9926267417907715, 1.0311674865722655, 0.944800528717041, 0.9425941368103027, 1.003288981628418, 1.0298236808776855, 0.961976587677002, 0.9899298797607422], "test_acc": [92.98, 96.16, 97.0, 97.38, 98.08, 98.04, 98.23, 98.34, 98.45, 98.68, 98.54, 98.53, 98.6, 98.64, 98.73, 98.63, 98.72, 98.81, 98.62, 98.67, 98.61, 98.82, 98.76, 98.78, 98.83, 98.81, 98.77, 98.73, 98.85, 98.68, 98.62, 98.6, 98.74, 98.67, 98.58, 98.71, 98.79, 98.74, 98.61, 98.59, 98.57, 98.55, 98.61, 98.46, 98.53, 98.43, 98.46, 98.4, 98.24, 98.25, 98.36, 98.19, 98.27, 98.04, 97.99, 98.09, 97.9, 97.19, 97.69, 97.21, 96.94, 97.3, 95.78, 95.24, 96.71, 96.46, 96.45, 95.98, 95.91, 95.7, 95.74, 96.41, 95.37, 95.18, 93.71, 92.66, 94.22, 95.56, 93.92, 93.16, 94.35, 94.07, 92.77, 94.15, 93.09, 91.68, 92.04, 92.69, 93.61, 91.71, 92.09, 91.94, 91.72, 87.06, 92.25, 92.45, 90.37, 89.99, 91.6, 90.4]}