{"train_loss": [2.30239689655793, 2.301863025396298, 2.301518964461791, 2.3013220607724962, 2.301152226761875, 2.301008686550662, 2.3008926592321477, 2.3007962642571864, 2.3006824331405835, 2.300583043669024, 2.3004978441784525, 2.3003986263886476, 2.300294727851183, 2.3002164613487373, 2.30011626950696, 2.3000028459434834, 2.299922673111288, 2.2998219438088245, 2.299751402475895, 2.2996562235375757, 2.2995471781135626, 2.2994975661620116, 2.299360901881487, 2.2992511957119675, 2.2991821424573913, 2.2990654197513547, 2.298948768876557, 2.2988509204652576, 2.298716328592382, 2.2986567876277824, 2.298519508451478, 2.2984013577811737, 2.2982559107307696, 2.2981146365149407, 2.29798747637333, 2.297825387909881, 2.2976724179382, 2.297480113995381, 2.2973030321618433, 2.2972313343969164, 2.297047110704275, 2.296825667222341, 2.2966506873440538, 2.296433800815517, 2.2962090296623034, 2.2959686594131665, 2.2958037338705144, 2.295619234570071, 2.295378405823667, 2.2951218022240534, 2.2949033975601196, 2.2946026605418606, 2.294283020700145, 2.294036202960544, 2.2937715960364056, 2.293364078570635, 2.2932518812326284, 2.2928527109643335, 2.292485655372978, 2.292143364237924, 2.2916907326787963, 2.2913457659574656, 2.291021845279596, 2.290625205406776, 2.2902159257831736, 2.289837012433598, 2.2894068034286175, 2.2888558776969585, 2.288409163299789, 2.288039421933329, 2.2874539545458608, 2.28705761116794, 2.286413950288398, 2.2858812253699345, 2.2853411003055735, 2.284696923361884, 2.2840740660316925, 2.2835649878550797, 2.282877852774074, 2.2823201580944223, 2.281658820107452, 2.2808092343501554, 2.2802616694034676, 2.2793639353197865, 2.278430962155008, 2.27773527864717, 2.277086538127345, 2.276205545816666, 2.275331572589711, 2.2743481112341595, 2.273329384306557, 2.272520097911867, 2.271746981857169, 2.2708229799555917, 2.2696012426645327, 2.2685696660962877, 2.2674692349556165, 2.2663027812273073, 2.2651156798387184, 2.2639652505899086], "test_loss": [2.269796176147461, 2.2461805206298826, 2.2258404418945315, 2.212702099609375, 2.2045925567626954, 2.1979464111328126, 2.1922961029052734, 2.1890725769042967, 2.1829642028808594, 2.175731118774414, 2.1722946838378907, 2.1707460723876952, 2.1688518493652342, 2.16066796875, 2.158514126586914, 2.156511871337891, 2.152968161010742, 2.1544311309814455, 2.1504933837890623, 2.1457407318115234, 2.146885595703125, 2.142863397216797, 2.144113800048828, 2.141538375854492, 2.1376660186767578, 2.1421262268066408, 2.136476141357422, 2.1303926574707033, 2.1333460723876954, 2.1275373474121095, 2.1268015563964844, 2.124489437866211, 2.1274319091796876, 2.130234844970703, 2.1240479095458986, 2.128574493408203, 2.1275974578857424, 2.127230258178711, 2.1216722564697266, 2.1211670623779297, 2.119094140625, 2.1235812408447265, 2.1244476867675783, 2.127652130126953, 2.121324816894531, 2.1284824005126954, 2.1163497619628906, 2.1166632049560548, 2.123154800415039, 2.120205615234375, 2.129110583496094, 2.126645227050781, 2.1249301422119142, 2.1110421783447264, 2.1072239807128907, 2.1248529388427735, 2.1247011322021483, 2.1211747039794924, 2.1220768920898436, 2.121842547607422, 2.121607586669922, 2.1302851959228515, 2.1082181884765623, 2.1310900482177733, 2.123850357055664, 2.1227797637939454, 2.130639050292969, 2.1319919860839844, 2.1201762420654298, 2.109517742919922, 2.1238701751708984, 2.1300062255859373, 2.125270816040039, 2.1302647827148435, 2.1165972595214844, 2.0999609832763673, 2.1276016235351562, 2.128219329833984, 2.121599822998047, 2.1084879364013673, 2.122229299926758, 2.1236789154052733, 2.1273190521240233, 2.111166354370117, 2.1192816009521485, 2.1414782073974608, 2.1410061920166017, 2.108410720825195, 2.1312648376464844, 2.1305326293945313, 2.129372692871094, 2.112698226928711, 2.1187206298828123, 2.1157726348876955, 2.133831463623047, 2.1365835021972654, 2.1188880432128907, 2.130269366455078, 2.13812548828125, 2.142627493286133], "test_acc": [52.33, 56.07, 67.06, 73.87, 78.65, 75.22, 84.04, 78.76, 85.25, 85.91, 87.43, 85.73, 89.24, 88.8, 88.15, 89.48, 88.4, 89.6, 89.75, 89.98, 90.11, 90.68, 90.36, 87.8, 90.03, 90.35, 88.69, 90.61, 89.45, 88.31, 88.65, 88.45, 85.72, 83.52, 88.91, 87.19, 88.9, 85.13, 87.42, 86.0, 84.74, 85.93, 84.78, 83.24, 78.02, 80.96, 79.47, 79.46, 75.45, 68.96, 73.09, 69.47, 70.27, 69.06, 73.18, 68.14, 66.49, 68.54, 66.73, 63.37, 63.15, 55.74, 65.01, 53.69, 59.95, 58.93, 51.52, 50.23, 53.58, 55.44, 48.14, 47.58, 50.17, 47.4, 49.23, 51.02, 45.2, 44.6, 44.1, 40.02, 41.53, 41.8, 42.35, 45.6, 34.96, 36.75, 35.66, 41.53, 38.6, 38.55, 34.68, 41.69, 38.55, 36.63, 35.9, 33.97, 35.65, 35.21, 32.62, 30.12]}