{"train_loss": [2.2222389446364508, 2.163603157059759, 2.149716755263826, 2.141873040005692, 2.1370128586760955, 2.1332914696799383, 2.129068005288768, 2.126233186222549, 2.122924838565354, 2.1198747351638274, 2.1171907675571933, 2.1138480588411674, 2.110755330731726, 2.106877653517275, 2.102488554186291, 2.099028339243343, 2.095047546757592, 2.089359545809591, 2.084495187569887, 2.078289153993639, 2.071883058700806, 2.0650080462806244, 2.0582629251174436, 2.049063695037467, 2.0398976056494265, 2.0298961281266985, 2.0185094098759513, 2.0054556388630824, 1.9923019574748144, 1.9778451399925427, 1.9604955547385745, 1.9425484316471295, 1.9221583105560043, 1.900965672527623, 1.8781221098879464, 1.85461950658733, 1.8244663494774418, 1.7989424698882632, 1.7679835458596547, 1.7368670083009279, 1.7051098950398274, 1.6725176516761127, 1.6370951953606727, 1.6026229965381134, 1.5676275298126743, 1.5304157354383388, 1.4972331951826046, 1.4607419256980603, 1.4270986517270405, 1.3901350707070441, 1.3576640035861578, 1.326926513360097, 1.2926725396233747, 1.2669589216383095, 1.2380505583734593, 1.2095926044843135, 1.187089768739847, 1.1611969965135949, 1.1405091257686288, 1.1208366204021323, 1.1018825302011945, 1.084347324238883, 1.0707145413527122, 1.055806563832821, 1.0427879446592085, 1.0316552667536287, 1.0208536614464898, 1.0106311150086231, 1.002534067274159, 0.9944958312389178, 0.9865397254371235, 0.9795113264495491, 0.9726126931416683, 0.9663449778006628, 0.961738937940353, 0.9567522169687809, 0.9516366383968256, 0.9461958180380683, 0.9428195847660048, 0.9381681251474935, 0.9343010794657928, 0.931650584579533, 0.9269563011888765, 0.9237301603086994, 0.9207923915396389, 0.9172779264358374, 0.914046709990909, 0.9110976280564935, 0.9083455147651526, 0.9059658408419698, 0.9033541564758008, 0.9012008123418205, 0.897803618103011, 0.8960918380409224, 0.8940084821138626, 0.8918630878130595, 0.8896931016292328, 0.8877091266405888, 0.8859065955775416, 0.8836144496742476], "test_loss": [1.5134262344360352, 1.3335368988037108, 1.3207444564819335, 1.3244099472045898, 1.2707717468261719, 1.2133937759399414, 1.2286996002197266, 1.245184133911133, 1.210980923461914, 1.1643553314208985, 1.2464683929443359, 1.2139934509277344, 1.225507536315918, 1.2896806930541993, 1.1567301788330078, 1.2738929077148438, 1.213120310974121, 1.2146378112792968, 1.179092318725586, 1.20298662109375, 1.2177127487182617, 1.255702700805664, 1.1801107116699219, 1.2175187072753906, 1.1999830841064454, 1.1931650390625, 1.1721061614990234, 1.269887922668457, 1.2291267547607423, 1.2257248916625976, 1.2186536163330077, 1.1925071914672851, 1.3140338424682618, 1.1773746177673339, 1.3126634002685547, 1.4064906448364258, 1.3396301010131837, 1.290064305114746, 1.461277293395996, 1.3635198623657228, 1.4464205673217774, 1.4021149597167968, 1.355641958618164, 1.5205297424316406, 1.5530729766845703, 1.5300341064453125, 1.5039764587402344, 1.5063105331420898, 1.5266182495117187, 1.6492827407836914, 1.7435341049194335, 1.7707528045654297, 1.7769487182617187, 1.6933397659301759, 1.7534036056518554, 1.7052380477905273, 1.7550239959716798, 1.8559270629882811, 1.7729186553955079, 1.726202214050293, 1.899444027709961, 1.8244296493530274, 1.838951071166992, 1.8645868209838867, 1.8087027313232422, 1.9327600662231446, 1.947260595703125, 1.9217619995117188, 1.957573030090332, 1.9186683059692382, 1.9315443069458007, 1.939035841369629, 1.9473252563476562, 1.9212251388549804, 1.8891127059936523, 2.017418946838379, 2.005151844787598, 1.9839979049682617, 1.9982051071166993, 2.017439179992676, 2.008814256286621, 1.9744470932006837, 2.0445103469848633, 2.0599170013427734, 2.0782449493408204, 2.0267834991455076, 2.03369500579834, 2.0517612915039063, 2.0499919052124023, 2.103064521789551, 2.0600087768554687, 2.098390559387207, 2.097704364013672, 2.0624607345581056, 2.061694058227539, 2.0859035675048827, 2.120697351074219, 2.125324247741699, 2.1036340423583986, 2.091747131347656], "test_acc": [89.75, 93.17, 94.94, 96.3, 96.75, 96.55, 97.2, 97.21, 97.38, 97.36, 97.57, 97.58, 97.33, 97.58, 97.34, 97.35, 97.11, 97.19, 96.98, 96.76, 96.35, 95.77, 95.16, 93.83, 93.95, 91.11, 90.62, 85.68, 87.7, 84.47, 83.72, 83.08, 75.09, 78.93, 71.13, 65.22, 68.16, 68.4, 58.6, 62.7, 57.71, 58.18, 60.25, 51.17, 51.18, 51.26, 53.85, 52.14, 50.79, 47.54, 43.11, 42.16, 42.06, 46.07, 44.75, 45.89, 43.62, 41.12, 44.28, 45.62, 40.51, 41.43, 41.6, 40.96, 43.81, 39.36, 40.24, 40.48, 38.99, 39.91, 39.97, 39.77, 39.38, 40.64, 41.77, 37.22, 36.99, 39.03, 37.46, 37.51, 38.3, 39.92, 36.57, 36.89, 36.16, 38.1, 37.58, 37.15, 36.61, 35.23, 36.45, 36.01, 35.53, 36.71, 36.66, 36.16, 34.85, 34.94, 35.52, 35.47]}