{"train_loss": [2.3024043272703123, 2.3008978244585867, 2.299890026068076, 2.299142233836345, 2.2986100764356108, 2.2979995613424187, 2.297560046880673, 2.2969573771851692, 2.2963449751210008, 2.295863537197439, 2.295082172776899, 2.2945183785552654, 2.2938918517186093, 2.293265767586537, 2.2924348182148404, 2.2915836002072716, 2.2908771720706906, 2.2897316844035416, 2.2886888659917393, 2.287498802710802, 2.286095762864137, 2.2845113257057648, 2.282980922450367, 2.2813601376663923, 2.279235232589591, 2.2770393974760657, 2.27447920681065, 2.2719622030217423, 2.269058587714138, 2.2655844958419475, 2.2626425262190337, 2.258145723077986, 2.2542092433342567, 2.249374389138996, 2.2434087115475254, 2.238540760981731, 2.2317496110231447, 2.2246902488235736, 2.216400044596093, 2.208808516844725, 2.1991125946370964, 2.1883207238637485, 2.1774710595098314, 2.1641449444314356, 2.1509818750568943, 2.1360674561598363, 2.1198459904418034, 2.1022841171321707, 2.083844010646527, 2.0626027275863876, 2.0426067327841735, 2.0194948847986693, 1.9942562580108643, 1.9703203269049652, 1.946218348466433, 1.918922875681494, 1.8926818640823038, 1.8636414933408427, 1.8378497081944065, 1.8070674255872383, 1.782640987736547, 1.752506480512456, 1.7275585970308027, 1.7017776344576452, 1.6766029654914498, 1.6537281544799478, 1.6277931500703862, 1.6072204194517217, 1.5840141161894188, 1.5653899245791965, 1.5475886069301865, 1.5274627960135794, 1.5145061576468313, 1.496601855652964, 1.481770205956239, 1.4698878661689596, 1.4586147839187558, 1.4457656142548618, 1.435984447471097, 1.4273727080251417, 1.4191903122979352, 1.4102148892533066, 1.4035879844783719, 1.3966131057494726, 1.3903343104399168, 1.3846473403466053, 1.3786729775432847, 1.3729559656901238, 1.3679798461942592, 1.3633061706000924, 1.3598970467718239, 1.3552400681198153, 1.3527653224957294, 1.3481681881806789, 1.3446368345847497, 1.3409498249873137, 1.338433590454933, 1.334473125445537, 1.3322346755582044, 1.3294516266920628], "test_loss": [2.258705480957031, 2.2101637420654296, 2.177714114379883, 2.156872201538086, 2.146802783203125, 2.1307731231689453, 2.107286578369141, 2.1148539337158203, 2.1001778625488283, 2.0924142974853517, 2.0815058715820314, 2.0710056396484373, 2.075533703613281, 2.0731271133422853, 2.0549858169555666, 2.0595053741455076, 2.0590838592529295, 2.0536728759765626, 2.054194934082031, 2.054386505126953, 2.050404122924805, 2.049239442443848, 2.0758765335083007, 2.0720455535888673, 2.0657355377197266, 2.075847099304199, 2.095091717529297, 2.041228894042969, 2.047740901184082, 2.025062176513672, 2.062055303955078, 2.0332404067993166, 1.9989265945434571, 2.0723384841918944, 2.0939454376220703, 2.089887689208984, 2.0940044494628904, 2.068117250061035, 2.0804343658447264, 2.106273785400391, 2.1154342498779295, 2.1102854202270507, 2.1509348358154297, 2.1003032089233398, 2.16358076171875, 2.2025901947021485, 2.201123468017578, 2.1778601623535154, 2.2295047882080077, 2.287055322265625, 2.333160137939453, 2.193984649658203, 2.2391807006835935, 2.332818408203125, 2.3714324127197264, 2.2680438232421873, 2.422851693725586, 2.4356124481201173, 2.422412469482422, 2.4039193420410156, 2.4793916778564453, 2.5201765197753905, 2.5082521453857423, 2.581405340576172, 2.5579382385253906, 2.5340293914794922, 2.656446966552734, 2.7445451171875, 2.6293586853027344, 2.7526234313964846, 2.7995095123291014, 2.722332437133789, 2.7110914428710937, 2.7191599395751953, 2.6784900970458985, 2.7028531494140626, 2.7048036315917967, 2.7313324127197265, 2.735078790283203, 2.7633263122558596, 2.7484884582519533, 2.7640360565185547, 2.6835955322265623, 2.7966747894287107, 2.794179769897461, 2.7407933654785155, 2.7955114074707033, 2.782027328491211, 2.783885479736328, 2.7826717926025393, 2.8035742004394533, 2.790056719970703, 2.791777072143555, 2.7807150299072267, 2.8229851135253905, 2.8445420196533204, 2.7792875427246093, 2.8482028076171875, 2.8402145111083983, 2.7732590911865236], "test_acc": [45.92, 62.77, 71.1, 75.12, 81.99, 75.57, 82.4, 80.69, 86.21, 84.29, 86.32, 87.1, 82.63, 86.63, 84.82, 81.04, 81.64, 78.36, 79.97, 74.56, 75.42, 69.28, 60.37, 59.49, 55.34, 53.49, 47.36, 58.28, 52.77, 53.56, 46.04, 46.52, 45.83, 36.83, 29.65, 32.97, 32.24, 34.44, 32.21, 27.36, 24.36, 25.83, 24.27, 26.6, 23.43, 19.86, 19.7, 23.3, 20.54, 18.29, 19.59, 20.52, 21.63, 18.62, 17.73, 21.05, 16.15, 14.39, 16.25, 19.4, 15.85, 16.36, 15.86, 15.19, 16.18, 17.22, 14.29, 13.73, 15.48, 14.36, 13.55, 15.77, 15.23, 14.18, 15.93, 16.01, 16.27, 16.23, 15.66, 15.0, 15.47, 15.25, 17.46, 14.24, 15.38, 15.99, 14.51, 14.7, 14.73, 15.0, 14.34, 15.41, 14.67, 14.97, 14.59, 13.75, 15.18, 14.19, 13.47, 15.27]}