{"train_loss": [2.006096112422454, 1.8894423620823102, 1.8730340689165978, 1.8649718682480674, 1.8595790850301075, 1.855963909982616, 1.8531155690678165, 1.8507298429807026, 1.8487666725602925, 1.8468654265261104, 1.8451031744480133, 1.844139443248765, 1.842862294270442, 1.841501706940496, 1.8407925382638588, 1.8394215985750542, 1.8385047260512652, 1.8376463091271555, 1.8367439228245335, 1.8359326554669275, 1.8350317595351455, 1.834201018524985, 1.8333435792189379, 1.8324618884640882, 1.8319407681114652, 1.830926867377045, 1.8303185197023244, 1.8296274254974136, 1.8291052118835287, 1.8282912195238292, 1.8275846826215076, 1.826961394558605, 1.826346316653439, 1.8254750623152807, 1.8247238822981842, 1.8243326157586188, 1.8235561287301219, 1.8229098737749279, 1.8224745894599164, 1.821480520005919, 1.8206927213403914, 1.8201016388897202, 1.819584060428489, 1.8186596741533687, 1.8178679869215713, 1.817322740952174, 1.8165479687034574, 1.8160645679021492, 1.8154396328151736, 1.8143926102381487, 1.8136993119349847, 1.8131883478062785, 1.81214709363432, 1.8114107684192495, 1.8107564510443273, 1.8100865722721458, 1.8092529610690908, 1.8085840278201633, 1.80794022200454, 1.8068855486364446, 1.8066251474058526, 1.805567682808281, 1.804976981674504, 1.8040296521961179, 1.8032893754987636, 1.8028235906719143, 1.801916880485339, 1.8010655618630922, 1.800179152407198, 1.79962381389406, 1.7989635836874318, 1.7980305124551823, 1.7972626242882166, 1.79670714516925, 1.795369611846076, 1.795000268608077, 1.7938524122930999, 1.7931633856561449, 1.7926172043523219, 1.7914947643239274, 1.7911734973263538, 1.7903157515912993, 1.789498335021174, 1.788509172761542, 1.7880877019503179, 1.7870772942009134, 1.785997557334411, 1.7854011140317998, 1.7846633842867663, 1.7837384559659877, 1.7829972895292134, 1.7826091007799165, 1.7814404016886003, 1.7808362673490474, 1.7800255741319086, 1.7794081887118838, 1.7784592463419988, 1.7777985902423532, 1.7766828921615567, 1.776349656856977], "test_loss": [0.9552321067810059, 0.8504735534667969, 0.8445022758483887, 0.8211340385437012, 0.8215613494873046, 0.8252439094543457, 0.8062565704345703, 0.8161805358886719, 0.8013192581176758, 0.8077728080749512, 0.8037068504333497, 0.7638269111633301, 0.7614833198547363, 0.7635732414245605, 0.781653434753418, 0.7877113037109374, 0.7512914222717285, 0.789415298461914, 0.7539381942749024, 0.7805798690795899, 0.7425869522094727, 0.8146208213806152, 0.7599467674255371, 0.7890148902893066, 0.7547100784301758, 0.8149168647766113, 0.7215025108337403, 0.7350901748657227, 0.7673745704650878, 0.7651117515563964, 0.7598789428710937, 0.7680520629882812, 0.773174024963379, 0.7656886688232422, 0.783016748046875, 0.7737452331542969, 0.7836612197875976, 0.7494749641418457, 0.7897992416381836, 0.8231082786560059, 0.7458674850463867, 0.7566765861511231, 0.7181185348510742, 0.7671004829406738, 0.7919992752075196, 0.7230505798339844, 0.7648860305786133, 0.7645625053405761, 0.769238639831543, 0.7631808715820313, 0.7342771408081055, 0.7218141006469727, 0.7629081649780274, 0.7644731575012207, 0.7434410186767578, 0.7699145652770996, 0.7637182601928711, 0.7377833587646484, 0.7525632179260254, 0.7909167984008789, 0.7728055946350098, 0.7570006034851074, 0.762487971496582, 0.8194146522521972, 0.7370971458435058, 0.779991414642334, 0.7575003540039063, 0.7660870323181153, 0.7926197227478027, 0.7287432136535644, 0.7646009864807128, 0.7254056045532227, 0.7923645133972168, 0.770271378326416, 0.8182363563537598, 0.8060599990844727, 0.7688622291564942, 0.7967712768554688, 0.756257502746582, 0.8067563293457031, 0.773151400756836, 0.7943638992309571, 0.7565638740539551, 0.7083638214111329, 0.7494416038513183, 0.7152701110839844, 0.7563177825927735, 0.7703454216003418, 0.7707840675354004, 0.7653513877868653, 0.7390407325744629, 0.7677201263427734, 0.7451456665039062, 0.7875076263427735, 0.7426540565490722, 0.8290750289916993, 0.7776904472351074, 0.7595439231872558, 0.7544986297607422, 0.7765849899291992], "test_acc": [94.75, 96.93, 97.7, 97.87, 98.22, 98.13, 98.43, 98.65, 98.55, 98.67, 98.62, 98.76, 98.8, 98.76, 98.84, 98.76, 98.82, 98.79, 98.8, 98.88, 98.9, 98.9, 98.86, 98.92, 98.89, 98.9, 98.94, 98.9, 98.87, 98.82, 98.89, 98.96, 98.88, 98.82, 98.92, 98.9, 98.96, 98.94, 98.94, 99.0, 98.98, 98.96, 98.94, 98.92, 99.0, 98.95, 98.91, 98.95, 98.88, 98.96, 98.89, 98.94, 98.91, 98.98, 98.88, 98.93, 98.92, 98.95, 98.91, 98.88, 98.95, 98.95, 98.88, 98.86, 98.83, 98.87, 98.87, 98.85, 98.9, 98.87, 98.83, 98.77, 98.85, 98.65, 98.71, 98.64, 98.77, 98.64, 98.75, 98.62, 98.7, 98.77, 98.67, 98.77, 98.69, 98.79, 98.78, 98.58, 98.7, 98.58, 98.56, 98.6, 98.68, 98.53, 98.67, 98.54, 98.55, 98.57, 98.55, 98.42]}