{"train_loss": [1.385222337057448, 1.1672974539618206, 1.1399798619950938, 1.1253457019726436, 1.1153253328341703, 1.1061238600657537, 1.1003076123376179, 1.0942498059608998, 1.08938496082257, 1.0843334377576144, 1.0799498870077295, 1.0753182714056766, 1.0708394371546233, 1.0661995621063771, 1.0625457846456103, 1.0573375700121252, 1.0535580885206532, 1.0489889877474206, 1.0442335659112685, 1.0394009691782486, 1.0349998742851436, 1.029444735401716, 1.0244020943203542, 1.0186995530230367, 1.012374800749314, 1.006773106308065, 0.9997953568768297, 0.9939910486722604, 0.9873099378031543, 0.9799346847411914, 0.9714490400675015, 0.9632137452180569, 0.9559905805394181, 0.9474555048932377, 0.9393332075868916, 0.9297843206132579, 0.9211286133171147, 0.9123580124643114, 0.9025939961529186, 0.8920187348993416, 0.8829726249489009, 0.8727686052393709, 0.86389144236206, 0.8547274345516139, 0.8451305047059671, 0.8353555565461134, 0.8260144774730389, 0.8147754176304891, 0.8078775801974484, 0.7997008322650551, 0.7911018925344843, 0.7836074085317106, 0.7746969413044106, 0.7696838936744592, 0.7616525208338712, 0.7551091681433539, 0.7499049482946722, 0.7440693095708505, 0.739008783402606, 0.7337804327153752, 0.7288155536621045, 0.7241189139775741, 0.7202473577016439, 0.7161012784792826, 0.7126571075019673, 0.7090310505312732, 0.7054197031718034, 0.7028488236614782, 0.6995623628807883, 0.6965871048279297, 0.6945065538852643, 0.6921589505723399, 0.689882113892808, 0.6873809879916346, 0.6845516067030083, 0.68299515112343, 0.6813037931664377, 0.6793622435667576, 0.677282835301171, 0.6756559955513376, 0.6739104862651254, 0.6724386089123212, 0.6710812146337624, 0.6695780343989022, 0.6683469222396867, 0.6670513577186145, 0.6651917606846899, 0.6643205853099496, 0.6630116693484478, 0.6620001213418113, 0.6609994123379389, 0.6600415958808019, 0.6589807617103952, 0.657728186275205, 0.6567957787177502, 0.6558417600189519, 0.6550672948360443, 0.6540122097119306, 0.6531217717207395, 0.6521798702131989], "test_loss": [0.3794833236694336, 0.34079351482391357, 0.37078825950622557, 0.3480292043685913, 0.32377232837677, 0.3559520658493042, 0.3484925102233887, 0.31539996891021727, 0.3304588529586792, 0.29306388721466065, 0.3005225545883179, 0.3127495080947876, 0.3097374357223511, 0.31705473823547364, 0.302396541595459, 0.26298939647674563, 0.27916417026519774, 0.31086185035705566, 0.3146660036087036, 0.3458299961090088, 0.30414255638122556, 0.27993755760192873, 0.3433719757080078, 0.32852379570007323, 0.31214623832702637, 0.2655564992904663, 0.27883482208251953, 0.3266070014953613, 0.3463969596862793, 0.2818398202896118, 0.3517073497772217, 0.3120375576019287, 0.3504721965789795, 0.3360806785583496, 0.32037458763122556, 0.266947279548645, 0.3068039514541626, 0.3222408981323242, 0.3810017276763916, 0.34890703735351564, 0.2987138957977295, 0.32740188522338864, 0.3034730138778686, 0.3043544641494751, 0.31031322422027585, 0.3185877353668213, 0.3171972183227539, 0.2905808015823364, 0.3413891830444336, 0.3598070514678955, 0.38141297912597655, 0.3286310207366943, 0.35220102272033693, 0.3356944606781006, 0.29178555908203124, 0.306760622215271, 0.2996574842453003, 0.3397122104644775, 0.3611553449630737, 0.3097913173675537, 0.33100107440948484, 0.3495473178863525, 0.3480394065856934, 0.36075064296722414, 0.34268636379241946, 0.323822043800354, 0.3684949085235596, 0.31729141540527345, 0.358518896484375, 0.3393597438812256, 0.3344904140472412, 0.33413572273254394, 0.3846262939453125, 0.35535579833984376, 0.3702655937194824, 0.3583749532699585, 0.34441189002990724, 0.34648957595825197, 0.38520582542419435, 0.3448777095794678, 0.3616015068054199, 0.3563149671554565, 0.37204680824279784, 0.34538974113464355, 0.37414589347839355, 0.37283884506225584, 0.3556331153869629, 0.36010342235565185, 0.36055152740478513, 0.36812419967651366, 0.3652990856170654, 0.36935639343261717, 0.3596065258026123, 0.3700402420043945, 0.3635879837036133, 0.36791661491394045, 0.3622265869140625, 0.37172009391784666, 0.37973535079956056, 0.369889693069458], "test_acc": [96.59, 97.84, 98.24, 98.54, 98.47, 98.64, 98.68, 98.79, 98.63, 98.86, 98.84, 98.89, 98.77, 98.84, 98.87, 98.95, 98.92, 98.92, 98.87, 98.86, 98.85, 98.82, 98.77, 98.86, 98.88, 98.73, 98.78, 98.54, 98.23, 98.62, 98.46, 98.34, 98.27, 98.14, 97.79, 98.22, 97.79, 97.66, 97.4, 97.19, 97.51, 96.79, 97.11, 97.23, 97.0, 96.33, 96.31, 96.7, 95.83, 95.38, 94.14, 96.1, 95.61, 96.13, 96.22, 96.19, 96.08, 95.58, 95.02, 95.88, 95.42, 95.28, 95.08, 94.96, 95.22, 95.51, 94.57, 95.59, 95.06, 95.1, 95.46, 95.31, 94.19, 95.08, 94.61, 94.79, 95.28, 95.13, 94.02, 94.9, 94.69, 94.84, 94.73, 95.15, 94.79, 94.7, 94.69, 94.68, 94.79, 94.44, 94.69, 94.58, 94.75, 94.66, 94.58, 94.64, 94.61, 94.62, 94.32, 94.53]}