{"train_loss": [2.3025862854770107, 2.3024571599104466, 2.3023938251356793, 2.302348369716579, 2.3023118616169334, 2.3022846166904154, 2.302264515660767, 2.3022455511949, 2.3022274018352866, 2.302213011134384, 2.3021996352407665, 2.3021897230392847, 2.302178118982886, 2.3021636498280063, 2.302157141204573, 2.3021473904960175, 2.3021356004935045, 2.302123962304531, 2.3021188052291546, 2.3021082373765798, 2.3021037670282216, 2.302093821713048, 2.3020846532960224, 2.3020774222846723, 2.3020706808465157, 2.3020652196346183, 2.3020556879858685, 2.302044682013683, 2.3020412244348445, 2.302035425972735, 2.3020256365466323, 2.3020219726440234, 2.3020127843587828, 2.3020067174210506, 2.3020015262131, 2.3019929400876036, 2.301984833855914, 2.3019793695873685, 2.3019738487708263, 2.3019662173385296, 2.301960610426389, 2.301954389637352, 2.301946513673179, 2.301939780386085, 2.3019369748922496, 2.3019287295830555, 2.3019250753598337, 2.301915858545874, 2.3019110010220456, 2.301904280470987, 2.301899168226454, 2.301891866402748, 2.301888430220449, 2.301882652135996, 2.3018726141024857, 2.301865430978628, 2.301862772203918, 2.301856284467583, 2.3018456330666175, 2.3018412197756972, 2.301836236929282, 2.301830277993129, 2.301824286962167, 2.3018153050006966, 2.3018110608443236, 2.30180468212845, 2.30179938648501, 2.3017917876569634, 2.3017845490039925, 2.3017787897688713, 2.30177467653894, 2.3017671959013, 2.3017554038610215, 2.3017498122321234, 2.3017452746374993, 2.301739724782797, 2.30173670888966, 2.3017269199729986, 2.3017205850690856, 2.3017111624407973, 2.3017031891733155, 2.3016971645192204, 2.3016899961691637, 2.3016846460154934, 2.3016764154801, 2.301669628192217, 2.3016610379911895, 2.301654458555401, 2.3016497584489675, 2.301638531888652, 2.301634319827088, 2.3016246001944585, 2.301618754863739, 2.301614082267142, 2.30160345022495, 2.3015946771344566, 2.301588085981516, 2.3015796542167664, 2.3015713717183495, 2.3015622669814997], "test_loss": [2.285479797363281, 2.2768213439941407, 2.2703074768066407, 2.264461395263672, 2.2599134826660157, 2.2562795166015626, 2.2530007751464844, 2.250709423828125, 2.248150469970703, 2.2464055114746095, 2.245052502441406, 2.243854605102539, 2.2420711181640627, 2.2409966888427735, 2.2401663024902345, 2.239296545410156, 2.2375814697265626, 2.2374376007080077, 2.2367108459472655, 2.2354296112060545, 2.2349356811523435, 2.2340687408447266, 2.233418804931641, 2.2325517120361327, 2.2320445098876953, 2.2316402069091796, 2.2303730712890624, 2.23018811340332, 2.229747994995117, 2.2289186431884764, 2.228661618041992, 2.227982940673828, 2.2269228912353514, 2.2266755004882812, 2.226173663330078, 2.2266345550537108, 2.2260580200195315, 2.2245554962158205, 2.224372344970703, 2.224826574707031, 2.22329167175293, 2.2237336212158203, 2.223173406982422, 2.222272817993164, 2.2224581512451174, 2.221843685913086, 2.2216087554931643, 2.2211957122802732, 2.220465447998047, 2.2205019653320313, 2.220448147583008, 2.2198136932373047, 2.219723245239258, 2.2197446533203125, 2.2195227325439455, 2.219050143432617, 2.2186962127685548, 2.218102423095703, 2.217639367675781, 2.217490802001953, 2.218534176635742, 2.217549206542969, 2.2183776672363282, 2.2173064758300782, 2.216576412963867, 2.2167455139160155, 2.2160084228515626, 2.2152195495605467, 2.2146498596191404, 2.2159161560058593, 2.21534196472168, 2.2150697357177735, 2.2152989349365235, 2.2152225189208985, 2.214674334716797, 2.215007162475586, 2.214086944580078, 2.215275216674805, 2.2141235076904295, 2.213755270385742, 2.214277389526367, 2.2127387725830077, 2.213100289916992, 2.21499326171875, 2.211687106323242, 2.213938220214844, 2.2132945434570312, 2.21219169921875, 2.2115851959228516, 2.211752130126953, 2.211809088134766, 2.2120424377441408, 2.2112336151123047, 2.2117392974853516, 2.2116331268310545, 2.211190344238281, 2.2106873138427736, 2.2112177642822264, 2.211280334472656, 2.2106362701416016], "test_acc": [39.5, 54.61, 67.57, 74.0, 74.18, 78.28, 80.24, 82.49, 82.52, 80.85, 84.24, 86.16, 85.62, 85.17, 85.26, 85.82, 86.76, 87.48, 86.74, 87.73, 87.69, 88.42, 88.9, 89.26, 89.6, 89.17, 88.96, 89.07, 89.52, 89.01, 89.11, 90.52, 89.87, 90.48, 90.86, 90.43, 90.27, 89.72, 89.64, 90.24, 90.95, 91.15, 91.45, 90.71, 91.07, 91.41, 91.12, 90.48, 90.7, 90.58, 91.14, 91.65, 91.13, 91.72, 91.97, 90.77, 90.84, 91.71, 92.06, 91.75, 90.26, 91.23, 91.35, 91.86, 92.13, 92.1, 91.13, 91.99, 91.07, 91.9, 91.71, 91.8, 91.83, 91.85, 90.98, 91.58, 91.93, 92.14, 91.63, 91.88, 91.84, 92.08, 92.13, 91.55, 91.55, 90.97, 91.17, 88.79, 91.45, 90.63, 91.8, 90.42, 91.25, 91.05, 91.2, 91.27, 90.77, 91.06, 90.62, 90.72]}