{"train_loss": [2.254709914708749, 2.2170244603075533, 2.2072222533389034, 2.2027851929012527, 2.2000703123899608, 2.1980857986670275, 2.1967625867607246, 2.1953207738379126, 2.1942924867328415, 2.1933771840527525, 2.1923885722445626, 2.191751499970754, 2.1910309297406774, 2.1902478220116377, 2.1896308517863607, 2.188997229959211, 2.188199915437617, 2.1877037740161276, 2.1870691552121415, 2.1865303251478405, 2.1857880960162888, 2.185392427138793, 2.1846838119702463, 2.184089480811714, 2.1835080278225436, 2.1827385909536963, 2.182243352262383, 2.1814938641002035, 2.1808528405988317, 2.180435440479181, 2.1794498124693193, 2.178920171199701, 2.1781802447433147, 2.1772766062337108, 2.1765238189289713, 2.1757689913113913, 2.175209848289816, 2.1743493314482207, 2.173378424766736, 2.172638770352062, 2.171683797469506, 2.1707915689191246, 2.1699814276817517, 2.1691155805547013, 2.1676261715399914, 2.1668034048161955, 2.166131942700117, 2.16473137975758, 2.163892714895754, 2.1627626495483594, 2.161523785856035, 2.1605807991109343, 2.1591568161279726, 2.1579773711343098, 2.1565416134320774, 2.1555292147856493, 2.1543246930481024, 2.152981537529546, 2.151712808853541, 2.149859165533995, 2.1483632071405396, 2.1474570830663047, 2.145834521860139, 2.1442053037830906, 2.1431121123142733, 2.1409353522154, 2.1393837006683025, 2.1381875516003013, 2.136127049087459, 2.134861084131094, 2.1323609173807325, 2.1309502649511027, 2.1293653616538415, 2.1273354235877338, 2.1257507918227434, 2.123950331639021, 2.1224048540123506, 2.1204751154296417, 2.118607064597627, 2.1165946818824506, 2.114320709155156, 2.11286763757722, 2.1110348044297633, 2.1088189360422964, 2.1065177576154723, 2.105265826241583, 2.103477797447107, 2.100890249778063, 2.099270307100736, 2.0970355414936686, 2.0951944849429984, 2.0929560075458298, 2.090676995933565, 2.0888890089132848, 2.0876175221214948, 2.0851449604727263, 2.083312027474754, 2.080843169974466, 2.0789377602756534, 2.076959193771721], "test_loss": [1.6257137008666993, 1.5119643997192382, 1.4523538833618164, 1.4303522918701173, 1.3919009170532226, 1.4045489868164063, 1.4050930099487304, 1.414888848876953, 1.3666405319213868, 1.354252619934082, 1.3621101379394531, 1.4116043731689454, 1.3976016220092773, 1.395714515686035, 1.3860734466552735, 1.3390085845947266, 1.3675293334960938, 1.326030953979492, 1.3827705932617187, 1.374539874267578, 1.3380095687866211, 1.3550420837402344, 1.3626005798339844, 1.3534020935058593, 1.3214715576171876, 1.4054631637573243, 1.3303959381103516, 1.3579711471557616, 1.3754881134033203, 1.3521622222900391, 1.3710985290527344, 1.364278286743164, 1.3793632614135742, 1.3813944580078126, 1.3687700790405273, 1.3315362426757813, 1.3081372039794923, 1.3768734252929689, 1.3354625030517577, 1.3739322647094727, 1.3298835906982422, 1.3141685958862304, 1.3072966766357421, 1.3866699356079102, 1.3123922790527345, 1.3192946060180664, 1.3557020431518554, 1.3433892868041992, 1.3318635940551757, 1.33423358001709, 1.3432234085083008, 1.3378799179077148, 1.316057925415039, 1.3028589218139648, 1.3252135055541991, 1.3015474868774415, 1.3632507705688477, 1.3354416610717774, 1.3834910736083985, 1.4079706237792968, 1.3626231964111328, 1.341221664428711, 1.4291157043457032, 1.3696401306152344, 1.415532208251953, 1.3460760986328124, 1.3599838485717775, 1.381490510559082, 1.3402774597167968, 1.3168201385498046, 1.3651635360717773, 1.2847822830200195, 1.3642246154785156, 1.3078922714233399, 1.3540785034179688, 1.370759196472168, 1.3751949996948243, 1.3805047119140625, 1.3848601150512696, 1.390821176147461, 1.3446058715820313, 1.368289891052246, 1.3790979537963868, 1.4001111175537109, 1.3881090225219725, 1.348572833251953, 1.4079177917480468, 1.388832942199707, 1.4135275497436524, 1.4422513656616212, 1.338150177001953, 1.34860400390625, 1.3704978713989258, 1.3995242202758789, 1.3442986541748048, 1.370609698486328, 1.3690327835083007, 1.4031951049804687, 1.3688820373535155, 1.364454933166504], "test_acc": [87.18, 92.97, 95.09, 96.15, 96.8, 96.41, 97.38, 97.25, 97.52, 97.6, 97.67, 97.95, 97.98, 97.99, 98.05, 98.07, 98.15, 98.14, 98.26, 98.25, 98.34, 98.37, 98.28, 98.29, 98.23, 97.96, 98.35, 98.4, 98.34, 98.42, 98.44, 98.1, 98.41, 98.16, 98.26, 98.2, 98.3, 98.19, 98.11, 98.08, 98.0, 98.09, 98.01, 97.94, 98.07, 97.76, 97.19, 97.78, 97.79, 97.33, 96.82, 96.97, 97.4, 97.37, 97.09, 97.02, 96.17, 96.72, 95.59, 94.74, 95.92, 95.51, 94.1, 93.98, 94.01, 94.68, 93.94, 93.97, 94.23, 94.34, 93.09, 93.97, 92.87, 93.95, 92.24, 90.49, 89.77, 90.7, 88.19, 87.92, 89.22, 87.02, 88.76, 86.33, 86.58, 87.26, 85.23, 85.36, 81.57, 82.17, 86.7, 85.0, 85.71, 82.9, 84.97, 83.71, 83.44, 80.73, 84.01, 83.79]}