{"train_loss": [2.2655381697874803, 2.234695823274107, 2.2257039974897337, 2.22193770429008, 2.2194456305259314, 2.2177587915689516, 2.216469495724409, 2.2152921348555474, 2.214431758619781, 2.2135374831338215, 2.2128411113706408, 2.212086729514293, 2.211585727002886, 2.2109796735975475, 2.2103209663660097, 2.2099819687696605, 2.209326530114198, 2.2088981214751544, 2.208368868399889, 2.2078861207024665, 2.2074327061318946, 2.206947836611006, 2.2064663365355925, 2.206045682613666, 2.205533973681621, 2.205093923796955, 2.2045615223737864, 2.2041790133867507, 2.203571091350327, 2.2030895775199957, 2.202662424654023, 2.202134808414003, 2.2017016859136076, 2.2010047028207373, 2.2006258516230135, 2.2001804704340095, 2.19936521185769, 2.1988766758869858, 2.1983285067427873, 2.1976628782402754, 2.197281134943677, 2.1965579145993943, 2.1957836645281215, 2.195198395822802, 2.1944525129774695, 2.19386534507458, 2.1930531691282225, 2.1923379791088595, 2.1914058801455374, 2.190793567743057, 2.1899331079588995, 2.1890372817332926, 2.1882046135062847, 2.1874450465552826, 2.1864563394815493, 2.1860419333490553, 2.184805333104908, 2.1837364537084203, 2.183033946232918, 2.1822643774187465, 2.1810778374345894, 2.179972709244133, 2.178804729229365, 2.17797189950943, 2.176695861877539, 2.1756494162429094, 2.174739225807353, 2.1734143235744576, 2.172356362016792, 2.170950166690044, 2.1698075191587463, 2.1686649500814257, 2.167424888182909, 2.1663217620971875, 2.164736325924213, 2.1637069491239695, 2.1624380339924087, 2.160873439576891, 2.1594981515509453, 2.158234811236716, 2.1567448805540037, 2.155492447889768, 2.1537762294467697, 2.152573198844225, 2.151349768679366, 2.149705579647651, 2.1483862929873996, 2.14698780194307, 2.145392557494661, 2.1441240595956135, 2.1423546014687953, 2.1407899229954452, 2.138925245174995, 2.137840082502773, 2.136353592077891, 2.1345813676842256, 2.1331468545473538, 2.13194175510325, 2.1300613421660204, 2.128907967836429], "test_loss": [1.7056845245361327, 1.6040585433959962, 1.558592869567871, 1.512963117980957, 1.4851726119995117, 1.4741240097045898, 1.4634438110351562, 1.4777970840454102, 1.4789354583740235, 1.4430566223144532, 1.4322113876342772, 1.4433348724365234, 1.4560936553955077, 1.4630715957641602, 1.4392164123535156, 1.4304835678100587, 1.4358783279418945, 1.430218128967285, 1.403831297302246, 1.4472710235595703, 1.4091759048461914, 1.4170441757202148, 1.4377349700927735, 1.3963666259765626, 1.395967234802246, 1.4049578323364258, 1.4181849868774414, 1.3985461639404297, 1.4517526031494141, 1.4303765975952147, 1.4428259887695312, 1.4236137771606445, 1.4386373443603515, 1.4265661544799804, 1.4151146423339844, 1.4128363052368165, 1.4252260070800782, 1.4193455963134765, 1.397753564453125, 1.446800975036621, 1.3651261795043945, 1.4432272659301757, 1.4278543685913085, 1.3949511932373047, 1.4192606201171876, 1.429720068359375, 1.408782342529297, 1.4226350631713867, 1.4197330688476562, 1.3962412887573241, 1.4065793472290038, 1.3770204971313476, 1.458640037536621, 1.3738304641723633, 1.4403391998291015, 1.40716083984375, 1.392716259765625, 1.4355078475952148, 1.4007109024047852, 1.4465988845825195, 1.3975925079345703, 1.4449372192382812, 1.3852197814941407, 1.4396638946533202, 1.4008330261230468, 1.4164925872802734, 1.4245664398193358, 1.4567706893920898, 1.4456219192504882, 1.4144984161376952, 1.4336118484497071, 1.3933195938110352, 1.4094207809448243, 1.4014869094848632, 1.4474382141113282, 1.460815936279297, 1.4748204864501953, 1.4242731262207031, 1.4684969955444336, 1.4712007537841796, 1.413826431274414, 1.452666049194336, 1.4378924697875977, 1.3971236450195312, 1.4282576873779298, 1.4204579223632812, 1.4531125091552735, 1.4315540008544922, 1.4052231735229492, 1.4368694091796874, 1.4782291275024415, 1.4781043441772461, 1.4435965591430664, 1.48279940032959, 1.4620538925170898, 1.4953977905273437, 1.4204519119262695, 1.4770929061889648, 1.499779281616211, 1.4731032928466796], "test_acc": [86.38, 92.0, 94.39, 96.18, 96.55, 96.83, 97.08, 97.13, 97.36, 97.75, 97.78, 97.9, 97.88, 97.93, 97.96, 98.02, 97.97, 97.97, 98.04, 98.27, 98.16, 98.26, 98.36, 98.24, 98.03, 98.28, 98.18, 98.22, 98.11, 98.14, 98.37, 98.32, 98.29, 98.32, 98.39, 98.37, 98.15, 98.33, 98.02, 98.1, 98.22, 98.18, 98.11, 98.04, 98.2, 98.05, 97.85, 97.95, 97.64, 97.88, 97.9, 97.7, 97.34, 97.62, 97.48, 97.26, 97.56, 97.15, 97.03, 96.58, 96.76, 95.5, 96.92, 95.5, 95.77, 96.07, 95.01, 94.71, 95.39, 94.76, 94.48, 95.03, 93.69, 93.4, 91.49, 92.31, 91.74, 91.91, 91.83, 89.8, 92.1, 91.02, 89.6, 90.42, 89.42, 89.7, 88.12, 89.96, 90.88, 88.19, 86.5, 86.71, 87.87, 82.44, 85.55, 81.69, 85.87, 81.17, 81.44, 84.25]}