{"train_loss": [2.2992272270031466, 2.292248662720379, 2.289581775665283, 2.2874114146599402, 2.2856654051022653, 2.283963989498269, 2.282549440351307, 2.281108982542641, 2.279645473529131, 2.2781582296404066, 2.2767686747078204, 2.275212628209693, 2.2737430858815837, 2.2716486102495437, 2.2700726435734677, 2.2670452854572196, 2.2650605322968245, 2.262047010609227, 2.2589901028535304, 2.25552114767906, 2.2516319863816614, 2.247430471273569, 2.242265865334079, 2.236208048131731, 2.2307662541030817, 2.222816097940135, 2.2144468666141868, 2.2051773799790277, 2.1939451709771767, 2.182425750626458, 2.1694922151728573, 2.1543492873509726, 2.136541039006323, 2.117039482308249, 2.0955049130651684, 2.071027181851558, 2.044427017880301, 2.0150276651749244, 1.979675833740805, 1.9448325684946826, 1.9077107025007916, 1.8679777460220532, 1.8190230319642613, 1.7741985326139336, 1.7276978808590489, 1.6795305874612596, 1.6257447590175857, 1.5765322029081166, 1.521390975285799, 1.471812897003614, 1.4212907715740366, 1.3660076314058058, 1.3182620337376227, 1.269465129599612, 1.2243247949160063, 1.18198279157663, 1.1411109406214495, 1.1025748808159788, 1.0675225236222274, 1.0359136798442938, 1.0049492290132067, 0.9792866669913642, 0.9557770698243736, 0.9362899710734686, 0.9184516128311809, 0.9053515765147332, 0.8916422706893367, 0.8790502737984698, 0.8684880623960087, 0.8597202273006113, 0.8515177879832748, 0.8443260827125647, 0.8366352287877319, 0.8311663166834757, 0.8253801382250257, 0.8194408169668964, 0.81438138979113, 0.8095285867014502, 0.805438473311245, 0.8011401034573205, 0.7971296548588663, 0.7926781415684611, 0.7892583086449876, 0.785835613297601, 0.7823786051609577, 0.7797833827570972, 0.7766245595919781, 0.7735246796893258, 0.7708791985980465, 0.7685005706854355, 0.7657670461469226, 0.7630651041737988, 0.7605325727381258, 0.7579646966396234, 0.7560129859763333, 0.7541760575567555, 0.7520146791496848, 0.7500838341875973, 0.7480881401361563, 0.7459248375688863], "test_loss": [2.1520262817382814, 2.053209829711914, 1.9953226516723632, 1.9581354553222656, 1.937101271057129, 1.942664437866211, 1.8918912307739257, 1.8932685684204102, 1.8785788330078126, 1.8868162078857422, 1.819521614074707, 1.8490065063476562, 1.8296921585083008, 1.8523223754882812, 1.8392892883300782, 1.8560551544189454, 1.82277550201416, 1.8328879852294921, 1.8732435211181642, 1.7945985931396484, 1.8416531387329103, 1.8642339736938476, 1.816403645324707, 1.8194601760864257, 1.8190789840698243, 1.867846516418457, 1.8301202941894532, 1.8285310745239258, 1.8668428741455079, 1.858568096923828, 1.8892163406372071, 1.887989874267578, 1.858344059753418, 1.862053581237793, 1.8823127044677734, 1.9676150894165039, 1.9055016403198242, 1.951305238342285, 1.985184506225586, 2.044551274108887, 1.9480278915405274, 2.115025912475586, 2.1466255249023436, 2.1725426513671877, 2.2336588897705076, 2.2354050552368165, 2.3598182525634765, 2.3891993621826173, 2.413119757080078, 2.5195605682373046, 2.6925555084228514, 2.6876255859375, 2.8241430297851564, 2.7384384826660155, 2.812192431640625, 2.8951934387207032, 2.8241800079345705, 2.93986767578125, 3.14222529296875, 2.976561343383789, 3.0944115509033203, 3.0452520629882813, 3.0466828063964844, 3.1315517303466796, 3.0988975799560547, 3.0759577117919923, 3.151086117553711, 3.1257579193115235, 3.112488983154297, 3.2172918426513673, 3.2328060424804685, 3.1493136169433593, 3.141923876953125, 3.181424038696289, 3.1989258544921877, 3.1579042877197265, 3.1738934783935546, 3.210051239013672, 3.20589245300293, 3.160678274536133, 3.2107200286865236, 3.2512240325927735, 3.234409646606445, 3.2445291564941408, 3.2572262451171876, 3.2229418151855467, 3.257046441650391, 3.2415792907714844, 3.2727653900146483, 3.2227939300537107, 3.2170429931640623, 3.2305875396728516, 3.2943329772949217, 3.271107879638672, 3.247865084838867, 3.2271146728515623, 3.278520443725586, 3.2741498321533204, 3.2737051788330076, 3.285596871948242], "test_acc": [69.91, 78.0, 79.73, 87.58, 84.49, 88.68, 91.5, 90.61, 91.27, 91.73, 89.65, 91.04, 89.7, 89.49, 89.46, 85.99, 86.33, 85.92, 78.15, 83.15, 72.64, 73.67, 71.81, 70.84, 69.44, 60.56, 58.72, 61.26, 51.61, 51.96, 46.28, 44.06, 44.56, 44.56, 42.3, 36.07, 38.26, 34.94, 31.6, 27.81, 33.35, 28.59, 27.79, 26.18, 24.7, 24.83, 22.37, 22.74, 23.67, 21.04, 18.26, 21.56, 18.98, 21.34, 19.84, 19.27, 21.1, 18.48, 16.86, 19.41, 17.91, 19.36, 19.0, 18.96, 18.77, 19.0, 17.5, 18.33, 19.18, 17.58, 16.11, 19.12, 18.07, 17.19, 17.07, 17.5, 17.38, 17.75, 18.31, 18.26, 17.15, 16.99, 17.2, 17.04, 16.84, 17.31, 16.96, 16.84, 16.48, 18.07, 17.58, 17.75, 16.23, 16.96, 16.96, 17.35, 16.6, 16.61, 16.43, 16.22]}