{"train_loss": [2.259014480643802, 2.2234301098391542, 2.213571492423359, 2.2090171111954584, 2.206040514330579, 2.2039265663195877, 2.202122189040877, 2.2006542519626455, 2.199343127063197, 2.1982692872357164, 2.1971330357413006, 2.196015309064816, 2.1948292433706102, 2.1940274029715447, 2.193010983304081, 2.1920163295207877, 2.1909145870779314, 2.1901317483339553, 2.189115102474506, 2.188277259341672, 2.1871484991831656, 2.186127272426573, 2.18494386295987, 2.1836457751755023, 2.1826693206770806, 2.1815442641576133, 2.180088661165319, 2.1790399704224024, 2.1779654224713645, 2.1763315888551564, 2.174796810007503, 2.1730802120306554, 2.1717116231592293, 2.169663922399537, 2.168419729950082, 2.166797612467383, 2.164262532678425, 2.1625437879154825, 2.160795890367948, 2.158426110051636, 2.156308291304825, 2.153806492813632, 2.1514478881134944, 2.1487103894225554, 2.1465279307120886, 2.143950948348412, 2.1405461186017747, 2.1374887482732787, 2.1342036138232956, 2.131371608656696, 2.127942737351116, 2.124592364853264, 2.12147100460835, 2.1183934746644435, 2.114508285991147, 2.1100031249543543, 2.1067853631117406, 2.1030018548680167, 2.0990581191503086, 2.0941712779876513, 2.090274784809504, 2.0858384971944695, 2.080695646440881, 2.0760724738112883, 2.071842289887942, 2.0666089032450294, 2.0626383296444883, 2.057185223724088, 2.052441754656979, 2.048118568638451, 2.0424782554818015, 2.0383535580247893, 2.0327715369371266, 2.0279550773975177, 2.0226210607932162, 2.0192891657352448, 2.0128417562725196, 2.0087328627068772, 2.004293857731371, 1.9988687705789876, 1.9928893192201598, 1.9900805313363035, 1.98416351660704, 1.979148799028152, 1.9747378334530399, 1.9703623925009344, 1.9663502877084618, 1.9616983082049932, 1.9586692062708049, 1.9528133749452412, 1.949029439025455, 1.9444658211153796, 1.9401891937113216, 1.9372129970126681, 1.9325443549543364, 1.9303091440954778, 1.9249709671379154, 1.9217084223388607, 1.9180604387552311, 1.9151423341698117], "test_loss": [1.6686834915161133, 1.5482145278930664, 1.4592963760375977, 1.4148409545898437, 1.4665148559570313, 1.4351255493164063, 1.422644432067871, 1.4069464370727538, 1.4222602172851562, 1.3949630950927734, 1.3839037719726563, 1.4117655197143555, 1.3874415603637695, 1.3646638397216797, 1.388982180786133, 1.3790806427001954, 1.4006593566894532, 1.3911812240600585, 1.4046039352416992, 1.3794511566162109, 1.3851711135864258, 1.3648026321411133, 1.390239862060547, 1.3629248199462891, 1.4104034500122071, 1.4154984573364258, 1.3910268829345702, 1.3154699752807617, 1.3961917373657227, 1.4111661193847655, 1.325319207763672, 1.3545990051269532, 1.3788206344604492, 1.3972083709716796, 1.3914064025878907, 1.4030821853637696, 1.3781801696777343, 1.3613996932983399, 1.4103836090087891, 1.3987356018066406, 1.3643118591308594, 1.3687169342041015, 1.3920130401611328, 1.3558326858520509, 1.3994460845947265, 1.38170450592041, 1.3452561538696288, 1.3286756469726562, 1.3758754913330078, 1.355444969177246, 1.3989137939453125, 1.4089894653320312, 1.3874025466918944, 1.4144905822753906, 1.3408170928955079, 1.3684792404174804, 1.4258623489379882, 1.3937451431274415, 1.3860516098022462, 1.4419814407348632, 1.405222718811035, 1.422263249206543, 1.435504998779297, 1.4420787094116212, 1.3977408981323243, 1.4584630798339844, 1.4132405670166015, 1.5342360061645508, 1.4491669265747071, 1.4549589233398437, 1.4745164627075196, 1.4109203536987305, 1.4607199142456055, 1.4207870254516601, 1.447544403076172, 1.4127170394897461, 1.4049674530029297, 1.4788672134399414, 1.4911681533813477, 1.5027540573120117, 1.4826630752563477, 1.489639259338379, 1.456903141784668, 1.4855800888061523, 1.4470151824951172, 1.485974478149414, 1.5065175506591797, 1.546015298461914, 1.4990058807373048, 1.5728377517700196, 1.4149741516113281, 1.565533738708496, 1.4893804718017578, 1.4949252883911133, 1.494176318359375, 1.5898391632080078, 1.5361642517089844, 1.6209744003295898, 1.540764793395996, 1.6075274658203125], "test_acc": [87.91, 92.66, 94.52, 95.58, 96.78, 96.87, 97.25, 97.3, 97.61, 97.51, 97.58, 97.91, 97.73, 97.99, 97.69, 97.97, 97.97, 97.89, 97.81, 98.04, 97.93, 98.05, 97.67, 97.94, 97.68, 97.49, 97.35, 98.0, 97.42, 97.38, 97.72, 96.68, 97.32, 97.3, 96.57, 96.98, 96.62, 95.79, 96.26, 96.06, 96.12, 95.19, 93.97, 94.94, 92.67, 92.24, 93.36, 92.65, 92.34, 91.27, 89.77, 88.72, 89.31, 84.3, 87.73, 85.71, 84.11, 82.82, 83.71, 80.2, 82.56, 80.07, 79.88, 78.07, 79.69, 74.52, 76.43, 68.94, 71.49, 74.05, 71.84, 75.15, 71.89, 73.27, 71.06, 69.93, 72.5, 68.87, 66.27, 65.21, 65.71, 65.48, 67.27, 64.95, 67.77, 65.47, 63.32, 59.48, 63.39, 59.03, 66.52, 59.47, 61.74, 62.29, 61.68, 57.13, 60.24, 54.72, 59.36, 54.55]}