{"train_loss": [2.3024257350171733, 2.302100332883688, 2.3019037776523166, 2.301778179458064, 2.3016961879200406, 2.301637528798519, 2.3015910188357034, 2.3015518601124105, 2.301518041353959, 2.301487507473709, 2.3014605947029896, 2.301435796623556, 2.301413472391601, 2.3013921064189358, 2.301373148575807, 2.3013555636772742, 2.301338874376737, 2.301323469887432, 2.3013093736436634, 2.3012962509424257, 2.3012843437683888, 2.3012730102253776, 2.3012621443495793, 2.301252244374691, 2.3012432262428804, 2.3012347139863887, 2.301226430469089, 2.3012194567256503, 2.3012124789066806, 2.301205918829665, 2.3011997770040464, 2.3011938063507404, 2.3011883084590616, 2.3011832364604006, 2.3011786927524795, 2.301174034420242, 2.3011695839400983, 2.301165190517393, 2.301161399254432, 2.301157045058715, 2.30115389976746, 2.3011503403003397, 2.301146769625509, 2.301143489841722, 2.3011401957935758, 2.301137336808392, 2.3011343805198994, 2.301131477722755, 2.301128684455513, 2.3011260460584593, 2.301123730137817, 2.301121193119603, 2.3011186240065813, 2.3011161949899464, 2.3011140324111676, 2.3011119268898272, 2.301109610969185, 2.301107869698451, 2.301105340321859, 2.3011032490648775, 2.3011017446843987, 2.301099495500581, 2.3010973298651543, 2.3010955340841894, 2.301093927815429, 2.3010920495049567, 2.301090427952954, 2.301088781438322, 2.3010869454114866, 2.3010854267666483, 2.3010840721619434, 2.301082296249194, 2.3010808433222976, 2.3010792625256076, 2.301078003186446, 2.301076267519568, 2.301074850763011, 2.3010734615162907, 2.3010722398757935, 2.301070955574003, 2.301069358984629, 2.3010682117225776, 2.3010669014392753, 2.301065542249598, 2.3010643302884874, 2.301063096930838, 2.3010619221589503, 2.301060526798933, 2.3010594646135965, 2.3010582658979626, 2.301057119654794, 2.3010563707759237, 2.3010550105673637, 2.3010539458348203, 2.3010525239838495, 2.301051906031421, 2.3010505621249857, 2.301049675696935, 2.301048422980512, 2.301047518212571], "test_loss": [2.274492956542969, 2.254689602661133, 2.2382022705078124, 2.226298159790039, 2.2181862426757815, 2.2123467681884765, 2.20781706237793, 2.204040298461914, 2.2008193267822267, 2.1979553436279295, 2.195200991821289, 2.1928184631347656, 2.190535482788086, 2.188582574462891, 2.186518231201172, 2.1850233215332033, 2.183278509521484, 2.181628494262695, 2.1800526611328124, 2.1788533416748046, 2.1773868774414065, 2.176476547241211, 2.175115737915039, 2.174149688720703, 2.1732394653320313, 2.172059799194336, 2.1711822021484375, 2.170379333496094, 2.1696833923339844, 2.168829879760742, 2.168069253540039, 2.1674350830078124, 2.166974417114258, 2.1663062469482424, 2.165704409790039, 2.165202618408203, 2.164955731201172, 2.1645821716308595, 2.1637733734130857, 2.1634604858398436, 2.1634116271972657, 2.162886489868164, 2.1623139556884765, 2.161914651489258, 2.1618102081298827, 2.161381915283203, 2.1607993865966795, 2.1613384887695313, 2.1604839080810545, 2.160343576049805, 2.160157339477539, 2.1601361755371093, 2.1594903442382813, 2.159427633666992, 2.15918701171875, 2.1588173095703125, 2.1586691802978515, 2.1583234313964845, 2.158211184692383, 2.1578108856201172, 2.1581356048583986, 2.1578502410888674, 2.157422564697266, 2.1579236267089845, 2.157378973388672, 2.1569725646972655, 2.1569345581054686, 2.1572343292236327, 2.1565826171875, 2.1565448181152345, 2.1564450469970704, 2.1559378265380857, 2.1562454681396486, 2.1559832000732424, 2.155813818359375, 2.1556829467773437, 2.1556085540771486, 2.155408319091797, 2.1552259979248047, 2.1555015289306643, 2.154745571899414, 2.1548208557128907, 2.1549920837402343, 2.1543954895019533, 2.1545849212646484, 2.1548112243652344, 2.154301971435547, 2.154255920410156, 2.154065914916992, 2.1541616973876954, 2.153930291748047, 2.153810433959961, 2.153658984375, 2.1538233154296873, 2.1536158966064454, 2.153656686401367, 2.1536009124755857, 2.1533960723876953, 2.153125799560547, 2.1530995361328125], "test_acc": [55.98, 72.15, 78.22, 82.15, 84.83, 86.28, 87.66, 88.43, 88.99, 89.41, 90.06, 90.53, 90.88, 91.38, 91.86, 92.23, 92.46, 92.75, 93.06, 93.36, 93.53, 93.71, 94.07, 94.09, 94.36, 94.5, 94.63, 94.76, 94.86, 94.92, 95.06, 95.14, 95.22, 95.33, 95.32, 95.42, 95.49, 95.58, 95.63, 95.69, 95.72, 95.75, 95.84, 95.82, 96.01, 96.01, 96.05, 95.98, 96.09, 96.11, 96.15, 96.04, 96.24, 96.28, 96.37, 96.27, 96.33, 96.37, 96.28, 96.34, 96.46, 96.47, 96.49, 96.49, 96.54, 96.49, 96.53, 96.58, 96.63, 96.64, 96.65, 96.64, 96.72, 96.74, 96.7, 96.75, 96.81, 96.85, 96.86, 96.88, 96.83, 96.89, 96.82, 96.94, 96.92, 96.94, 96.94, 96.95, 97.0, 96.92, 97.04, 97.04, 96.97, 97.08, 97.09, 97.13, 97.03, 97.16, 97.11, 97.18]}