{"train_loss": [2.1416132870392923, 2.0571477647520537, 2.041778166834106, 2.034194503329758, 2.0286692082881927, 2.0249810364001837, 2.0214069702176967, 2.0183428541207924, 2.0154623618492713, 2.0132342528583655, 2.010848152077096, 2.0081395155344253, 2.006132188006344, 2.0038288839352436, 2.001126888216051, 1.9988991521362565, 1.9966154758237367, 1.9941605584234254, 1.9917004108428955, 1.9889867692931085, 1.9866507027903173, 1.9832820204588084, 1.9805995888180203, 1.9774054770286267, 1.9741258903955803, 1.9703309785606515, 1.9665478129162748, 1.9628039677428384, 1.959301902442916, 1.9542930610159523, 1.9497879858200367, 1.944952449737451, 1.9404106527312188, 1.9350874423980713, 1.929171056064785, 1.9238217686995482, 1.9175318920204782, 1.909502647880815, 1.9036964188274155, 1.8958437654197726, 1.8884310630651622, 1.8791178047147572, 1.8717597598194058, 1.862768615412916, 1.854559595258827, 1.8435747985147004, 1.834446198410458, 1.824512302620798, 1.8144772918815286, 1.803794615289085, 1.7948677916812081, 1.7825200193458133, 1.7713686775447977, 1.760412507587009, 1.7501392716016524, 1.7395317220789754, 1.7279929539077303, 1.7174966890587766, 1.707115530458271, 1.6949955209707603, 1.6844880822886767, 1.6741076949824634, 1.6637424678884, 1.6538188439658565, 1.643040020751138, 1.6345222077817998, 1.6253344411523933, 1.6171543776479542, 1.6072175859386086, 1.6003464276974018, 1.5909593540888567, 1.5847567067696497, 1.5769960839524229, 1.5682546893755596, 1.5620477000872295, 1.5562100181212792, 1.5487917924029195, 1.5424496719979832, 1.5373466613455715, 1.5316144271284087, 1.525211250425404, 1.5204326011176803, 1.515528710734131, 1.5109760114270399, 1.5067206672114184, 1.5028935607172484, 1.499891925826032, 1.4948877549579, 1.4894645580878625, 1.4875867937365148, 1.4833378445388925, 1.4812092342947283, 1.4777253733740912, 1.4738766846493778, 1.470539565015043, 1.4683647767091408, 1.4655929709601605, 1.4627272573291745, 1.4588131626956484, 1.4569220965744083], "test_loss": [1.19120366897583, 1.1630665992736817, 1.0794103218078612, 1.0564838500976563, 1.0333145584106445, 1.0204799880981446, 1.085902554321289, 1.0029143028259278, 1.0424580673217774, 1.0516306579589845, 1.0050669677734374, 1.05081127243042, 0.998715933227539, 1.0277671455383302, 1.0188474563598633, 1.0064539260864258, 1.022617929840088, 1.0212002311706543, 1.0466546875, 1.0355272583007813, 0.9584722663879395, 1.0235769805908204, 1.0317447288513184, 0.9645978607177734, 0.9595710838317871, 1.03558447265625, 0.9585576377868652, 0.9893653450012208, 0.9801916145324707, 0.9331130500793458, 1.0201847091674805, 1.0241349418640138, 0.98118628616333, 1.0154530960083008, 1.0182146179199218, 0.9981666519165039, 1.0178693565368653, 1.0495567283630372, 0.9882549560546875, 1.0539315216064453, 1.0065205459594726, 1.0543874725341797, 1.0357006546020509, 1.0924978149414062, 1.0137133697509766, 1.0478014640808107, 1.0285077812194825, 1.0590840270996094, 1.0888611366271972, 1.0508507156372071, 1.1769224609375, 1.0385185737609863, 1.0613039009094238, 1.0089662467956544, 1.0507604873657226, 1.0977446220397948, 1.0982825347900391, 1.1302413208007813, 1.1238975341796875, 1.091140633392334, 1.099975560760498, 1.1310708808898926, 1.1442100196838378, 1.1251775268554687, 1.1491607246398925, 1.1200216964721679, 1.1271570220947265, 1.1435565078735352, 1.127293814086914, 1.1487557540893554, 1.127371826171875, 1.1978317474365234, 1.1665579208374024, 1.1542883491516114, 1.2093119094848632, 1.1885482177734374, 1.2117893341064454, 1.1764939224243165, 1.2628952774047852, 1.24330873336792, 1.2280653915405273, 1.2523806076049804, 1.2327892776489258, 1.2493919342041016, 1.2411776885986328, 1.2555897048950195, 1.1995566467285157, 1.241573779296875, 1.2294381797790528, 1.232542066192627, 1.2750234497070312, 1.2552482299804688, 1.2567689498901367, 1.261104266357422, 1.2309866752624512, 1.2983532150268555, 1.252041268157959, 1.275183316040039, 1.2893505004882813, 1.2489910354614258], "test_acc": [92.53, 95.39, 96.47, 97.32, 97.55, 97.69, 97.87, 97.86, 97.76, 98.32, 98.18, 98.31, 98.27, 98.45, 98.31, 98.39, 98.34, 98.38, 98.27, 98.31, 98.52, 98.27, 98.2, 98.46, 98.37, 98.3, 97.57, 98.02, 97.69, 97.88, 96.34, 97.16, 96.75, 96.44, 96.17, 96.35, 95.19, 94.61, 95.19, 93.13, 93.13, 91.74, 92.29, 87.85, 90.39, 88.85, 88.0, 85.79, 83.42, 85.55, 78.49, 83.01, 83.53, 83.56, 81.54, 79.46, 79.31, 77.96, 77.38, 77.89, 77.07, 74.39, 75.41, 75.49, 72.58, 73.83, 73.75, 73.65, 73.53, 71.51, 72.51, 70.59, 71.55, 71.33, 67.35, 69.79, 67.89, 69.47, 65.13, 66.7, 67.82, 65.87, 67.05, 66.54, 66.58, 65.75, 67.86, 66.37, 66.4, 66.46, 64.5, 64.97, 65.19, 65.2, 65.97, 63.31, 64.85, 64.21, 63.23, 65.54]}