{"train_loss": [2.2929887012538748, 2.2797408032621074, 2.274143042217972, 2.2709176963211126, 2.2685250578782497, 2.2661931173414245, 2.2646306177489777, 2.2630143211438107, 2.261482438980005, 2.2601809282588143, 2.2584230558485046, 2.256979171027485, 2.255142078949855, 2.2534139864465113, 2.2512828014854693, 2.248752565974863, 2.246689579425714, 2.243885212474399, 2.240927345222897, 2.2379518676007915, 2.2338753087907777, 2.2299223847878284, 2.2246813137307124, 2.219538983116802, 2.2141074670685663, 2.207579896490798, 2.2002410109226522, 2.1919163832297692, 2.1831658574251027, 2.173429391322992, 2.1618744659627604, 2.148382304570614, 2.1354124102837, 2.1194673262090764, 2.101628603843542, 2.0841729666432762, 2.0627471957451258, 2.0393935717069187, 2.01546019086471, 1.9895979851229577, 1.958672971297533, 1.9282282300484486, 1.8949464195304446, 1.8620062727704008, 1.823901295916647, 1.7900919672260938, 1.7481407986746893, 1.710910786420871, 1.6698107113186111, 1.6312060027550428, 1.5908524692058563, 1.5522716756050403, 1.5132767530078561, 1.4765672953719766, 1.437334296795038, 1.4015299581054947, 1.3688629394413059, 1.3373628014173262, 1.3044817490964873, 1.2797521650791168, 1.2503321290525615, 1.2274914959557035, 1.2048400118310227, 1.1831440691255097, 1.1642851427070096, 1.1468306507310297, 1.1319075794810922, 1.1172442278291426, 1.1067218785611992, 1.0948832483373137, 1.0845518606340783, 1.0749269540493305, 1.06729454973824, 1.0590988034621263, 1.0525369395812352, 1.0453635161249046, 1.039828169804353, 1.0345124760244646, 1.0276847027051144, 1.023204469655314, 1.0188546454549854, 1.0157628291183047, 1.0107969653147917, 1.006426227143687, 1.0027692945849183, 0.9996592723406278, 0.9962441871563593, 0.9925582566831865, 0.9894061748288635, 0.9863303629761069, 0.9844664567046695, 0.9815548257185862, 0.9786070227368265, 0.9762479001894976, 0.9742200635691993, 0.9714849619274466, 0.9695591492275907, 0.9672241464384601, 0.9652778233727838, 0.9628617633611728], "test_loss": [1.9935727096557616, 1.8650590606689452, 1.8403964294433595, 1.8379483612060548, 1.7807421783447266, 1.7466198486328126, 1.743721388244629, 1.754833102416992, 1.7282104675292969, 1.7508279571533203, 1.6781052810668946, 1.6994269622802733, 1.7150608795166016, 1.7172637084960938, 1.6902361373901367, 1.6647462921142577, 1.715819662475586, 1.7308242248535157, 1.6876371841430664, 1.718808952331543, 1.7222357391357421, 1.6755141021728515, 1.7419568099975586, 1.701301789855957, 1.6599685012817382, 1.6903622421264648, 1.7119664138793946, 1.723574038696289, 1.73311162109375, 1.793107925415039, 1.6428752639770507, 1.777737190246582, 1.830616030883789, 1.7567471649169921, 1.6857872329711914, 1.8032916366577147, 1.7666778289794922, 1.8045275466918946, 1.958041926574707, 1.8348226821899414, 1.978413897705078, 1.9666898651123046, 1.9887704605102539, 1.942301837158203, 2.0194876251220704, 2.046294613647461, 1.957641163635254, 2.091800927734375, 2.097664747619629, 2.170841537475586, 2.1869275360107423, 2.1542889358520507, 2.2749492858886717, 2.2620560150146485, 2.3679543395996094, 2.4406607360839843, 2.3393619857788086, 2.4897312942504883, 2.4812713775634765, 2.4360484649658205, 2.5658835510253906, 2.5851433654785154, 2.5627641052246095, 2.5947429626464844, 2.594110107421875, 2.6132324859619143, 2.5808433410644533, 2.689241912841797, 2.6334869110107424, 2.6511302673339845, 2.6410496154785155, 2.648550274658203, 2.65497158203125, 2.735336999511719, 2.6046784606933593, 2.6960126953125, 2.7429791259765626, 2.742962191772461, 2.7097757598876955, 2.6712149871826174, 2.7287573181152345, 2.744677722167969, 2.766255209350586, 2.7523196563720704, 2.7410495697021484, 2.657519079589844, 2.755169689941406, 2.777849951171875, 2.723943258666992, 2.8121942901611328, 2.7823288513183595, 2.724561102294922, 2.782165249633789, 2.749988400268555, 2.7611829376220705, 2.7537988220214844, 2.7909846343994142, 2.733952035522461, 2.78090094909668, 2.854355877685547], "test_acc": [73.41, 84.81, 89.4, 91.11, 93.69, 92.9, 93.15, 94.77, 94.6, 94.47, 93.52, 94.51, 94.56, 93.94, 93.29, 93.87, 93.35, 91.99, 92.46, 88.56, 88.42, 88.54, 79.62, 82.14, 83.57, 76.42, 73.36, 68.99, 66.85, 60.17, 67.69, 53.9, 51.59, 54.34, 56.13, 46.93, 49.17, 46.3, 34.65, 40.37, 34.57, 36.32, 32.74, 33.16, 30.79, 32.44, 35.35, 31.56, 30.33, 27.56, 28.82, 29.09, 27.46, 25.67, 25.68, 25.72, 27.24, 23.57, 23.9, 24.51, 22.33, 23.18, 23.77, 21.98, 23.13, 22.01, 23.43, 22.15, 22.61, 22.81, 22.43, 22.0, 22.77, 21.47, 24.11, 21.12, 21.99, 21.59, 21.34, 21.96, 20.7, 21.52, 20.46, 21.21, 20.41, 23.13, 21.23, 20.03, 22.06, 19.36, 19.48, 21.1, 20.33, 21.26, 20.82, 21.0, 19.99, 21.33, 19.91, 18.86]}