{"train_loss": [2.2889691937682977, 2.274140336065211, 2.2696156995928187, 2.2668747856066775, 2.2652874762176447, 2.2643499980624924, 2.263589053072481, 2.263046756768838, 2.262551882328131, 2.2621299150662546, 2.2618255599951134, 2.261513220448779, 2.261171573247665, 2.2609498887999444, 2.2607245720349827, 2.2604804996751313, 2.2602947160728974, 2.2600925473066478, 2.2599476957932496, 2.2597736838536386, 2.2596425801260858, 2.259465079022269, 2.2593336721770783, 2.2591635223127837, 2.259067220056159, 2.2589392081285133, 2.2587846874171853, 2.2586736276618438, 2.2585934354708743, 2.2584722439448037, 2.2583740302640147, 2.2582762394195948, 2.2581513040086145, 2.25803157610771, 2.25794506429607, 2.2578665929981785, 2.2577461467848883, 2.2576361644981255, 2.257571246379461, 2.2575224581946673, 2.2573358207686334, 2.2572660150690975, 2.2571908561592426, 2.2571434730138535, 2.2569941511520972, 2.2569079246276464, 2.2568586697945228, 2.256742503398504, 2.2566342695146546, 2.2565406978639784, 2.2564805287581224, 2.2563604646258884, 2.2562786019765415, 2.256204391646589, 2.256128662162357, 2.2560243433357305, 2.2559428739751506, 2.255861953792409, 2.255749248031877, 2.2556415898168187, 2.2555226281157927, 2.255432709160014, 2.2554076482088137, 2.255265752474467, 2.2552022200364332, 2.2551426439203768, 2.2550410251332145, 2.2549176888588147, 2.2548066413300667, 2.2547490077141004, 2.2546683988000593, 2.2545640208782296, 2.254453098672068, 2.254392607599242, 2.254263234953595, 2.2541488332626147, 2.2540964708369002, 2.2539819025585794, 2.2538872172689843, 2.2538215762529616, 2.253666799292605, 2.253620681599674, 2.253482561845046, 2.2533454523127303, 2.253275803521148, 2.253169589063041, 2.2530827379634237, 2.2529393108482036, 2.2528309516417675, 2.252767389146691, 2.2526428134013443, 2.252557803422977, 2.252408597713862, 2.2523009690464053, 2.252181564131354, 2.2521302200790143, 2.2519960632691016, 2.2518716220162873, 2.2517513984288926, 2.2516566433458247], "test_loss": [1.9187631759643555, 1.815042790222168, 1.769346356201172, 1.7356914276123048, 1.7142745132446289, 1.7067403747558594, 1.7050892654418945, 1.703225035095215, 1.689515280151367, 1.6684360153198243, 1.6818305679321288, 1.6789117980957031, 1.6755664138793944, 1.6693628036499024, 1.6705875747680663, 1.6691248275756836, 1.6636761169433594, 1.6701672317504883, 1.662456393432617, 1.6592180557250977, 1.6407511856079102, 1.6542360244750978, 1.6796708953857422, 1.6504446701049804, 1.6557921188354492, 1.6557988143920899, 1.6391729949951173, 1.6387726638793945, 1.6572468017578126, 1.6719215072631837, 1.6462004959106444, 1.6327325759887696, 1.6518266662597656, 1.6414863067626952, 1.6416481643676757, 1.6375860580444337, 1.628923045349121, 1.6318592315673828, 1.632951023864746, 1.6160780166625976, 1.6338253219604493, 1.627881330871582, 1.6373099365234376, 1.6354794921875, 1.6447121398925781, 1.630369952392578, 1.6479829284667968, 1.6772194839477539, 1.633842120361328, 1.6525422088623047, 1.6405376388549804, 1.6235481994628906, 1.6305444931030273, 1.6369244888305665, 1.6351150253295899, 1.618087176513672, 1.6397522384643555, 1.6298675003051757, 1.6227682266235353, 1.636977281188965, 1.6401466247558594, 1.6319833221435547, 1.6082170394897461, 1.6483846450805664, 1.6144292999267578, 1.6415802963256836, 1.63727850189209, 1.6116194793701173, 1.6226505172729493, 1.6386160034179686, 1.651800453186035, 1.6292036819458007, 1.6105926239013673, 1.6558546493530273, 1.6308061798095703, 1.6412825744628907, 1.6220222930908204, 1.651189276123047, 1.6508985137939454, 1.6215728729248047, 1.650521452331543, 1.6211838912963867, 1.6320613739013672, 1.6182255905151368, 1.6269677337646484, 1.615900633239746, 1.6436038284301757, 1.6204294967651367, 1.6022875015258788, 1.6095024627685548, 1.6255727188110352, 1.6093431640625, 1.643484149169922, 1.6032681823730468, 1.648643458557129, 1.6204527145385743, 1.641465608215332, 1.642584553527832, 1.6106420166015625, 1.6341437362670899], "test_acc": [79.85, 89.61, 92.72, 94.27, 95.24, 95.92, 96.28, 96.47, 96.75, 97.09, 97.13, 97.25, 97.33, 97.38, 97.49, 97.64, 97.52, 97.73, 97.65, 97.86, 97.79, 97.76, 97.97, 97.98, 98.01, 98.02, 98.15, 98.06, 98.18, 98.15, 98.2, 98.09, 98.21, 98.25, 98.18, 98.14, 98.24, 98.2, 98.16, 98.3, 98.34, 98.4, 98.22, 98.32, 98.43, 98.43, 98.55, 98.48, 98.4, 98.46, 98.46, 98.42, 98.38, 98.43, 98.54, 98.52, 98.52, 98.46, 98.42, 98.34, 98.45, 98.52, 98.49, 98.45, 98.53, 98.5, 98.61, 98.65, 98.45, 98.46, 98.63, 98.38, 98.39, 98.34, 98.54, 98.53, 98.57, 98.63, 98.57, 98.47, 98.53, 98.62, 98.53, 98.46, 98.55, 98.27, 98.37, 98.45, 98.39, 98.51, 98.45, 98.36, 98.27, 98.51, 98.26, 98.4, 98.34, 98.34, 98.4, 98.37]}