{"train_loss": [2.223450112546611, 2.1716645966228256, 2.160699133689587, 2.1560247835949955, 2.153083937290387, 2.151039136780633, 2.149434004074488, 2.148243155234899, 2.1472600301106772, 2.146377860990345, 2.1456062610332785, 2.145030034403516, 2.144380023336818, 2.1438995238043304, 2.143390700348422, 2.142962475617727, 2.1425863845735535, 2.1422313084969153, 2.141825961251544, 2.141556833034907, 2.141131149397956, 2.1408596334294376, 2.1406053803924823, 2.1402708949186864, 2.1401016528789816, 2.1399066916897764, 2.139469327070774, 2.1393074698937244, 2.1390724793458595, 2.1388212941650653, 2.138669594230815, 2.1384614064143252, 2.1382477930468373, 2.1379788456818996, 2.1378597010914078, 2.1376052962409124, 2.137486576524555, 2.1373026921198917, 2.137045984594231, 2.1369631045903916, 2.136778754556281, 2.1365868005997095, 2.1363065665603704, 2.136134194003211, 2.1360252550524526, 2.1358537271491485, 2.13570126101502, 2.135423689825922, 2.135256477400788, 2.1351747675838633, 2.135037281574347, 2.134843623536265, 2.1347806107284675, 2.1345678822607055, 2.134264195576692, 2.134266936371469, 2.1340155713578577, 2.133830689976358, 2.133726118466793, 2.1335841111647778, 2.133368538485633, 2.133291367282215, 2.1330675579543805, 2.1328446212996783, 2.1327909032503762, 2.1326382888687982, 2.132445041440491, 2.1322956426530824, 2.1321768679170527, 2.1321221691930394, 2.1317550198644653, 2.1315582832719526, 2.1315397187175913, 2.1313399081556206, 2.1313023037380643, 2.131100049895099, 2.1309261699008126, 2.1307082935276194, 2.130682033351344, 2.1304210011775675, 2.130259734952552, 2.1301173083802576, 2.1299443621920724, 2.1298393393174195, 2.129630338941884, 2.1294663961117086, 2.1292819146417146, 2.1291986948404555, 2.129059727375324, 2.1288929438998556, 2.1286618378427296, 2.128478799110804, 2.128416252951337, 2.1281597323906727, 2.127980487468915, 2.1278292210693035, 2.1277385970466156, 2.1275455926218605, 2.1273829840187335, 2.1272702762204356], "test_loss": [1.4684158813476562, 1.3499089202880858, 1.2928474014282227, 1.3161475067138673, 1.2648472030639648, 1.261223844909668, 1.2576837661743163, 1.2579095794677735, 1.2384669143676759, 1.2322536239624022, 1.2135316314697266, 1.2314821258544921, 1.2282870147705078, 1.2331922760009766, 1.2091816940307618, 1.217358723449707, 1.2323861602783204, 1.236539421081543, 1.1898176208496094, 1.215192086791992, 1.2451788360595704, 1.22149725189209, 1.2435963241577148, 1.244332568359375, 1.2134053802490234, 1.2263876037597656, 1.207652360534668, 1.2302365676879883, 1.1753174682617187, 1.2116784255981445, 1.1930195465087892, 1.2126526092529297, 1.244620899963379, 1.2122370056152343, 1.1992166763305665, 1.2182599365234374, 1.22920333404541, 1.1908305725097657, 1.212177394104004, 1.2111070007324218, 1.2386677734375, 1.1744406204223632, 1.2288684707641602, 1.1550609161376952, 1.2069503784179687, 1.2066080307006837, 1.1732954696655273, 1.2042882705688476, 1.225849038696289, 1.2107520751953125, 1.2157599197387696, 1.2305115905761719, 1.201537336730957, 1.1825213241577148, 1.2000272598266601, 1.2036384460449219, 1.2079104278564454, 1.2105110855102539, 1.169106135559082, 1.2182883575439454, 1.2158805099487304, 1.2122418533325194, 1.18600291595459, 1.22074462890625, 1.1701328231811523, 1.2234362503051759, 1.220830096435547, 1.2307657775878906, 1.2205518630981445, 1.200200344848633, 1.1881117767333984, 1.2186354354858397, 1.2054121002197267, 1.180778401184082, 1.2033225677490234, 1.21602001953125, 1.1774977142333984, 1.23070782623291, 1.2132396881103515, 1.232379086303711, 1.2416407348632812, 1.202835597229004, 1.1730347412109374, 1.1921662719726562, 1.2060601119995118, 1.1897808197021484, 1.2105565994262695, 1.1914235290527344, 1.2167911880493163, 1.196525895690918, 1.2029741317749023, 1.181588771057129, 1.226097706604004, 1.1854732849121095, 1.1891794967651368, 1.2405772918701172, 1.2167631561279297, 1.1961276657104492, 1.1960739715576172, 1.2177495574951172], "test_acc": [89.94, 94.97, 96.64, 96.72, 97.42, 97.63, 97.82, 98.11, 98.23, 98.3, 98.26, 98.3, 98.56, 98.35, 98.54, 98.59, 98.65, 98.75, 98.7, 98.72, 98.66, 98.75, 98.7, 98.7, 98.68, 98.78, 98.79, 98.85, 98.81, 98.81, 98.81, 98.88, 98.91, 98.83, 98.91, 98.8, 98.88, 98.91, 98.89, 98.89, 98.96, 98.85, 98.93, 98.96, 98.87, 98.9, 98.92, 98.94, 98.96, 99.01, 98.99, 98.97, 98.96, 98.96, 98.99, 98.98, 98.94, 98.94, 98.94, 98.92, 99.01, 99.08, 99.07, 99.05, 98.95, 98.95, 98.92, 98.99, 98.93, 98.98, 99.0, 99.05, 98.89, 99.03, 99.09, 99.0, 99.03, 99.03, 98.95, 98.99, 99.03, 99.05, 99.06, 98.95, 98.99, 98.99, 99.01, 99.02, 99.05, 98.99, 99.06, 99.06, 98.97, 98.98, 99.05, 98.86, 98.91, 99.11, 98.99, 98.92]}