{"train_loss": [1.4991777271796496, 1.2959098326854217, 1.2703134297815144, 1.2564851071080592, 1.2467851254165683, 1.2393521213123941, 1.2332988121570685, 1.2284632126490276, 1.2235748329733172, 1.2186826161849194, 1.2143742189957545, 1.2099900316988301, 1.206742258535491, 1.202128956333185, 1.1987125445634892, 1.1938341481563373, 1.1907435847908003, 1.1864933774002597, 1.181558101859867, 1.1775163870591383, 1.1724224003971133, 1.1686540687950249, 1.1632791237953382, 1.1589374851721983, 1.1532396413067467, 1.1477808873368125, 1.1426760547945642, 1.1355812241379013, 1.1307832658545585, 1.1236665343117511, 1.1178950671202097, 1.1103184281760812, 1.1020655547961211, 1.094922194114098, 1.0880438960515535, 1.0799134108755324, 1.0714101213165836, 1.0623242562143211, 1.0546380324750884, 1.045666498506171, 1.036890717653128, 1.0279477406770756, 1.0198355282728488, 1.0104118804646354, 1.000718973768063, 0.9915436457874428, 0.9824323745874258, 0.9744354895292184, 0.9655429914466336, 0.9567664722856294, 0.949242341849539, 0.9414040450102243, 0.9330579213097564, 0.926250241123713, 0.918497410722268, 0.9114390158245707, 0.9051584288095816, 0.8990324202001604, 0.8933230208026038, 0.8869997279511558, 0.8817136534768292, 0.8760779139577833, 0.8708498050005008, 0.8664071473300966, 0.8619310646994501, 0.8582335246933831, 0.8536043788632776, 0.8498174070547788, 0.8471326836918154, 0.8427716659175025, 0.840263191324014, 0.8370534293671958, 0.8344867951594866, 0.8315708869033389, 0.8291001639559737, 0.8268585498006935, 0.8243252492358542, 0.8216095308208058, 0.8191647645499971, 0.8176498676721866, 0.8156142914906527, 0.8136504069607482, 0.8116703919875317, 0.8097682829596039, 0.808452894545009, 0.8061752749813927, 0.8052929014476955, 0.8037690562315476, 0.8025087217489878, 0.8009611705684254, 0.799408869101451, 0.7981307227642108, 0.7972764334617517, 0.7956174251615492, 0.7944353918234507, 0.7931586672098209, 0.792463556696207, 0.7912872964755083, 0.7903674320023284, 0.7890756577253342], "test_loss": [0.4492863956451416, 0.4327907043457031, 0.4555289096832275, 0.3867053350448608, 0.4025407211303711, 0.4087131748199463, 0.37880028495788576, 0.43513238945007326, 0.3891610610961914, 0.3441751770019531, 0.35506215896606447, 0.4212928684234619, 0.3664985683441162, 0.3882166072845459, 0.350894140625, 0.37550027084350585, 0.4064084636688232, 0.38147959899902345, 0.372656063079834, 0.38699025192260744, 0.40384643058776853, 0.4107591075897217, 0.3879529468536377, 0.36611740646362306, 0.3916704772949219, 0.4005684841156006, 0.41041676750183104, 0.45736532554626463, 0.3656035297393799, 0.3370578731536865, 0.3640565414428711, 0.35021239891052247, 0.4259488983154297, 0.35693813133239743, 0.4029798152923584, 0.34287903308868406, 0.4109749752044678, 0.3427327030181885, 0.4055863609313965, 0.3664164669036865, 0.38262771492004394, 0.3635890773773193, 0.32555594482421873, 0.40659245109558106, 0.43982081451416016, 0.35720792961120607, 0.38363777961730955, 0.3903106502532959, 0.41077169342041014, 0.41175343856811525, 0.3687449054718018, 0.3884325004577637, 0.3785070220947266, 0.38464341850280764, 0.39268252754211425, 0.43328576126098634, 0.4415048828125, 0.42446699142456057, 0.4187716667175293, 0.3876858322143555, 0.4086240032196045, 0.3974851806640625, 0.43881897888183596, 0.42087624282836916, 0.39027106285095214, 0.40716514930725095, 0.4200618278503418, 0.4323626880645752, 0.400665478515625, 0.4255976417541504, 0.3825703330993652, 0.43079821395874024, 0.44409444541931153, 0.4244232898712158, 0.40699611053466794, 0.41375637474060056, 0.41230712242126466, 0.4144488544464111, 0.4392496002197266, 0.4544354782104492, 0.43874000816345216, 0.428372819519043, 0.40334448280334473, 0.4387954925537109, 0.45247336044311526, 0.4270976787567139, 0.4207104850769043, 0.4537293636322022, 0.4307399040222168, 0.4325656047821045, 0.4427187049865723, 0.4259374183654785, 0.4363227645874023, 0.45734207191467285, 0.44760165061950685, 0.4562537033081055, 0.45019716262817383, 0.4505924083709717, 0.4403274700164795, 0.4461270805358887], "test_acc": [96.03, 97.7, 98.05, 98.36, 98.3, 98.53, 98.65, 98.71, 98.72, 98.85, 98.84, 98.73, 98.95, 98.9, 98.96, 98.74, 98.77, 98.81, 98.84, 98.82, 98.94, 98.8, 98.75, 98.73, 98.58, 98.71, 98.58, 98.36, 98.52, 98.5, 98.48, 98.45, 98.22, 98.14, 98.06, 98.27, 97.95, 97.67, 97.02, 97.71, 97.27, 97.72, 97.71, 96.68, 96.16, 97.17, 96.76, 96.16, 95.37, 95.59, 96.49, 96.29, 95.87, 95.82, 95.57, 94.53, 93.32, 94.65, 94.58, 95.13, 94.5, 95.06, 94.41, 94.53, 95.05, 94.83, 93.85, 93.83, 94.59, 94.19, 95.02, 94.19, 93.78, 94.39, 94.39, 94.26, 94.54, 94.05, 93.8, 93.36, 93.69, 94.0, 94.18, 93.67, 93.36, 93.79, 94.27, 93.18, 93.62, 93.48, 93.58, 93.65, 93.24, 93.42, 93.33, 93.19, 93.47, 93.42, 93.16, 93.54]}