{"train_loss": [1.9233218785534558, 1.7850125490600228, 1.7650127321736426, 1.753986790903613, 1.7466805016892588, 1.7411266068617504, 1.7359204654000764, 1.732023142087154, 1.7276144552434611, 1.7242323611027155, 1.7207563086452646, 1.7177626569556375, 1.714552052000649, 1.710518390704424, 1.7074414048439417, 1.7038311976143437, 1.6998555270525126, 1.6960755168882191, 1.6930462470930865, 1.6891351324370785, 1.6846261263912559, 1.6804183092382219, 1.6758922307919233, 1.6709882265482194, 1.6661896794779687, 1.6602285606229408, 1.655444249892846, 1.6488459016013348, 1.642053928385433, 1.636239035007281, 1.6285334568247836, 1.6198499758019407, 1.6131111146547856, 1.6035721605150108, 1.5962333472875447, 1.586679307059345, 1.5763626432316935, 1.5664217472076416, 1.5566564622597816, 1.5444749415430248, 1.5337488032304323, 1.523018452601555, 1.5111641618940566, 1.498128546608819, 1.485702160331938, 1.4746577051969676, 1.4613694054448707, 1.4479114290995476, 1.4361426667270498, 1.4232386847337086, 1.4087272882461548, 1.39749679962794, 1.385734508944373, 1.3762668231104174, 1.361909027537729, 1.3492289572699456, 1.33860659166279, 1.3273380887814057, 1.3167707127893074, 1.3067022612971118, 1.2957186765140958, 1.2872999409834545, 1.2779877435447824, 1.269911707466484, 1.2621353301737044, 1.2538880479132009, 1.2462477987138634, 1.240280207660463, 1.2317627469698589, 1.2260505197904048, 1.2202649855206156, 1.2144968351747236, 1.2085510089866116, 1.2029181038722014, 1.1986884525698474, 1.194045400008177, 1.1895684561668298, 1.184618884172195, 1.1813412759548578, 1.177128553390503, 1.1746212929232507, 1.1693386066163707, 1.1664981954118125, 1.1632684364787533, 1.1606034099036813, 1.158065694774318, 1.1549560957484775, 1.1529540623355115, 1.1501270677798834, 1.1479304282583742, 1.1453704607282948, 1.1432261999346252, 1.1414462567394614, 1.138900994999796, 1.1359445839865594, 1.1344755172220051, 1.1332420052116752, 1.131427773553082, 1.129673847530642, 1.1283962349606376], "test_loss": [0.8751900627136231, 0.7718465934753418, 0.7397733619689941, 0.6970703842163086, 0.7467400360107422, 0.776866202545166, 0.6515835258483886, 0.6953484985351562, 0.6968471611022949, 0.6891494361877442, 0.7106804641723633, 0.6982672485351562, 0.6259947105407715, 0.692739421081543, 0.6874813369750976, 0.6996560661315918, 0.6572468910217285, 0.667020524597168, 0.6736039665222168, 0.6695908813476562, 0.6780515953063965, 0.6938506553649902, 0.7129117202758789, 0.6949646194458008, 0.6482149307250976, 0.6599271263122558, 0.7266548858642579, 0.7247558303833008, 0.6876536193847657, 0.6752434272766114, 0.6466027267456055, 0.6071302391052246, 0.706673526763916, 0.7047142883300781, 0.7169233245849609, 0.6949114051818848, 0.6631982727050781, 0.7127264862060547, 0.7182059844970703, 0.6753295356750488, 0.7276681282043457, 0.6602495979309082, 0.6845372688293457, 0.7148925064086914, 0.7214302940368652, 0.7122823997497558, 0.7608828765869141, 0.7474908142089843, 0.7495621643066406, 0.71352421875, 0.7572566184997559, 0.7260375465393066, 0.7138944030761719, 0.7934541442871094, 0.7909020393371582, 0.7494713615417481, 0.7309612243652344, 0.7293863441467285, 0.7277074584960938, 0.7548876686096191, 0.7897150039672851, 0.7880404373168945, 0.7644963562011718, 0.7919820709228516, 0.8328243576049804, 0.8301940361022949, 0.8108463806152344, 0.8188301651000977, 0.8218701126098633, 0.8343040397644043, 0.8168295593261719, 0.8398481224060058, 0.8030786193847657, 0.8259495704650879, 0.8679371841430664, 0.8431083518981933, 0.8397134811401367, 0.8495335151672363, 0.8803577110290527, 0.8700484642028808, 0.9032000366210937, 0.8429970306396485, 0.8683023170471191, 0.858602141571045, 0.9028409706115723, 0.8685822052001954, 0.9059080368041992, 0.8433489936828613, 0.8412953155517578, 0.8856357810974121, 0.8973748397827148, 0.863257479095459, 0.8726080368041992, 0.8720449119567871, 0.8868339920043945, 0.8581097839355468, 0.8925172050476075, 0.885983992767334, 0.8724227844238281, 0.9061221557617187], "test_acc": [94.82, 96.92, 97.52, 97.83, 98.12, 98.33, 98.37, 98.48, 98.61, 98.51, 98.43, 98.64, 98.61, 98.37, 98.63, 98.69, 98.64, 98.7, 98.75, 98.59, 98.73, 98.59, 98.58, 98.55, 98.64, 98.38, 98.37, 97.96, 97.83, 97.9, 97.95, 97.92, 96.64, 96.42, 96.55, 96.87, 96.16, 95.23, 95.01, 95.08, 93.92, 94.73, 92.98, 93.6, 90.77, 91.31, 90.16, 89.15, 88.87, 90.54, 88.9, 88.51, 89.4, 85.38, 85.52, 87.1, 87.34, 87.48, 86.52, 86.08, 84.08, 84.15, 85.0, 83.55, 80.72, 81.98, 82.41, 81.44, 81.43, 81.69, 81.41, 80.35, 81.98, 80.75, 79.74, 80.42, 80.65, 80.34, 79.18, 79.39, 77.71, 80.04, 79.61, 79.23, 77.32, 78.7, 76.12, 79.74, 80.28, 78.52, 77.89, 78.95, 78.48, 78.78, 78.03, 78.75, 77.99, 78.3, 78.96, 76.92]}