{"train_loss": [2.1054819842689056, 2.014108422729704, 1.999954972256962, 1.9934523449494288, 1.9894789872515914, 1.9867366621127496, 1.9845639194688227, 1.9830013513565063, 1.9816219080717137, 1.980354240562162, 1.9795576316169186, 1.9786210521164103, 1.9778775552399137, 1.977120970813637, 1.9765825263964825, 1.976004980568193, 1.975558028771327, 1.9750656966979687, 1.9745787792226188, 1.9742985686175845, 1.9739149172081907, 1.973577564343428, 1.9733022334229233, 1.9729849326814342, 1.972764179492608, 1.9724483612256172, 1.9721349105875716, 1.9720088643396003, 1.971728983343157, 1.9714901042290223, 1.9713057847613962, 1.971183412350141, 1.9709306102023165, 1.9707696791897473, 1.9705296943330357, 1.9704585561894963, 1.970308594724052, 1.9701052117042053, 1.9700074333410997, 1.9698922766579523, 1.9696783041342711, 1.9696423194856725, 1.9694736854642885, 1.9692995887026827, 1.9691370351192279, 1.969076341798163, 1.968931529766474, 1.9688776863945856, 1.968771149460067, 1.96862361420933, 1.9685558271713746, 1.9684061955692422, 1.9683733276831799, 1.968209740697828, 1.9681867483334663, 1.9680833969360743, 1.9679914132142677, 1.9679194772854829, 1.9678173261320488, 1.967749164909379, 1.96770253064286, 1.9675753045285869, 1.9674613870616653, 1.9674434613468301, 1.9673761643915095, 1.9672661523024242, 1.9671716993181114, 1.9671771103500302, 1.9671014267155247, 1.9669834184340942, 1.9669089503267891, 1.9668057917529702, 1.9668198385809221, 1.9667293052388053, 1.96661828394629, 1.9666131602393255, 1.9665268101753333, 1.9664771442229931, 1.9664355676907759, 1.9663964031089065, 1.9663106931580439, 1.9662629704699557, 1.9662340777552025, 1.9661218987570868, 1.9661829634609385, 1.9660609158185811, 1.9659988421660204, 1.965939079084967, 1.9659297563071945, 1.9658808341393104, 1.9658121048894703, 1.9657650398902404, 1.9656963750847385, 1.9656586759110801, 1.9656291471587286, 1.96559098846892, 1.9655597457009504, 1.9654849782968178, 1.9654462775613508, 1.9653879590014107], "test_loss": [1.1269776893615722, 1.017596900177002, 0.982810489654541, 0.9709545455932617, 0.9676406455993652, 0.970592221069336, 0.943985929107666, 0.9577118995666504, 0.9591265983581543, 0.9618873573303223, 0.9180032386779785, 0.9673043853759765, 0.9164354209899902, 0.9484297897338867, 0.9162740447998047, 0.9282269111633301, 0.9297202499389648, 0.9485548591613769, 0.9307289024353027, 0.9135511138916016, 0.9103729988098145, 0.9129428993225097, 0.8972250350952149, 0.9316086097717285, 0.9306703475952148, 0.9312075820922852, 0.8999469474792481, 0.9042252754211426, 0.9287911308288574, 0.9251251678466796, 0.9407429466247559, 0.9287055397033691, 0.8955903228759765, 0.9103738327026367, 0.9575700012207031, 0.9129420043945312, 0.9122844787597656, 0.9266528244018555, 0.9019914566040039, 0.9402374374389648, 0.9043856857299805, 0.8924997413635254, 0.9274343093872071, 0.9171398185729981, 0.9215617858886719, 0.9096437461853027, 0.9139574356079102, 0.9065102661132812, 0.9197821479797363, 0.9092943565368652, 0.919972166442871, 0.8989013648986817, 0.9069360542297363, 0.9530020980834961, 0.9013085281372071, 0.903190225982666, 0.9028884407043457, 0.9089427696228027, 0.9144661911010742, 0.9201459861755371, 0.9202373321533203, 0.9077097785949707, 0.8872934387207031, 0.9224477546691895, 0.9202984962463379, 0.8920805938720703, 0.9236254020690918, 0.9162933654785156, 0.9122869773864746, 0.8900229293823242, 0.8969863578796387, 0.9056465492248535, 0.9100222465515136, 0.9178296173095704, 0.8903942375183106, 0.9000106910705566, 0.9056143730163574, 0.8945587577819825, 0.9127940536499023, 0.9004917762756348, 0.8916777122497559, 0.9137356452941895, 0.8977732902526856, 0.8989443931579589, 0.9226948272705078, 0.9000639556884765, 0.9285623497009278, 0.8876228111267089, 0.8919312149047851, 0.9173640464782715, 0.9100292877197266, 0.9069174751281738, 0.8977612319946289, 0.9217740112304688, 0.9010124992370605, 0.9068854583740235, 0.9108258819580078, 0.9089520828247071, 0.9036266967773438, 0.8958084968566895], "test_acc": [94.14, 96.72, 97.52, 97.82, 97.91, 98.16, 98.41, 98.56, 98.65, 98.6, 98.65, 98.76, 98.67, 98.78, 98.79, 98.87, 98.89, 98.84, 98.86, 98.85, 98.89, 98.89, 98.86, 98.93, 98.92, 98.92, 98.93, 98.96, 99.0, 98.88, 98.95, 98.94, 98.98, 98.98, 99.02, 98.98, 99.08, 99.01, 98.94, 99.08, 99.07, 99.04, 99.03, 99.02, 99.05, 99.01, 99.06, 99.12, 99.1, 99.09, 99.06, 99.09, 99.06, 99.06, 99.12, 99.11, 99.11, 99.11, 99.09, 99.06, 99.08, 99.18, 99.09, 99.1, 99.11, 99.14, 99.17, 99.11, 99.21, 99.17, 99.15, 99.2, 99.1, 99.21, 99.15, 99.11, 99.13, 99.17, 99.15, 99.15, 99.15, 99.17, 99.17, 99.16, 99.21, 99.16, 99.2, 99.15, 99.19, 99.24, 99.24, 99.2, 99.18, 99.2, 99.22, 99.2, 99.26, 99.2, 99.19, 99.19]}