{"train_loss": [2.291873474406381, 2.2793427410288754, 2.275587683559483, 2.2733360691967173, 2.2719589232379556, 2.2710604642191505, 2.2704524046335464, 2.26996780358828, 2.269581267976353, 2.269269005355672, 2.2689928295265913, 2.268766659956712, 2.2685737237971053, 2.2683620824773087, 2.2682233162415333, 2.268048339929336, 2.2679300028034763, 2.267794808261415, 2.267666975657145, 2.2675677853771763, 2.267476252001575, 2.2673778977149572, 2.2672920339127893, 2.2672261310438824, 2.2671237964915414, 2.2670401395895543, 2.266984645118061, 2.266928023762173, 2.266868315700792, 2.266801523347186, 2.2667513041414766, 2.266683072106451, 2.2666435323209844, 2.2665926737663074, 2.266534459896577, 2.2664852116861915, 2.266448134031051, 2.266415948541755, 2.266363879554292, 2.2663183905120587, 2.266269648176992, 2.2662445367910924, 2.2662005455065994, 2.266170897035517, 2.2661218281485076, 2.2661085898040705, 2.2660552747229223, 2.2660149845302615, 2.2659968356800895, 2.2659731441073947, 2.265934705734253, 2.2659099657311397, 2.2658766640557184, 2.265852681082538, 2.2658201629280024, 2.2657969176259813, 2.2657837042441735, 2.265752388880803, 2.265727312136919, 2.265697888838939, 2.2656813289365196, 2.2656546887169537, 2.2656330374570994, 2.2656064222001624, 2.2655826796833267, 2.2655619219837027, 2.2655331543368153, 2.265528086413685, 2.2655052410231695, 2.2654770536300464, 2.26545044958082, 2.2654453536384125, 2.2654176502146273, 2.265409469604492, 2.265370546752571, 2.265359067509317, 2.2653322301359258, 2.265314303402208, 2.2653062363975067, 2.2652811015773024, 2.2652721776921525, 2.2652506991329355, 2.265239516384581, 2.2652078948469243, 2.265205137240581, 2.265191227961809, 2.265154927204817, 2.2651482973343287, 2.26512269433747, 2.265115549421718, 2.265102917821998, 2.265089865933117, 2.2650705117445726, 2.2650567746569967, 2.265047825809218, 2.2650303565538845, 2.26501504987733, 2.2649805576373367, 2.264975196785397, 2.264959112701253], "test_loss": [1.9636581848144532, 1.8679467666625977, 1.8142418395996094, 1.7865057754516602, 1.7696974182128906, 1.7503552749633788, 1.7421207717895508, 1.7391246765136719, 1.7318340805053711, 1.7232118453979492, 1.7221344635009765, 1.7208010131835938, 1.7210313934326171, 1.7120872940063476, 1.7180221099853517, 1.7065028533935547, 1.7002409286499023, 1.7083598663330077, 1.7074077606201172, 1.71003328704834, 1.6953195785522461, 1.68944814453125, 1.7046691314697267, 1.7019741821289063, 1.6934334533691406, 1.6931186889648437, 1.6882645401000977, 1.6934895919799804, 1.693426739501953, 1.6903970932006835, 1.6982406982421876, 1.6819692794799805, 1.697079653930664, 1.6923541473388672, 1.686653352355957, 1.6779994812011718, 1.6889177551269532, 1.6825285507202148, 1.7023183120727539, 1.6943001663208008, 1.678136541748047, 1.6894575805664063, 1.6826221710205078, 1.677678842163086, 1.6739879959106445, 1.6835379180908203, 1.6758046493530274, 1.677025846862793, 1.6905410858154297, 1.689307209777832, 1.6893826248168946, 1.6748740188598632, 1.6787663223266602, 1.6799842086791992, 1.6737411605834962, 1.675904524230957, 1.671293620300293, 1.6876193939208985, 1.6832905075073241, 1.6701236145019531, 1.6821267791748047, 1.6707887100219727, 1.681115104675293, 1.6889960021972656, 1.6753540405273437, 1.6733600967407227, 1.6924614456176759, 1.6725541549682617, 1.6765796768188477, 1.684402687072754, 1.6781192108154297, 1.6684715194702149, 1.6796963760375976, 1.6795489669799806, 1.6833403747558593, 1.6819532928466796, 1.6659400390625, 1.6760045181274414, 1.686033576965332, 1.6724070404052735, 1.6749795532226563, 1.6817576461791992, 1.6729815719604493, 1.6784236587524415, 1.670282373046875, 1.6791388809204102, 1.6783854461669923, 1.671506153869629, 1.6713021438598632, 1.6745219955444335, 1.6733388763427735, 1.6661471481323242, 1.6616862579345704, 1.689968911743164, 1.6721049301147461, 1.6629975372314454, 1.6797379440307618, 1.6670832000732423, 1.6617336898803712, 1.6844513900756837], "test_acc": [81.32, 89.8, 92.1, 93.91, 94.54, 95.69, 96.23, 96.64, 96.71, 96.99, 97.17, 97.27, 97.36, 97.5, 97.61, 97.65, 97.74, 97.59, 97.79, 97.67, 97.81, 97.95, 97.95, 98.01, 98.05, 97.97, 98.01, 98.06, 98.14, 98.07, 98.2, 98.17, 98.19, 98.14, 98.27, 98.27, 98.32, 98.29, 98.29, 98.28, 98.3, 98.44, 98.43, 98.3, 98.43, 98.41, 98.37, 98.46, 98.47, 98.46, 98.43, 98.37, 98.43, 98.54, 98.51, 98.49, 98.58, 98.58, 98.48, 98.51, 98.58, 98.63, 98.63, 98.6, 98.55, 98.54, 98.67, 98.65, 98.63, 98.61, 98.69, 98.61, 98.61, 98.62, 98.64, 98.66, 98.58, 98.65, 98.7, 98.63, 98.63, 98.71, 98.72, 98.71, 98.69, 98.77, 98.72, 98.77, 98.71, 98.75, 98.72, 98.75, 98.71, 98.76, 98.7, 98.68, 98.67, 98.8, 98.69, 98.7]}