{"train_loss": [2.2441450148566155, 2.2018685824850683, 2.1916974660677786, 2.1871669012257176, 2.1843463661324263, 2.182435400975056, 2.1808927996545777, 2.179678948007078, 2.1786749750121026, 2.1777471808286815, 2.1769812484072824, 2.1762960665246363, 2.175627879607372, 2.1750754627407107, 2.1744786760745902, 2.1739751681303368, 2.173456243470184, 2.173094587957757, 2.172601387032077, 2.1722489906172466, 2.171708376998575, 2.171411219315651, 2.1709009826692762, 2.1705440170744543, 2.1701049662043905, 2.1698594928806663, 2.1694486905366945, 2.1690341972897196, 2.1685933883373556, 2.1681854903188524, 2.1679555035045004, 2.167469251869071, 2.1672339943739085, 2.166874624725081, 2.166327495350797, 2.1659806172053018, 2.165727266898522, 2.165316064643045, 2.1648735775906816, 2.1644904776516123, 2.1641614977111163, 2.163710192227975, 2.1635032999209867, 2.162957121164371, 2.162536066821498, 2.162121788558797, 2.1616304027728543, 2.161225666347732, 2.1609214890716424, 2.1603537257919965, 2.159904195712163, 2.159512345098023, 2.159143108078557, 2.1586790084838867, 2.1581653595989585, 2.1576346851821637, 2.157328010114849, 2.156616339316735, 2.1562314812953653, 2.1557866503030825, 2.1554634611830754, 2.1547459659413395, 2.1543996252565303, 2.153807823984032, 2.153389755477253, 2.152830171279418, 2.1521755268431115, 2.151893491928394, 2.151264653246627, 2.150680215949686, 2.1501481319085145, 2.149463624526293, 2.1490063382010174, 2.1483390010320225, 2.1478490620596795, 2.147146343675434, 2.146429503065908, 2.1461867705369606, 2.1452684208878083, 2.144780580304627, 2.144289772225241, 2.143681449767871, 2.1430024423150935, 2.1423847135315595, 2.1419695029910812, 2.1409942742086883, 2.140488446268261, 2.140062877255627, 2.1393489552359295, 2.138609786828359, 2.1379419218780646, 2.1370925592561054, 2.136835633689522, 2.136129058833815, 2.1352339865814924, 2.134835413378528, 2.1340966489579944, 2.133469358468667, 2.1326675552588243, 2.131977984538445], "test_loss": [1.5841244079589845, 1.4421952545166015, 1.40057440032959, 1.3779858489990235, 1.3876230361938477, 1.3443065826416016, 1.3559764358520507, 1.3387858459472657, 1.3241077865600586, 1.323365200805664, 1.3311134536743163, 1.3152581787109374, 1.3119523651123046, 1.3123929885864258, 1.290946711730957, 1.3000546508789061, 1.3245113891601563, 1.3165801803588868, 1.3151003509521484, 1.3244758026123047, 1.3255058624267577, 1.3110280532836913, 1.3169484344482423, 1.2769452087402344, 1.313102882385254, 1.2825738998413085, 1.3051998336791992, 1.2729762069702149, 1.3251309188842773, 1.2828475830078125, 1.3283227294921875, 1.2525265518188478, 1.2967886642456055, 1.312375765991211, 1.2931983917236327, 1.3422831832885742, 1.3073341415405273, 1.2878564819335938, 1.2960771530151367, 1.2870545867919923, 1.2795416702270508, 1.290206655883789, 1.2741283493041993, 1.256090330505371, 1.3263207305908202, 1.2925578353881837, 1.2686402633666993, 1.2912002990722655, 1.2892012664794923, 1.2853724914550781, 1.2428203720092774, 1.3289373291015625, 1.3313308547973632, 1.2675123062133788, 1.307020379638672, 1.2759353973388672, 1.313015151977539, 1.2977638442993165, 1.2629457290649415, 1.2960051513671875, 1.2381622268676757, 1.2926403762817382, 1.3087191619873046, 1.2903585723876954, 1.3293047134399414, 1.2977942001342773, 1.306791653442383, 1.289479638671875, 1.2906206832885743, 1.2990060455322265, 1.291507485961914, 1.299145098876953, 1.2714304580688476, 1.313104428100586, 1.2888614639282228, 1.3248033950805664, 1.290336116027832, 1.3108169784545898, 1.303838082885742, 1.2856572967529296, 1.2864195510864258, 1.282772232055664, 1.276711831665039, 1.2960957077026367, 1.380500291442871, 1.2581773666381837, 1.338406527709961, 1.2878416900634766, 1.236327247619629, 1.3155536697387695, 1.2843932937622071, 1.2540874923706056, 1.3143627044677735, 1.3405468780517578, 1.317228157043457, 1.3500819839477538, 1.296713087463379, 1.3089822158813476, 1.2836914306640625, 1.3151028350830078], "test_acc": [86.3, 94.33, 95.74, 96.7, 97.04, 97.14, 97.64, 97.71, 97.82, 98.05, 98.09, 98.14, 98.13, 98.25, 98.23, 98.21, 98.33, 98.38, 98.39, 98.43, 98.38, 98.52, 98.61, 98.57, 98.57, 98.56, 98.58, 98.59, 98.55, 98.53, 98.7, 98.64, 98.62, 98.6, 98.66, 98.61, 98.53, 98.64, 98.7, 98.61, 98.56, 98.61, 98.69, 98.57, 98.49, 98.5, 98.49, 98.52, 98.56, 98.65, 98.52, 98.56, 98.39, 98.51, 98.44, 98.44, 98.46, 98.07, 98.45, 98.19, 98.39, 98.22, 98.42, 98.38, 98.21, 98.31, 98.14, 98.13, 97.97, 97.98, 97.61, 98.05, 98.1, 97.97, 98.1, 97.87, 97.79, 97.65, 97.61, 98.03, 97.86, 97.83, 97.5, 97.67, 97.2, 97.51, 96.97, 97.55, 97.47, 97.09, 96.92, 97.62, 96.8, 95.18, 96.82, 96.01, 96.79, 96.4, 96.6, 96.94]}