{"train_loss": [2.210184929207859, 2.1496792445834885, 2.1363967779355173, 2.1297962354798603, 2.1252065726325045, 2.1216995642225966, 2.118621693462388, 2.1160056445843134, 2.113603609239953, 2.111483370901173, 2.109284354835494, 2.106880410359456, 2.1044535904358597, 2.102628762141252, 2.100156377523373, 2.097776661825995, 2.0949748183926964, 2.09296214249399, 2.090091237400332, 2.087571888143181, 2.0841001249276676, 2.0811472942686486, 2.077389567835718, 2.0735713184898734, 2.069624147608749, 2.065644689859488, 2.060794140283878, 2.0565443179036818, 2.0518463544356518, 2.046003196993445, 2.039910549027288, 2.033174908059275, 2.0271108634451513, 2.019401838636806, 2.012151234425031, 2.0049273315657916, 1.9950470506635487, 1.9866797144596393, 1.9774686271308834, 1.9674343866670234, 1.9570193846001585, 1.9462891750865512, 1.9339280365369258, 1.9215225386313903, 1.90928419201802, 1.8972486229533823, 1.8814319277930462, 1.8683985308704214, 1.8542627103817768, 1.8396399456721086, 1.8257970532290957, 1.809543822056208, 1.7962964752800443, 1.781725101491325, 1.766309273803336, 1.7493371370001736, 1.7357888728634925, 1.7214308854861138, 1.706362135644652, 1.6919681569959364, 1.6782754147664094, 1.6649090678263934, 1.6510052787951934, 1.6385155169882326, 1.6272657467768743, 1.6127951866031711, 1.5999514980193896, 1.5899743893717089, 1.5779030694920793, 1.5692135276448014, 1.5588608180355823, 1.5505052308241527, 1.5401145533109322, 1.5322512846726637, 1.5243578094702501, 1.5160173460459099, 1.5072915745087159, 1.500447205753408, 1.494187253407943, 1.4886209154740357, 1.4806680620735526, 1.4757952415026152, 1.468609601768673, 1.4646167161627712, 1.458358041751079, 1.454772354955347, 1.4511015170659773, 1.4455345833403432, 1.442144096407116, 1.4375722446502783, 1.4348126038526878, 1.4299030018667889, 1.4262465732729332, 1.422825474005479, 1.4204065909243038, 1.417600946039216, 1.4135426017973158, 1.4113522908117018, 1.4090019905159616, 1.4060361303834834], "test_loss": [1.4298624389648438, 1.3275158264160156, 1.2201156593322753, 1.1743696281433105, 1.253870246887207, 1.2288306732177734, 1.2059299072265626, 1.1841210235595703, 1.2076329864501953, 1.1685277435302734, 1.1484719116210937, 1.1969272018432617, 1.169322511291504, 1.1449895233154297, 1.165026222229004, 1.1596173828125, 1.1982574645996094, 1.191736866760254, 1.2075676696777344, 1.1787326232910156, 1.1859421279907227, 1.1744147979736328, 1.191872738647461, 1.1456496871948243, 1.2237543258666992, 1.2269660552978516, 1.1848191955566407, 1.0806618965148926, 1.2196340133666992, 1.2313149826049805, 1.1121960426330566, 1.1537179901123047, 1.183845831298828, 1.2145113693237304, 1.2242203521728516, 1.2176879974365233, 1.1974146453857422, 1.1675952499389648, 1.2548273834228516, 1.2256877655029297, 1.1701008529663086, 1.189866619873047, 1.2033060012817383, 1.2052920211791993, 1.2524644897460937, 1.2459494598388672, 1.235342367553711, 1.2349827911376954, 1.2375092681884765, 1.2066789749145508, 1.3302048767089845, 1.3368766403198242, 1.2714351150512695, 1.3689305145263673, 1.2554523986816406, 1.2974855911254883, 1.3446302688598633, 1.3126896575927733, 1.3426053771972657, 1.3796726623535156, 1.3176905349731445, 1.4112787918090821, 1.3452579498291015, 1.419051171875, 1.374928857421875, 1.4355733688354493, 1.4223991836547851, 1.5271298812866212, 1.4264603958129882, 1.3951386123657226, 1.5081728256225586, 1.511873698425293, 1.5036584564208983, 1.473516275024414, 1.4862812301635742, 1.4257385238647462, 1.4391529006958008, 1.4995746932983398, 1.5121697158813476, 1.4696260681152344, 1.506908334350586, 1.514425961303711, 1.5241045928955077, 1.4876173492431641, 1.5289370727539062, 1.5232694778442384, 1.5745005157470704, 1.5737167327880859, 1.588842303466797, 1.6056498840332032, 1.5071036148071288, 1.6070696228027344, 1.5654048233032227, 1.529102131652832, 1.5575915206909179, 1.6452897384643554, 1.5641969284057617, 1.6155023849487304, 1.6129389038085937, 1.6342231185913085], "test_acc": [90.49, 94.21, 95.51, 96.47, 97.15, 97.3, 97.55, 97.62, 97.82, 97.85, 97.66, 98.0, 97.83, 98.05, 97.97, 97.96, 97.85, 97.55, 97.57, 97.77, 97.84, 97.61, 97.17, 97.46, 96.38, 96.21, 96.11, 97.02, 94.58, 94.59, 95.93, 93.71, 93.64, 92.23, 90.0, 89.8, 90.39, 88.13, 84.36, 85.26, 86.92, 83.3, 82.96, 81.75, 78.31, 76.59, 76.56, 75.0, 76.57, 74.97, 68.39, 66.78, 71.16, 63.79, 69.89, 66.39, 63.2, 63.73, 61.97, 59.94, 63.19, 58.88, 61.99, 58.18, 59.92, 56.08, 57.24, 52.33, 56.85, 58.12, 53.0, 52.61, 53.22, 54.9, 53.72, 56.22, 56.15, 53.21, 53.07, 54.35, 52.84, 51.86, 51.6, 52.36, 51.46, 51.83, 49.9, 49.07, 49.4, 48.82, 52.69, 48.06, 50.58, 51.9, 50.46, 46.7, 50.16, 48.08, 48.43, 47.08]}