{"train_loss": [2.3025829893910985, 2.302468018654065, 2.3024131492671804, 2.302376069064833, 2.3023478465202527, 2.3023262986770043, 2.302308578267057, 2.3022945513073196, 2.3022830919322805, 2.3022720681296454, 2.302263036242917, 2.3022541276410093, 2.3022469215922885, 2.3022396269007626, 2.3022320937906575, 2.3022267049194403, 2.302220359317258, 2.302214423305968, 2.3022091047376647, 2.3022042935730047, 2.3021993377269845, 2.3021941205375214, 2.3021901667627516, 2.3021856306964517, 2.3021799687646394, 2.3021765178085394, 2.302172173292209, 2.3021677060004992, 2.302164778750167, 2.3021613165863557, 2.3021575854374814, 2.302153485453027, 2.3021504929941945, 2.3021468423370623, 2.302144672626104, 2.3021413719552193, 2.302138571555798, 2.302136026386522, 2.3021313028457837, 2.302129764842172, 2.3021270795765085, 2.3021244208017984, 2.30212161072299, 2.302119325368832, 2.302116346664918, 2.302114371051136, 2.3021124973256364, 2.3021098125694146, 2.3021072617962828, 2.302105370749775, 2.302102656955393, 2.302101621770451, 2.30209979083803, 2.302096943060557, 2.302094987824432, 2.3020921624623814, 2.3020918944962006, 2.3020896376707616, 2.3020869116497855, 2.3020857679538236, 2.30208359263901, 2.302082569680662, 2.3020806878041, 2.302078266429086, 2.302077005052159, 2.3020751379493976, 2.3020736468143954, 2.302071433291476, 2.30207036397396, 2.302069171371623, 2.3020672446642165, 2.302065627187745, 2.3020637738399015, 2.3020641340149774, 2.3020620361352577, 2.3020594390029583, 2.3020584374411492, 2.3020567435484667, 2.3020556232868095, 2.302054124510186, 2.302052085216229, 2.3020515508121915, 2.3020500362428846, 2.3020488874525085, 2.30204679364832, 2.302046285225795, 2.3020444884259477, 2.3020420650131683, 2.302040864259769, 2.3020399671334486, 2.3020378473477487, 2.3020370750345736, 2.3020356190510287, 2.302035041853913, 2.3020341029533973, 2.3020317503529735, 2.302030449239617, 2.3020291863343654, 2.3020290712006073, 2.3020263742177915], "test_loss": [2.285912515258789, 2.2774968963623046, 2.271030172729492, 2.2658569122314454, 2.261528854370117, 2.258058447265625, 2.255220541381836, 2.252923309326172, 2.250757711791992, 2.2492304626464845, 2.247626907348633, 2.2464463745117187, 2.2450045135498047, 2.243851751708984, 2.2429132598876955, 2.2422523956298828, 2.2412907165527343, 2.240525927734375, 2.239708383178711, 2.2388470703125, 2.238086703491211, 2.2375555206298827, 2.2368986572265626, 2.236193356323242, 2.235249090576172, 2.2352142181396486, 2.2346223083496093, 2.2336767547607423, 2.233566485595703, 2.2326118865966795, 2.2323886932373047, 2.231698699951172, 2.2316130310058595, 2.230548974609375, 2.230154119873047, 2.22985534362793, 2.229333905029297, 2.229103155517578, 2.228860269165039, 2.2279807830810547, 2.2283612030029296, 2.227608953857422, 2.227264517211914, 2.2269935150146485, 2.226424801635742, 2.2265512176513673, 2.2260150970458983, 2.2256347412109374, 2.2254975646972657, 2.225250509643555, 2.2254320373535155, 2.2245375885009766, 2.2247918701171874, 2.223922805786133, 2.2242597106933593, 2.2234738006591797, 2.2235727508544922, 2.2237868408203125, 2.2231852294921874, 2.222646340942383, 2.2221344268798826, 2.2225614318847655, 2.222161624145508, 2.2220669311523435, 2.2216210052490233, 2.2219551696777344, 2.2216819366455076, 2.2214713928222656, 2.2208684844970703, 2.2211030212402343, 2.2206204345703124, 2.221085394287109, 2.220254217529297, 2.2203724853515623, 2.2201251220703124, 2.2198005493164064, 2.219547341918945, 2.219535299682617, 2.219892758178711, 2.220190478515625, 2.2196256744384764, 2.2191330474853515, 2.2192998992919923, 2.219528689575195, 2.219317269897461, 2.2192562652587893, 2.2190877532958986, 2.219259442138672, 2.218409210205078, 2.2184544189453126, 2.2183396209716797, 2.2180828369140624, 2.218688333129883, 2.218453170776367, 2.218195785522461, 2.2183640197753904, 2.218138684082031, 2.217535791015625, 2.217585626220703, 2.2171607360839842], "test_acc": [38.93, 57.78, 67.46, 72.82, 76.85, 79.26, 80.99, 82.89, 85.01, 84.5, 86.02, 86.09, 86.87, 87.21, 87.77, 87.5, 88.35, 88.4, 88.9, 88.95, 89.49, 89.64, 89.79, 90.27, 90.59, 90.64, 90.88, 91.08, 91.38, 91.43, 91.51, 92.08, 91.84, 92.14, 92.17, 92.29, 92.67, 92.91, 92.65, 92.36, 92.82, 92.94, 92.76, 93.19, 93.12, 93.28, 93.26, 93.03, 93.4, 93.38, 93.49, 93.42, 93.63, 93.7, 93.19, 93.56, 93.86, 93.88, 93.98, 94.07, 94.15, 94.16, 94.05, 94.23, 93.93, 94.02, 94.21, 94.23, 94.39, 94.25, 94.43, 94.32, 94.54, 94.46, 94.72, 94.66, 94.73, 94.62, 94.69, 94.82, 94.62, 94.75, 94.77, 94.97, 94.85, 94.9, 94.76, 95.0, 95.11, 94.85, 94.78, 94.64, 94.98, 94.96, 95.11, 95.13, 95.09, 94.81, 95.1, 95.29]}