{"train_loss": [2.302503433492449, 2.3022880951563516, 2.302167788020566, 2.302087144464509, 2.3020310162479043, 2.3019911229101, 2.3019596725447564, 2.3019344990070048, 2.3019126454989114, 2.30189426536234, 2.301876581632174, 2.3018610095366454, 2.3018465189852266, 2.3018328898992295, 2.3018198813128676, 2.3018086679980287, 2.301797818933797, 2.301786843018654, 2.3017774091826544, 2.301768852095319, 2.301759769773891, 2.301751524464697, 2.3017438094840093, 2.301736262618986, 2.301729433047466, 2.3017226457595825, 2.30171681010825, 2.301711042212625, 2.3017052442599564, 2.301699976126353, 2.3016954971174908, 2.3016894469913254, 2.301685710748037, 2.3016810641329513, 2.301676472537538, 2.301673060298985, 2.301669635833838, 2.3016654798108287, 2.3016616090750084, 2.301658050626771, 2.3016552563406463, 2.30165177787471, 2.301649363631876, 2.3016455086887393, 2.301643601849548, 2.3016413292314253, 2.301637738178938, 2.3016358664912038, 2.3016331537157044, 2.3016306910759363, 2.3016290985620937, 2.301626139216953, 2.3016248865005298, 2.301621754964193, 2.3016200906191115, 2.3016169178180204, 2.3016151235653806, 2.3016141372868137, 2.3016125585278893, 2.301610264003786, 2.3016082858427978, 2.301607250657856, 2.301605125777742, 2.301603603057372, 2.301601267268515, 2.301599947305826, 2.301598114335639, 2.301596392423679, 2.3015944988299637, 2.301593509494749, 2.301591718298757, 2.3015905521873736, 2.3015898313277807, 2.3015872285916257, 2.3015864348819113, 2.3015853946025553, 2.301584392021864, 2.3015820124210458, 2.3015817826629705, 2.301580425511059, 2.301579610404805, 2.3015778951155834, 2.3015769959514976, 2.3015754365513468, 2.3015740014548993, 2.3015728974953675, 2.3015709697690783, 2.3015700680577855, 2.3015696681462803, 2.3015688392851086, 2.30156715405293, 2.3015661081697187, 2.30156579027828, 2.3015642767278557, 2.3015636027368727, 2.3015626409114938, 2.301560837488908, 2.3015601792906084, 2.301558373320816, 2.3015585460214534], "test_loss": [2.279528207397461, 2.265390573120117, 2.2537081146240237, 2.2445147186279297, 2.237663009643555, 2.232513119506836, 2.2287545654296874, 2.2257244049072265, 2.223093685913086, 2.220733856201172, 2.218577731323242, 2.2168830535888673, 2.2149826141357423, 2.2134309692382814, 2.2121361755371094, 2.210607122802734, 2.2090147552490236, 2.207710565185547, 2.206762307739258, 2.2054344482421877, 2.2046247039794924, 2.203659423828125, 2.2028033935546874, 2.201887530517578, 2.2006549102783204, 2.1999530242919922, 2.1990853057861326, 2.1985414276123048, 2.197548651123047, 2.197052062988281, 2.196333029174805, 2.1958030975341796, 2.195010534667969, 2.1943716339111328, 2.1939499633789064, 2.194087091064453, 2.1933360137939455, 2.1928134307861327, 2.192027276611328, 2.192100228881836, 2.190794464111328, 2.1910496765136718, 2.1909696502685545, 2.1903348937988283, 2.189925979614258, 2.18975539855957, 2.189553549194336, 2.1887387298583985, 2.1884551025390624, 2.1885520233154296, 2.1877214721679685, 2.187551171875, 2.1875295989990233, 2.1873247039794923, 2.186879037475586, 2.1873104431152344, 2.1867901123046876, 2.1865112396240236, 2.1867980072021482, 2.186263146972656, 2.186238446044922, 2.1858640625, 2.18587360534668, 2.185754852294922, 2.185365365600586, 2.1853034576416017, 2.184927365112305, 2.1851244720458984, 2.184128842163086, 2.184471063232422, 2.1839260955810547, 2.1853693389892577, 2.1839434936523436, 2.1841913635253905, 2.183795684814453, 2.1837475036621092, 2.1840284301757813, 2.1827176208496093, 2.1833935180664064, 2.1838960723876952, 2.1830336578369143, 2.182933923339844, 2.1827967437744142, 2.1823329223632815, 2.1828072326660157, 2.1825238037109376, 2.1825256683349608, 2.1819189239501955, 2.182031884765625, 2.18197900390625, 2.182455480957031, 2.1821799133300783, 2.1819222198486328, 2.181549133300781, 2.1818502563476563, 2.181916046142578, 2.1816591094970703, 2.181063641357422, 2.18109599609375, 2.1815407806396485], "test_acc": [50.23, 65.88, 74.38, 79.21, 82.78, 84.22, 85.69, 86.79, 87.3, 88.21, 88.84, 89.23, 89.56, 90.0, 90.56, 90.72, 91.09, 91.54, 91.62, 91.86, 92.08, 92.41, 92.78, 92.88, 92.97, 93.27, 93.16, 93.63, 93.65, 93.64, 94.0, 94.0, 94.23, 94.27, 94.33, 94.44, 94.49, 94.61, 94.68, 94.88, 94.8, 94.95, 95.12, 95.07, 95.17, 95.24, 95.27, 95.14, 95.39, 95.46, 95.51, 95.49, 95.64, 95.68, 95.6, 95.65, 95.7, 95.81, 95.77, 95.83, 95.96, 95.89, 95.91, 96.06, 95.87, 95.8, 96.06, 96.11, 96.15, 95.74, 96.2, 96.13, 96.11, 96.16, 96.33, 96.21, 96.3, 96.31, 96.25, 96.32, 96.29, 96.34, 96.29, 96.4, 96.47, 96.43, 96.47, 96.53, 96.51, 96.54, 96.56, 96.55, 96.44, 96.63, 96.57, 96.58, 96.56, 96.59, 96.61, 96.53]}