{"train_loss": [1.8469117031647608, 1.6987950857887921, 1.6791516781872153, 1.6688262028062446, 1.6620777937082143, 1.6563635748675747, 1.6525913802986472, 1.6487164380203965, 1.645477908798772, 1.6426659929446685, 1.6401691182046874, 1.637673591956114, 1.6354923859620705, 1.6333245573899684, 1.6310237274210677, 1.6288819506637051, 1.6269748990352337, 1.625406835323725, 1.6231455810559101, 1.6213668111043098, 1.6190846083510635, 1.6176370514763727, 1.6153982218004699, 1.6131071753990955, 1.6110664104294574, 1.609249541392693, 1.6065479692740319, 1.6042711902887394, 1.6023382974995508, 1.5995609913116846, 1.5973926194203205, 1.5951235212831416, 1.5927185309238923, 1.5898731004478586, 1.58721850392146, 1.5850934837109003, 1.58184054086351, 1.5790328128725035, 1.5763098936305087, 1.5731869283904376, 1.5700263956673124, 1.56683374928613, 1.563674615489112, 1.5598570582194207, 1.5570515661667554, 1.5536192602072008, 1.5497991394283426, 1.5468595106887002, 1.5431233405048013, 1.539444928495293, 1.5357603942736602, 1.531419903294653, 1.5285069468693855, 1.5240175089774988, 1.5205489160158696, 1.5165266083855915, 1.512921725328152, 1.5083668960465326, 1.505030725756262, 1.5008021636396391, 1.4971143575305612, 1.4934880081404986, 1.4894288026878977, 1.486002740696964, 1.4816696847605908, 1.4785950751895578, 1.474905748397876, 1.4716789663856864, 1.4676051537195842, 1.463330418890358, 1.4611299593224485, 1.4569860584715493, 1.454146740018812, 1.4502912609495668, 1.4473581657959864, 1.44410700777657, 1.4410975562711048, 1.4380036044834006, 1.4356486830446455, 1.4321582251124911, 1.4289584001924238, 1.4269478555418487, 1.423873016722182, 1.4221841119802916, 1.4184777443735008, 1.4167487088941102, 1.4139703662476988, 1.4116140654963305, 1.4094714988500645, 1.406668882084708, 1.4045497003274086, 1.40285763832239, 1.4005372750962901, 1.399025743588423, 1.3968392648758032, 1.3945173812218201, 1.3934771306494362, 1.3911908077888, 1.3894681843936953, 1.388309340701144], "test_loss": [0.7654636871337891, 0.7034227237701416, 0.666060274887085, 0.7490028038024902, 0.6952196846008301, 0.6653259811401367, 0.6616086929321289, 0.6695936767578125, 0.5908159809112549, 0.6540623603820801, 0.6005410171508789, 0.6336571006774903, 0.5859812068939209, 0.5972468025207519, 0.62087495803833, 0.6142608924865722, 0.5785545108795166, 0.6700993171691895, 0.6124582382202148, 0.6295804794311524, 0.5832342052459717, 0.5475862285614014, 0.6001400032043457, 0.6478253005981446, 0.6451618988037109, 0.6153114051818848, 0.6425241905212402, 0.6706454658508301, 0.5563239063262939, 0.5915593589782715, 0.5406487461090088, 0.5943602027893067, 0.6063935485839844, 0.5900586837768554, 0.5784953971862793, 0.5843065078735351, 0.6375142959594726, 0.6074370231628418, 0.5614808460235595, 0.5701647026062012, 0.6245175224304199, 0.6540548599243164, 0.6139809997558594, 0.5940078704833984, 0.6498064147949218, 0.6214273368835449, 0.584649575805664, 0.6255977653503418, 0.6646083274841309, 0.6569690849304199, 0.6823410911560058, 0.6231711540222168, 0.6052445663452148, 0.6677929023742676, 0.5916242881774902, 0.6271650207519531, 0.6811211784362793, 0.6717581024169922, 0.6462156684875489, 0.5875554050445556, 0.625620832824707, 0.6017345520019531, 0.6300360466003418, 0.6361985565185547, 0.6779222259521485, 0.6795397560119629, 0.6718193199157715, 0.6096347419738769, 0.6723981910705567, 0.6343462242126465, 0.6556768325805664, 0.6794242134094238, 0.6972806045532226, 0.6377826210021973, 0.6834564743041992, 0.6297764083862305, 0.6743415016174317, 0.6037978576660157, 0.6729070014953613, 0.639278791809082, 0.6561688751220703, 0.6740419425964356, 0.6728477569580078, 0.6861033332824708, 0.6506452690124511, 0.6503069664001465, 0.6619561790466308, 0.6480043601989746, 0.6759572723388672, 0.659473998260498, 0.6743729835510254, 0.6455839294433594, 0.6621280349731445, 0.6962576530456543, 0.6906778717041016, 0.6837352363586425, 0.7040750343322754, 0.7106283081054687, 0.6745753242492676, 0.7109135543823242], "test_acc": [95.61, 97.37, 97.95, 98.08, 98.25, 98.39, 98.42, 98.5, 98.67, 98.74, 98.81, 98.74, 98.64, 98.87, 98.86, 98.84, 98.83, 98.93, 98.98, 98.88, 98.95, 98.88, 98.95, 98.97, 98.96, 98.99, 98.92, 98.99, 98.88, 98.87, 98.9, 98.89, 98.88, 98.79, 98.84, 98.75, 98.85, 98.7, 98.77, 98.7, 98.81, 98.55, 98.44, 98.59, 98.55, 98.28, 98.5, 98.33, 97.85, 98.06, 97.48, 98.07, 97.93, 97.19, 98.14, 97.68, 97.1, 96.71, 97.03, 97.27, 97.29, 97.37, 97.16, 97.08, 95.38, 95.83, 95.98, 96.45, 95.63, 96.35, 96.26, 94.85, 94.73, 96.02, 95.24, 95.63, 95.14, 95.75, 95.14, 95.41, 95.39, 94.46, 94.87, 94.18, 94.75, 95.17, 95.08, 94.77, 94.46, 94.67, 94.38, 94.58, 94.54, 93.55, 94.06, 93.69, 93.43, 93.17, 93.79, 92.98]}