{"train_loss": [2.2408078801937594, 2.1932129758036036, 2.1801309264623203, 2.1732861990602608, 2.1683191570461307, 2.1649436894645038, 2.161333359204806, 2.1587967327517323, 2.1554840558614488, 2.152534435956906, 2.150143997791486, 2.14665654530892, 2.1437611320079903, 2.1407927070927415, 2.1379545336095696, 2.1339942272911725, 2.129627890821196, 2.125625684730008, 2.1206541356877384, 2.11557488487317, 2.109647126024605, 2.103858439331381, 2.096026197457925, 2.0890989777369375, 2.079279413080623, 2.071241203791056, 2.060857999528575, 2.0498098134994507, 2.0362482603289123, 2.0229923164742623, 2.006487418189008, 1.9908362252589984, 1.9716900556515424, 1.951661843010503, 1.9306444281186812, 1.906369722297049, 1.8816023020662813, 1.8536045123369267, 1.826438687550716, 1.7951808895310786, 1.7629385356210237, 1.7324891047090547, 1.6989816106282747, 1.6620517508086996, 1.6256169990087166, 1.5933578439757354, 1.5567545539293535, 1.5233124762009351, 1.4835549796748364, 1.449938317394664, 1.4159572577884054, 1.3830061952273052, 1.3511564830938976, 1.3205365281329196, 1.288666615374068, 1.2629750080597706, 1.2360604917391753, 1.209986908822997, 1.1883760137945159, 1.1681729728340084, 1.147380297510033, 1.130580700106091, 1.1153912712366154, 1.0984136153999557, 1.0852920370988357, 1.0736484128949988, 1.0620170019121251, 1.0514177864688075, 1.043882676296764, 1.0338426525266762, 1.0264370661770177, 1.019633533862921, 1.0124546196470914, 1.0058351543724027, 1.0009273791160338, 0.9943425848952725, 0.9902294864002456, 0.9858015848275943, 0.980525279401714, 0.9767182699890218, 0.9726471158429089, 0.9688818564272335, 0.9658487476090081, 0.9621129770818938, 0.9583490546951946, 0.9558631191905748, 0.9522750079631805, 0.9499601835114324, 0.9468443783429953, 0.9445705236787469, 0.9414621638691324, 0.9394507916309894, 0.9374538037257317, 0.9347225454373237, 0.9327924903641399, 0.9305568686407856, 0.9281667277344272, 0.9261577901167747, 0.924047433030911, 0.922107969593798], "test_loss": [1.5319277908325195, 1.358410972595215, 1.35152314453125, 1.350947410583496, 1.3483282302856445, 1.3104394760131837, 1.2908045501708985, 1.3154431747436524, 1.2678172882080079, 1.3542138580322265, 1.283969841003418, 1.3128273727416993, 1.27227039642334, 1.3009364151000977, 1.344516047668457, 1.2638114273071288, 1.2465784713745116, 1.269076382446289, 1.2544259307861327, 1.3217855529785156, 1.2963993057250978, 1.2486657501220704, 1.3200576171875, 1.2922633697509767, 1.3542325881958008, 1.2970812774658202, 1.2678847091674805, 1.3059135696411133, 1.2981668243408202, 1.2301661911010742, 1.3160763671875, 1.3206929595947265, 1.3816273147583007, 1.3426995040893555, 1.4406290588378907, 1.3956559234619141, 1.3617390213012694, 1.4740367385864257, 1.382839471435547, 1.4339307449340821, 1.5158227157592774, 1.4838581802368165, 1.5970604461669922, 1.480571159362793, 1.522262254333496, 1.489299137878418, 1.6911244171142579, 1.6441820831298828, 1.5585599319458008, 1.6326104904174805, 1.6785907516479492, 1.7471648620605469, 1.7657724502563477, 1.7961329650878906, 1.8695719116210938, 1.8484334716796875, 1.8727864685058593, 1.8210317184448241, 1.8802022567749024, 1.837469352722168, 1.92723084564209, 1.9486207656860353, 1.9239932006835938, 1.9412479568481444, 1.8846283233642578, 1.955345133972168, 2.0187254501342773, 2.0325251113891603, 1.9721168930053712, 2.0568270568847655, 2.006919445800781, 2.038818780517578, 2.0212160781860353, 2.069508346557617, 2.061220390319824, 2.083363893127441, 2.0548190811157228, 2.056508576965332, 2.098322425842285, 2.114383860778809, 2.070545283508301, 2.0940510192871096, 2.1541220138549804, 2.0845529876708984, 2.0893536102294923, 2.1279985290527343, 2.141467192077637, 2.137504806518555, 2.1204385238647463, 2.1324480178833007, 2.1517043182373046, 2.118887515258789, 2.1512677154541016, 2.1983302581787107, 2.1315266204833985, 2.1774731231689453, 2.177875569152832, 2.183169055175781, 2.208058987426758, 2.215049740600586], "test_acc": [88.22, 92.13, 94.56, 95.81, 96.7, 96.63, 96.7, 96.9, 96.2, 96.63, 97.42, 97.14, 97.13, 97.04, 97.15, 97.22, 96.33, 96.67, 96.4, 96.08, 94.93, 95.27, 93.87, 93.47, 88.85, 90.45, 87.61, 87.17, 85.85, 84.8, 80.93, 76.67, 73.14, 72.12, 66.78, 66.32, 68.73, 59.38, 64.31, 60.09, 53.98, 55.64, 50.16, 54.95, 53.65, 54.17, 44.81, 46.47, 50.24, 47.81, 46.46, 44.2, 43.47, 42.03, 40.67, 41.77, 40.35, 41.23, 41.1, 42.12, 40.24, 39.52, 39.9, 38.68, 41.44, 38.8, 37.45, 37.62, 38.81, 36.25, 38.17, 36.47, 37.54, 36.24, 36.13, 35.01, 36.56, 36.81, 34.65, 33.85, 36.71, 35.32, 34.61, 35.78, 35.59, 34.36, 34.14, 34.83, 34.68, 34.83, 34.12, 34.77, 34.36, 32.69, 34.81, 33.15, 32.94, 33.91, 32.6, 32.58]}