{"train_loss": [2.021134276675363, 1.9016079851704786, 1.8804074034222171, 1.8705631364614537, 1.8623185797124846, 1.8560287919309404, 1.8510097186280112, 1.8450646306204999, 1.8407094139828641, 1.8354296533979921, 1.8310625160861218, 1.8250621203173938, 1.8208019465972216, 1.8147926626042423, 1.8086396483784049, 1.8032838399084206, 1.7953898404907978, 1.788092938498554, 1.7788671514926813, 1.769942206195277, 1.7608377426607995, 1.748834950546933, 1.7369570907873986, 1.723734087159491, 1.7089004842644064, 1.6927930320430005, 1.673791611041778, 1.6539549616157498, 1.6326357487939362, 1.608583282201718, 1.583088484330055, 1.5552697051794102, 1.526957960974457, 1.4926721461308308, 1.459461175223701, 1.4241478308143778, 1.3847070636912289, 1.3467742655521784, 1.3048055327346182, 1.2680670675049481, 1.227210844683851, 1.1846500110422444, 1.1426750997192838, 1.1016402839340715, 1.0591445859426107, 1.0192802260574112, 0.9853277537557814, 0.9458955039835384, 0.907461839608657, 0.8770168404548596, 0.8457220734184624, 0.815111823953115, 0.7906157100557262, 0.7666932965955163, 0.7469991684978844, 0.7294595897452444, 0.712443572588456, 0.6983286933257029, 0.6862083367812328, 0.6752432653537164, 0.6668615049531317, 0.6571770329505969, 0.6495333352150061, 0.6437340513763264, 0.6364394407241772, 0.6312636721592683, 0.6261156303250891, 0.6213578767756112, 0.6169149456625311, 0.6122718259819553, 0.6090327840075533, 0.6045696200468601, 0.6009816573216364, 0.5972325045328873, 0.5948673630626793, 0.5908440034358929, 0.5883769352211912, 0.5850171360195192, 0.5822745820141246, 0.5800614590064074, 0.5775730733433341, 0.5752915955252118, 0.5724065829800744, 0.5706832128712255, 0.5690831066960962, 0.5666250126738833, 0.5645986451552465, 0.5625414304498934, 0.5606756690475676, 0.5590487267726507, 0.5571513786020442, 0.5551914562526931, 0.5539326769673926, 0.552299444619407, 0.5506139290638459, 0.5496526165650442, 0.5478560559005818, 0.5461471019647061, 0.5449342560819072, 0.5436632070276473], "test_loss": [0.9861315757751464, 0.9784872123718261, 0.9378389213562012, 0.8785353355407715, 0.8228380867004395, 0.8069425773620605, 0.8171793983459472, 0.8406398277282715, 0.8605521125793457, 0.7864780349731445, 0.7634220077514648, 0.8255826866149902, 0.8207511756896972, 0.8315680206298828, 0.7979706665039062, 0.7822425819396973, 0.8138044364929199, 0.8417228034973144, 0.750193856048584, 0.840906438446045, 0.72630171585083, 0.8131590675354003, 0.8125895980834961, 0.7330069664001465, 0.770820932006836, 0.7804754905700684, 0.8160338806152344, 0.8077145309448243, 0.8591575714111328, 0.8759555374145508, 0.872267204284668, 0.8917484321594238, 0.9057849662780761, 0.8743019340515137, 0.884684326171875, 0.867306647491455, 0.9583881393432617, 1.0035494041442872, 0.9302998497009277, 1.047594873046875, 0.9153971130371094, 1.1026612449645996, 1.0808983779907226, 0.9683761917114257, 1.0820756683349608, 1.1254990547180175, 1.1365590789794922, 1.1786850898742676, 1.1256589851379395, 1.2409479934692382, 1.166565486907959, 1.1929438583374024, 1.3079905303955077, 1.2079138938903808, 1.2784281005859375, 1.2598978858947754, 1.2769561546325683, 1.3036699325561523, 1.322777545928955, 1.289155094909668, 1.3312040130615235, 1.2838381713867189, 1.3050489219665526, 1.3346456405639648, 1.333451252746582, 1.3469199127197267, 1.3248892288208007, 1.3784165115356446, 1.406273617553711, 1.3684170936584472, 1.4017675750732421, 1.3823640884399413, 1.3822212371826172, 1.4270760787963868, 1.386141793823242, 1.4262887512207032, 1.450558137512207, 1.4165917633056642, 1.4639515884399414, 1.4190675247192384, 1.4649154602050782, 1.4469751922607421, 1.4292312469482422, 1.465484538269043, 1.489017317199707, 1.4549682495117187, 1.4520513107299804, 1.487316407775879, 1.4918574340820312, 1.5238826080322265, 1.5341112503051757, 1.4963499542236327, 1.5098706466674805, 1.4961294708251953, 1.5147127975463868, 1.5200555480957032, 1.5096262771606446, 1.5243421234130858, 1.5216377029418946, 1.5514438735961915], "test_acc": [92.91, 95.44, 96.86, 97.6, 97.53, 97.95, 97.88, 97.99, 98.3, 98.37, 98.42, 98.27, 98.3, 98.36, 98.4, 98.2, 98.19, 98.04, 97.96, 97.19, 97.72, 96.63, 96.11, 96.96, 95.88, 95.29, 93.87, 93.02, 90.56, 88.23, 88.03, 85.71, 84.23, 83.86, 81.11, 80.52, 75.52, 73.27, 75.23, 70.48, 74.38, 66.01, 66.97, 71.39, 67.19, 65.01, 64.46, 63.56, 64.52, 60.45, 63.82, 63.07, 59.0, 62.23, 59.51, 61.03, 60.27, 59.29, 58.42, 59.84, 58.04, 59.95, 58.64, 58.3, 58.36, 57.83, 58.71, 56.48, 56.33, 57.42, 56.59, 56.83, 57.56, 55.53, 57.16, 55.28, 54.62, 56.18, 54.03, 55.59, 54.52, 54.9, 55.87, 54.68, 54.01, 54.54, 55.07, 53.71, 53.7, 52.61, 52.47, 53.85, 53.39, 54.12, 53.64, 52.72, 53.55, 52.58, 53.21, 51.94]}