{"train_loss": [2.3010569984077387, 2.2983640009521418, 2.2972477180326085, 2.2966747834132266, 2.2962380790302896, 2.2958880097438126, 2.2956034627735105, 2.2953669917889132, 2.295181307527754, 2.295031855248997, 2.294912214972015, 2.2948149345878863, 2.294732378079341, 2.2946634511662345, 2.2946024908978715, 2.2945505895166316, 2.294500097250327, 2.294451936187907, 2.294414204409999, 2.2943746152087154, 2.2943429936710587, 2.2943137349226537, 2.294275345455887, 2.294252488348219, 2.2942248643972936, 2.294202602826632, 2.2941763268576727, 2.2941559135404406, 2.2941301959192653, 2.294112202448723, 2.294092547689748, 2.2940760529958286, 2.294056708486671, 2.2940405199670386, 2.2940236141539025, 2.294010513358646, 2.2939913705882864, 2.2939785851372614, 2.2939667059825015, 2.2939527172308702, 2.2939367222989726, 2.2939260525581164, 2.2939112863988957, 2.293899110239795, 2.2938896437995453, 2.2938765083622727, 2.2938661514184413, 2.293856273858975, 2.2938430818737063, 2.293837124465877, 2.2938258077344322, 2.293814335113917, 2.2938066506997132, 2.2937956921055784, 2.293789324597416, 2.293778566723196, 2.293770556775933, 2.2937631143463983, 2.293753502205906, 2.293747208566747, 2.293738902124584, 2.2937316400373082, 2.293723742676596, 2.293717364470164, 2.29371012123222, 2.2937021286059647, 2.293697353102203, 2.293689517893343, 2.293684168249114, 2.29367862501715, 2.2936693501268697, 2.293664297486982, 2.293659257583129, 2.293652430558816, 2.2936467008712964, 2.293641295697954, 2.29363308299301, 2.293629113934998, 2.2936236751385226, 2.2936177778447795, 2.2936116462079887, 2.2936095391583238, 2.293604557330792, 2.293598867379702, 2.293594548335442, 2.2935867370703282, 2.29358327235931, 2.2935787826521783, 2.2935742695107417, 2.2935687721285047, 2.2935650440362783, 2.293562139201368, 2.2935559938096595, 2.2935509386225643, 2.2935483873399916, 2.2935430764133096, 2.2935371251187773, 2.2935322635194177, 2.293529490629832, 2.2935240706826887], "test_loss": [2.209605142211914, 2.1255479644775392, 2.09318798828125, 2.0735374938964846, 2.0598028579711913, 2.0466021728515624, 2.0354763061523435, 2.0272940414428713, 2.0199259201049804, 2.0129074081420897, 2.008545216369629, 2.005784391784668, 2.002236476135254, 1.9994702880859374, 1.996680549621582, 1.9946610641479492, 1.9921958541870117, 1.9921434280395507, 1.9887492752075195, 1.987135270690918, 1.9868980087280272, 1.9865789916992187, 1.985360188293457, 1.984174856567383, 1.9806088150024415, 1.982653645324707, 1.9800099822998047, 1.9803153900146484, 1.980662469482422, 1.9798617111206054, 1.9786358306884766, 1.976167059326172, 1.9759961181640624, 1.9756318161010742, 1.9757096603393556, 1.9761018112182618, 1.973370883178711, 1.97337156829834, 1.9747826599121094, 1.976882077026367, 1.97237900390625, 1.9748522598266602, 1.9736242172241212, 1.9708143829345703, 1.9704496170043946, 1.970826170349121, 1.9697543930053711, 1.9726712509155273, 1.9682159393310548, 1.968432861328125, 1.969165380859375, 1.9708283493041991, 1.9684745376586914, 1.9662528945922852, 1.9690947067260742, 1.9647595001220703, 1.9653791259765625, 1.9682801071166993, 1.9666872756958007, 1.9662277572631837, 1.9669015701293946, 1.9645128448486329, 1.9659841751098632, 1.967462387084961, 1.966263151550293, 1.964342417907715, 1.9661217651367187, 1.9640288879394532, 1.9645509582519531, 1.9653760055541991, 1.9637943237304687, 1.9613660720825195, 1.9651381301879882, 1.965138784790039, 1.9654132232666015, 1.9633790802001954, 1.9623801315307616, 1.9610696166992188, 1.9634541763305664, 1.9642904434204103, 1.964749362182617, 1.9624712982177734, 1.9592018600463867, 1.9642894271850586, 1.9628501419067383, 1.9616423583984375, 1.959800944519043, 1.9591276443481445, 1.9627270004272461, 1.9612253967285156, 1.958809880065918, 1.9587472778320312, 1.9595071472167969, 1.9624455841064452, 1.9600240509033202, 1.9611818344116212, 1.9603210266113282, 1.9595239730834961, 1.9595364776611328, 1.9594946655273437], "test_acc": [73.05, 83.81, 87.05, 89.4, 91.15, 91.97, 92.78, 93.62, 94.15, 94.52, 94.91, 95.23, 95.63, 95.72, 95.87, 96.2, 96.22, 96.29, 96.4, 96.45, 96.58, 96.66, 96.89, 96.81, 96.98, 97.05, 97.05, 97.05, 97.15, 97.17, 97.28, 97.26, 97.39, 97.39, 97.37, 97.38, 97.46, 97.51, 97.46, 97.44, 97.57, 97.62, 97.6, 97.67, 97.77, 97.7, 97.66, 97.74, 97.74, 97.84, 97.8, 97.85, 97.82, 97.88, 97.94, 97.83, 97.89, 97.97, 97.86, 97.93, 98.03, 98.02, 97.95, 97.93, 98.05, 97.96, 97.93, 98.03, 97.95, 98.11, 98.07, 98.09, 98.11, 98.08, 98.16, 98.09, 98.12, 98.09, 98.11, 98.15, 98.15, 98.12, 98.15, 98.21, 98.18, 98.16, 98.2, 98.19, 98.19, 98.21, 98.12, 98.18, 98.21, 98.21, 98.25, 98.22, 98.29, 98.23, 98.31, 98.31]}