{"train_loss": [1.9678150316079457, 1.839148236136151, 1.820447159373862, 1.8101404034174406, 1.8034868512907598, 1.7985122005144756, 1.793862024943034, 1.7902940277360444, 1.7864270783387697, 1.7835579208838634, 1.7804296031976357, 1.777886716219095, 1.7752555354028685, 1.7718067316927462, 1.7691896033083272, 1.766315664491083, 1.7630813216042316, 1.759908094110652, 1.7575216107388847, 1.7544384158065176, 1.7507893038101685, 1.7473987175358667, 1.7439708409146366, 1.7401414554343264, 1.7368221901930296, 1.732054756492631, 1.7285735805829365, 1.7234172793025644, 1.7183689640627966, 1.7144312107155466, 1.7087290600324287, 1.7023856509954503, 1.697658521752072, 1.6909316378271477, 1.6855901179150639, 1.6786580085754395, 1.671613664453865, 1.6641865069540138, 1.6570458210941055, 1.6487050186365078, 1.6412657728561988, 1.6333920649993114, 1.6245416239795523, 1.6148376411352403, 1.6057882831137404, 1.5981970918484223, 1.5887159475913415, 1.5793295757383363, 1.5687868256344755, 1.5594312051932018, 1.5481276820358048, 1.5386620217408888, 1.5298737414881713, 1.5220665480846014, 1.5105035788992531, 1.500249617629581, 1.4913386058094156, 1.4805450704362657, 1.472320332741126, 1.4636641544664009, 1.4535984868167813, 1.4452730075925844, 1.435827675792906, 1.4288027176999638, 1.4205394101957989, 1.4136199510505056, 1.406032382677763, 1.3976104134677823, 1.3909174705672467, 1.3851379749611912, 1.3789711087687402, 1.3725757672745957, 1.365909491594021, 1.3606197490141942, 1.3549909826017852, 1.3509778067087517, 1.3453631462194982, 1.3389098616237314, 1.3358935084607866, 1.3321660316398, 1.3278356426291995, 1.323745881135647, 1.319115092102279, 1.315831911105376, 1.3131903929588122, 1.309896589599104, 1.3067511562098804, 1.303720052425678, 1.3005775811835232, 1.2972045005896153, 1.295649916697771, 1.2925546013901377, 1.2910163191139188, 1.2871250390497029, 1.2849723401232662, 1.2820589830223312, 1.2804397377702925, 1.278726546937584, 1.2762300125044634, 1.2751734404482393], "test_loss": [0.9291063766479493, 0.8251132369995117, 0.7935354141235351, 0.7486867195129394, 0.7978485549926758, 0.8245918884277343, 0.7004267951965332, 0.7471486541748047, 0.7487705772399902, 0.7395150222778321, 0.7598650428771972, 0.7512199493408203, 0.6733667373657226, 0.7390488426208496, 0.7394598083496093, 0.7448680381774903, 0.7071195335388184, 0.7230040519714356, 0.7203639183044434, 0.7212235733032226, 0.7248939414978027, 0.7404822731018066, 0.755836865234375, 0.7427822059631347, 0.6821395927429199, 0.7070601928710938, 0.7715716987609863, 0.7689015625, 0.735378734588623, 0.7130627685546875, 0.6918728652954101, 0.6551025131225586, 0.7524434661865235, 0.7350390823364258, 0.7590158226013184, 0.7271721458435059, 0.7238221443176269, 0.7593021171569824, 0.7589846481323242, 0.7284651268005371, 0.7713620048522949, 0.6863253807067871, 0.7368263954162597, 0.7638181129455567, 0.7649643455505372, 0.7444453117370605, 0.8020806892395019, 0.7743672943115234, 0.8004748275756836, 0.7603309837341309, 0.7920065635681153, 0.7445805473327637, 0.764553874206543, 0.8828529579162597, 0.847800511932373, 0.8038318572998047, 0.7911087898254394, 0.7797342788696289, 0.7452201477050782, 0.7742282981872559, 0.823391187286377, 0.8470336883544922, 0.7925821411132813, 0.8146179870605469, 0.8338476234436035, 0.855455689239502, 0.8328459053039551, 0.852598648071289, 0.8786899337768554, 0.8788414497375489, 0.8330139343261719, 0.880960124206543, 0.8480088851928711, 0.8552927536010743, 0.8785300125122071, 0.9166135353088379, 0.9023250717163086, 0.8786249824523926, 0.8738102432250977, 0.8787575439453125, 0.9218771446228027, 0.8736810432434082, 0.8860461486816407, 0.9094305030822754, 0.9049429931640625, 0.9074567932128906, 0.9288007026672364, 0.8735974250793457, 0.869398600769043, 0.9338164321899414, 0.9155419044494629, 0.9021500778198243, 0.9088716339111328, 0.9150426795959473, 0.9060207061767578, 0.8887488609313965, 0.924109578704834, 0.9270797462463379, 0.9261050155639649, 0.9097477783203125], "test_acc": [94.68, 96.83, 97.45, 97.76, 98.03, 98.25, 98.37, 98.46, 98.57, 98.45, 98.36, 98.6, 98.59, 98.35, 98.59, 98.76, 98.66, 98.81, 98.8, 98.66, 98.75, 98.65, 98.64, 98.62, 98.73, 98.58, 98.54, 98.28, 98.27, 98.06, 98.2, 98.24, 97.49, 97.4, 97.36, 97.69, 96.74, 96.44, 96.63, 96.03, 95.87, 96.04, 94.57, 95.25, 93.09, 93.7, 92.31, 92.09, 90.62, 92.58, 91.37, 90.93, 90.69, 85.82, 87.03, 89.67, 88.53, 88.53, 89.36, 88.75, 86.42, 85.45, 86.74, 86.12, 84.55, 84.35, 85.12, 83.66, 81.82, 81.97, 84.08, 81.16, 82.52, 82.14, 81.39, 79.71, 80.7, 80.97, 81.21, 81.47, 79.8, 81.14, 81.23, 79.79, 79.53, 79.52, 77.74, 80.73, 80.95, 78.24, 79.52, 79.86, 79.27, 79.05, 79.69, 79.63, 79.02, 78.96, 78.63, 78.82]}