{"train_loss": [2.3027205518168263, 2.302552394887321, 2.3024496869144278, 2.302388260507176, 2.3023173151872096, 2.3022426163029466, 2.302208236649505, 2.302153313261831, 2.3020789378728623, 2.3020135887667665, 2.3019703917014294, 2.3019141213506713, 2.301848250067132, 2.3017989926868014, 2.301722688552661, 2.301638749929575, 2.3015747437110314, 2.3015125582360816, 2.301460766384744, 2.301351776489845, 2.301276473917513, 2.301190434358059, 2.301065053185846, 2.300984900221865, 2.3009020039159007, 2.300765044668801, 2.3006567012550483, 2.300524950027466, 2.3003727533878426, 2.3002537682525115, 2.3000755824594417, 2.299916609739646, 2.299763116571638, 2.299553996986813, 2.299383456380958, 2.299173386178465, 2.2989383462147837, 2.2987257807682724, 2.2985146509276495, 2.2981786549600782, 2.297950819007352, 2.297672395522778, 2.2972957384892, 2.2970288049461494, 2.2966616148622627, 2.296355255648621, 2.296003625433669, 2.295487451757121, 2.2951386728857317, 2.294706123506921, 2.294363401384435, 2.293816829848493, 2.293356044170184, 2.29287675048551, 2.2923463613559036, 2.2917093145541654, 2.291088379855849, 2.2905594222566004, 2.289897484657092, 2.2892006559249682, 2.2886272572044635, 2.2877973002246303, 2.287127282884386, 2.2863168553409414, 2.2855690254105463, 2.2846407365595174, 2.283849325954405, 2.282879614422464, 2.281808070647411, 2.280652925499484, 2.2798430094352136, 2.2785087482542052, 2.2778028565594273, 2.27656730525514, 2.2751851514873342, 2.273615069878407, 2.2725036256333704, 2.271019854606726, 2.2697236970958548, 2.268041568943578, 2.266377848437709, 2.264917936080541, 2.263168772061666, 2.2612850182076807, 2.2594398005395875, 2.2578093027457213, 2.255599181876223, 2.2533643877404366, 2.2513496931801495, 2.2487693714280415, 2.246934383852869, 2.244387426946917, 2.2422495846055512, 2.238833443731324, 2.23627921149262, 2.2339070016502314, 2.23090804896803, 2.228194832801819, 2.225575989128178, 2.22230036289264], "test_loss": [2.2903303833007813, 2.2860032653808595, 2.282989276123047, 2.279650451660156, 2.2770451782226564, 2.274868792724609, 2.272177703857422, 2.2715220672607424, 2.268056188964844, 2.267285595703125, 2.2641387603759764, 2.2623595184326173, 2.2606424041748046, 2.2589522308349608, 2.2584365295410156, 2.2571135192871092, 2.2571923767089843, 2.256110186767578, 2.256281137084961, 2.254555694580078, 2.2532266021728518, 2.2531768768310547, 2.2511462524414063, 2.250611096191406, 2.248166989135742, 2.2514552062988282, 2.2500093505859375, 2.246525765991211, 2.244731378173828, 2.2474345489501952, 2.2430171295166015, 2.2430083679199218, 2.244189028930664, 2.2477539031982423, 2.2424715881347654, 2.2421929443359376, 2.2445988677978517, 2.2409004180908205, 2.2369655090332032, 2.245791748046875, 2.2406643127441406, 2.2411787384033204, 2.244624645996094, 2.2461783477783204, 2.2480478057861326, 2.2389423065185547, 2.236330337524414, 2.227327047729492, 2.237091390991211, 2.244223391723633, 2.244004507446289, 2.2439310821533205, 2.2367072204589844, 2.245390676879883, 2.2446473358154297, 2.2298939086914062, 2.2341760223388674, 2.2410238220214844, 2.2552771759033203, 2.2330072204589846, 2.2543159729003905, 2.2508159942626955, 2.2499089447021485, 2.270927166748047, 2.260994738769531, 2.249707440185547, 2.2496011810302736, 2.2287475006103517, 2.2601914825439455, 2.243002328491211, 2.262920266723633, 2.240808801269531, 2.2519821380615235, 2.2422504333496094, 2.247548181152344, 2.2507695373535155, 2.254143402099609, 2.2517463439941405, 2.2461952209472655, 2.249078302001953, 2.274306622314453, 2.2785397552490236, 2.275953234863281, 2.2616355865478517, 2.2792575286865233, 2.2805541015625, 2.27107041015625, 2.2481974853515627, 2.304400424194336, 2.265024969482422, 2.307018084716797, 2.3013035247802733, 2.300803744506836, 2.292460275268555, 2.299717300415039, 2.281698324584961, 2.292323971557617, 2.2664644622802737, 2.2851738220214846, 2.266024365234375], "test_acc": [22.44, 13.63, 38.46, 39.61, 48.83, 29.02, 44.17, 37.55, 55.72, 53.81, 45.0, 55.49, 50.32, 53.46, 60.22, 53.53, 58.25, 54.18, 54.69, 53.31, 54.13, 50.55, 50.64, 52.81, 51.48, 45.18, 42.24, 45.16, 45.23, 43.7, 46.82, 44.28, 36.16, 35.28, 38.0, 35.08, 29.73, 38.18, 38.47, 26.02, 34.22, 35.0, 25.93, 27.68, 28.59, 25.45, 29.34, 32.13, 30.97, 23.98, 24.86, 22.66, 26.28, 23.17, 22.02, 27.27, 26.1, 23.72, 18.71, 22.18, 18.41, 19.34, 17.18, 15.56, 15.74, 19.04, 16.93, 21.67, 15.33, 18.73, 16.94, 18.86, 15.55, 18.01, 17.6, 15.09, 15.59, 20.47, 16.31, 16.96, 14.03, 15.47, 16.17, 16.43, 13.5, 12.97, 15.35, 17.07, 11.83, 14.94, 13.35, 13.12, 13.8, 11.36, 11.98, 14.68, 13.06, 14.96, 13.54, 15.66]}