{"train_loss": [2.1034346352785063, 2.0055445447946205, 1.9892439788732774, 1.980371361104851, 1.9742338935024717, 1.9694935361034849, 1.966056696115396, 1.9618511783261585, 1.9587917850058303, 1.9556616868218806, 1.9520647174272783, 1.9495281821642167, 1.9464550385108361, 1.9427925508755903, 1.9398167645319915, 1.9361157386730878, 1.93232366671929, 1.929072223412685, 1.9248750451793017, 1.92085712766036, 1.9157268134956686, 1.912067156826329, 1.9063165126702724, 1.9012085415868678, 1.8952430598756187, 1.8877979623965728, 1.8821282083662147, 1.8739516564414032, 1.8661735839823372, 1.8586413289746668, 1.8487472498518789, 1.8385108846884508, 1.8292128601644793, 1.8168923100854597, 1.804891677493723, 1.792312958301642, 1.7810123267336788, 1.7650596147928483, 1.7504929744789743, 1.736268549393385, 1.7194221804284642, 1.701771398130645, 1.6848427701709616, 1.6678566400311952, 1.647265324735234, 1.6300484043920143, 1.6123770903318355, 1.590690668576803, 1.5736607725803669, 1.5564766949058597, 1.5349078058687031, 1.51706747061167, 1.496985962248256, 1.480117946353733, 1.4611651133268306, 1.4453359376161525, 1.4267203917360713, 1.41110189883118, 1.3960439450720437, 1.38040772640807, 1.366142716927406, 1.353047008952524, 1.3388589898235776, 1.3284166651403801, 1.3154127582525597, 1.3061373654084327, 1.294235046602722, 1.285140673064778, 1.2755288158217046, 1.2668279083366067, 1.2577521788258839, 1.2510543187968752, 1.2437069077267606, 1.2379200412676885, 1.230776481394075, 1.2267914951866508, 1.2201045509586987, 1.2142766502677884, 1.2098598052293827, 1.204841107639492, 1.2001970756767142, 1.195331447909021, 1.1921455931459737, 1.1884442631505494, 1.1851301442863595, 1.182173138245558, 1.178791984788373, 1.174678848339961, 1.1713392984153879, 1.1684154045378041, 1.1665986432478979, 1.1644866267840068, 1.1614559239301927, 1.1584835755519378, 1.156486890764318, 1.1547642979356978, 1.152853279032259, 1.1495475203563006, 1.1478943990336523, 1.1454872697846503], "test_loss": [1.1352005058288575, 1.0621773529052734, 0.9675692001342774, 0.9642068183898925, 0.9216056640625, 0.9444807838439941, 0.9737079383850098, 0.9795202056884765, 0.9101424629211425, 0.9090404487609863, 0.8834650100708008, 0.980010986328125, 0.9745330528259277, 1.0038696029663086, 0.9636231575012207, 0.8894417442321777, 0.9299874397277832, 0.8773135108947754, 0.9373211593627929, 0.9469874710083008, 0.8719746276855469, 0.9198706733703613, 0.9282456726074219, 0.9430494705200195, 0.8788495422363282, 1.0104598945617675, 0.9040669319152832, 0.930000513458252, 0.9692582778930664, 0.9571211906433106, 0.9382349906921387, 0.9849390884399414, 1.0049696479797363, 1.0143186172485352, 0.9909713638305664, 0.9012406517028808, 0.9181435348510743, 1.0341576316833496, 0.9638046836853027, 1.0261970588684082, 0.9879710098266602, 0.965612060546875, 0.958945654296875, 1.0725478790283203, 0.9770605392456054, 0.9449713478088378, 1.0229752738952638, 1.0786352630615235, 1.0368207984924316, 1.0420026039123536, 1.0783390830993653, 1.063341429901123, 1.0324675437927247, 1.0141009880065919, 1.1175104400634766, 1.0248805206298828, 1.154133634185791, 1.1072846160888672, 1.1771296119689942, 1.2509164138793945, 1.1219909484863282, 1.163190615081787, 1.3087813766479492, 1.1870528717041016, 1.2204345764160156, 1.2013233459472656, 1.1513584968566895, 1.2502141784667968, 1.2415361572265624, 1.2022640495300292, 1.2578187553405762, 1.1724318939208984, 1.2113666732788086, 1.184000366973877, 1.225249494934082, 1.2645200729370116, 1.2514363708496095, 1.2780037956237793, 1.273213020324707, 1.2974987838745118, 1.2917664276123046, 1.3067589767456054, 1.341989176940918, 1.2989403396606445, 1.316772470855713, 1.2597724922180176, 1.3186406295776367, 1.302992710876465, 1.3093146507263183, 1.3435248580932617, 1.289270198059082, 1.3078608726501464, 1.3412051391601563, 1.3376241027832032, 1.3111776100158692, 1.322585018157959, 1.3137875900268554, 1.392053532409668, 1.3593796264648437, 1.3606520309448242], "test_acc": [92.37, 95.55, 96.8, 97.35, 97.63, 97.41, 97.98, 97.74, 98.13, 98.19, 98.22, 98.44, 98.4, 98.44, 98.5, 98.36, 98.39, 98.35, 98.35, 98.1, 98.29, 98.06, 98.21, 97.83, 97.79, 96.5, 97.11, 96.4, 95.85, 94.87, 95.74, 93.59, 92.93, 91.05, 90.82, 91.82, 91.23, 83.5, 89.13, 84.33, 84.86, 85.23, 81.48, 80.19, 81.31, 83.22, 78.16, 74.39, 76.47, 76.27, 73.53, 73.9, 74.74, 74.56, 70.66, 72.85, 67.81, 70.11, 66.4, 62.83, 68.9, 66.99, 60.28, 64.95, 64.31, 65.56, 67.0, 62.69, 63.34, 64.06, 62.62, 65.7, 64.34, 64.96, 63.49, 61.5, 62.1, 61.28, 61.45, 60.28, 60.29, 59.96, 58.2, 60.68, 59.43, 61.63, 59.73, 60.05, 59.74, 58.03, 60.44, 60.33, 58.68, 58.35, 59.75, 58.69, 59.04, 56.8, 57.63, 57.33]}