{"train_loss": [2.302212697827918, 2.301547098873008, 2.3011387780181365, 2.3009179529980717, 2.3007781607472997, 2.300672101159381, 2.300584689164773, 2.300508884792654, 2.300444322773534, 2.3003838867203803, 2.300329110561273, 2.300280490492144, 2.3002370529704623, 2.3001992483424325, 2.3001635680850754, 2.300131297009623, 2.3001021977163787, 2.3000759227663026, 2.3000523264591513, 2.3000326599830236, 2.3000146502103562, 2.2999964891335902, 2.299979877777589, 2.2999669934949303, 2.2999538234156423, 2.29994031914279, 2.2999286351040897, 2.2999183199344535, 2.2999077811200395, 2.2998990029351325, 2.2998888528245125, 2.299878645656455, 2.299871229717874, 2.299864285522037, 2.2998536076301184, 2.2998482284382877, 2.2998414324899006, 2.299833048103202, 2.2998259480182943, 2.299822131792704, 2.2998122124590425, 2.29981016042905, 2.299802269691076, 2.2997955430267205, 2.2997911282074757, 2.2997861611537442, 2.2997830642594232, 2.2997758714561787, 2.2997706985881186, 2.2997646326692696, 2.2997610614849973, 2.2997571005780473, 2.299752591512142, 2.2997472958687024, 2.299743628400004, 2.2997369358682227, 2.2997353066745987, 2.299731014121292, 2.299729281511062, 2.2997251300730257, 2.299720577704601, 2.2997158139179916, 2.2997121270905194, 2.2997087861737633, 2.2997087958531504, 2.299703106411502, 2.2997001190470834, 2.2996964750126896, 2.2996918115860376, 2.2996891767550736, 2.299684685519618, 2.299684272872077, 2.29968131505526, 2.2996769537273636, 2.2996739159282455, 2.299671664197221, 2.299668969761612, 2.299667050695827, 2.2996626175366917, 2.2996614656896672, 2.299658076885419, 2.2996555862263737, 2.29965236910388, 2.2996508713461394, 2.299647173820398, 2.299645452417879, 2.2996435628996954, 2.299639559709109, 2.299638689073742, 2.299636029280149, 2.299634740393386, 2.299632488662361, 2.2996287738156114, 2.2996282923934808, 2.299624159295335, 2.2996220680383535, 2.299620078669654, 2.2996164275030804, 2.2996151350502276, 2.299612285234989], "test_loss": [2.26270719909668, 2.227688269042969, 2.2022624298095703, 2.1879443939208985, 2.178585354614258, 2.171451950073242, 2.165321719360352, 2.1598472625732423, 2.1557980194091795, 2.1521331787109377, 2.147423635864258, 2.1436879150390626, 2.1422353942871095, 2.138578192138672, 2.1358759124755857, 2.1331296630859375, 2.1302402923583985, 2.1296317657470705, 2.1262405792236327, 2.1262334716796873, 2.123610974121094, 2.123586331176758, 2.121809942626953, 2.1207372314453123, 2.1207986206054685, 2.1196149047851565, 2.1196047943115235, 2.117719290161133, 2.116393362426758, 2.1169943664550783, 2.11517236328125, 2.114143148803711, 2.113875695800781, 2.1133496551513673, 2.1129673767089843, 2.1134519561767577, 2.112320635986328, 2.111706106567383, 2.110498568725586, 2.110337338256836, 2.110995770263672, 2.111226889038086, 2.1106004852294924, 2.1104461364746094, 2.110153323364258, 2.1077883087158202, 2.1092901092529295, 2.1093470642089844, 2.1070747436523436, 2.1082910095214844, 2.106375228881836, 2.106246029663086, 2.1058873291015625, 2.106028698730469, 2.1072220397949217, 2.106431805419922, 2.1063174102783204, 2.104504998779297, 2.1048627380371094, 2.10620478515625, 2.1052547424316406, 2.104592514038086, 2.102187283325195, 2.1044911224365235, 2.104098556518555, 2.103648532104492, 2.1014893676757813, 2.104582977294922, 2.10246178894043, 2.1016805633544924, 2.103439953613281, 2.101861944580078, 2.1017439453125, 2.1025155487060547, 2.1022193969726564, 2.102112905883789, 2.1028205932617188, 2.101973358154297, 2.1003526641845705, 2.102212789916992, 2.101656271362305, 2.1008907440185545, 2.0984474090576173, 2.1023968017578123, 2.0997012115478517, 2.0992525604248047, 2.0991647705078127, 2.098970764160156, 2.0981822021484375, 2.0990791870117187, 2.0983854949951173, 2.100772442626953, 2.099845346069336, 2.1007638244628906, 2.099983575439453, 2.1003146270751953, 2.098294921875, 2.100802062988281, 2.0970317108154295, 2.0999884948730467], "test_acc": [63.15, 76.66, 82.16, 85.36, 87.31, 88.16, 89.49, 89.97, 90.78, 91.41, 91.64, 92.27, 92.81, 93.21, 93.38, 94.03, 94.05, 94.25, 94.53, 94.73, 94.77, 94.96, 95.19, 95.2, 95.47, 95.59, 95.54, 95.72, 95.84, 95.77, 96.02, 95.98, 96.03, 96.05, 96.18, 96.14, 96.08, 96.28, 96.36, 96.36, 96.53, 96.44, 96.63, 96.61, 96.66, 96.7, 96.67, 96.59, 96.8, 96.65, 96.8, 96.75, 96.84, 96.99, 97.06, 97.13, 96.96, 97.06, 97.07, 97.07, 97.05, 97.15, 97.09, 97.23, 97.32, 97.27, 97.28, 97.38, 97.46, 97.12, 97.35, 97.24, 97.4, 97.36, 97.54, 97.45, 97.47, 97.52, 97.44, 97.39, 97.6, 97.48, 97.45, 97.58, 97.55, 97.45, 97.52, 97.59, 97.5, 97.56, 97.47, 97.63, 97.61, 97.55, 97.72, 97.58, 97.62, 97.63, 97.56, 97.9]}