{"train_loss": [1.9865914119614496, 1.867959542152209, 1.8514564266571631, 1.84299975557205, 1.8378196565004496, 1.834294957228196, 1.8315769174160101, 1.8290248322181213, 1.8270520601007674, 1.825387698208165, 1.8236022769895375, 1.8223507610651164, 1.821262497932483, 1.8198978839776454, 1.818828089369668, 1.817993327593192, 1.816827914144239, 1.8159639417615712, 1.815339571899838, 1.8144502705997891, 1.8136098112306025, 1.8128280025771542, 1.81207649422507, 1.8113558870604916, 1.8108266378060365, 1.810005530078187, 1.8093544644677741, 1.808710184871641, 1.808257368640003, 1.807634364335965, 1.807059725889793, 1.8061464077387102, 1.8058384025198781, 1.8051648157784062, 1.8044127045024154, 1.8040555593294976, 1.8033454716205597, 1.802689978454867, 1.8022181536906805, 1.801425836279861, 1.8011147497046707, 1.8003845426261935, 1.799803358876807, 1.799309276108049, 1.798836489009042, 1.798085765960889, 1.7974625089739122, 1.7970729630727034, 1.79639375439057, 1.796061824529599, 1.7951578408734412, 1.7946373211522388, 1.794090507631628, 1.7934891795500731, 1.7931058936648898, 1.7924382319817176, 1.7920196945341225, 1.7911420563856761, 1.7907255358166165, 1.7898863742494175, 1.789623557502388, 1.7887360086807838, 1.788394182920456, 1.7877741675091605, 1.7870712180932362, 1.7865292786532998, 1.7857620237220047, 1.7852576711238959, 1.7845954996907814, 1.7841197091799517, 1.7833703162833157, 1.782749503850937, 1.7818919639302115, 1.7813210815955431, 1.7808580156574902, 1.7797255345389373, 1.7793430889773572, 1.7787184687251718, 1.7781283091276119, 1.7775106417317676, 1.7768839961952634, 1.7764712342849145, 1.7757380383136945, 1.7752482801930518, 1.774502395819395, 1.7743763951664298, 1.7732232559440482, 1.7726564488859258, 1.772002284343426, 1.7714990637241266, 1.7710100896338112, 1.7702484428882599, 1.7697828356017413, 1.7689414742665412, 1.7683809903951793, 1.7677691413296595, 1.7671057671053796, 1.7667483111732027, 1.7660436872233691, 1.7655967206527026], "test_loss": [0.955521321105957, 0.8385102424621582, 0.7996462699890137, 0.8266046493530274, 0.7854176185607911, 0.7767919395446777, 0.7649496215820313, 0.7851306373596192, 0.7853036529541015, 0.7462645172119141, 0.8035791435241699, 0.7522089401245117, 0.7924562492370606, 0.8005391242980957, 0.7846987815856934, 0.7432869499206542, 0.7520936599731445, 0.7903671821594238, 0.6950170913696289, 0.7695959854125977, 0.7396156639099121, 0.7360021606445313, 0.7383322463989258, 0.7132868362426757, 0.8126448913574219, 0.7592761009216309, 0.7405568534851075, 0.7963921539306641, 0.7507297790527344, 0.7538071846008301, 0.7568008674621582, 0.7487752784729004, 0.7426520706176758, 0.729620320892334, 0.7602730789184571, 0.7397596954345703, 0.7832265174865722, 0.7346462776184082, 0.7217007751464843, 0.7903941864013672, 0.8137892593383789, 0.7616124862670899, 0.7743181449890136, 0.7082483818054199, 0.7377514297485351, 0.7064705200195313, 0.750129606628418, 0.7292806694030761, 0.7357801246643066, 0.7036495986938477, 0.730539134979248, 0.7422668678283691, 0.7501399131774902, 0.7800233551025391, 0.781493059539795, 0.8207768203735352, 0.7629642784118652, 0.753244361114502, 0.7232268463134766, 0.7405602554321289, 0.7685313758850097, 0.7232507301330566, 0.736367204284668, 0.7178529846191406, 0.7410780883789062, 0.7116845481872559, 0.7174222602844238, 0.6865529891967773, 0.7310225700378418, 0.735812419128418, 0.7647508712768555, 0.7648035209655761, 0.8091009582519532, 0.7812494186401368, 0.7473613777160645, 0.7443397277832031, 0.7444776832580566, 0.7085971450805664, 0.7564826210021973, 0.7590804122924805, 0.7417483871459961, 0.7180960357666015, 0.7144932289123536, 0.7970570587158203, 0.7646567878723145, 0.7454761215209961, 0.7601587921142579, 0.7758677978515625, 0.7532522994995117, 0.7623156005859375, 0.7269838020324707, 0.7472464714050293, 0.750674674987793, 0.7509328773498535, 0.7664161842346191, 0.7281599502563476, 0.7695918983459472, 0.7800356239318847, 0.7640950790405273, 0.7719273513793945], "test_acc": [95.16, 97.14, 97.5, 98.12, 98.14, 98.38, 98.47, 98.63, 98.67, 98.63, 98.63, 98.7, 98.81, 98.8, 98.85, 98.87, 98.93, 98.91, 98.86, 98.88, 98.96, 98.87, 98.92, 99.01, 99.01, 98.96, 99.03, 99.0, 98.98, 99.0, 98.98, 98.99, 98.97, 99.0, 99.09, 99.04, 99.09, 99.04, 99.05, 99.05, 99.07, 99.12, 99.02, 99.0, 99.06, 99.04, 99.11, 99.12, 99.11, 99.06, 99.07, 99.15, 99.12, 99.08, 99.08, 99.03, 99.13, 99.09, 99.13, 99.12, 99.0, 99.02, 99.14, 99.09, 99.11, 99.07, 98.98, 99.09, 99.09, 99.07, 99.11, 99.09, 98.95, 98.99, 99.03, 99.05, 99.0, 99.04, 99.04, 99.07, 99.01, 98.99, 99.08, 99.02, 98.98, 98.91, 98.88, 99.01, 98.97, 98.94, 98.94, 99.05, 98.96, 98.92, 99.01, 98.95, 98.94, 98.97, 98.92, 98.88]}