{"train_loss": [2.154559380478329, 2.07726903909292, 2.064096233274183, 2.0580999387635126, 2.054375925634661, 2.0516961716179156, 2.0498298559433374, 2.0481747447425485, 2.046872022569689, 2.045742477616693, 2.044792296285303, 2.0438842251260056, 2.0430994189193106, 2.042277904657217, 2.0417599267939215, 2.0409563800208588, 2.0405336692292466, 2.0399191142656865, 2.039349305324065, 2.0389088415182552, 2.0384615539995012, 2.037953262655144, 2.037539168046071, 2.037226128272521, 2.0366204933733, 2.0362456873950796, 2.0358934491618066, 2.035657256586939, 2.0353069904013577, 2.0349035772502932, 2.0346022388364515, 2.034147589889347, 2.033964082471326, 2.0337058708199067, 2.0333321298289504, 2.032969296233267, 2.0326778254447837, 2.0324631007308636, 2.0321500612120342, 2.031749968345349, 2.031415212358165, 2.0312338560564904, 2.030887865103208, 2.030679201723164, 2.030317410444602, 2.0302279298631554, 2.029715255794362, 2.029331842294106, 2.0291694354297767, 2.028939552541472, 2.028592453043685, 2.0283579143703494, 2.0280120917874522, 2.0278113550610013, 2.0274570836470676, 2.0272355204464025, 2.0270756057694426, 2.0267286754062033, 2.026513613696791, 2.0262176060778465, 2.026010558136508, 2.0256846165045714, 2.0253652675539002, 2.0250879811425495, 2.0247818399698305, 2.024542836042551, 2.024144281434198, 2.023962647232235, 2.023731186858609, 2.023342198286301, 2.023155913903163, 2.0229687239879217, 2.022592370836144, 2.022343354602145, 2.021888961394628, 2.021651385941057, 2.021273482049632, 2.0210647689990506, 2.0208206543555627, 2.020520863369999, 2.0203088817433414, 2.020033543690657, 2.0197409111210423, 2.0192774154691615, 2.0192173327136245, 2.018988861487462, 2.0184132003376627, 2.0182322824103203, 2.017949509824443, 2.0176241423329735, 2.0174315291592197, 2.017143571223968, 2.0168100733023424, 2.0165260681229777, 2.0163521560338826, 2.0159243133842435, 2.0156433090694947, 2.0152758207076635, 2.0150377992381396, 2.0147479859172788], "test_loss": [1.2263978523254395, 1.1240001892089844, 1.1056344924926758, 1.0840942108154297, 1.0604079872131347, 1.075683960723877, 1.0661987518310547, 1.0453592254638673, 1.0609462509155274, 1.0263277221679687, 1.015374452972412, 1.0400250633239747, 1.0306215805053711, 1.0335894187927246, 1.0276351821899414, 0.9934965293884277, 1.003099501800537, 1.0204343627929688, 1.039527555847168, 1.0439944709777833, 1.0153705070495604, 0.9904166831970215, 1.0362359504699707, 1.0267848587036132, 1.0275503829956054, 0.9816485595703125, 0.9798865661621093, 1.029557843017578, 1.033299348449707, 1.0092599143981933, 1.0465378196716308, 1.0047590438842773, 1.0454284942626952, 1.0235530303955078, 1.0101675735473632, 0.9528930992126465, 0.9873813293457031, 0.9974317993164062, 1.062263394165039, 1.01431163482666, 0.9906082160949707, 1.0051924682617188, 0.9855653282165527, 0.9723249877929687, 0.987986449432373, 0.9994084014892578, 0.9826108528137207, 0.9799559562683106, 1.0265327392578125, 1.0198042587280274, 1.0435405563354492, 1.005154434967041, 1.0255867668151855, 1.0193460723876953, 0.9505266242980958, 1.0049598754882811, 0.9619222366333008, 1.0223040214538575, 1.0390762184143068, 0.974782878112793, 1.0024660415649413, 0.9904027778625488, 1.0200355545043944, 1.039418349456787, 0.9987342018127442, 0.9816734901428222, 1.0420890800476075, 0.9792064643859864, 1.037790520477295, 1.0028368293762207, 1.004686171722412, 0.9663616729736328, 1.0393547172546387, 1.0017385398864747, 1.0216412994384765, 1.0088382621765137, 0.9915711624145508, 1.0078071464538574, 1.0162482543945313, 0.9871789161682128, 1.0146313804626466, 1.0106812881469727, 1.0416377693176269, 1.002352953338623, 1.035230428314209, 1.0014307037353516, 1.034653818511963, 0.999276383972168, 0.9953416961669922, 1.024579337310791, 1.013735643005371, 1.0018289489746093, 0.9751519187927246, 1.0246754501342774, 1.0043709861755372, 1.006870001220703, 1.0333799919128417, 1.0152628952026368, 0.989947989654541, 1.0287377540588378], "test_acc": [92.63, 96.51, 97.16, 97.55, 97.71, 97.76, 98.07, 98.23, 98.27, 98.43, 98.42, 98.55, 98.52, 98.51, 98.64, 98.68, 98.68, 98.66, 98.71, 98.76, 98.81, 98.8, 98.79, 98.86, 98.84, 98.75, 98.83, 98.74, 98.89, 98.83, 98.85, 98.79, 98.93, 98.8, 98.85, 98.77, 98.82, 98.85, 98.95, 98.84, 98.86, 98.83, 98.82, 98.89, 98.89, 98.82, 98.91, 98.91, 98.9, 98.85, 98.91, 99.01, 98.87, 98.95, 98.85, 98.94, 98.92, 98.88, 98.92, 98.83, 98.91, 98.99, 98.91, 98.9, 98.88, 98.93, 98.87, 98.82, 98.92, 98.94, 98.83, 98.99, 98.77, 98.96, 98.83, 98.95, 98.91, 98.86, 98.89, 99.0, 98.84, 98.84, 98.9, 98.81, 98.91, 98.85, 98.92, 98.87, 98.87, 98.86, 98.87, 98.83, 98.85, 98.86, 98.76, 98.81, 98.79, 98.9, 98.83, 98.7]}