{"train_loss": [2.2707103027237787, 2.2399499080119987, 2.2301289938453936, 2.225407293209663, 2.222195669117137, 2.219832716844021, 2.2178145219118166, 2.2159398019823255, 2.214379016150776, 2.2128245937518582, 2.2113428013956447, 2.2094297271508436, 2.2078197496569056, 2.2062048840726542, 2.204532309475108, 2.2028299503856235, 2.2008122073279486, 2.198732513647813, 2.1968371852850304, 2.1945198733582454, 2.1915250002828417, 2.1893797893809457, 2.186611342633891, 2.1838331130834727, 2.1805722672715144, 2.177135157279479, 2.1732227567933564, 2.1690976115373464, 2.164348034777193, 2.160011460638454, 2.1549976936772337, 2.1499216495416102, 2.1435368412580247, 2.136660530526414, 2.1299597131900296, 2.1220925093716025, 2.1152755182522993, 2.1059075548098636, 2.0970632245397973, 2.0864596364335117, 2.0760080595301766, 2.064016558930405, 2.05242367203419, 2.0388112457898946, 2.0267910047983513, 2.012438531614776, 1.9979856724922473, 1.9825173104420686, 1.966410824885735, 1.9506357011632023, 1.9333119647115724, 1.9161337410282886, 1.9010607607853718, 1.882548143211593, 1.8645795334098685, 1.8473010521668654, 1.829622375404733, 1.811917499344573, 1.7950517532662449, 1.77804346038745, 1.7611906309413095, 1.7469161466146126, 1.7283389555592823, 1.7127387057512233, 1.6981164955685282, 1.6844277820016584, 1.6696649889151256, 1.6553495564521887, 1.641726120414897, 1.6290472330700638, 1.61942656019814, 1.6070093252719977, 1.5958775276811714, 1.5840400859840915, 1.574823745804974, 1.5653176139562557, 1.5564564364588158, 1.548918246713459, 1.5410588467732453, 1.5332294926684127, 1.5261003099955046, 1.519561698803535, 1.5133522703097417, 1.506154432001277, 1.5008248854906132, 1.4951673234120393, 1.4910434757032964, 1.4856280190312965, 1.4806933566036387, 1.4755432251681628, 1.4724084263683384, 1.4673485460444393, 1.4642779659002254, 1.459908264824468, 1.457397184565536, 1.4537027903601654, 1.451298805892977, 1.4480786295528085, 1.4440654172347143, 1.4422686405670948], "test_loss": [1.7635988235473632, 1.5952799057006837, 1.5672018829345704, 1.5539655654907227, 1.5080420013427733, 1.4833006256103516, 1.4677222885131835, 1.4933308944702148, 1.4840773315429687, 1.4858186004638672, 1.4373331283569335, 1.4587714736938477, 1.4629480621337891, 1.4751433471679687, 1.4811468688964844, 1.449106559753418, 1.4579534515380859, 1.4084111434936524, 1.4431767715454102, 1.442369970703125, 1.4845734756469726, 1.3800425216674805, 1.4307513244628907, 1.4650101837158203, 1.4332063217163087, 1.4299264541625976, 1.4578409637451173, 1.504927099609375, 1.4723338088989257, 1.4537317672729493, 1.453687043762207, 1.4689208099365234, 1.4412490097045898, 1.4401699752807617, 1.4379214416503907, 1.477961540222168, 1.4535932983398439, 1.4503259475708008, 1.4637646270751954, 1.4720226119995117, 1.5280974777221679, 1.4877769989013672, 1.5008470581054687, 1.5551556091308594, 1.547563850402832, 1.5734324615478517, 1.6328937759399413, 1.54646376953125, 1.5324616744995117, 1.6406908325195313, 1.662735403442383, 1.6067101287841796, 1.5990505157470702, 1.6891918762207032, 1.6409362533569336, 1.6807932144165039, 1.745340852355957, 1.6830612701416017, 1.6907916717529297, 1.7752683471679687, 1.6867838775634765, 1.730129737854004, 1.7748913467407226, 1.8524578323364258, 1.7786115173339845, 1.7698497497558594, 1.7095337295532227, 1.8811117767333985, 1.744433642578125, 1.7708722244262696, 1.8263355972290038, 1.7869279449462891, 1.8378782653808594, 1.935915020751953, 1.882303369140625, 1.8947019607543945, 1.9197660186767578, 1.8982884445190429, 1.8888520568847655, 1.8764161392211913, 1.995708071899414, 1.9720468841552734, 1.905442478942871, 1.9307799179077147, 1.9644011352539064, 1.9308612457275391, 2.0462638412475584, 2.010015417480469, 1.95552353515625, 1.9930076889038086, 1.9212534439086915, 1.989026271057129, 1.98852059173584, 2.05438438873291, 1.9961459243774413, 2.0957825119018554, 1.9862200103759766, 2.044813822937012, 2.0232796691894532, 2.0214047775268553], "test_acc": [85.96, 91.44, 93.34, 95.04, 95.43, 96.05, 96.68, 96.78, 96.81, 96.95, 96.79, 96.81, 97.39, 97.02, 96.37, 97.23, 96.89, 97.03, 96.96, 97.14, 95.92, 96.43, 95.86, 95.63, 95.75, 95.38, 93.93, 89.08, 90.74, 89.86, 90.19, 87.42, 88.64, 86.99, 84.46, 80.2, 82.05, 80.83, 78.37, 76.76, 69.42, 70.38, 68.73, 64.19, 62.47, 60.99, 55.99, 60.65, 60.93, 52.53, 54.04, 54.83, 52.97, 48.9, 50.62, 47.78, 45.17, 47.25, 46.85, 43.0, 45.49, 44.14, 43.08, 37.47, 42.11, 42.79, 46.07, 38.21, 43.59, 42.89, 40.95, 42.06, 39.66, 35.76, 37.82, 37.07, 36.46, 38.19, 39.22, 37.63, 33.27, 34.71, 37.12, 35.94, 35.46, 37.52, 31.83, 33.74, 35.43, 33.16, 37.14, 33.52, 34.97, 32.73, 33.61, 30.73, 34.52, 32.43, 33.44, 33.2]}