{"train_loss": [2.002900286617442, 1.8806373364905007, 1.8602069542448745, 1.8501873311833439, 1.842075677254261, 1.8359470966025295, 1.830484325814451, 1.825388548720596, 1.8218433472335849, 1.8170119465416312, 1.8132679261203506, 1.808796658475175, 1.804721519478366, 1.8004299183177133, 1.7956810140202188, 1.7914759773983915, 1.7855611158232403, 1.780795820757874, 1.7744406815777478, 1.7682770684234097, 1.7617225068756657, 1.7543193652079656, 1.746920894099097, 1.7375996637548137, 1.7295435465808608, 1.7193765943376427, 1.70856574534351, 1.6972350740534627, 1.6843748540959806, 1.6711809765069912, 1.6570437540355911, 1.6397044933759248, 1.6243350806399288, 1.6067765765210502, 1.5870385131774805, 1.5679593073506641, 1.5463531017303467, 1.5239714631158063, 1.4994987397112398, 1.477780715522603, 1.4506622369472797, 1.4244003828264709, 1.4013375639915466, 1.3740200456391034, 1.3465556520172672, 1.3210120224035704, 1.2927663175978212, 1.2662386471389706, 1.2418477160808368, 1.2194521602911828, 1.1956599701164115, 1.1733044480156696, 1.1506241170259623, 1.12740815577344, 1.1079108085897234, 1.0913320563287816, 1.0734150511586769, 1.0575237983567083, 1.0441315231414943, 1.0306840491855247, 1.0184761279413843, 1.0060155527968693, 0.9960568553616858, 0.9864204440616134, 0.9791610873917229, 0.9703809537439265, 0.9628464571940594, 0.9569137847831106, 0.9496879535607803, 0.9437255617390331, 0.9388246038275906, 0.9327832938004763, 0.9289390382348982, 0.923484309998333, 0.9191911299513955, 0.916169076011731, 0.9121023203827378, 0.9090738971518655, 0.9055824931870159, 0.9028302590307008, 0.8993090407715904, 0.8959941916231416, 0.8933254174697094, 0.8906851670680902, 0.888012741620724, 0.8862593995454984, 0.8833700581493541, 0.8813782219703381, 0.879069639958887, 0.8766431524458095, 0.8754518922322836, 0.8733493295999674, 0.871126855413119, 0.8690121601789426, 0.8677751378625886, 0.8655585492523308, 0.8644056676799415, 0.8618629020758164, 0.8610479124845603, 0.8596386245937429], "test_loss": [0.9995768264770508, 0.8432591949462891, 0.863458275604248, 0.8542920448303223, 0.8099598373413086, 0.8436473281860352, 0.8150378433227539, 0.8155824180603027, 0.8024833915710449, 0.8232924308776856, 0.7985765060424804, 0.7790729881286621, 0.7936294639587402, 0.7713041458129882, 0.8087690231323242, 0.716423316192627, 0.7041010787963867, 0.802670418548584, 0.7821677192687988, 0.7299494216918946, 0.7324795539855957, 0.7530844863891601, 0.8016923080444336, 0.7536691230773925, 0.7870997207641601, 0.7999184631347657, 0.8459009498596192, 0.7634647491455078, 0.7758143661499023, 0.7568838714599609, 0.7993828674316407, 0.7921646614074707, 0.8107864723205567, 0.7990340286254883, 0.8240956230163574, 0.9015626930236816, 0.7934891807556153, 0.7963514778137207, 0.8428357582092285, 0.8385080093383789, 0.9236445388793946, 0.8375903663635254, 0.8739097023010254, 0.9226134460449219, 0.8887577156066895, 0.9009896560668945, 0.9549292556762695, 0.926305086517334, 0.9463306259155273, 0.9631639053344726, 0.9180532203674316, 1.0235579933166503, 1.0584757263183593, 1.0059473098754883, 1.0319969207763673, 1.0842601036071777, 1.0330752639770509, 1.0389250343322753, 1.0077960060119628, 1.0313182800292968, 1.0820693130493164, 1.037251156616211, 1.0656785667419433, 1.0855953689575195, 1.1146530082702637, 1.0677555130004883, 1.0746676948547362, 1.1250032608032225, 1.1234247467041016, 1.0861878303527832, 1.137850186920166, 1.141796656036377, 1.1340431480407716, 1.1525545219421387, 1.138875032043457, 1.1447566047668456, 1.1339506614685058, 1.182658590698242, 1.1335135383605957, 1.1629381393432616, 1.1452782440185547, 1.1891020713806153, 1.1869473403930664, 1.1790424697875976, 1.2092972366333008, 1.217302085876465, 1.2261383796691894, 1.1567396072387695, 1.220441658782959, 1.1962392555236816, 1.1937550163269044, 1.209280874633789, 1.2314565658569336, 1.2334641990661621, 1.196454923248291, 1.2361586334228516, 1.2231780067443847, 1.238092950439453, 1.203929940032959, 1.2353113166809082], "test_acc": [94.17, 96.41, 96.68, 97.52, 97.71, 97.97, 97.98, 98.08, 98.13, 98.22, 98.25, 98.35, 98.12, 98.24, 98.33, 98.23, 98.19, 98.14, 98.23, 98.11, 98.18, 98.18, 97.7, 97.4, 97.21, 96.97, 95.08, 96.49, 95.52, 95.5, 94.35, 93.06, 92.87, 91.05, 89.97, 86.73, 88.07, 87.86, 86.71, 86.2, 79.42, 83.12, 81.18, 78.62, 79.74, 76.34, 74.4, 75.3, 73.88, 73.64, 74.31, 70.2, 67.84, 70.32, 69.32, 67.56, 68.81, 68.39, 70.28, 69.32, 67.35, 68.42, 68.08, 66.85, 66.14, 67.86, 67.22, 65.16, 65.23, 66.97, 65.01, 64.42, 64.79, 64.62, 64.81, 64.91, 65.12, 63.21, 64.78, 64.24, 64.51, 62.95, 63.22, 63.53, 62.27, 62.15, 61.89, 64.61, 62.19, 63.05, 63.19, 62.39, 61.4, 61.03, 62.59, 61.38, 61.92, 61.26, 62.88, 61.29]}