{"train_loss": [2.3026530533774285, 2.302619874986828, 2.302611954191811, 2.302607543957539, 2.3026046253677106, 2.3026025229030185, 2.302600874350621, 2.302599527896979, 2.302598414767502, 2.302597450904357, 2.3025966429302835, 2.302595913919628, 2.3025952704951296, 2.3025946280895133, 2.3025941624600663, 2.302593657094189, 2.302593186370328, 2.302592765062283, 2.3025923875661998, 2.302592011088999, 2.3025916937070017, 2.302591366136176, 2.3025910625090966, 2.302590771108611, 2.3025905077274027, 2.3025902764410033, 2.3025900482112527, 2.3025897960377555, 2.3025896029594617, 2.3025893930696015, 2.302589165858733, 2.3025889901014476, 2.302588822495224, 2.302588651832352, 2.3025884811694803, 2.3025883054121947, 2.3025881413720612, 2.3025879921057286, 2.3025878601604037, 2.302587711912954, 2.3025875646843867, 2.3025874541356015, 2.302587330341339, 2.3025871902449517, 2.3025870924322014, 2.3025869487697244, 2.302586869806306, 2.302586747540368, 2.3025866497276177, 2.30258656006593, 2.302586459196531, 2.3025863674970775, 2.302586284458128, 2.3025862029475026, 2.3025860969836893, 2.3025859930576424, 2.3025859324341145, 2.3025858621312003, 2.3025857393558207, 2.302585657335754, 2.3025856089388204, 2.302585539654789, 2.302585479540703, 2.302585382746835, 2.3025853170288935, 2.302585268122518, 2.3025851988384867, 2.30258511681842, 2.302585070459252, 2.302585017986787, 2.302584963985997, 2.302584879928165, 2.302584828984024, 2.30258475511502, 2.302584716397473, 2.302584674113836, 2.302584631320758, 2.302584571716113, 2.302584523319179, 2.302584453016265, 2.3025844086948624, 2.3025843602979283, 2.3025842950894284, 2.3025842665607095, 2.302584232428135, 2.302584171295166, 2.3025841254454393, 2.302584088765658, 2.3025840546330834, 2.3025839960473213, 2.302583954273126, 2.302583907913958, 2.302583864101997, 2.302583828441098, 2.302583780044164, 2.3025837464210315, 2.3025837265528164, 2.3025836791747656, 2.3025836608348746, 2.302583603267996], "test_loss": [2.2976602447509764, 2.2969715576171876, 2.2965081481933596, 2.296126950073242, 2.295813656616211, 2.2955688171386717, 2.2953490509033205, 2.2951784759521483, 2.294991500854492, 2.2948485076904297, 2.294746505737305, 2.294641195678711, 2.294537692260742, 2.2944449615478515, 2.294386666870117, 2.2943232482910156, 2.2942476623535155, 2.294197430419922, 2.29415364074707, 2.2940932861328127, 2.2940466400146486, 2.293997332763672, 2.2939654052734375, 2.293925476074219, 2.2938897186279297, 2.293848196411133, 2.2937997619628905, 2.2937684997558594, 2.2937336486816404, 2.293691522216797, 2.2936677185058594, 2.293632727050781, 2.2935952819824217, 2.2935699920654296, 2.2935550720214843, 2.2935235565185548, 2.293501922607422, 2.2934696960449217, 2.2934446044921875, 2.293425457763672, 2.293399722290039, 2.293370999145508, 2.2933568908691404, 2.293327093505859, 2.2933189208984377, 2.293294903564453, 2.2932754821777346, 2.293258853149414, 2.293233151245117, 2.293213491821289, 2.293200192260742, 2.2931783172607423, 2.2931631286621093, 2.293146319580078, 2.293120944213867, 2.2931174133300782, 2.293084243774414, 2.2930750793457033, 2.293061245727539, 2.2930389770507813, 2.293030490112305, 2.2930159393310547, 2.293006005859375, 2.292986099243164, 2.2929769989013673, 2.292952313232422, 2.292937600708008, 2.29292834777832, 2.292913366699219, 2.292908264160156, 2.292893435668945, 2.2928795501708983, 2.29285856628418, 2.292862759399414, 2.2928362365722657, 2.2928425537109374, 2.2928287231445315, 2.2928194458007813, 2.2928118041992187, 2.2927953887939454, 2.292784475708008, 2.2927734802246094, 2.2927589782714843, 2.292746319580078, 2.2927315490722657, 2.292718475341797, 2.2927084747314455, 2.2927024475097655, 2.292700729370117, 2.292690557861328, 2.292679672241211, 2.2926600494384766, 2.292641534423828, 2.292651556396484, 2.2926305267333986, 2.2926209045410157, 2.2926150665283203, 2.292615286254883, 2.2925968017578127, 2.2925921447753908], "test_acc": [17.22, 18.43, 19.34, 21.09, 22.47, 23.64, 25.66, 26.86, 28.19, 29.27, 30.36, 31.1, 32.53, 33.56, 34.2, 35.19, 35.85, 36.69, 37.32, 37.98, 38.29, 39.11, 39.97, 40.38, 40.82, 41.48, 42.06, 42.33, 43.0, 43.6, 44.24, 44.24, 45.18, 45.63, 45.58, 46.69, 46.91, 47.41, 47.33, 48.15, 48.54, 49.1, 49.36, 49.71, 50.06, 50.75, 51.28, 51.34, 51.81, 52.31, 52.6, 53.06, 53.31, 53.64, 53.97, 54.38, 54.49, 54.87, 55.32, 55.22, 55.81, 56.31, 56.73, 56.55, 57.24, 57.2, 57.29, 57.65, 57.87, 58.55, 58.76, 58.71, 58.83, 59.09, 59.15, 59.86, 59.58, 60.28, 60.27, 60.8, 61.0, 60.57, 61.46, 61.58, 61.58, 61.89, 61.91, 62.07, 62.48, 62.37, 62.55, 62.78, 62.78, 63.2, 63.76, 63.67, 63.73, 64.27, 64.27, 64.16]}