{"train_loss": [1.6706628855477033, 1.4893022243283753, 1.4630049879734333, 1.4469231634567945, 1.4351014591689804, 1.4254091489009368, 1.418385110859178, 1.4092156983848312, 1.4032454505944862, 1.3956588229053042, 1.3885396122932434, 1.381880874053026, 1.3740674956486776, 1.3669140259934287, 1.358196143920605, 1.3497081055090978, 1.3388431971399193, 1.3280792185383985, 1.3160147545938818, 1.3042618474389753, 1.2907522111876397, 1.2745809804680002, 1.2581576716441374, 1.241153831792693, 1.2190928991533752, 1.1974305897696405, 1.173443828510423, 1.1448682966904762, 1.1169816031415238, 1.084234569954057, 1.0510101178262987, 1.0142961332940648, 0.9735205597602404, 0.9363828417327669, 0.8898690656209604, 0.8505620068719244, 0.8042329474646821, 0.7579264611515224, 0.7162111351250583, 0.6677994429428353, 0.6235886980325748, 0.5840934068601356, 0.5452863030836114, 0.5041892502425064, 0.4640360985301499, 0.4276035314059665, 0.3931477461487819, 0.36126686495720833, 0.326699508433668, 0.29234806480061293, 0.2645445201132033, 0.2409749886291659, 0.2238018228393844, 0.21125584363173217, 0.20007697836710855, 0.19403940264103758, 0.1875101939544209, 0.18227340905075398, 0.17754995733754247, 0.17341764194843096, 0.16948716312201104, 0.16576381729772457, 0.16271988302469254, 0.15956435403507999, 0.15646013520403296, 0.15333152517803714, 0.1507897700668655, 0.148166656637421, 0.1458888863428281, 0.14353937819663787, 0.14150304001811734, 0.1395101166752159, 0.1368747127170746, 0.13506965331223786, 0.13354000461916637, 0.13213206219494852, 0.13058590207599166, 0.12868071135738465, 0.12746475154581743, 0.12600585310441306, 0.12464701452762143, 0.12326854252471374, 0.1219958815182376, 0.12123377828134431, 0.12007235718142782, 0.1190242406904188, 0.11789951094577455, 0.11718138334397067, 0.11618883863218829, 0.11550406559219217, 0.11487483989415515, 0.11413636119065122, 0.11332069818153341, 0.11276362661240447, 0.11223073759012753, 0.11174037210388571, 0.11118334130598949, 0.1105235398420666, 0.11023103967945799, 0.10964403018100649], "test_loss": [0.6238302001953125, 0.5339502498626709, 0.5347437797546387, 0.4620314250946045, 0.5250208469390869, 0.5137180183410645, 0.4902040111541748, 0.5182752895355225, 0.5079650787353516, 0.525169367980957, 0.4452386932373047, 0.48631051712036133, 0.48952556762695315, 0.45892791328430177, 0.4333788158416748, 0.4481173385620117, 0.43827235298156736, 0.4702246746063232, 0.3810434352874756, 0.46918833694458006, 0.504779214477539, 0.49222580947875977, 0.5014203647613525, 0.45912114372253415, 0.5286061084747314, 0.5152029567718506, 0.5379151748657227, 0.5942589302062988, 0.4746381702423096, 0.5426645881652832, 0.5134921348571777, 0.5193585872650146, 0.5301577686309814, 0.5285162731170654, 0.6177924018859863, 0.6550457283020019, 0.5474799030303955, 0.5700069732666015, 0.6254501159667969, 0.7072366291046143, 0.7415241325378418, 0.9087394989013672, 0.6810839157104492, 0.8107619953155517, 0.8707134429931641, 0.7924571998596192, 0.8585102867126465, 0.7880609966278076, 0.8190821857452393, 0.9495192428588867, 0.8427229728698731, 0.843062869644165, 0.8943684020996093, 0.8688842247009277, 0.9277954540252685, 0.8755406669616699, 0.9227319694519043, 0.9278036895751953, 0.9390423133850098, 0.9548759559631348, 0.9486571510314942, 0.9629718307495118, 0.9630353073120117, 0.9686397529602051, 0.9858822689056397, 1.0010689079284667, 1.0053753211975098, 1.0143771598815918, 1.019604109954834, 1.0113656692504882, 1.0254685813903808, 1.0251433372497558, 1.0178590911865235, 1.051719034576416, 1.0449505531311034, 1.0467818031311036, 1.0645210990905762, 1.045213144683838, 1.0802609375, 1.0782163917541503, 1.0729207092285156, 1.0689332458496095, 1.0659312133789063, 1.0799727920532227, 1.085863776397705, 1.0802498931884765, 1.0886018936157227, 1.0885308410644532, 1.0808158447265626, 1.0789625228881836, 1.0792999061584472, 1.093189298248291, 1.103643637084961, 1.1132627151489258, 1.0982538330078124, 1.1009652030944823, 1.1058285163879396, 1.1082750816345215, 1.0939439727783202, 1.109871169281006], "test_acc": [96.01, 97.12, 97.77, 98.04, 98.16, 98.21, 98.46, 98.48, 98.49, 98.79, 98.58, 98.53, 98.56, 98.69, 98.48, 98.64, 98.24, 98.17, 98.43, 97.88, 97.63, 97.33, 96.98, 97.11, 95.64, 95.53, 94.22, 92.84, 93.54, 91.23, 90.99, 90.33, 88.8, 88.34, 84.13, 82.34, 86.17, 83.9, 81.28, 78.72, 77.63, 72.36, 79.41, 75.89, 73.5, 76.68, 74.36, 77.23, 76.67, 73.2, 76.7, 76.83, 75.19, 75.78, 74.56, 75.6, 74.47, 74.03, 74.06, 73.36, 73.73, 73.41, 73.48, 73.26, 72.61, 72.22, 72.3, 71.88, 71.86, 71.79, 71.7, 71.74, 71.97, 70.93, 71.57, 71.32, 70.68, 71.39, 69.89, 70.29, 70.64, 70.86, 70.81, 70.45, 70.17, 70.38, 70.08, 70.16, 70.32, 70.31, 70.59, 70.17, 69.47, 69.53, 69.67, 69.73, 69.55, 69.49, 69.78, 69.62]}