{"train_loss": [2.0903865733207803, 1.9883262744316688, 1.9705792680764809, 1.9618360074157388, 1.9544149102308812, 1.9499683265502636, 1.9455637012281988, 1.9415300740645483, 1.9384992606619484, 1.9350888841172569, 1.931755680559028, 1.92872719734143, 1.9247513105217209, 1.9221361019672492, 1.9180043831340268, 1.9141011737350724, 1.910902036815627, 1.9068767176224635, 1.9030940339096591, 1.89942150340121, 1.8935029246868231, 1.8887280559437907, 1.883448017713351, 1.8772304908842103, 1.869795641837976, 1.8639754922980936, 1.8555155355706174, 1.8480395088847885, 1.8382021012978675, 1.8298927690738287, 1.8193461034033034, 1.8088606300517025, 1.7972952384724576, 1.785279189928984, 1.771599668977607, 1.7571061903085463, 1.7429363162089617, 1.727436275818409, 1.7096520048430843, 1.6920941869417827, 1.6748848656813304, 1.657278473305906, 1.6386839192137759, 1.6178055288445237, 1.598065787146234, 1.5776384113690791, 1.5591730615522108, 1.539055301083459, 1.5203631922730014, 1.4981305112696102, 1.4776029123200312, 1.459862626515902, 1.4402165537715976, 1.4204715149015443, 1.4033204413886764, 1.3883017637790778, 1.3687670640965812, 1.355785495450354, 1.3390195665196476, 1.3236510799481318, 1.3098674100688381, 1.2988483870131338, 1.2866540800811899, 1.2739885469787142, 1.2642152765367785, 1.2538626430890498, 1.243505157211907, 1.2355502426114857, 1.2265308840661986, 1.220383631113248, 1.2111106216907501, 1.2049550763052752, 1.1999859096657517, 1.1926494681427622, 1.187851976380389, 1.1822439949227195, 1.1767963344215329, 1.1722163471401248, 1.1682654530064673, 1.1631938043313148, 1.1582353461501944, 1.1545794224127746, 1.1511240023323612, 1.1479783154960372, 1.144782887819486, 1.1418086746309557, 1.1388003158773112, 1.1355685199427807, 1.1326105905394268, 1.1296040250195398, 1.1271503050612588, 1.1253447331424453, 1.1222722652630928, 1.120221847907091, 1.118168986760653, 1.1157935203140616, 1.1134440053222525, 1.1116311208814638, 1.109978166146156, 1.1079451958847861], "test_loss": [1.13759853515625, 0.963119799041748, 0.9541985885620117, 0.9415872177124024, 1.020630081176758, 0.8574257766723633, 0.9398996520996094, 0.9073936660766602, 0.864566716003418, 0.9475135581970214, 0.9026411933898926, 0.945925740814209, 0.9293716545104981, 0.9152098297119141, 0.8962982948303223, 0.8934239356994629, 0.9126769340515136, 0.8786034500122071, 0.8161937950134277, 0.9571536972045899, 0.8955200729370117, 0.9731958465576172, 0.9194381896972657, 0.891767975616455, 0.9035136604309082, 0.9783259407043458, 0.9609803932189941, 0.9003854431152344, 0.9112231582641601, 0.8899830741882324, 0.9809587806701661, 0.8818326477050781, 0.9881369834899902, 0.9405254302978515, 0.8874800422668457, 0.9265691146850586, 0.9112186492919921, 0.8895114738464356, 0.9630527465820312, 0.9683035423278809, 0.9755902587890625, 0.9623589149475098, 0.9476282409667969, 0.9789953681945801, 0.9984813064575195, 1.0221779693603517, 1.0192475914001464, 1.0055525177001954, 1.0875636901855468, 1.1347832862854004, 1.0149432540893555, 1.0520938995361329, 1.0551694625854493, 1.0557623413085937, 1.0575339675903321, 1.1412753715515136, 1.131376821899414, 1.085413688659668, 1.1559953392028808, 1.1888578094482423, 1.124090802001953, 1.1424704620361328, 1.166923796081543, 1.1837437957763672, 1.2311987770080566, 1.1503016235351562, 1.163940355682373, 1.2308783721923828, 1.29359910736084, 1.1874335525512696, 1.2592389709472656, 1.2378474433898925, 1.2099439880371095, 1.2375563919067383, 1.1990359497070313, 1.2715780059814452, 1.2653610778808593, 1.270717226409912, 1.2492917076110839, 1.287987873840332, 1.2548389297485352, 1.2664978256225585, 1.3015477249145508, 1.2469650741577147, 1.3199797668457032, 1.2694458206176757, 1.3134685958862304, 1.2515160934448242, 1.3049240692138673, 1.301774836730957, 1.3051119338989259, 1.3241702590942384, 1.3407689071655273, 1.3163056091308594, 1.3264963119506836, 1.3238832092285155, 1.3244906295776366, 1.2927873519897461, 1.331451756286621, 1.3245945541381836], "test_acc": [93.48, 95.88, 96.68, 97.02, 97.7, 97.39, 97.82, 98.02, 97.97, 98.05, 98.22, 98.27, 98.2, 98.11, 98.14, 98.22, 98.2, 98.2, 98.16, 97.96, 97.84, 97.85, 97.59, 97.47, 97.6, 97.14, 96.8, 96.59, 95.67, 95.58, 94.91, 94.65, 92.46, 93.2, 92.95, 91.28, 88.8, 89.95, 86.68, 86.53, 85.75, 83.63, 84.3, 80.94, 79.15, 78.79, 77.54, 77.19, 73.35, 70.23, 75.38, 72.85, 71.81, 71.98, 71.84, 67.31, 68.23, 70.41, 66.65, 64.35, 67.78, 66.88, 65.78, 64.8, 62.72, 66.3, 65.59, 63.06, 60.7, 64.96, 61.41, 62.51, 63.3, 61.51, 64.05, 61.28, 60.94, 60.61, 62.62, 60.54, 61.83, 60.77, 60.1, 62.15, 58.95, 60.98, 59.48, 61.56, 59.74, 59.55, 59.42, 58.99, 57.78, 59.19, 58.72, 58.85, 59.13, 60.18, 58.57, 58.59]}