{"train_loss": [2.3030534396823654, 2.3025277389420404, 2.302261290387211, 2.3018810412822623, 2.3017651637395224, 2.3014902462307205, 2.3011299876066356, 2.300804553887783, 2.3004409945928135, 2.300040329623426, 2.2996926883347015, 2.299170726384872, 2.298577110482077, 2.298090365707365, 2.2972042662465673, 2.296422533499889, 2.295540757668324, 2.294246794321598, 2.293029020484696, 2.2915750624787092, 2.2896105718408895, 2.2879670690267515, 2.2856535081170564, 2.2832811408572726, 2.280556218746381, 2.2775406878218694, 2.273747049845182, 2.2700852532672067, 2.2656311418256188, 2.260593477986817, 2.254745605154934, 2.247930390203101, 2.2413262892992067, 2.2333232790995865, 2.2239468179197392, 2.2137053394928956, 2.202208384998843, 2.1889145873550677, 2.173677516798688, 2.156919566484598, 2.137997578861367, 2.11761334614876, 2.0920568615452857, 2.0674274706432962, 2.040551553934048, 2.00682781292842, 1.9703398935305767, 1.9342159083765795, 1.894373808406357, 1.8508850216356099, 1.8063210816974313, 1.7560668389002483, 1.7074176646195924, 1.6576369593286107, 1.6041102498515039, 1.552883126032658, 1.502809088709008, 1.4496549617530954, 1.4004154567025666, 1.347862668017037, 1.3035551365624127, 1.2610218471441514, 1.2199256911746457, 1.1778723375919538, 1.1420507161026328, 1.1084329983872225, 1.0791941623911898, 1.0536451102831426, 1.0319616651942587, 1.0136309282647238, 0.9977107661911565, 0.9850749681648027, 0.9720876430853819, 0.9634067981671064, 0.9529645660748849, 0.9446611893482697, 0.9383669046000538, 0.9307851678031123, 0.9250212119430559, 0.9193065784171096, 0.9131273517751286, 0.9088922230861126, 0.9045144453262671, 0.9006467539275813, 0.8962170374699128, 0.8921038801344032, 0.8889896085119655, 0.885486346661535, 0.881781226167312, 0.8794679579317061, 0.876530413571586, 0.8737163305537313, 0.870484849326631, 0.8682486446749451, 0.8661591540544461, 0.8634916547781382, 0.8615222964276615, 0.8597898595353477, 0.8578413591170923, 0.8556902914220451], "test_loss": [2.292620556640625, 2.2882163269042968, 2.2822899993896484, 2.27827799987793, 2.2709535705566406, 2.265585363769531, 2.2619002349853514, 2.254260708618164, 2.2529373596191404, 2.249041635131836, 2.2449905029296877, 2.2419153411865236, 2.2363895294189455, 2.251579556274414, 2.242851354980469, 2.232189221191406, 2.231835235595703, 2.223257815551758, 2.239782131958008, 2.2391287231445314, 2.2403590270996094, 2.232352914428711, 2.24128893737793, 2.2448622772216797, 2.2334963073730467, 2.2342949035644533, 2.2510887939453124, 2.250926416015625, 2.2493184143066407, 2.244469613647461, 2.2581713165283204, 2.2739815063476563, 2.2275384521484374, 2.2760942535400392, 2.2958205078125, 2.2748045135498045, 2.302622216796875, 2.326064520263672, 2.3072285980224607, 2.333041537475586, 2.3494157989501954, 2.349061050415039, 2.4436989044189454, 2.396615655517578, 2.4386665985107423, 2.5393329650878904, 2.453851077270508, 2.5221397399902346, 2.63205908203125, 2.5814419036865233, 2.6627576416015626, 2.665599496459961, 2.839712869262695, 2.7678565826416017, 2.85494538269043, 2.893014450073242, 2.9647374877929686, 3.034925134277344, 3.0257178924560546, 3.1964568115234373, 3.2575396392822267, 3.2953133544921873, 3.3559825134277346, 3.379466510009766, 3.4672220245361327, 3.4543182525634766, 3.476710296630859, 3.4351806091308594, 3.4646384399414063, 3.4000619537353516, 3.4502441009521485, 3.3847888610839845, 3.43220166015625, 3.412488623046875, 3.3891590270996095, 3.496107244873047, 3.463936264038086, 3.4477144439697267, 3.413203970336914, 3.4345507019042967, 3.473397723388672, 3.4774052703857423, 3.431124923706055, 3.486965786743164, 3.424759100341797, 3.4392950805664064, 3.4762669158935546, 3.418090982055664, 3.4946919311523437, 3.490043817138672, 3.475394223022461, 3.4922854614257814, 3.433113641357422, 3.465156042480469, 3.4935258087158205, 3.4762650146484373, 3.5007515930175783, 3.4776956451416017, 3.458025570678711, 3.42532236328125], "test_acc": [11.45, 9.73, 34.69, 26.59, 35.17, 33.72, 40.05, 33.13, 26.56, 41.16, 37.38, 42.62, 31.85, 34.08, 25.75, 34.28, 33.54, 36.46, 23.17, 21.53, 22.39, 21.8, 25.09, 16.7, 18.98, 19.15, 16.7, 18.06, 15.95, 15.74, 16.88, 13.0, 16.46, 13.48, 12.46, 14.01, 13.22, 13.16, 13.06, 11.56, 11.84, 12.89, 10.2, 12.62, 12.72, 9.98, 13.11, 14.61, 10.44, 12.89, 11.03, 13.56, 10.67, 13.24, 11.91, 11.6, 11.67, 11.27, 12.08, 10.7, 10.94, 10.35, 11.31, 11.65, 9.77, 10.5, 10.08, 11.75, 10.76, 11.41, 10.71, 12.0, 11.57, 11.51, 12.25, 11.13, 10.52, 11.2, 11.85, 11.46, 11.81, 11.02, 11.31, 10.89, 11.37, 11.29, 11.27, 12.39, 10.61, 11.05, 11.01, 10.51, 11.83, 11.12, 10.94, 11.24, 10.66, 11.08, 11.34, 11.55]}