{"train_loss": [1.8488473683340936, 1.6992502877345452, 1.6783683554739015, 1.666922746051071, 1.6586054474370093, 1.653362679685283, 1.647827326741993, 1.6435252662397857, 1.6399517859149182, 1.636050103057144, 1.6329177668970873, 1.6300930531106443, 1.6263757811652289, 1.6234014457107608, 1.6202119548096616, 1.617293552455739, 1.6139104531870947, 1.6103670263392293, 1.607815828333553, 1.6036063335899613, 1.6000740558673174, 1.5962656894300737, 1.592532493110396, 1.5884699546373808, 1.5842438796137133, 1.5799728871410728, 1.5743834096142368, 1.5696349337569668, 1.5647491616571052, 1.559650342943322, 1.5538266010773487, 1.5486528259566708, 1.542261261970569, 1.5352707520509377, 1.5293202120014744, 1.5204430143547873, 1.5138938531406925, 1.507070107337756, 1.5000292271630378, 1.491210795365847, 1.4835338699511993, 1.4747414568550565, 1.4660147856443355, 1.457059348240877, 1.4484869761344714, 1.439505101269127, 1.4294520743891723, 1.419708542080007, 1.4109582760904589, 1.401296664506961, 1.391827907317724, 1.3819670050572126, 1.3744729222395482, 1.3649574059706469, 1.355987629065147, 1.3482818206151326, 1.3383856639902816, 1.3302532556729438, 1.321664975494401, 1.313164450164534, 1.3062912426952622, 1.2984159326451457, 1.2919686711751497, 1.2839321764106424, 1.276801401988054, 1.2709859752247477, 1.2649935596009605, 1.2601205974053113, 1.252959316357588, 1.2477680577172174, 1.242085124947067, 1.2365324899681613, 1.2317422460287044, 1.2275950636109736, 1.2231643671153958, 1.2189167883151617, 1.2154103329039028, 1.2120675714606912, 1.207518924250562, 1.2048794665397742, 1.2007858562163818, 1.1972807256075053, 1.1946733140537882, 1.1919568998691363, 1.1883795134022705, 1.1859911463708959, 1.1835387476489074, 1.1810369297989414, 1.1783379754449568, 1.176114439454853, 1.1736749339307475, 1.1715257234043546, 1.1698130058427143, 1.1679610171888628, 1.165894446719406, 1.164056918814651, 1.162378278043535, 1.1604318150088317, 1.1596723588613362, 1.1569757838534493], "test_loss": [0.7309372497558594, 0.6523018337249756, 0.656051082611084, 0.6622974658966064, 0.6745636032104492, 0.643288818359375, 0.6203190986633301, 0.7434623840332031, 0.6224119564056396, 0.5912614143371582, 0.5781552902221679, 0.6346102912902832, 0.6497410575866699, 0.5794433441162109, 0.6235200424194336, 0.6125465370178222, 0.6669580139160156, 0.6127625900268555, 0.6078485275268555, 0.6294492370605469, 0.6549081016540528, 0.6232553482055664, 0.6012021774291992, 0.6130158653259278, 0.5910149787902832, 0.6337040901184082, 0.5922521854400635, 0.616947331237793, 0.6186647926330566, 0.63602601852417, 0.6438948760986328, 0.5872386371612549, 0.5782654285430908, 0.6534383499145507, 0.6067359161376953, 0.633084740447998, 0.646017113494873, 0.5947051887512207, 0.5868031150817871, 0.6552775100708008, 0.651204970550537, 0.634497437286377, 0.6592771186828613, 0.6187304512023926, 0.7183868194580079, 0.6198804389953614, 0.676080697631836, 0.6524980453491211, 0.6185507568359375, 0.6532935066223144, 0.6293614410400391, 0.7090389526367188, 0.6893689361572266, 0.6930466941833496, 0.6971833358764649, 0.6548637878417969, 0.6441917472839356, 0.6837695999145508, 0.68114448928833, 0.6665633331298828, 0.7430293678283691, 0.6677755432128907, 0.6977594772338868, 0.6597943649291992, 0.6408320762634278, 0.7461094413757324, 0.7105503730773925, 0.6731960884094238, 0.7364950584411621, 0.684204898071289, 0.6611840454101563, 0.7371272399902343, 0.7262534942626954, 0.667675228881836, 0.7376349716186523, 0.737301448059082, 0.740014451599121, 0.7371458183288574, 0.771739077758789, 0.7194152198791504, 0.7210129959106445, 0.7239095573425293, 0.717818741607666, 0.709883911895752, 0.7674973426818847, 0.7335102645874023, 0.7231553466796875, 0.755678109741211, 0.7659056510925293, 0.7356174987792968, 0.7380675750732422, 0.719107780456543, 0.7421672180175781, 0.7246505317687988, 0.756693406677246, 0.7545585456848145, 0.7343540092468261, 0.7562594230651856, 0.7759355094909668, 0.7901795837402343], "test_acc": [95.37, 96.9, 97.56, 98.03, 97.86, 98.32, 98.33, 98.54, 98.73, 98.53, 98.53, 98.77, 98.72, 98.67, 98.72, 98.83, 98.79, 98.75, 98.75, 98.69, 98.54, 98.63, 98.51, 98.76, 98.6, 98.52, 98.53, 98.65, 98.43, 98.4, 97.91, 98.19, 98.24, 97.61, 97.38, 97.5, 96.85, 97.41, 97.49, 95.86, 96.05, 95.92, 95.6, 95.96, 93.0, 95.15, 94.53, 94.44, 94.72, 93.76, 93.62, 91.58, 92.24, 92.16, 90.69, 92.0, 91.8, 91.0, 89.89, 90.61, 88.58, 90.34, 89.15, 90.32, 90.45, 88.56, 88.57, 89.45, 87.3, 89.02, 89.26, 87.4, 87.23, 88.88, 87.47, 87.05, 86.47, 86.89, 85.11, 86.88, 87.36, 86.16, 86.93, 87.3, 85.75, 86.62, 86.91, 85.44, 85.36, 86.4, 85.83, 86.54, 85.97, 86.68, 85.67, 85.81, 85.59, 84.27, 84.29, 84.0]}