{"train_loss": [1.4018770833300729, 1.1882419825619102, 1.163990789753759, 1.1515199009679322, 1.1434117902038443, 1.1372845774022942, 1.1326727123342009, 1.1292120332901294, 1.1258345977363424, 1.1230891711182065, 1.1205705544378004, 1.1185879928943439, 1.1165693631538978, 1.1147946486106286, 1.1126147946740828, 1.1111748735619407, 1.1097110018261478, 1.1083176003562079, 1.1071106829704382, 1.1062777888061655, 1.104866588727022, 1.1035868675790281, 1.102476680635387, 1.1014175078807733, 1.1003761388297775, 1.0992222074260058, 1.0977619155349894, 1.097519403594172, 1.0962934654492598, 1.0953210278963432, 1.0944827512288704, 1.0937025567405245, 1.0923223768034551, 1.0917875889020088, 1.0909621718092861, 1.089946012211661, 1.0893567983920758, 1.0885309347739587, 1.0876521019854097, 1.0867156045049684, 1.0860239843018034, 1.085194710482899, 1.08470555783337, 1.0836909856551733, 1.0826921052912362, 1.0824127021508338, 1.081767644892391, 1.080459322175409, 1.079961925999731, 1.0792107008970702, 1.0782606586431847, 1.0777424472010033, 1.0768245282845619, 1.0762267125467968, 1.0754810793277545, 1.0750157422999032, 1.074351792406832, 1.0737203703476832, 1.0730121398073995, 1.0723683744923682, 1.071612216723271, 1.0708904080411308, 1.0702589813970094, 1.0696493812605865, 1.0690564380751715, 1.0683328562822096, 1.067629064504917, 1.0670034508419852, 1.06661327323343, 1.0661514544079447, 1.0655848368620262, 1.0649883456719227, 1.0644157218118, 1.0636158970176663, 1.0632611085207035, 1.0628147474211505, 1.062278254928752, 1.061408286420708, 1.0612108549501142, 1.0606895198679378, 1.0599292437744956, 1.059433403178158, 1.0588692401209447, 1.0586033705462756, 1.0580308399139307, 1.0578286826101124, 1.0570710851595952, 1.0567316958028028, 1.056284668099167, 1.0556222732759948, 1.0553041520791175, 1.0550628049760802, 1.054556896798631, 1.0542434262923706, 1.0534951427044013, 1.0533713769708943, 1.0526768809709794, 1.0526321912423158, 1.0519562131828732, 1.051568160709153], "test_loss": [0.42257185020446775, 0.3547241107940674, 0.3549645732879639, 0.3373648780822754, 0.3601762197494507, 0.3641360912322998, 0.3323473731994629, 0.370644083404541, 0.3222269672393799, 0.33203748168945313, 0.3144136751174927, 0.3069548559188843, 0.3097204479217529, 0.3224565399169922, 0.3447365345001221, 0.306027837562561, 0.32162682189941405, 0.3487930473327637, 0.28301210594177245, 0.3356806232452393, 0.3004740978240967, 0.28986652393341067, 0.2906238597869873, 0.2988993583679199, 0.35610904731750487, 0.3024685791015625, 0.3262922183990479, 0.3130662349700928, 0.3316107036590576, 0.31045068969726564, 0.31147600021362304, 0.3093349254608154, 0.33331182556152344, 0.3299250106811523, 0.3410157127380371, 0.28948372688293456, 0.29760288162231446, 0.30018321151733396, 0.3107287536621094, 0.35057616882324216, 0.314679825592041, 0.3050431537628174, 0.3342609760284424, 0.3498590480804443, 0.32040569038391115, 0.30730317344665525, 0.3143619556427002, 0.3128168659210205, 0.3137373233795166, 0.3103550045013428, 0.31087542572021487, 0.30174870223999023, 0.30797789611816406, 0.3329406818389893, 0.3075443084716797, 0.3128573558807373, 0.32963468589782713, 0.35597711524963377, 0.30075889015197754, 0.30450310363769534, 0.3072692813873291, 0.31625401611328124, 0.310919718170166, 0.3231954517364502, 0.2982640064239502, 0.31732305297851565, 0.29327115306854246, 0.31650085411071777, 0.320305850982666, 0.3105234474182129, 0.31126725997924803, 0.30155557556152346, 0.3010130584716797, 0.3269837829589844, 0.294041339302063, 0.32532148704528807, 0.3143802143096924, 0.3302334560394287, 0.322547428894043, 0.3122664810180664, 0.31366766014099123, 0.31086722564697267, 0.3266581340789795, 0.3108829723358154, 0.2959469535827637, 0.31460695114135745, 0.299092689704895, 0.2998443368911743, 0.31861932945251464, 0.3293767612457275, 0.3176086669921875, 0.32903160667419434, 0.30519702224731443, 0.3124053588867188, 0.3259944263458252, 0.3034424589157104, 0.3090907440185547, 0.32157461051940917, 0.3296489761352539, 0.3088107494354248], "test_acc": [96.8, 97.86, 98.49, 98.58, 98.63, 98.82, 98.94, 98.9, 99.02, 98.97, 99.01, 99.01, 99.0, 99.06, 99.09, 99.11, 99.03, 98.97, 99.09, 99.15, 99.11, 99.06, 99.06, 99.12, 99.09, 99.12, 99.14, 99.08, 99.13, 99.1, 99.09, 99.12, 99.09, 99.13, 99.12, 99.16, 99.12, 99.09, 99.17, 99.1, 99.22, 99.14, 99.1, 99.04, 99.09, 99.1, 99.15, 99.17, 99.08, 99.2, 99.19, 99.11, 99.16, 99.18, 99.16, 99.18, 99.05, 99.12, 99.11, 99.12, 99.15, 99.13, 99.18, 99.17, 99.14, 99.13, 99.16, 99.16, 99.13, 99.13, 99.17, 99.17, 99.11, 99.12, 99.16, 99.11, 99.18, 99.16, 99.14, 99.17, 99.14, 99.09, 99.19, 99.14, 99.1, 99.17, 99.11, 99.16, 99.08, 99.17, 99.16, 99.14, 99.15, 99.1, 99.1, 99.14, 99.13, 99.1, 99.13, 99.12]}