{"train_loss": [2.2546599553181577, 2.2110971049365835, 2.197590137648786, 2.190043108585553, 2.1859805981318154, 2.1818727591098885, 2.1781691786570425, 2.1751930611765284, 2.1716390068714437, 2.1679942424480734, 2.1645199676864166, 2.1611115091886277, 2.156233625788974, 2.1522878602019744, 2.1478670534924564, 2.1424478659263024, 2.136607418457667, 2.1303545847917214, 2.122460642686257, 2.1140692875935483, 2.1040684264949245, 2.0934216250211763, 2.081590378131622, 2.067834278711906, 2.0530377463397818, 2.0353362909239583, 2.015334833890964, 1.9931374620168636, 1.9657065712998056, 1.9401280019018385, 1.9075576925379598, 1.8747072586646447, 1.8359803814663846, 1.7954027502455263, 1.7507505490739121, 1.7014580626263578, 1.6495559663854094, 1.5985821775901012, 1.5411143397164142, 1.4889355042041876, 1.4288168636142697, 1.3666286827662053, 1.3109088726023324, 1.254838182248621, 1.19522216088242, 1.1338831527620299, 1.0812690833694913, 1.024916312378696, 0.9769934018452963, 0.9306093479833032, 0.8743663805926967, 0.8317912209492463, 0.7895782118679112, 0.750690393595614, 0.712558042162504, 0.6823461147455069, 0.6556715089031774, 0.6327080673132187, 0.6162015858114275, 0.6005580495310645, 0.5885843311110114, 0.579180626787691, 0.5683820068708851, 0.5609093779045292, 0.5548052766766304, 0.5473603461033258, 0.5419867960178953, 0.5367603838189036, 0.5301981887374169, 0.5263325468215168, 0.5210939983908947, 0.5175409111966435, 0.5136207855410047, 0.5093233951518679, 0.5057405125126879, 0.5021380554789152, 0.49863926123859537, 0.4958283179081403, 0.49253949924157214, 0.4893721992898191, 0.4871854720971523, 0.4843113334515156, 0.4810703214035075, 0.47855992850839585, 0.4764040991918653, 0.47474149429900014, 0.47210123434535456, 0.46975080516093815, 0.4680706049896713, 0.46558859632310706, 0.4635632350149318, 0.46155755998741865, 0.45956466671748036, 0.457944436205758, 0.4562219380058794, 0.45490593609646857, 0.45295153367213714, 0.45195518765184617, 0.45037808530351037, 0.4485691352787181], "test_loss": [1.6805933303833007, 1.4628873474121094, 1.3961025054931642, 1.441887240600586, 1.4220277633666991, 1.3680803344726562, 1.392712353515625, 1.3317413787841796, 1.3383581710815429, 1.3548532287597657, 1.3276504516601562, 1.384682455444336, 1.38084892578125, 1.361897200012207, 1.4186433807373047, 1.2831341537475587, 1.3265335174560546, 1.3548551177978516, 1.3455676803588867, 1.3810464721679687, 1.4352928405761718, 1.3779062515258789, 1.3638197998046875, 1.431128678894043, 1.3738257278442383, 1.3242041259765625, 1.3895609634399415, 1.4876710098266601, 1.4492191711425781, 1.3990123825073242, 1.5259824935913087, 1.397956723022461, 1.4296403289794921, 1.569011964416504, 1.6227396438598634, 1.5377719482421874, 1.5750851593017579, 1.6852486892700196, 1.7874547302246093, 1.7761614288330079, 1.7499194137573242, 1.8253501541137696, 1.9004249938964843, 1.8339363845825196, 1.9687886474609375, 2.2454088928222657, 2.20459111328125, 2.3356659698486326, 2.260483253479004, 2.3107285919189455, 2.453111640930176, 2.382350227355957, 2.6548825164794922, 2.6761321807861327, 2.629637271118164, 2.5269010330200197, 2.6713980560302732, 2.690029309082031, 2.660978219604492, 2.7628802520751954, 2.6764683166503906, 2.7369126556396486, 2.692276257324219, 2.650479669189453, 2.660822589111328, 2.7407232421875, 2.7834712310791017, 2.7617831970214843, 2.7505769897460937, 2.813804724121094, 2.8528967407226564, 2.797321734619141, 2.8123868408203125, 2.8440696441650393, 2.8300482543945313, 2.8293391906738283, 2.8536510620117186, 2.8613968383789063, 2.8867061706542967, 2.886340393066406, 2.885515625, 2.879985983276367, 2.9079522735595704, 2.9212995483398436, 2.9132885864257814, 2.9296460723876954, 2.9247455017089843, 2.9151333404541018, 2.9478305908203124, 2.9341911010742185, 2.892581069946289, 2.9645950897216795, 2.9677378112792967, 2.96929296875, 2.9610487030029295, 2.9848887481689452, 2.9482111755371094, 2.9639594024658202, 2.981416070556641, 2.979209393310547], "test_acc": [85.04, 92.86, 94.56, 95.12, 95.98, 96.21, 96.48, 96.94, 96.68, 96.5, 96.82, 96.73, 95.73, 96.32, 96.5, 96.18, 95.82, 92.54, 93.36, 92.78, 87.98, 89.99, 86.11, 83.44, 81.8, 81.77, 75.62, 67.65, 65.32, 68.93, 57.68, 65.16, 60.79, 53.29, 49.29, 52.1, 51.31, 46.18, 40.14, 43.49, 44.76, 42.15, 39.71, 43.33, 39.35, 35.72, 36.37, 33.31, 37.78, 37.18, 32.77, 34.48, 30.66, 30.68, 31.61, 34.96, 32.4, 30.44, 32.28, 29.52, 30.71, 30.71, 31.69, 32.99, 31.63, 29.93, 29.33, 29.66, 29.97, 28.88, 28.07, 29.13, 29.24, 28.17, 29.04, 29.08, 27.75, 27.82, 27.86, 27.69, 28.18, 27.7, 26.99, 27.45, 27.42, 27.23, 27.25, 27.21, 26.78, 27.23, 28.21, 27.11, 27.06, 26.94, 26.97, 25.95, 26.88, 26.69, 26.63, 26.54]}