{"train_loss": [2.279221459841117, 2.257573268352411, 2.2510457054162636, 2.247782784140008, 2.2460151966820416, 2.2447907720875535, 2.2438790421200614, 2.24321294340313, 2.2425452165114574, 2.242079621196812, 2.241602011725434, 2.241230549975338, 2.2408905477605314, 2.2405736283359365, 2.240259201098711, 2.2400047412285438, 2.2397866437577796, 2.239626542625264, 2.239358783277691, 2.2391606187209105, 2.2389713938419638, 2.23882643177978, 2.2386618699782934, 2.238500829435821, 2.238320604348794, 2.2381929378224235, 2.238019293699509, 2.237880827524723, 2.23772847193938, 2.23760145647913, 2.237549080298497, 2.237359484546205, 2.237289747111818, 2.237133766341413, 2.2370253689268713, 2.2368981471428504, 2.2367645339069204, 2.2366870942278805, 2.2365456325376134, 2.2364737692042294, 2.236330475562658, 2.236279916050088, 2.236157443278875, 2.2360546762107782, 2.2359784016242394, 2.235850486999903, 2.2357287218428064, 2.235661839827513, 2.235525552533631, 2.2354200833883042, 2.2353105881275277, 2.2352638805014458, 2.2351139264229016, 2.23506181107627, 2.234982336178804, 2.2348445969769077, 2.2347654476125016, 2.234633739177997, 2.234574230817648, 2.234540121168153, 2.2344120516736283, 2.234281980074369, 2.2341665131414037, 2.234063579995408, 2.234061752119635, 2.2339028843447695, 2.233835977366847, 2.2337364432139273, 2.233582550134414, 2.2335231416245813, 2.2334365783593593, 2.2333343935827923, 2.2332748694297595, 2.2331661332366814, 2.233080613816905, 2.2329677659222202, 2.2328109476301403, 2.2327375310099025, 2.232679423103985, 2.2325033494549937, 2.232431735238458, 2.2323409848743014, 2.2322426749090862, 2.232170042828617, 2.2320400038336077, 2.2319487282353587, 2.231848750358973, 2.231785966290368, 2.2315962528571105, 2.2315361948094816, 2.231452386603396, 2.231386942231757, 2.2312586037521687, 2.2311677204238043, 2.2310404283368688, 2.2309570302311172, 2.2307974920313582, 2.2306474472722435, 2.23055671983295, 2.23044129824027], "test_loss": [1.8060323623657226, 1.6980625747680664, 1.6438912185668946, 1.6123156173706055, 1.6088044708251954, 1.5925669799804687, 1.5766076110839844, 1.5809727096557618, 1.5663317291259766, 1.5713319778442383, 1.5455836395263671, 1.5628101791381837, 1.5555274002075195, 1.5423748916625977, 1.5407649002075194, 1.5654539367675782, 1.5373188949584962, 1.53489296875, 1.5446233306884765, 1.5313193450927733, 1.5534708389282226, 1.5341569778442383, 1.53309345703125, 1.5339823135375976, 1.5185939376831055, 1.5585739379882813, 1.5489313537597655, 1.5348888412475585, 1.5237292510986329, 1.499433921813965, 1.5368397216796874, 1.4975231552124024, 1.5410836074829102, 1.5301203933715821, 1.527554443359375, 1.538620344543457, 1.5110289779663086, 1.534611376953125, 1.5285464126586914, 1.5036810882568359, 1.5203260375976562, 1.5246144409179687, 1.5073943557739258, 1.5157885787963867, 1.5197117279052734, 1.519394709777832, 1.5326834228515624, 1.532669076538086, 1.5389116775512695, 1.5163090362548828, 1.5010004364013672, 1.5060463409423828, 1.532852735900879, 1.5398233047485352, 1.5204415863037108, 1.5334201156616212, 1.5261100158691405, 1.5300321197509765, 1.5395640380859374, 1.5002834350585939, 1.5183995071411134, 1.4726632568359375, 1.5299329223632812, 1.5360106552124024, 1.5310865982055664, 1.5205747344970704, 1.4987473815917969, 1.5334681900024414, 1.5071524948120116, 1.5063141067504884, 1.5361463165283202, 1.5062958251953125, 1.527897427368164, 1.521087532043457, 1.5122166885375976, 1.5325674224853516, 1.5151845947265625, 1.4962638381958009, 1.5494654937744141, 1.5054507995605468, 1.5132926330566405, 1.5227577804565429, 1.497715884399414, 1.5393337326049805, 1.5386213912963866, 1.5229370544433594, 1.5163376373291015, 1.517125161743164, 1.480195491027832, 1.5448734115600586, 1.4954299346923827, 1.519176953125, 1.5115152786254882, 1.5319026885986329, 1.5173813735961914, 1.5291912384033204, 1.5441142623901367, 1.5024204147338867, 1.5018177520751954, 1.534617936706543], "test_acc": [83.65, 91.72, 93.41, 95.37, 96.19, 96.72, 97.0, 97.2, 97.3, 97.43, 97.42, 97.58, 97.74, 97.94, 98.02, 97.99, 98.15, 98.21, 98.08, 98.16, 98.24, 98.15, 98.31, 98.22, 98.31, 98.45, 98.35, 98.38, 98.31, 98.26, 98.48, 98.47, 98.4, 98.47, 98.42, 98.48, 98.37, 98.44, 98.58, 98.53, 98.59, 98.54, 98.65, 98.58, 98.45, 98.52, 98.61, 98.53, 98.7, 98.52, 98.67, 98.48, 98.53, 98.67, 98.56, 98.64, 98.68, 98.49, 98.56, 98.49, 98.61, 98.58, 98.62, 98.75, 98.61, 98.6, 98.64, 98.61, 98.55, 98.67, 98.49, 98.66, 98.55, 98.57, 98.62, 98.62, 98.71, 98.6, 98.54, 98.59, 98.51, 98.55, 98.64, 98.61, 98.54, 98.55, 98.51, 98.6, 98.53, 98.57, 98.57, 98.58, 98.57, 98.46, 98.61, 98.49, 98.5, 98.58, 98.58, 98.36]}