{"train_loss": [1.8936587859932175, 1.7550747109274578, 1.736297698866608, 1.727501021236436, 1.7217423039623814, 1.717807227984453, 1.714743890823462, 1.7124826296781883, 1.709919072369225, 1.7082853908212776, 1.7064597476751378, 1.7049123115009732, 1.7038978557301383, 1.7026419033352127, 1.701617736592252, 1.7005302088382916, 1.6995557862469273, 1.6985806203805482, 1.6977511781912584, 1.6969421426964622, 1.6962451779434824, 1.6956067864711468, 1.6950219968954723, 1.694257234660988, 1.6936847812090166, 1.693018918363457, 1.6923770484251854, 1.6917148176421466, 1.6911857879569387, 1.6907679262833717, 1.6901799883597937, 1.6893710784423046, 1.6890911189918845, 1.688604664344054, 1.688016882309547, 1.6877965410040994, 1.6872257842467382, 1.6866978040108314, 1.6862507274008205, 1.6858807139926486, 1.6850658922623365, 1.684852752675358, 1.684340658860329, 1.6839925572912917, 1.6836984269639366, 1.6830510568414998, 1.6825954562578447, 1.6820558900507088, 1.681619902451833, 1.6813284153612251, 1.6810258491935892, 1.6805124068871522, 1.6801688452052255, 1.6795067695470958, 1.6793366545795376, 1.6789326540425293, 1.678357097073498, 1.6780196983590085, 1.6776965772494292, 1.6772933207515976, 1.676894336938858, 1.6764685274698796, 1.6758867130320296, 1.6757953444607236, 1.6753172510200076, 1.674865894083284, 1.6746992295623844, 1.6743212110466428, 1.6738383194320223, 1.673477160370248, 1.6731380107056382, 1.6724401969685514, 1.6722245117028554, 1.6718357740304408, 1.6714016693270104, 1.6710368802404811, 1.6708232933639462, 1.6702571330416915, 1.6700648015890367, 1.6696028464879744, 1.6692045585721986, 1.669166545327912, 1.6688008224352813, 1.668293733882089, 1.6677763923111124, 1.667372592494019, 1.6671083745283959, 1.6668075486126108, 1.6665852620051458, 1.6659017915909107, 1.6656414018227503, 1.6654410469226348, 1.6647693596334538, 1.6647833351396089, 1.664401976725994, 1.6639053029382331, 1.6636733394912167, 1.663261283411939, 1.6627592576874628, 1.6625359547443879], "test_loss": [0.7967863594055176, 0.7130896301269531, 0.7015636299133301, 0.7343784065246582, 0.6805745880126953, 0.6700143089294434, 0.7005752784729004, 0.663337760925293, 0.6852313018798828, 0.680828343963623, 0.6395379318237304, 0.6814270614624024, 0.6410186416625977, 0.6348715476989746, 0.6446283699035644, 0.636678482055664, 0.6579771903991699, 0.6532856842041016, 0.6531582542419434, 0.6886415290832519, 0.6442024017333985, 0.6604778541564942, 0.6297849349975586, 0.6463641677856445, 0.6884116203308105, 0.7228671379089355, 0.624481354522705, 0.666943928527832, 0.6467095603942871, 0.6536987365722656, 0.6155742988586426, 0.6742060241699219, 0.6354773300170898, 0.6320755294799805, 0.6408818901062012, 0.6438260093688964, 0.6253009971618653, 0.6023060913085938, 0.6202231391906738, 0.6428272079467774, 0.6312562423706055, 0.6778432991027832, 0.6720612731933594, 0.6781599685668945, 0.637278394317627, 0.6469657867431641, 0.6055945594787597, 0.6535511940002442, 0.633598949432373, 0.6596030914306641, 0.6246145240783691, 0.6869259895324707, 0.6528584541320801, 0.6318990570068359, 0.6471393661499023, 0.6505649948120117, 0.6256943260192871, 0.6541011062622071, 0.6040504714965821, 0.6001149208068848, 0.639854044342041, 0.6640201400756836, 0.6809559623718262, 0.6506793434143067, 0.6285983978271484, 0.6481635963439941, 0.6159459434509277, 0.6697669128417969, 0.6856541183471679, 0.6181829666137695, 0.6215315246582032, 0.6695879539489746, 0.6460363456726074, 0.6523049018859863, 0.6213746696472168, 0.6319064018249512, 0.6301453422546387, 0.6616864158630371, 0.6511364906311036, 0.6218736625671387, 0.632119384765625, 0.6247311408996582, 0.6518846450805664, 0.620713224029541, 0.6310944747924805, 0.606776782989502, 0.6294570388793945, 0.6523061531066895, 0.6398723167419433, 0.6503578674316406, 0.6669362762451172, 0.6433489967346191, 0.626228980255127, 0.652730101776123, 0.6293408599853516, 0.6303014366149903, 0.6647639221191406, 0.6296932937622071, 0.653978296661377, 0.648839510345459], "test_acc": [95.78, 97.39, 98.0, 98.15, 98.15, 98.63, 98.63, 98.8, 98.82, 98.84, 98.92, 98.93, 98.88, 98.97, 99.0, 98.96, 99.0, 98.97, 99.01, 99.07, 99.1, 99.02, 99.08, 99.01, 99.08, 99.07, 99.08, 99.16, 99.08, 99.02, 99.1, 99.1, 99.09, 99.05, 99.13, 99.08, 99.11, 99.08, 99.08, 99.02, 99.13, 99.1, 99.13, 99.17, 99.15, 99.07, 99.13, 99.1, 99.06, 99.13, 99.09, 99.18, 99.11, 99.13, 99.12, 99.1, 99.12, 99.14, 99.12, 99.11, 99.12, 99.11, 99.18, 99.17, 99.14, 99.15, 99.18, 99.07, 99.15, 99.09, 99.04, 98.95, 99.06, 99.08, 99.16, 99.09, 99.1, 99.04, 99.08, 99.15, 99.18, 99.15, 99.13, 99.15, 99.05, 99.06, 99.14, 99.1, 99.09, 99.15, 99.04, 99.12, 99.03, 99.09, 99.14, 99.04, 99.12, 99.02, 99.05, 98.99]}