{"train_loss": [2.3006554490480666, 2.297319032697596, 2.2960475000560794, 2.2953627272548838, 2.2948435427796126, 2.2944229851421127, 2.294088374855172, 2.2938291532361608, 2.2936282264880643, 2.2934662837248583, 2.293335494832096, 2.29323317658188, 2.293142872997838, 2.293063429176298, 2.292995450843094, 2.292928070594103, 2.2928739011797132, 2.2928273046118584, 2.292777068594582, 2.2927356698574166, 2.2926916755162754, 2.2926542463465633, 2.292620406191573, 2.292588599726685, 2.2925572527779474, 2.2925315560438695, 2.292494613900144, 2.292468171343844, 2.2924418928276777, 2.292418444258535, 2.2923968862264585, 2.2923740764968414, 2.2923524914643703, 2.2923291814632907, 2.292314109639225, 2.2922903849528384, 2.2922771751371203, 2.292258455712571, 2.292239268620809, 2.2922257898200273, 2.292208522812933, 2.292194132621472, 2.292174798810584, 2.2921603668449273, 2.292148910017095, 2.292134132140722, 2.2921221032101884, 2.2921037663761368, 2.2920909208110256, 2.292080718737382, 2.2920700357510495, 2.292056577837365, 2.2920524574752545, 2.2920397514970894, 2.2920219027079067, 2.2920165005912128, 2.292002991733388, 2.2919929761153, 2.2919838937938724, 2.291972666214674, 2.291960845645676, 2.29195726223481, 2.2919462491304445, 2.29193240760738, 2.2919286219482746, 2.291919306302682, 2.291908603957576, 2.2919012725862684, 2.2918920134886718, 2.2918903898989034, 2.291872099933461, 2.2918647201652202, 2.291863935625451, 2.291852304059216, 2.2918465193520245, 2.291839391247839, 2.2918319860075274, 2.2918252690225587, 2.291821501703344, 2.2918110398145823, 2.291802803165892, 2.291801072593428, 2.2917893126479583, 2.2917872641840553, 2.2917760600391617, 2.2917677220116315, 2.2917631451900187, 2.291759154226026, 2.291754751123934, 2.291748438635443, 2.2917374601730933, 2.291737958916232, 2.291730217444591, 2.291722086759714, 2.291717891000275, 2.2917123258623304, 2.291708207028544, 2.2917025252285166, 2.2916997339990406, 2.2916938219314966], "test_loss": [2.192928729248047, 2.1015128967285155, 2.0683713287353513, 2.050008319091797, 2.032450466918945, 2.0182690185546877, 2.0079852279663086, 1.9980358276367187, 1.989419090270996, 1.983049221801758, 1.9790245559692383, 1.9778911193847657, 1.9727266479492187, 1.9715530746459962, 1.9691853897094727, 1.9661828063964844, 1.96444794921875, 1.964879263305664, 1.9565458267211915, 1.9575370147705078, 1.9602519424438476, 1.9600763107299806, 1.9587560653686524, 1.956634828186035, 1.9543317825317383, 1.9555903717041017, 1.9525788360595704, 1.9535553131103516, 1.9510864654541016, 1.95320927734375, 1.9493176376342773, 1.9506706176757813, 1.952131362915039, 1.9483189483642578, 1.9477716659545898, 1.9474597732543946, 1.9440031173706054, 1.9445317169189453, 1.9462001937866211, 1.9472019241333007, 1.945571336364746, 1.942379052734375, 1.9478336853027345, 1.9390837768554687, 1.9415488342285157, 1.9424298263549804, 1.9412974380493164, 1.9395228515625, 1.9431448226928711, 1.945104444885254, 1.942403483581543, 1.9386934494018555, 1.940878826904297, 1.939482632446289, 1.9404106704711914, 1.9380165222167969, 1.9358276550292968, 1.9368575561523438, 1.9333951751708984, 1.9394390625, 1.9376760360717773, 1.9384491775512696, 1.936163543701172, 1.9358127609252929, 1.9331868560791015, 1.9373644119262696, 1.9340833206176757, 1.9383997482299804, 1.9350636749267578, 1.93584688873291, 1.9344234283447266, 1.9378972717285157, 1.9338413452148437, 1.9342846893310548, 1.933406446838379, 1.9393010696411133, 1.9309544219970702, 1.9340249053955079, 1.931443571472168, 1.9367526657104492, 1.9377785232543945, 1.9346486251831054, 1.9301211990356446, 1.9359862655639648, 1.9317277664184571, 1.9348899948120117, 1.9327053588867187, 1.9312254898071288, 1.9354532470703125, 1.9309875030517578, 1.9298188125610352, 1.933207096862793, 1.9315650909423827, 1.9297003524780274, 1.9341054977416992, 1.9317472320556641, 1.937254182434082, 1.9315565658569336, 1.9266981704711914, 1.9328545516967774], "test_acc": [72.88, 84.27, 87.49, 90.03, 91.41, 92.66, 93.15, 94.28, 94.54, 95.06, 95.35, 95.61, 95.91, 95.96, 96.24, 96.37, 96.43, 96.58, 96.7, 96.79, 96.73, 96.93, 96.97, 97.04, 97.13, 97.14, 97.17, 97.23, 97.3, 97.37, 97.57, 97.41, 97.44, 97.59, 97.59, 97.54, 97.61, 97.68, 97.6, 97.85, 97.74, 97.68, 97.82, 97.69, 97.93, 97.82, 97.83, 97.87, 98.0, 98.04, 97.91, 97.89, 97.89, 97.93, 97.96, 97.93, 98.05, 98.05, 98.01, 98.12, 98.05, 98.17, 98.14, 98.13, 98.19, 98.11, 98.09, 98.2, 98.18, 98.24, 98.2, 98.21, 98.2, 98.23, 98.24, 98.14, 98.25, 98.24, 98.26, 98.24, 98.28, 98.28, 98.16, 98.21, 98.28, 98.3, 98.26, 98.37, 98.37, 98.35, 98.26, 98.38, 98.36, 98.26, 98.3, 98.27, 98.44, 98.29, 98.31, 98.4]}