{"train_loss": [2.2903484681732635, 2.2747224248372593, 2.26898927311612, 2.265387794910333, 2.263101649590028, 2.2611971721689925, 2.2599315653499374, 2.258638226578378, 2.257599719059773, 2.256528545139182, 2.255554006140456, 2.2547198462690043, 2.253874739011129, 2.252672478174552, 2.251820416532011, 2.250662880575555, 2.249706565314888, 2.2486634728236075, 2.247240132246262, 2.246170890127492, 2.244854416602697, 2.2431402563029885, 2.241829336198986, 2.240101506567409, 2.2386476163171296, 2.236632406202137, 2.234510066672268, 2.232524420461084, 2.2300183788324013, 2.22770702940786, 2.2247984623297667, 2.2220085120608664, 2.2189487539804897, 2.215775003290584, 2.21201818009727, 2.2088130141934776, 2.204753556312659, 2.200646592511071, 2.1955065126093025, 2.1910114267952423, 2.186018203568255, 2.180420239766439, 2.174339489549653, 2.168874169516767, 2.160698422509381, 2.1541749957280283, 2.147107650072147, 2.1390590499608946, 2.1306624055927634, 2.12143114896921, 2.112948775291443, 2.103596809073391, 2.09265709330893, 2.082786574322953, 2.0714880597387624, 2.0623575838712545, 2.049614208121585, 2.036666691557974, 2.02503965400223, 2.014249458272233, 2.0019022712850165, 1.9889002663966937, 1.9766055702144265, 1.9643380983263, 1.953347863804581, 1.9388935499721103, 1.927462256107575, 1.9147587161288302, 1.9032024435507946, 1.8902451905429873, 1.8781516946788528, 1.869390230657708, 1.8582522209383483, 1.84734477650406, 1.8362241267648518, 1.8254949730685635, 1.8152850659993978, 1.8060919428483033, 1.797379012291248, 1.7896172371175554, 1.7796886530187395, 1.7726188021847324, 1.7638195460168724, 1.7556386605287209, 1.7505640840937948, 1.7428122333481781, 1.7373971246246598, 1.7297577957312267, 1.7227344339729374, 1.7178917585784554, 1.7128190441518767, 1.707024921464105, 1.7036865656701927, 1.696831624222617, 1.6917018841983926, 1.688689977949501, 1.683034510184557, 1.6798632519367414, 1.6766053305731878, 1.6722135161742187], "test_loss": [1.9517631729125977, 1.8464057205200195, 1.7638491775512695, 1.7251442123413085, 1.7293766494750977, 1.6986560760498046, 1.6965561447143556, 1.7016770919799804, 1.6869417282104493, 1.6255665008544922, 1.680374429321289, 1.6796535583496093, 1.6658298767089843, 1.6098234649658203, 1.6735472366333008, 1.6339951736450196, 1.6395726684570313, 1.630111651611328, 1.6460860458374023, 1.6296906463623047, 1.6694833923339845, 1.6316200347900391, 1.6427389907836913, 1.6437959365844728, 1.63233358001709, 1.6067424896240234, 1.6685800537109374, 1.6378861587524414, 1.6099500610351563, 1.6182995086669922, 1.6104848983764648, 1.6587215698242188, 1.6184122177124023, 1.660756198120117, 1.6490036895751954, 1.5855526275634766, 1.6726082931518556, 1.6196486282348632, 1.7069656478881836, 1.6865894439697267, 1.6195470626831054, 1.6244409454345703, 1.7128530044555663, 1.7170557723999023, 1.7452294479370116, 1.7450385711669922, 1.712752471923828, 1.6798498580932617, 1.7317800720214844, 1.6844619247436523, 1.7362275177001953, 1.7221900085449218, 1.7431798126220703, 1.8149943145751952, 1.8052229080200195, 1.8280291915893554, 1.738028955078125, 1.7206149291992188, 1.7638904571533203, 1.7916729766845703, 1.805535366821289, 1.7786527450561525, 1.7911576522827148, 1.7896396560668946, 1.8749071899414063, 1.9018400985717774, 1.7990385498046875, 1.9208286422729492, 1.8926418685913087, 1.8854198959350585, 1.910883609008789, 1.8157365707397461, 1.980265658569336, 1.9247404815673828, 1.9132414443969727, 1.9981075088500977, 1.926909828186035, 1.9380039398193358, 1.9968218215942384, 2.057868472290039, 1.9096993408203125, 1.9615547164916993, 2.012058709716797, 2.0685587127685547, 2.008599499511719, 2.086967034912109, 2.0071202239990233, 1.95421075592041, 2.0199771240234377, 2.0703967056274415, 2.1173709518432617, 2.1514643142700196, 2.0958759628295898, 2.109612925720215, 2.120703305053711, 2.0931033798217773, 2.0890918487548826, 1.9809916931152343, 2.1027027374267577, 2.1137209686279297], "test_acc": [75.72, 86.11, 92.4, 93.0, 94.19, 94.59, 94.66, 95.35, 95.99, 95.68, 96.45, 96.31, 95.87, 96.55, 96.43, 96.56, 96.22, 96.9, 95.58, 96.35, 96.04, 96.16, 95.89, 95.83, 95.63, 95.04, 93.52, 91.5, 93.63, 91.91, 90.88, 89.61, 89.62, 84.42, 83.89, 89.12, 81.01, 83.07, 74.31, 73.21, 75.74, 77.94, 66.09, 65.53, 61.68, 58.82, 59.5, 65.12, 56.26, 62.02, 56.88, 56.94, 53.34, 47.1, 41.58, 45.26, 50.64, 51.85, 49.05, 44.32, 43.7, 45.59, 44.34, 45.13, 39.87, 37.36, 42.49, 36.51, 37.31, 38.64, 36.41, 40.91, 32.82, 37.13, 37.39, 31.72, 35.45, 36.11, 32.86, 29.77, 36.42, 33.53, 32.0, 31.99, 31.7, 30.14, 32.52, 35.08, 32.93, 30.5, 29.74, 26.71, 29.85, 29.77, 30.0, 28.85, 30.83, 34.33, 29.84, 30.04]}