{"train_loss": [2.302314906548231, 2.3002513224243097, 2.2988646356468525, 2.2978631242727623, 2.2970900785209785, 2.2962162785041027, 2.295567254225413, 2.294716011764657, 2.2938299586630273, 2.293122738854498, 2.291960283731803, 2.29110172467354, 2.2901385283877707, 2.289151979307843, 2.2878202536167245, 2.286419704429105, 2.285112234771761, 2.2831859089370465, 2.281268081603906, 2.279056811434591, 2.2765245692342773, 2.273615106048747, 2.2707091335557466, 2.2672920216861954, 2.2631529946612496, 2.2587232131224413, 2.2534257367125945, 2.248453957402808, 2.2420834420073747, 2.2346035262458344, 2.2275578323592486, 2.217872727121043, 2.208260898406689, 2.197027115740328, 2.183024870024787, 2.1706222728786306, 2.154423343320178, 2.1371271691770635, 2.116034433373019, 2.095868333027913, 2.0712764826085834, 2.0422770330029674, 2.0147233992560296, 1.982738498184416, 1.9465725416811104, 1.9114152763643835, 1.8738503328755372, 1.8321339747844598, 1.7897616224920647, 1.7454897144920805, 1.702046130457495, 1.658048746932266, 1.6133454569384582, 1.566914498551279, 1.5264224710627499, 1.4806434099490826, 1.4406067728996277, 1.398566548895632, 1.3588468274499617, 1.3207706401490757, 1.2847973059894693, 1.2538587996083448, 1.2263684288049355, 1.2001643860951448, 1.1737969864127982, 1.1531311561409225, 1.1338780321117141, 1.1182268610876849, 1.1035640507172315, 1.0899553454329824, 1.0771743127932916, 1.0671713061821766, 1.0578883355244613, 1.05018825434212, 1.042780281514184, 1.0357868210372763, 1.028924669083367, 1.023926642588061, 1.0181445852558837, 1.012410172412538, 1.0074611387701116, 1.0035889979101653, 0.9992776977964956, 0.9955902351782873, 0.9916699174632374, 0.9883361509722522, 0.9848624340489379, 0.9817346310258931, 0.978299194548884, 0.975445775140045, 0.9727263519397149, 0.9700077601477631, 0.9673021836922719, 0.9652398091096145, 0.962126508482501, 0.9600253456678146, 0.957775143476633, 0.9555309830058334, 0.9535341028474335, 0.951117448317699], "test_loss": [2.252091278076172, 2.189944384765625, 2.1527124328613283, 2.1329293884277343, 2.1198753143310545, 2.098259323120117, 2.0711547470092775, 2.081761779785156, 2.065862208557129, 2.059167495727539, 2.0429490982055665, 2.030946925354004, 2.0372118896484377, 2.039678811645508, 2.015075817871094, 2.0194855560302734, 2.0208440353393553, 2.0173144180297853, 2.026796075439453, 2.029642851257324, 2.016583122253418, 2.0113140151977538, 2.0463054595947265, 2.052227394104004, 2.048069561767578, 2.054074638366699, 2.093809259033203, 2.015219267272949, 2.0229029296875, 1.9901666229248047, 2.038843231201172, 2.0024116928100586, 1.9631224548339843, 2.0863874099731445, 2.0952036865234374, 2.0732231674194335, 2.1084371597290037, 2.044753601074219, 2.1563619888305663, 2.1802762603759764, 2.2161693725585936, 2.1851660400390625, 2.2627153076171873, 2.192246286010742, 2.275463638305664, 2.412167004394531, 2.362563726806641, 2.346411688232422, 2.4212206634521483, 2.5308569305419923, 2.5974071075439453, 2.4191231719970703, 2.6142877899169923, 2.711703955078125, 2.7125463989257814, 2.6170458435058594, 2.748186041259766, 2.8616913970947264, 2.84614658203125, 2.9158593536376953, 2.9908884002685547, 2.907267446899414, 2.96742698059082, 3.0185962036132814, 2.99422180480957, 2.9842801544189452, 3.122410626220703, 3.1268241882324217, 3.0632873168945314, 3.0955176635742188, 3.13592958984375, 3.0493707458496093, 3.0709071319580077, 3.0535413970947265, 3.0986592864990232, 3.046441229248047, 3.102123696899414, 3.10787431640625, 3.0901448303222656, 3.037634323120117, 3.1307296966552736, 3.0759323150634765, 3.0734525482177735, 3.1183489562988282, 3.1117817504882814, 3.109992425537109, 3.1066821014404296, 3.131396871948242, 3.0702903015136718, 3.137159750366211, 3.1615647491455077, 3.142132272338867, 3.1667436767578123, 3.168016213989258, 3.1581202056884767, 3.168369805908203, 3.1657030334472656, 3.197534942626953, 3.173663018798828, 3.150006042480469], "test_acc": [47.63, 63.63, 73.19, 75.02, 83.09, 77.13, 82.76, 80.94, 86.56, 84.19, 86.36, 87.18, 81.29, 84.56, 82.72, 78.79, 79.5, 74.52, 75.2, 67.06, 67.61, 62.44, 52.33, 50.66, 46.72, 44.9, 34.96, 49.37, 45.38, 44.88, 38.52, 40.48, 39.98, 28.26, 24.85, 28.9, 25.54, 29.18, 25.12, 20.58, 18.8, 20.47, 18.92, 22.8, 19.72, 14.7, 16.54, 18.87, 18.05, 15.5, 16.58, 19.98, 17.41, 14.86, 16.59, 18.96, 16.1, 15.3, 15.08, 16.97, 13.91, 15.77, 14.91, 15.3, 15.32, 15.47, 13.8, 13.93, 14.8, 14.4, 13.79, 14.87, 14.59, 14.77, 14.39, 14.91, 14.08, 14.53, 14.59, 15.62, 13.83, 15.04, 15.08, 14.1, 14.58, 14.87, 14.26, 13.72, 14.96, 14.22, 13.59, 14.0, 13.81, 14.09, 13.8, 13.74, 14.16, 13.65, 13.32, 13.78]}