{"train_loss": [2.1784756428156142, 2.1084962115328536, 2.095781370615348, 2.0897336296546154, 2.085706325677725, 2.082766094778338, 2.0807677548155827, 2.0786437522142363, 2.077345996330946, 2.0757571260134378, 2.074387181518424, 2.0733577446040945, 2.072159053932907, 2.071286781730815, 2.0702539045586543, 2.0693935683140388, 2.0682408144840827, 2.067266601273137, 2.0663579559733725, 2.0656675594484706, 2.0648881698775496, 2.063960942957136, 2.063112197014002, 2.0624136810119333, 2.0615074191337976, 2.0606543880242567, 2.05967686802913, 2.058811611089951, 2.05787949786227, 2.057090421772411, 2.0560510963456244, 2.054894004367356, 2.054196221451474, 2.053220617210763, 2.0520163489203167, 2.051238777800503, 2.0503691990151363, 2.048899751188409, 2.047892928378195, 2.0472725718958764, 2.045440081602488, 2.0445885143728337, 2.0434723381812754, 2.0420637163850994, 2.0409913597962794, 2.039933927038796, 2.0386557517907558, 2.0369988603469653, 2.03546369738049, 2.034343846078612, 2.0331948310391517, 2.0314700374236474, 2.030233688843556, 2.0285177658765745, 2.02699782145329, 2.025111492627706, 2.0239797856053734, 2.022340644628574, 2.020688734502874, 2.019188299138322, 2.0174353983667164, 2.015556228721244, 2.0135863005605517, 2.011750706240662, 2.0110345133858867, 2.008528161762107, 2.006871394112579, 2.0045681924392014, 2.0025373842471685, 2.00103255520519, 1.9989279432174487, 1.9974463956478314, 1.9949878472038822, 1.9929397692028274, 1.990837527391238, 1.9888915304954236, 1.987382478438891, 1.984950638224936, 1.9836106055822127, 1.9810454297778952, 1.979132316306106, 1.9771254184918525, 1.9749746307348595, 1.973017000235044, 1.9707725753641536, 1.9692588532582307, 1.966977676519981, 1.964936919701405, 1.9632621972988813, 1.9606928621601856, 1.9592740629982746, 1.9572258398064182, 1.9547628808734763, 1.953852992791396, 1.9516463975111644, 1.9501312133083997, 1.9477678784447858, 1.9448181696427174, 1.9433770368241856, 1.9415860823077014], "test_loss": [1.310057876586914, 1.187967000579834, 1.175929433441162, 1.1137927848815918, 1.1459874320983887, 1.128822297668457, 1.123790284729004, 1.127347886657715, 1.114911456298828, 1.1339360656738282, 1.0720224800109863, 1.1056278137207032, 1.1071572952270508, 1.0874885368347167, 1.0596347541809081, 1.0720630485534668, 1.0538606063842773, 1.0799020530700683, 1.0190146560668945, 1.0685471420288086, 1.0813841049194335, 1.078955303955078, 1.0736967834472657, 1.0501195976257325, 1.0881040672302247, 1.0877564598083496, 1.0784455848693848, 1.1261620452880858, 1.0562765701293946, 1.0798090156555176, 1.0524026733398437, 1.0500164978027344, 1.049222731781006, 1.0432879791259766, 1.0615304183959962, 1.119918472290039, 1.0346976127624512, 1.0290871688842773, 1.0402814903259276, 1.0694114959716796, 1.1217630508422851, 1.1039955459594726, 1.0412640968322755, 1.0721536186218261, 1.09399287109375, 1.1147197677612304, 1.083405598449707, 1.049967953491211, 1.0494133338928222, 1.1203948593139648, 1.074482292175293, 1.0902724197387694, 1.1268920516967773, 1.053761042022705, 1.0605842445373534, 1.0890459365844727, 1.1268094215393067, 1.0802240028381347, 1.1764684432983399, 1.0951491096496582, 1.0702495811462402, 1.0524380363464356, 1.0964295608520507, 1.0696992240905763, 1.1591786575317382, 1.1602514358520508, 1.0811842742919922, 1.075622770690918, 1.1059103607177734, 1.096380850982666, 1.1950740539550782, 1.0741452110290528, 1.1229024459838868, 1.0721351524353027, 1.1169751770019531, 1.100090330505371, 1.146767140197754, 1.1159710083007812, 1.143597169494629, 1.1175378097534179, 1.0710965843200684, 1.0756713157653808, 1.0798708038330078, 1.1493440246582032, 1.1271106231689454, 1.1033557914733887, 1.1473253540039063, 1.0932921249389649, 1.0710801963806151, 1.0965540313720703, 1.1706007156372071, 1.1178103302001954, 1.1489572723388672, 1.1341245880126953, 1.0925251640319824, 1.1887423583984376, 1.0928138473510742, 1.1367885902404786, 1.1155428131103515, 1.1333370468139647], "test_acc": [92.43, 95.7, 96.85, 97.44, 97.7, 97.71, 98.03, 98.16, 98.13, 98.36, 98.41, 98.5, 98.55, 98.53, 98.26, 98.59, 98.58, 98.6, 98.56, 98.57, 98.6, 98.6, 98.51, 98.67, 98.64, 98.62, 98.79, 98.61, 98.73, 98.57, 98.77, 98.75, 98.58, 98.66, 98.59, 98.71, 98.62, 98.51, 98.75, 98.57, 98.5, 98.46, 98.66, 98.58, 98.61, 98.31, 98.44, 98.28, 98.33, 97.54, 98.23, 98.13, 97.7, 98.13, 97.78, 97.48, 97.61, 97.53, 95.55, 97.81, 97.3, 97.2, 97.17, 97.35, 96.49, 95.09, 97.23, 96.93, 96.13, 96.24, 93.94, 96.24, 94.97, 95.76, 95.25, 95.62, 94.44, 95.01, 94.09, 92.76, 94.72, 94.64, 94.16, 92.49, 93.48, 93.44, 92.42, 92.98, 93.5, 92.79, 90.26, 92.22, 91.24, 91.69, 91.7, 87.98, 91.75, 90.5, 90.66, 90.11]}