{"train_loss": [2.266382604582697, 2.2365455800651484, 2.2282654474943113, 2.2247039059288483, 2.222595448167915, 2.2210728026862836, 2.2200381363558974, 2.219065022774232, 2.2182846349528713, 2.2177806206238575, 2.217201010793702, 2.216678050848154, 2.216269836975978, 2.2159516011547837, 2.2155931485004916, 2.2153030898835926, 2.214982439310123, 2.214719388729487, 2.214471976471762, 2.214264484042795, 2.2140488150792246, 2.2138217381941967, 2.2135849370915666, 2.213375664674319, 2.2132200700605016, 2.2130297284859877, 2.212922764130128, 2.212702762367379, 2.212546932391631, 2.2123537562851214, 2.2122405976311774, 2.212026427953671, 2.2119019490021925, 2.211827299024305, 2.211637792424259, 2.211428011075044, 2.2113596740950885, 2.211257422581697, 2.2110939734002466, 2.2110182581803737, 2.2108880780700946, 2.2107139693366156, 2.210597367877634, 2.2104621468446193, 2.2103263114252663, 2.2102583366581516, 2.2101059107698946, 2.2100223134725523, 2.2098893482460933, 2.2097514781177554, 2.2096068054182916, 2.209512947461544, 2.209394417766832, 2.2092253973341394, 2.209130480248704, 2.2090362295126305, 2.2089361145965056, 2.2088432882586098, 2.208728091839032, 2.208634947609698, 2.208506358994378, 2.208365925356873, 2.2082129635362544, 2.2081034005197706, 2.207984852994609, 2.2079130462092214, 2.207824390158694, 2.2076890713129287, 2.2075677279733186, 2.2074102158220406, 2.207321118085812, 2.2072404062646065, 2.2071185565402365, 2.206992142730289, 2.2068948180247574, 2.206790747296097, 2.2065430431284456, 2.2065671855567865, 2.2064303445000935, 2.2062075892065325, 2.206200264967405, 2.206050390871162, 2.205921861860487, 2.2058903681926236, 2.2056959903138313, 2.205571143545656, 2.205452498717186, 2.2053038814128976, 2.20526940190894, 2.2050767219983616, 2.2050450214972863, 2.2048630806115956, 2.204710540099022, 2.2045491628157787, 2.204511841138204, 2.204405203843728, 2.2042274337548475, 2.2041135674867873, 2.2039665350547204, 2.2038478285838394], "test_loss": [1.7118464660644532, 1.5796589767456055, 1.5393570938110352, 1.4980844772338868, 1.477266632080078, 1.5163671997070312, 1.4750060897827149, 1.4757091598510743, 1.464987190246582, 1.4599867553710937, 1.444171549987793, 1.4530971939086914, 1.4353806747436524, 1.4530870681762695, 1.4343328353881837, 1.4454973571777343, 1.4280120803833007, 1.4217327011108398, 1.424030305480957, 1.436963670349121, 1.4570461349487305, 1.429965058898926, 1.4472501907348634, 1.4489343048095704, 1.4179616500854493, 1.4305357345581056, 1.448032846069336, 1.4078634857177734, 1.441242840576172, 1.438457876586914, 1.4196624725341798, 1.4049581649780274, 1.40246923828125, 1.403237986755371, 1.4069031570434571, 1.418679542541504, 1.423065072631836, 1.4297209915161133, 1.4252119598388673, 1.3986569625854492, 1.4122244918823241, 1.4104615783691405, 1.4167260986328125, 1.4450930435180664, 1.3958289276123046, 1.4112659820556641, 1.4298546875, 1.439176628112793, 1.40724296875, 1.4049672454833984, 1.399395098876953, 1.4043645614624023, 1.4257050704956056, 1.4070473297119142, 1.429891423034668, 1.3874713775634766, 1.3771685668945313, 1.413946876525879, 1.4314057220458984, 1.431322331237793, 1.4212063262939454, 1.4453562698364257, 1.4237934860229493, 1.4223219619750977, 1.4081590270996094, 1.43101202545166, 1.4317977828979491, 1.44626993560791, 1.431064451599121, 1.39748983001709, 1.4084692672729493, 1.423490901184082, 1.4270784805297851, 1.3912226303100586, 1.4320077697753906, 1.402160758972168, 1.4104603240966798, 1.4146204849243165, 1.433735108947754, 1.4470942565917968, 1.3942212265014648, 1.396218702697754, 1.4464094757080077, 1.4332499725341796, 1.4018294296264648, 1.4193381164550782, 1.4238083755493165, 1.4059176010131835, 1.3915871490478515, 1.4107847396850586, 1.433053355407715, 1.406388868713379, 1.405003370666504, 1.3798310348510743, 1.4230181274414062, 1.3926971664428711, 1.3971527465820313, 1.4227826873779297, 1.3962838439941405, 1.4194974014282227], "test_acc": [87.41, 92.92, 95.31, 95.81, 96.71, 97.05, 97.07, 97.36, 97.57, 97.5, 97.71, 97.92, 98.05, 98.03, 98.2, 98.17, 98.2, 98.35, 98.25, 98.29, 98.39, 98.51, 98.43, 98.45, 98.44, 98.53, 98.52, 98.55, 98.62, 98.57, 98.63, 98.62, 98.53, 98.64, 98.7, 98.67, 98.73, 98.78, 98.63, 98.71, 98.76, 98.76, 98.75, 98.73, 98.73, 98.8, 98.75, 98.78, 98.75, 98.71, 98.7, 98.72, 98.84, 98.79, 98.82, 98.79, 98.81, 98.84, 98.83, 98.88, 98.81, 98.94, 98.84, 98.78, 98.84, 98.83, 98.95, 98.85, 98.71, 98.88, 98.72, 98.88, 98.8, 98.86, 98.85, 98.86, 98.87, 98.88, 98.87, 98.82, 98.88, 98.89, 98.66, 98.93, 98.93, 98.83, 98.76, 98.89, 98.78, 98.82, 98.9, 98.92, 98.76, 98.82, 98.78, 98.89, 98.81, 98.85, 98.86, 98.83]}