{"train_loss": [1.8232467202549307, 1.672168699849365, 1.652871379485497, 1.6434722361911056, 1.6376189558933942, 1.6332184310652251, 1.629892890015219, 1.6275185473963745, 1.6251451841786377, 1.6233046008990362, 1.6215657321815817, 1.6202736812779026, 1.6189851827091641, 1.61784636719614, 1.6165171089844825, 1.6156221335260277, 1.6147014834941962, 1.6138711566599007, 1.6131886636090076, 1.6126664153531067, 1.6118192025738904, 1.611153388889427, 1.6105922328101263, 1.6099605881250822, 1.6094549629423354, 1.6088246145309546, 1.6080435557752593, 1.6080280361521957, 1.6073939074308445, 1.6069019520894074, 1.6064340523165515, 1.606128682438125, 1.6055231825408773, 1.6052179802686741, 1.6048482001846671, 1.6044045905781608, 1.6041622335075314, 1.6037665666678014, 1.6033144633994143, 1.6030586282921653, 1.6027075426700788, 1.6024023444734068, 1.6021442803052754, 1.6017485113225431, 1.6012596880268848, 1.6012534303033454, 1.6008980449957726, 1.600339754524394, 1.6001833297758021, 1.599815163602177, 1.5995534943719196, 1.5993381043275197, 1.5988600778783488, 1.5986900174210215, 1.598376903269026, 1.5983160950689235, 1.5979682492394733, 1.5977017130607214, 1.5975908822992928, 1.5972756307858686, 1.5970180803893979, 1.596635759386242, 1.5964225072127123, 1.5962116264889383, 1.5959727756488018, 1.5956438359541771, 1.5953522716831958, 1.595116627522004, 1.5950471735917604, 1.5948550645102801, 1.594611858200823, 1.5943816459586477, 1.5941778800935826, 1.5938671664295034, 1.5936920087561648, 1.5935233258284056, 1.5933097641692202, 1.5929676653482976, 1.5928649647623045, 1.5926368488715246, 1.592302121158339, 1.5920733065686674, 1.5919348444694128, 1.591663168536292, 1.5916006985383155, 1.5914692445697947, 1.591123807634044, 1.5909856094254389, 1.5908340144361186, 1.5904891195460262, 1.5903751646351612, 1.5901978879402845, 1.5899747824057555, 1.5898845144826124, 1.589505653605502, 1.5895022365272555, 1.5891850249380128, 1.5891589168299975, 1.5887842988356566, 1.5886233859082572], "test_loss": [0.7269498039245605, 0.6397076896667481, 0.6278226009368897, 0.6114923393249512, 0.6409637313842773, 0.6406966522216797, 0.6100182353973389, 0.6378245803833008, 0.5979200019836426, 0.5923171688079834, 0.5739853572845459, 0.5784376571655273, 0.5744814994812012, 0.5872791160583496, 0.6165965911865234, 0.5777264011383056, 0.5912094741821289, 0.6158248283386231, 0.5492292530059815, 0.5980239234924316, 0.5582452335357666, 0.5477605949401856, 0.5589436141967773, 0.5585244937896728, 0.6204456344604492, 0.5651710083007813, 0.5922317947387695, 0.5775052528381348, 0.6060286293029785, 0.5746228637695312, 0.5822509086608887, 0.5778505081176758, 0.5993549125671387, 0.5936412261962891, 0.610820718383789, 0.553570044708252, 0.5530139198303222, 0.5641896835327148, 0.5795634773254394, 0.6180558929443359, 0.5700345062255859, 0.5706734077453613, 0.6004004188537597, 0.6089824768066406, 0.5869622184753418, 0.5758269325256348, 0.5785823196411133, 0.574292903137207, 0.5800148666381836, 0.5813949966430664, 0.5681293968200684, 0.5657896026611328, 0.5698584213256835, 0.6019681800842285, 0.5688163650512695, 0.566706647491455, 0.5985850425720215, 0.6147006240844727, 0.573327318572998, 0.5571868453979493, 0.5677615608215332, 0.5921008735656739, 0.573701284790039, 0.5785380432128906, 0.553677734375, 0.5802025787353515, 0.5472517612457275, 0.5643264846801758, 0.586751163482666, 0.5762778884887695, 0.5766305244445801, 0.5712963844299317, 0.565279702758789, 0.5974285140991211, 0.5614097717285156, 0.5825850318908692, 0.5699944526672364, 0.5668470245361328, 0.5836070091247558, 0.5726097587585449, 0.5703287910461425, 0.572015145111084, 0.589542073059082, 0.5666913940429688, 0.553336247253418, 0.5749135940551758, 0.5561598243713379, 0.5619255348205566, 0.5781714790344238, 0.6002118225097657, 0.5778007720947266, 0.5870460266113281, 0.5643206008911132, 0.5746213516235351, 0.5999890144348144, 0.5563649696350098, 0.5775006675720215, 0.5770572456359864, 0.5787045516967774, 0.5635484085083008], "test_acc": [96.1, 97.44, 98.2, 98.27, 98.36, 98.58, 98.76, 98.73, 98.89, 98.88, 98.85, 98.9, 98.9, 98.94, 98.98, 99.0, 98.97, 99.0, 98.97, 98.99, 99.01, 98.98, 98.99, 99.1, 99.04, 99.1, 99.03, 99.08, 99.03, 98.96, 99.12, 99.06, 99.08, 99.07, 99.1, 99.09, 99.11, 99.14, 99.08, 99.11, 99.18, 99.12, 99.08, 99.07, 99.08, 99.09, 99.12, 99.17, 99.09, 99.17, 99.15, 99.13, 99.17, 99.16, 99.16, 99.16, 99.12, 99.11, 99.06, 99.17, 99.13, 99.18, 99.18, 99.23, 99.21, 99.17, 99.14, 99.16, 99.16, 99.16, 99.18, 99.18, 99.18, 99.18, 99.18, 99.13, 99.2, 99.17, 99.17, 99.23, 99.16, 99.18, 99.23, 99.16, 99.19, 99.2, 99.18, 99.19, 99.16, 99.22, 99.2, 99.24, 99.14, 99.17, 99.16, 99.24, 99.24, 99.23, 99.2, 99.29]}