{"train_loss": [1.8839656692794247, 1.7360948150993412, 1.7122612804429145, 1.6997989046777415, 1.690086866545881, 1.6822807195349636, 1.675575761968254, 1.6693302645133092, 1.664614972141054, 1.6587990833143902, 1.6522772959154894, 1.6472159639382973, 1.6405318692708626, 1.6354074096068358, 1.6284158512567863, 1.6205985551206474, 1.614012082417806, 1.6045449625732553, 1.5972495603765178, 1.5871227080495949, 1.5767072021451771, 1.566055568619671, 1.5520546133192177, 1.5401880412529676, 1.5255065361658733, 1.507755135369097, 1.4908948087284708, 1.4707536689746075, 1.450476149463246, 1.4265123371385102, 1.4015085399150848, 1.3765765431090298, 1.3475181536796765, 1.3191625086160808, 1.2885231678811913, 1.2534813172796853, 1.2170094641355367, 1.1830738483585863, 1.1446401988848662, 1.1071163571288443, 1.0725941207164373, 1.0339712335003748, 0.9937257494172479, 0.9591396191181281, 0.9237774877976148, 0.8859841301400437, 0.8554271133536966, 0.8195879925519992, 0.7905466115882254, 0.7625167050168046, 0.7385171412402748, 0.7137409029608099, 0.6914935104357891, 0.672681893930476, 0.6555326831901175, 0.6423946489126254, 0.6296653900391016, 0.6188888626220899, 0.6088381008459971, 0.6010196326125381, 0.5921632003070961, 0.585382994550925, 0.5791336946253084, 0.5737913753996547, 0.5677466328836914, 0.5628800579370596, 0.5583205098270351, 0.5528320913386141, 0.5500117987394333, 0.5461778532490771, 0.5421637819490881, 0.5385818695410703, 0.5352386960234398, 0.532580415917258, 0.5296609894587443, 0.5266396286777961, 0.5246916823407524, 0.5214055893130791, 0.518571602865162, 0.5169205096924406, 0.5143578272854161, 0.5119070414549265, 0.5101732549249617, 0.5079270395585614, 0.5063051974289438, 0.5042069256305695, 0.5022626917204286, 0.5005853642255832, 0.4986675414774153, 0.4969978398746914, 0.4958386574672837, 0.49441875339063823, 0.49269039183855057, 0.4912046760830105, 0.4898695420378294, 0.48861523392872935, 0.4877337615332033, 0.48665126075601983, 0.48502606096176, 0.48384284514647263], "test_loss": [0.8441089210510254, 0.6886659374237061, 0.7005513389587402, 0.6483485908508301, 0.6332853931427002, 0.7267936141967773, 0.6333141944885254, 0.6359699081420899, 0.6069550300598144, 0.6128982997894287, 0.6533766273498535, 0.6914448120117187, 0.6369368835449218, 0.7043372085571289, 0.6181518486022949, 0.5807969806671143, 0.6449499961853027, 0.7133439460754395, 0.6095479537963867, 0.6993257026672364, 0.7250306182861328, 0.5730860366821289, 0.628444344329834, 0.5944814144134521, 0.7603853401184082, 0.6424424369812012, 0.6558588706970215, 0.6075783157348633, 0.7719287612915039, 0.6458418647766113, 0.6782168411254883, 0.7328066299438477, 0.7856451377868653, 0.7589287300109864, 0.7239728935241699, 0.7426676734924317, 0.7819082153320313, 0.7207780555725097, 0.8702136138916016, 0.8613503463745117, 0.8346392486572266, 0.7717319206237793, 0.8378970718383789, 0.8049825965881348, 0.8628349822998047, 0.861181452178955, 0.8620605911254883, 0.9872233932495117, 0.8785627334594727, 1.0065253898620605, 0.9548418197631836, 0.9835750114440918, 1.0149136672973633, 1.0447844100952148, 1.041366651916504, 0.9812407249450683, 1.021962021636963, 1.0333681396484375, 1.0460154930114747, 1.0509664505004883, 1.0241090461730957, 1.037312264251709, 1.0610040657043458, 1.094375192260742, 1.0756875350952149, 1.0569600944519042, 1.0927344451904297, 1.0644840370178223, 1.103649230194092, 1.066930202484131, 1.082028074645996, 1.0853512893676758, 1.096857025909424, 1.1215964393615723, 1.1180046012878417, 1.1268465530395508, 1.1609071685791015, 1.144428759765625, 1.125667495727539, 1.1516801254272462, 1.14754249420166, 1.1466733116149903, 1.1556987602233886, 1.1537340759277344, 1.1745726829528809, 1.1645527320861817, 1.1907934875488282, 1.2067152702331543, 1.1815571235656739, 1.1917251670837403, 1.1974527061462403, 1.1976995658874512, 1.18589349899292, 1.2008167755126953, 1.201172208404541, 1.209361743927002, 1.2163609825134278, 1.2193297134399415, 1.2110084762573243, 1.2172055313110353], "test_acc": [94.89, 97.09, 97.3, 97.78, 97.98, 98.18, 98.32, 98.42, 98.31, 98.21, 98.48, 98.47, 98.33, 98.56, 98.31, 98.4, 98.38, 98.19, 98.02, 97.8, 97.69, 97.52, 97.33, 97.15, 96.1, 95.75, 95.2, 95.45, 90.75, 92.88, 90.41, 90.15, 85.44, 85.98, 85.49, 84.99, 83.04, 83.96, 76.17, 76.83, 77.13, 78.94, 76.63, 76.92, 74.2, 74.26, 74.68, 69.47, 73.93, 68.86, 70.42, 69.7, 68.64, 67.43, 67.86, 69.84, 68.18, 68.08, 67.63, 67.28, 68.57, 67.79, 66.74, 65.96, 66.64, 67.23, 65.61, 66.43, 65.11, 66.7, 66.28, 66.27, 65.43, 64.87, 64.92, 64.85, 63.89, 64.1, 64.61, 64.25, 64.37, 64.04, 64.11, 64.24, 63.48, 63.56, 62.63, 61.95, 62.87, 62.71, 62.34, 62.73, 63.0, 62.28, 62.21, 62.1, 61.74, 62.28, 62.18, 61.87]}