{"train_loss": [2.0858500964111752, 1.9875707916724377, 1.972024816987861, 1.9640417363908556, 1.9586110537887638, 1.9545007057679005, 1.9516621726190941, 1.9483678004680536, 1.94635741196127, 1.9439309667318294, 1.9416482881603079, 1.9400381066350856, 1.9380282219658551, 1.9364500888901899, 1.9345950672769139, 1.9330639969079921, 1.930911655099983, 1.9290137853887346, 1.9273299727684412, 1.9259245365093915, 1.9242707557148404, 1.9223348969577725, 1.920460044573515, 1.9190163309248085, 1.916980465253194, 1.915027235308264, 1.9128451586788535, 1.9105194539595873, 1.9084379403000205, 1.906253545712202, 1.9037460058163373, 1.9010355869928997, 1.8987896126559658, 1.8962997391692593, 1.8931729258635106, 1.890693076655396, 1.8882238768104813, 1.8842188018000023, 1.88139944912022, 1.8787694132735586, 1.8744971415935419, 1.8709651774320848, 1.8678098957762759, 1.8639251803740478, 1.8602371669223166, 1.8566065991026723, 1.8529146795089428, 1.847779948487241, 1.8434951165293016, 1.8397734710293958, 1.8355430303475795, 1.830215750851183, 1.826569579095922, 1.8210821628061116, 1.8163064672396734, 1.8114147384961445, 1.8062981955516033, 1.801756144588829, 1.796672319754576, 1.792425702015559, 1.786787913650529, 1.782255539527306, 1.7763041273141518, 1.7713330698828411, 1.767305707065468, 1.7614734470844269, 1.7564195341024644, 1.7513333602338774, 1.7462797401807246, 1.741472146449945, 1.7365786112271822, 1.7324411048848405, 1.7271575318951893, 1.722745465926635, 1.7174802300257561, 1.7129347214841435, 1.709019382794698, 1.7044844464359121, 1.7011968929034014, 1.6964411720251427, 1.692661609659847, 1.6885571561307988, 1.6839912770650325, 1.6803927472513964, 1.6764466418669774, 1.674153796882711, 1.6698353351690831, 1.6666885848738189, 1.662888680003647, 1.659659476361723, 1.6568090844358134, 1.6532492079795935, 1.6503886004798434, 1.6480529616531143, 1.645566963741922, 1.6430769758856194, 1.6398899471148467, 1.6362144213456373, 1.634564726271181, 1.6322593992082481], "test_loss": [1.0911556228637695, 0.9811201797485352, 0.9765935745239258, 0.9076979194641114, 0.9559470169067383, 0.9364139907836914, 0.9285292167663575, 0.9416086990356445, 0.9248049209594726, 0.9481746917724609, 0.8805096313476563, 0.9135941314697266, 0.9185782020568848, 0.8941530517578125, 0.8591936904907227, 0.8699796058654785, 0.8651651473999024, 0.8791797203063965, 0.8183300239562988, 0.8710153053283691, 0.8929948829650879, 0.8993800994873047, 0.891241008758545, 0.8550360588073731, 0.9103337577819824, 0.9015778373718262, 0.8972684692382813, 0.9438490005493164, 0.8666330833435059, 0.899231502532959, 0.8655556480407715, 0.8662049331665039, 0.8583342384338379, 0.8430832595825195, 0.8906072952270507, 0.9444504356384278, 0.8668509017944336, 0.8315980995178223, 0.8592849517822265, 0.8916920425415039, 0.9491734481811523, 0.9620984558105469, 0.8617104507446289, 0.8924320442199707, 0.9227455123901367, 0.9332416954040528, 0.9127601470947265, 0.8938349433898926, 0.8703493041992187, 0.9471882087707519, 0.9068529251098633, 0.9328883514404297, 0.9292212753295899, 0.8657091163635254, 0.8969007629394531, 0.9022122482299805, 0.9829280220031739, 0.9222363922119141, 1.0725524772644044, 0.9193900413513184, 0.9026572982788086, 0.9379333297729492, 0.9713135002136231, 0.9385072631835938, 0.9926053649902343, 1.0308555160522461, 0.952822038269043, 0.9208301559448242, 0.9522718940734863, 0.953270539855957, 1.034689183807373, 0.935283812713623, 1.0018085823059082, 0.9576192329406739, 0.9822153083801269, 0.9532629943847656, 1.012665104675293, 1.0214469924926757, 0.995378392791748, 1.016868357849121, 0.9507666946411133, 0.9590608390808105, 0.9530626098632813, 0.9878172775268554, 1.0058328201293945, 0.9906663688659668, 1.0195689750671386, 0.9701805923461914, 0.9686091453552246, 0.9772523094177246, 1.0555130493164062, 1.0111517776489258, 1.0362642234802246, 1.0238098686218262, 0.9716151420593262, 1.078846070098877, 1.010187744140625, 1.0136709396362305, 1.0004940673828124, 1.0127418685913085], "test_acc": [94.14, 96.45, 97.36, 97.67, 97.86, 97.98, 98.19, 98.36, 98.25, 98.54, 98.54, 98.57, 98.56, 98.83, 98.43, 98.73, 98.59, 98.62, 98.65, 98.59, 98.69, 98.65, 98.53, 98.69, 98.65, 98.69, 98.66, 98.46, 98.68, 98.59, 98.73, 98.53, 98.56, 98.57, 98.5, 98.49, 98.34, 98.28, 98.23, 97.83, 97.69, 97.5, 98.08, 97.94, 97.64, 97.19, 96.76, 96.66, 96.94, 94.95, 96.13, 95.45, 94.57, 96.11, 94.88, 94.46, 93.49, 93.81, 88.19, 93.57, 93.08, 91.51, 91.43, 92.02, 90.53, 88.61, 90.77, 91.58, 89.4, 89.28, 86.64, 89.91, 86.18, 88.7, 87.38, 88.36, 86.2, 84.99, 86.81, 84.53, 86.67, 87.32, 86.93, 85.78, 85.07, 85.26, 84.28, 85.64, 85.79, 84.65, 81.82, 83.53, 82.96, 83.5, 84.14, 79.49, 83.42, 82.72, 83.22, 82.56]}