{"train_loss": [1.986790521022601, 1.8668583068582747, 1.8498865735327077, 1.8414507228085117, 1.8365069457098968, 1.8331206392528665, 1.8299638672262175, 1.8277163446968436, 1.8256798531764593, 1.8239564049957144, 1.8224886933453062, 1.8211922215090857, 1.819976450031639, 1.8187898035742278, 1.8180308319055116, 1.816872377680917, 1.8161342951477084, 1.815152785462192, 1.814480255302201, 1.813998173444699, 1.813225097890593, 1.8122745230157151, 1.8117859661579132, 1.8111471123674996, 1.8105066660632434, 1.809801870686376, 1.8095976939568152, 1.80895525115168, 1.8082856352512653, 1.8077230563021114, 1.8074650983525138, 1.80691016280753, 1.8063066454015226, 1.8058651494674194, 1.805230772138661, 1.8047823320087204, 1.8044847537819138, 1.8038464371974652, 1.8033637325478415, 1.8028470560526237, 1.8023403144290304, 1.8019838131900527, 1.8015861883122697, 1.8010749888216329, 1.8006676865948572, 1.8001955660999331, 1.799532546956315, 1.7995105808616703, 1.7987083135507045, 1.7983916552148314, 1.7978050094893856, 1.7973341432392087, 1.796843798751505, 1.7965025797358944, 1.796204174685682, 1.7957371924168024, 1.7951121131579082, 1.7948196629683177, 1.794387491595032, 1.7938937532086658, 1.7933518535051591, 1.7931549867503664, 1.7925923008185167, 1.7921876377529569, 1.7917997325078034, 1.791387169279604, 1.7908285265294914, 1.7904408138531904, 1.7900513655100114, 1.789562424023946, 1.788993474509981, 1.7885533097462776, 1.788157592726569, 1.7877192171210916, 1.787168123273768, 1.7866908360240805, 1.7864820088586237, 1.786000717144746, 1.785633508211527, 1.7850925227006276, 1.784543622762729, 1.7842421126671326, 1.7836747836862874, 1.783367750991104, 1.7826712156972315, 1.7823487324082954, 1.7819024900085905, 1.781470098811337, 1.781271783205179, 1.7807846173771427, 1.7802524245702303, 1.779936681700568, 1.7792730884164827, 1.7790864469149175, 1.7786499738183796, 1.7779025468561385, 1.777676664865934, 1.7772321301138299, 1.7770123168444023, 1.776515505507461], "test_loss": [0.9310904441833496, 0.8505941383361817, 0.8110532333374023, 0.7907012641906739, 0.7760084037780761, 0.7895480163574219, 0.7423115379333496, 0.7917052497863769, 0.7772729751586914, 0.7925914436340332, 0.7488617057800293, 0.7699578491210938, 0.7289154685974121, 0.7671561271667481, 0.7233585014343261, 0.7474157669067383, 0.780920304107666, 0.7831164794921875, 0.7381688209533691, 0.7734488586425782, 0.7531273834228516, 0.7221503684997559, 0.7992749015808105, 0.7483719970703125, 0.7670723785400391, 0.8036485641479493, 0.7073922668457031, 0.7390377716064453, 0.7602971115112305, 0.741043325805664, 0.7181495666503906, 0.7236054039001465, 0.731688444519043, 0.7358189498901367, 0.7165404541015625, 0.731072526550293, 0.733654012298584, 0.7370165863037109, 0.7517552062988281, 0.7638244171142579, 0.7504367523193359, 0.7250585815429688, 0.7388590690612793, 0.7412611846923828, 0.7444537742614746, 0.7765185920715332, 0.7185410423278809, 0.7749061264038086, 0.7297942878723145, 0.7736647476196289, 0.7520459197998047, 0.7268764495849609, 0.7920567230224609, 0.7682071838378907, 0.7367218444824218, 0.757602668762207, 0.7530672378540039, 0.7663076354980469, 0.7814921226501464, 0.706314779663086, 0.7604620712280273, 0.7611945526123047, 0.7382583419799804, 0.721642798614502, 0.7471203926086426, 0.7387817199707031, 0.7594264739990234, 0.7246868019104004, 0.7112954948425293, 0.7464804374694824, 0.7216875061035156, 0.7796875205993652, 0.7174488899230957, 0.7407923263549805, 0.7465317260742188, 0.7539722915649414, 0.7345221069335938, 0.7514462463378906, 0.7246375205993653, 0.7468113121032715, 0.7116408020019531, 0.7340618133544922, 0.7498106651306152, 0.7062345016479492, 0.7764133972167969, 0.7619136566162109, 0.7579232238769531, 0.7549634979248047, 0.7349621604919434, 0.7416774978637696, 0.7429809646606446, 0.7646147163391114, 0.7467934822082519, 0.7667808349609375, 0.7602728164672852, 0.7504728439331054, 0.7566484657287598, 0.7632223770141602, 0.7169928276062012, 0.7539511047363281], "test_acc": [94.88, 97.08, 97.8, 98.03, 97.92, 98.43, 98.54, 98.66, 98.68, 98.72, 98.67, 98.78, 98.79, 98.89, 98.88, 98.87, 98.87, 98.94, 98.91, 98.85, 99.01, 98.92, 98.99, 98.95, 98.96, 99.03, 98.97, 99.01, 99.02, 98.97, 99.03, 98.96, 99.04, 99.01, 99.03, 99.09, 99.04, 98.9, 99.0, 99.0, 99.07, 99.02, 99.04, 99.08, 99.13, 99.06, 99.06, 99.04, 99.09, 99.05, 99.07, 99.11, 99.0, 99.05, 99.09, 99.02, 99.08, 99.07, 99.02, 99.06, 99.12, 99.12, 99.07, 99.07, 99.06, 99.1, 99.08, 99.07, 99.1, 99.08, 99.03, 99.1, 99.03, 98.97, 99.07, 99.05, 99.03, 99.07, 99.11, 99.06, 99.08, 99.05, 99.02, 99.12, 99.04, 99.03, 99.05, 99.05, 99.03, 99.03, 98.99, 99.04, 98.99, 99.04, 99.05, 99.01, 98.96, 99.07, 98.99, 99.02]}