{"train_loss": [2.2910700272291136, 2.2778593097996507, 2.2735446686418648, 2.27082880694642, 2.2691797389943376, 2.268019966590099, 2.2672514324514275, 2.266627267894582, 2.2660947299411154, 2.265626227244353, 2.2652277416653104, 2.2649140536275683, 2.264508696193369, 2.2642022809411726, 2.263869438415919, 2.2636443885982547, 2.263362643046257, 2.2631207521145162, 2.262836820549435, 2.262665322703174, 2.2624265144013953, 2.2621478382338824, 2.2619766389202867, 2.261720437269944, 2.261494339021862, 2.2613538722706656, 2.261052923834222, 2.2608424114365864, 2.260680232802008, 2.2604954446482863, 2.2602439048962717, 2.2600793237360115, 2.2598530054092407, 2.2595736506657724, 2.2594687322266083, 2.25920011396082, 2.258944100803799, 2.2587291654358563, 2.258512183641776, 2.2582776897992844, 2.2580814901580157, 2.2578137705468726, 2.257565735751747, 2.257259152383886, 2.257165992871309, 2.2568299709222255, 2.256625555519365, 2.2563152231721797, 2.2559997067492232, 2.255775791967017, 2.2554737772697058, 2.2552057759374633, 2.254934017474835, 2.2546598569959655, 2.254370473898374, 2.2540480693181357, 2.2538181563727875, 2.2534651185712242, 2.2530562709539366, 2.2528583651933913, 2.252450969993559, 2.252223931826078, 2.2517556853783436, 2.2514317168129816, 2.2511526422622876, 2.250749133590959, 2.250495646753882, 2.2501254295691466, 2.249679452333695, 2.2492992103609266, 2.24893962776559, 2.2484430889798026, 2.2480968669948416, 2.247753546278701, 2.247402103538187, 2.2468986669157305, 2.2464633767421427, 2.2460068214652886, 2.245555552152487, 2.2451005379358926, 2.2446202284250503, 2.2443027475960236, 2.243964488689716, 2.2433029571150103, 2.242938686130393, 2.242376082473331, 2.241784694357815, 2.2414389211907344, 2.240944996348813, 2.2404546386156325, 2.239771038039118, 2.2394944459964066, 2.238834627163716, 2.23841052228569, 2.237693804451543, 2.2371896877248063, 2.236744839920957, 2.2362477952598505, 2.2355070516594453, 2.235101367673303], "test_loss": [1.960784295654297, 1.850160548400879, 1.786365737915039, 1.7565509185791015, 1.743618572998047, 1.7395260482788086, 1.711417121887207, 1.7219903289794922, 1.715249363708496, 1.707258755493164, 1.7169289779663086, 1.7051679626464844, 1.7103485198974608, 1.7027530075073243, 1.6901228302001954, 1.6827451370239257, 1.6927119537353517, 1.6907072006225585, 1.6827830764770508, 1.6918051330566406, 1.6705057357788087, 1.6664420120239258, 1.6613208602905274, 1.6537144821166991, 1.6818056015014649, 1.6802846252441406, 1.6584468658447267, 1.656101318359375, 1.6796600311279297, 1.679779051208496, 1.6827545516967772, 1.6864015396118164, 1.6782554412841797, 1.6546442291259766, 1.6583236831665038, 1.682737353515625, 1.6522983306884766, 1.6836727096557618, 1.6862988510131836, 1.7039908554077148, 1.6776756164550781, 1.6385338485717773, 1.7007597946166992, 1.6425557693481445, 1.675711558532715, 1.6829439056396485, 1.6885218139648437, 1.6449196365356444, 1.6572853851318359, 1.6560395431518555, 1.6922858581542968, 1.6601508728027343, 1.6503273864746093, 1.6482337280273438, 1.6570150680541993, 1.6539372604370117, 1.6491544158935547, 1.6551824066162109, 1.6749479324340821, 1.6712557113647462, 1.6819926544189454, 1.6356948547363281, 1.6336440185546874, 1.6769894973754882, 1.6545815780639648, 1.661287828063965, 1.6296349685668945, 1.6910841018676759, 1.631099363708496, 1.6611328353881836, 1.675834001159668, 1.6422530914306641, 1.672402749633789, 1.6596392135620117, 1.6570648345947265, 1.6607586380004882, 1.6646849624633788, 1.6860473556518554, 1.6258480041503907, 1.653545571899414, 1.6511374938964845, 1.621585984802246, 1.6229968719482422, 1.7222283706665038, 1.6520797882080078, 1.6697223892211914, 1.6410406387329102, 1.6598230743408202, 1.6787709030151368, 1.6591476501464844, 1.6476807098388673, 1.6600207153320312, 1.690093524169922, 1.6920962844848633, 1.6410905258178712, 1.6244734786987305, 1.6426418838500976, 1.6546533752441406, 1.6795470413208007, 1.7025271789550782], "test_acc": [81.34, 86.55, 91.24, 92.9, 94.7, 95.58, 95.93, 96.46, 96.44, 96.79, 97.15, 97.13, 97.23, 97.21, 97.32, 97.6, 97.32, 97.52, 97.61, 97.6, 97.73, 97.55, 97.79, 97.74, 97.78, 97.85, 97.92, 97.86, 97.83, 97.62, 98.08, 97.81, 97.8, 97.99, 97.96, 97.98, 97.95, 98.0, 97.92, 98.0, 97.83, 97.97, 97.95, 97.94, 97.83, 97.92, 97.77, 97.9, 97.74, 97.79, 97.79, 97.75, 97.86, 97.29, 97.68, 97.33, 97.41, 97.63, 97.33, 97.17, 96.95, 97.36, 97.39, 96.98, 97.38, 96.91, 96.85, 96.83, 96.54, 96.96, 96.55, 96.2, 96.71, 96.27, 95.45, 95.51, 96.25, 94.73, 96.32, 95.33, 95.57, 95.04, 95.77, 93.91, 94.05, 93.6, 94.6, 93.9, 92.58, 92.62, 93.65, 93.16, 91.39, 90.5, 93.2, 92.33, 93.1, 92.24, 90.62, 89.24]}