{"train_loss": [2.2894829547303353, 2.273965039823809, 2.2683476897386403, 2.2649198240704007, 2.2628720535172357, 2.2611110694388037, 2.2601491707003016, 2.2591651092227707, 2.258218872750926, 2.257469807425116, 2.25671001479157, 2.2559009627399282, 2.2553289018125615, 2.2546644159871287, 2.2538211951907883, 2.2532168896789226, 2.252442760854705, 2.251735195135459, 2.250933843800145, 2.2501155433491764, 2.249430923889845, 2.2483939385821676, 2.2475846603385405, 2.2467618126135607, 2.2456531590885587, 2.2447146905793085, 2.243768480088976, 2.2426319962892776, 2.24145241935029, 2.2403592645612536, 2.239013844066196, 2.23773635758294, 2.2360311481687756, 2.234509395737933, 2.232843439803164, 2.2313526150507803, 2.2292154517948117, 2.227664100818145, 2.2255928088457155, 2.223486971651387, 2.2211281922128467, 2.218668934626457, 2.21642559613937, 2.2139132669848256, 2.211201631105863, 2.2082365848060346, 2.2051274047957525, 2.2023011532604184, 2.1994194082724743, 2.1956642178388743, 2.192198024346278, 2.18826341883749, 2.184547716226333, 2.1803423436278973, 2.176275443317544, 2.1724414081654997, 2.1668171959045606, 2.162293862583291, 2.157262861728668, 2.153277799105033, 2.1479565613290186, 2.142166405152052, 2.1373370055459504, 2.1314936978185277, 2.1263516499445987, 2.12096873155007, 2.113860728394272, 2.108837084383027, 2.103125500373351, 2.0974067974294353, 2.0904129590743628, 2.0847556952737336, 2.077061315886995, 2.0716325518412466, 2.06582964460055, 2.0595900571753836, 2.0543218800145335, 2.0476077244831967, 2.0407833541050935, 2.0361882674897838, 2.029208809392065, 2.022582417369908, 2.017829728432191, 2.011044653562399, 2.0062225417703643, 2.0003974557432356, 1.9943425912632902, 1.9890560581643357, 1.9827952326362968, 1.9773069296637151, 1.9735327031877306, 1.968347798045884, 1.9644623235759573, 1.9590617889522488, 1.954225007794861, 1.949962872470546, 1.9454014291111221, 1.9405905071996217, 1.9362094488918271, 1.932479968183061], "test_loss": [1.9571388092041015, 1.799466470336914, 1.7767426986694337, 1.7245349090576172, 1.7156842697143555, 1.7070625686645509, 1.6693394515991211, 1.6673558547973633, 1.6684020553588867, 1.6593440826416015, 1.6638730285644532, 1.663484504699707, 1.6552281524658203, 1.6550597305297852, 1.650953500366211, 1.6706581481933593, 1.6448406646728515, 1.6523272003173828, 1.604103694152832, 1.6690347610473633, 1.6356950317382812, 1.6387276184082031, 1.616231086730957, 1.6074403778076172, 1.6069335418701172, 1.6217802703857422, 1.618910414123535, 1.620945719909668, 1.6606651016235352, 1.642769479370117, 1.6196107330322265, 1.5920470520019532, 1.6212031539916991, 1.6255111221313476, 1.6330140625, 1.615309489440918, 1.6008283477783203, 1.6812766937255859, 1.6389648010253905, 1.6318590560913087, 1.613888005065918, 1.6460973678588868, 1.6968795578002929, 1.669565151977539, 1.6679241348266602, 1.6560112014770507, 1.640933090209961, 1.6269398513793945, 1.6623707336425781, 1.6733608642578126, 1.6419605590820312, 1.7161375946044921, 1.6392473327636718, 1.7127207977294923, 1.6393662521362304, 1.6794607543945312, 1.7142531204223632, 1.668924932861328, 1.6853544677734376, 1.6914653121948242, 1.7008735092163085, 1.6392398345947266, 1.7204869369506837, 1.7137339828491212, 1.6942320541381837, 1.7347535430908203, 1.7349910049438477, 1.7025867156982422, 1.6607514862060546, 1.6425060485839844, 1.8018335510253907, 1.7706221130371094, 1.7993805313110351, 1.7461056671142579, 1.7544436950683593, 1.7097512222290039, 1.7613205352783203, 1.8656402450561524, 1.786629949951172, 1.784122819519043, 1.7879255615234375, 1.7678854354858398, 1.8056497909545899, 1.8614455017089844, 1.7974885177612305, 1.777971955871582, 1.8406185348510742, 1.830359945678711, 1.8175597625732423, 1.8811131774902343, 1.8276436767578126, 1.8823713470458985, 1.8370127243041992, 1.8203330474853516, 1.860864825439453, 1.8517265991210938, 1.875712612915039, 1.8652455017089844, 1.9017350006103515, 1.8895327651977538], "test_acc": [74.4, 90.34, 91.96, 93.46, 94.92, 95.18, 95.31, 95.87, 95.99, 96.03, 96.67, 96.68, 96.69, 96.52, 96.75, 96.48, 96.67, 96.92, 96.73, 96.74, 97.06, 96.62, 96.67, 96.56, 96.42, 96.59, 96.34, 95.87, 95.59, 95.09, 95.44, 95.35, 94.5, 94.41, 93.28, 93.51, 93.65, 90.02, 89.9, 91.18, 89.51, 88.18, 83.4, 86.07, 82.13, 82.78, 81.18, 82.59, 77.8, 76.37, 77.06, 69.42, 75.03, 67.77, 73.08, 69.75, 64.04, 66.18, 65.54, 63.98, 63.93, 67.15, 60.14, 60.83, 60.93, 55.69, 55.81, 57.28, 60.54, 60.93, 47.61, 50.76, 44.73, 50.15, 50.38, 54.49, 48.84, 42.41, 47.53, 46.75, 47.32, 48.96, 44.39, 42.45, 46.57, 46.01, 43.12, 43.56, 43.53, 40.39, 43.43, 39.06, 43.31, 42.77, 39.93, 41.75, 39.52, 40.12, 39.09, 37.02]}