{"train_loss": [2.2949751406653314, 2.284840134983389, 2.281092873495868, 2.278518169863611, 2.276737488233126, 2.275286912918091, 2.2740679688942738, 2.2733086918154335, 2.27236076654532, 2.271513978130797, 2.270838686543652, 2.2700187472196727, 2.269299141362182, 2.2684759232732983, 2.2678145098889995, 2.2670018774831395, 2.266228607067695, 2.265350633706802, 2.264416235634404, 2.2636146815414104, 2.2626499151572204, 2.2616111325402546, 2.260449912303533, 2.259648997559507, 2.2582685952512627, 2.257076556356544, 2.255870050854153, 2.2542447233811402, 2.252843177216685, 2.2510260093925347, 2.249549151995243, 2.2477140217764764, 2.2456838422351413, 2.2435761359002857, 2.24124506345162, 2.2391677473345375, 2.2366553692736177, 2.2337758026571355, 2.230607239609091, 2.227978197937338, 2.2250732703086658, 2.221254128676194, 2.217747424912249, 2.2138754587907057, 2.2094550000296698, 2.2050602278138838, 2.201694464072203, 2.196330083231641, 2.1913569029579816, 2.1854521031053658, 2.1801383790806828, 2.1739258715230174, 2.16830244838682, 2.161394143715883, 2.154986951595698, 2.147662332424751, 2.140161486262949, 2.1324094793735404, 2.124235694225018, 2.1164673908143983, 2.108505842013237, 2.1004999310542374, 2.091602944410764, 2.083186012047988, 2.073544241169579, 2.0651776301555143, 2.056379426748325, 2.0462526857343493, 2.0366421242554984, 2.0275990191178446, 2.01972023365844, 2.009050798467082, 2.0007707374727626, 1.9915608906338358, 1.9825988811814887, 1.9736683934162824, 1.96585489414696, 1.9560850675289447, 1.948051060621555, 1.937876333283563, 1.9312457910969727, 1.9241052376918304, 1.9176260069904165, 1.9075537571030805, 1.9015863471561008, 1.8947913975287707, 1.8883510476503618, 1.8802957478751483, 1.8749567695662506, 1.867927731357069, 1.8623096148173015, 1.8564683160720727, 1.8509698130636134, 1.846649314603235, 1.8412315848036709, 1.8360037128640037, 1.8304226064783895, 1.8269368259825258, 1.820526076432986, 1.817707187599606], "test_loss": [2.03615576171875, 1.9404697631835937, 1.8886202072143554, 1.8565842956542968, 1.8115400543212892, 1.8233748321533203, 1.7802567169189454, 1.7633585708618165, 1.7777840698242187, 1.779310450744629, 1.7574550659179689, 1.757855714416504, 1.7712310150146484, 1.7559862030029296, 1.7763133911132813, 1.774932827758789, 1.7568088241577149, 1.7469349578857423, 1.727488313293457, 1.7556122589111327, 1.7284871032714844, 1.733183155822754, 1.7101281875610352, 1.750618051147461, 1.7174097518920899, 1.702063117980957, 1.7102412948608399, 1.7587411209106445, 1.7439942901611327, 1.703604182434082, 1.7501728775024414, 1.7504074005126953, 1.7026506240844728, 1.7211611724853515, 1.7523929656982422, 1.7053997421264648, 1.719733528137207, 1.7276398254394532, 1.7157174560546875, 1.715487628173828, 1.7620965316772461, 1.7313350692749023, 1.7109956420898438, 1.7528837173461913, 1.7033429611206055, 1.7332412307739258, 1.780223600769043, 1.735224449157715, 1.7355609909057617, 1.7828794830322265, 1.8187086990356445, 1.7156464401245117, 1.6870816238403321, 1.7813846115112304, 1.8381520645141602, 1.7754779510498047, 1.8361953338623047, 1.7786948318481446, 1.7785464660644532, 1.8667887115478516, 1.8539871246337891, 1.8235559280395508, 1.782483186340332, 1.8506850662231444, 1.7917725387573242, 1.8620890579223632, 1.8003877059936524, 1.920565887451172, 1.9023035675048827, 1.8876915130615235, 1.8986914474487304, 1.9217932586669921, 1.8846413467407226, 1.8908243118286132, 2.000264614868164, 1.9409246383666992, 1.969582243347168, 1.9684836074829102, 1.9910314483642577, 2.059243800354004, 1.9864212997436523, 1.957608088684082, 2.003839610290527, 2.026525880432129, 1.9924472900390624, 1.9720491134643554, 1.9861871154785156, 2.057309175109863, 2.039984910583496, 2.0612106262207033, 2.096469079589844, 2.0530147979736326, 2.0498573364257813, 1.9737609283447266, 2.0593018432617187, 2.130079740905762, 2.058065017700195, 2.0196727111816406, 1.9905940124511718, 2.173083006286621], "test_acc": [74.43, 85.4, 88.65, 92.03, 93.73, 93.19, 93.56, 95.1, 96.08, 95.54, 95.13, 96.04, 95.06, 96.09, 96.11, 96.3, 95.79, 95.4, 96.31, 96.37, 96.02, 96.23, 94.41, 95.5, 94.6, 95.07, 94.96, 93.33, 90.73, 90.48, 90.88, 88.96, 90.08, 85.92, 86.86, 87.68, 86.74, 82.33, 78.95, 79.98, 76.02, 74.74, 78.64, 73.29, 74.08, 71.61, 64.25, 67.98, 67.66, 56.04, 56.83, 61.76, 65.35, 55.61, 52.61, 54.55, 50.66, 53.38, 53.42, 44.33, 43.92, 48.13, 50.08, 43.67, 47.27, 42.56, 45.1, 38.97, 38.67, 40.15, 39.5, 38.97, 39.55, 37.46, 36.35, 35.85, 33.91, 34.94, 32.52, 29.51, 34.69, 35.5, 34.09, 30.64, 31.59, 34.82, 33.98, 31.01, 32.37, 30.53, 29.62, 30.89, 30.96, 34.8, 30.91, 26.4, 29.55, 31.94, 32.98, 26.37]}