{"train_loss": [1.8253902237639468, 1.6663620298744266, 1.641980229279934, 1.6281841430399153, 1.6186230358404992, 1.6116235248553448, 1.6043053972415435, 1.5982309595132485, 1.5927943103333824, 1.5875634225005777, 1.5813616987986443, 1.5766729320216382, 1.5712504231522226, 1.565143543176162, 1.559023220060218, 1.5524678434062207, 1.5456105580187252, 1.5389130622403235, 1.5311525458963509, 1.5220410699008877, 1.5116618525268686, 1.5024690903150117, 1.491449976324016, 1.480799028251925, 1.4671355929130163, 1.452774563151547, 1.4382427849321284, 1.4217253548976703, 1.403025751439934, 1.384614744502255, 1.364495394576309, 1.3401433800020788, 1.3187005647227295, 1.2936769892007878, 1.2680673864152696, 1.2415562256788597, 1.213252185501604, 1.183381472642605, 1.1532307343605237, 1.1263228347923002, 1.0918831771765, 1.0634910642591298, 1.0303405724529526, 1.0039391418298085, 0.9722690844637716, 0.9470683282766587, 0.9179097174579262, 0.8902847999945666, 0.8661319973886522, 0.8414335573076183, 0.8207697683674657, 0.8011081575328468, 0.7822700248569505, 0.7666737033515914, 0.7535652732237791, 0.7380122575494978, 0.7270561528002095, 0.7147704482587993, 0.7057981214716903, 0.697864168856898, 0.6899121620206752, 0.6822352488326211, 0.676277588830035, 0.6696097981980723, 0.6646203896683506, 0.6587672785051868, 0.6550586880781711, 0.6501214083952781, 0.6464918876050884, 0.6426601020189432, 0.6390086706632223, 0.6351258205807108, 0.632471649437888, 0.6298925546754119, 0.6262243623152758, 0.6235177583164639, 0.621071573251333, 0.6182368117519933, 0.6158780277284801, 0.6134434204835159, 0.611662317544986, 0.6095559380502782, 0.606861709529518, 0.6051429324170463, 0.603459204109306, 0.601322615885327, 0.5991940260188192, 0.597872782848839, 0.5960971478723053, 0.5945189292104835, 0.5930393535611976, 0.5916950086243132, 0.5901445607599031, 0.5886341710375924, 0.587080866480485, 0.585780345603951, 0.5847376635950855, 0.5838258437111846, 0.5824283817384996, 0.580893769605547], "test_loss": [0.8033733631134033, 0.6674465476989746, 0.6436435920715332, 0.6315986549377441, 0.6611884895324707, 0.605478592300415, 0.6326820129394531, 0.5403150173187256, 0.6081495124816895, 0.6377447761535645, 0.6157687675476075, 0.6335106086730957, 0.5942731033325195, 0.552360446548462, 0.5277414379119874, 0.6380677520751953, 0.6695731727600097, 0.5741744846343995, 0.6005894371032715, 0.6904391189575195, 0.5456935028076172, 0.6191406936645508, 0.6248766929626465, 0.5839241039276123, 0.576940185546875, 0.5858243518829346, 0.6305440963745117, 0.5927962589263917, 0.6647774452209473, 0.6264007087707519, 0.6285053115844726, 0.6780035743713378, 0.5936283298492432, 0.6235330669403076, 0.6665746078491211, 0.6797330451965332, 0.5502054386138916, 0.6672465694427491, 0.6646650527954101, 0.6966961753845214, 0.6779376136779786, 0.7045912498474121, 0.7506410583496094, 0.706129801940918, 0.829121989440918, 0.761103311920166, 0.7289320640563964, 0.7872284400939942, 0.7940082496643066, 0.8116683891296387, 0.7998469337463379, 0.8445094017028809, 0.7839222457885742, 0.8018418807983398, 0.8204609176635742, 0.8142690330505371, 0.8220474571228027, 0.8492454040527344, 0.8579362648010254, 0.8365121505737305, 0.8372521301269531, 0.8493363479614258, 0.8697293151855469, 0.8643420738220214, 0.8867184394836426, 0.8977182037353516, 0.8899701881408691, 0.8821013267517089, 0.9152737617492676, 0.8586993141174316, 0.8923199264526367, 0.9064765563964844, 0.9264860420227051, 0.8945534278869629, 0.8995915657043457, 0.9179841644287109, 0.9256608963012696, 0.8993850891113281, 0.9379623558044433, 0.933322013092041, 0.9466848167419434, 0.9510025604248047, 0.9167507263183594, 0.9596231948852539, 0.9605300468444824, 0.9506247688293457, 0.9788769111633301, 0.968627066040039, 0.9739696754455567, 0.970208585357666, 0.9514711036682129, 0.9797914825439453, 0.9597113929748535, 0.9914212623596191, 0.9678520111083985, 1.0089968505859375, 0.973011019897461, 0.9808266792297363, 0.9665002990722656, 1.0097510261535645], "test_acc": [95.15, 96.9, 97.61, 97.77, 98.06, 98.15, 98.37, 98.53, 98.42, 98.51, 98.65, 98.66, 98.43, 98.54, 98.6, 98.53, 98.68, 98.53, 98.19, 98.11, 98.34, 97.83, 97.58, 97.54, 97.6, 96.57, 96.4, 96.33, 93.86, 93.98, 93.89, 91.51, 93.03, 90.7, 89.03, 88.21, 91.66, 86.72, 85.93, 84.85, 85.19, 82.7, 80.29, 81.28, 76.34, 79.11, 79.6, 76.31, 77.09, 76.56, 76.76, 74.69, 76.91, 76.32, 75.8, 74.94, 74.92, 74.1, 73.46, 74.44, 74.2, 74.2, 73.17, 73.48, 73.02, 72.43, 72.68, 72.95, 71.69, 73.94, 72.75, 72.14, 71.38, 72.63, 72.37, 71.54, 71.22, 72.17, 70.91, 71.27, 70.9, 70.82, 72.08, 70.45, 70.35, 70.68, 69.68, 69.82, 69.87, 70.2, 70.49, 69.73, 70.21, 69.55, 70.22, 68.68, 70.11, 69.68, 70.19, 68.85]}