{"train_loss": [1.2874089082082112, 1.059476549936156, 1.0342482078788626, 1.0211454508905737, 1.0126167107851078, 1.0060039600755415, 1.0011501295699015, 0.9973300647022377, 0.9937195681099199, 0.9907053989222926, 0.9880317310746919, 0.9858295377503093, 0.9835423880662674, 0.9815587880265, 0.9791108700964186, 0.9775111945266397, 0.9759238845008051, 0.9742688518813533, 0.9728985449187776, 0.9718479170249059, 0.9703051530652576, 0.9688181944637217, 0.9674692617522346, 0.9662598337118442, 0.9650398580691754, 0.9636394091141529, 0.9619757428637936, 0.9615944650692817, 0.9601268030894108, 0.9590026628003161, 0.9579913464621601, 0.9569817589134233, 0.95529705286026, 0.9545599479451139, 0.9536396480268903, 0.95242377759045, 0.9516162583206453, 0.9505986047860904, 0.9495761554974776, 0.948322302255875, 0.9473991895842756, 0.9463824614500388, 0.9456921870637144, 0.9444369198674829, 0.9433932882598323, 0.9428936618770289, 0.9419467926789553, 0.9404308836684268, 0.9397433037177111, 0.9387881996539923, 0.9376520092925454, 0.9369877989475544, 0.9358149347906439, 0.935123914327377, 0.9341526534567531, 0.9335611764437113, 0.9328351038643438, 0.9318296208850338, 0.9309986715133374, 0.9303287454904654, 0.9293814371538978, 0.9283881465084532, 0.9275337889408454, 0.9269044268080312, 0.9261572622081153, 0.9252250647952414, 0.924420857276672, 0.9238150058648525, 0.9231198348550715, 0.9226222194922276, 0.9220073339011934, 0.9210906122994219, 0.9205160231417061, 0.9196593060962155, 0.9191319894077431, 0.9185783347258201, 0.9179274489482244, 0.9170711681119397, 0.9167306246156366, 0.9161611879483248, 0.9153277508468709, 0.9147776535943023, 0.9140932843980626, 0.9137718624029404, 0.9132187546063693, 0.9128719077915208, 0.9120769333890361, 0.9116543055090129, 0.9110807032666655, 0.910584782051225, 0.9101972866516846, 0.9098130031528636, 0.9092768463823531, 0.9090030742251974, 0.9083004612953235, 0.9079843633449994, 0.9072457774836793, 0.907179695673478, 0.9066256603114625, 0.9061356507814847], "test_loss": [0.3635592441558838, 0.3026930618286133, 0.3028277191162109, 0.2864348905563355, 0.30215276012420655, 0.30854906826019285, 0.2807894889831543, 0.31340607662200926, 0.2693621719360352, 0.2851041667938232, 0.2652393321990967, 0.25604617252349854, 0.259414631652832, 0.27254141235351564, 0.29431165313720703, 0.25415806217193604, 0.2692122442245483, 0.2955233953475952, 0.2363104471206665, 0.2790713293075561, 0.2502127723693848, 0.24014642810821532, 0.24422872982025146, 0.25036321659088134, 0.30227786750793456, 0.24882435398101807, 0.2767612710952759, 0.2613165605545044, 0.2731523366928101, 0.2622484992980957, 0.26183480949401855, 0.2602032209396362, 0.28227010707855227, 0.2829461715698242, 0.28970172214508055, 0.24357817707061769, 0.24572541103363038, 0.2480538745880127, 0.2635106813430786, 0.2939399454116821, 0.2657030864715576, 0.2572237007141113, 0.2768252082824707, 0.3012062913894653, 0.27443540019989016, 0.2540303304672241, 0.2638554859161377, 0.25598944683074953, 0.2649481519699097, 0.2578062791824341, 0.2645973430633545, 0.2542076307296753, 0.2554619791030884, 0.274155605506897, 0.2581599983215332, 0.26107778968811035, 0.27884251232147217, 0.29305056800842283, 0.24082021999359132, 0.2542477262496948, 0.26711158485412595, 0.26591118946075437, 0.25644483070373536, 0.2670129570007324, 0.2486059446334839, 0.2636206174850464, 0.250234720993042, 0.2601457361221313, 0.2639412504196167, 0.25669456386566164, 0.2584725534439087, 0.25075476112365724, 0.2463113582611084, 0.27550317821502684, 0.24789182262420653, 0.2693425792694092, 0.265170232963562, 0.2764925983428955, 0.27523156452178954, 0.2645802738189697, 0.2645185033798218, 0.2631181993484497, 0.2721257104873657, 0.2620149942398071, 0.2489811834335327, 0.2642000745773315, 0.2474753662109375, 0.24846452922821044, 0.27313489971160887, 0.28054140033721925, 0.2704745635986328, 0.27726217708587647, 0.2505239776611328, 0.25926882877349855, 0.27774758071899414, 0.257099800491333, 0.2608965404510498, 0.2700959577560425, 0.27078210639953615, 0.2655111623764038], "test_acc": [96.93, 97.95, 98.53, 98.66, 98.67, 98.8, 98.95, 98.93, 99.04, 98.96, 99.0, 99.05, 99.05, 99.08, 99.09, 99.08, 99.08, 98.99, 99.11, 99.13, 99.16, 99.09, 99.08, 99.16, 99.18, 99.1, 99.17, 99.12, 99.18, 99.13, 99.12, 99.12, 99.13, 99.14, 99.11, 99.16, 99.17, 99.11, 99.19, 99.13, 99.21, 99.07, 99.11, 99.04, 99.11, 99.15, 99.21, 99.13, 99.13, 99.15, 99.19, 99.19, 99.16, 99.2, 99.16, 99.09, 98.96, 99.08, 99.14, 99.11, 99.09, 99.16, 99.15, 99.14, 99.12, 99.12, 99.16, 99.12, 99.11, 99.09, 99.17, 99.14, 99.09, 99.14, 99.13, 99.13, 99.14, 99.14, 99.11, 99.16, 99.17, 99.12, 99.14, 99.14, 99.09, 99.15, 99.06, 99.1, 99.04, 99.14, 99.14, 99.09, 99.08, 99.14, 99.05, 99.14, 99.14, 99.14, 99.11, 99.05]}