{"train_loss": [2.2322437151884422, 2.1811598264254055, 2.1688310193200397, 2.163619389391353, 2.1600202571632514, 2.1569423324022536, 2.1546580715057178, 2.152695541198437, 2.1507756378915577, 2.1490010624257927, 2.1474647185741325, 2.146189155232193, 2.1443792963639283, 2.142743579342834, 2.141020846163106, 2.139772883337787, 2.138071027576414, 2.136440222589379, 2.134563914221576, 2.1332115994559393, 2.131258531513377, 2.129007410289895, 2.12755318177052, 2.1251984416929064, 2.1228045963833475, 2.1208863457043967, 2.1182107981453595, 2.1155539847846723, 2.113165498798729, 2.1103008144941087, 2.106891681495895, 2.104085967072055, 2.1006261280968657, 2.09653132644474, 2.0935256341074266, 2.0894478345528626, 2.084552318112463, 2.079942512206542, 2.0758380938289513, 2.0703971683979034, 2.065554914566187, 2.0597053081051917, 2.054222927898423, 2.046986010594246, 2.0422628863244996, 2.0351437057694817, 2.028443477092645, 2.021147419499536, 2.0139152641989226, 2.0063162308472853, 1.997795420834142, 1.9900292794928591, 1.9824282180549753, 1.972982126678157, 1.9642418791086247, 1.955793923801846, 1.946743859949275, 1.937053343679151, 1.9282589198177695, 1.9191101776738453, 1.9094021850162082, 1.9008260702984965, 1.8910916636132786, 1.8807475039592156, 1.8712605271074507, 1.8623849224840474, 1.8546107564217005, 1.8439352655003214, 1.8354758941210234, 1.8279639900240123, 1.8196040361355512, 1.80955400196915, 1.8017424737286365, 1.793548530747748, 1.7868251311473358, 1.7798053487243815, 1.7714755285499442, 1.7638898807713108, 1.7574109684707773, 1.750724623600642, 1.7433099303490076, 1.7388366381836753, 1.7333728006252875, 1.7262044169454493, 1.721034629477395, 1.715272173158124, 1.7106059978150914, 1.7055019988463476, 1.6994466295099666, 1.6957491806939118, 1.691488456267577, 1.6868608441108313, 1.6829755499831631, 1.6785291191349683, 1.6737472944789462, 1.6714135558686705, 1.6673166795164092, 1.6628892240870712, 1.6609726059131134, 1.6560779160413988], "test_loss": [1.5309379028320313, 1.3756205963134767, 1.292087791442871, 1.259519725036621, 1.306756137084961, 1.2801241928100586, 1.2515141815185546, 1.295541879272461, 1.274120199584961, 1.300852345275879, 1.272951107788086, 1.2803831222534179, 1.2855621459960938, 1.2760458023071288, 1.2739213134765626, 1.2247680404663086, 1.2608090789794921, 1.2583025207519531, 1.2419083862304687, 1.2262921096801758, 1.249131756591797, 1.2385419937133788, 1.1962804962158202, 1.212588037109375, 1.248448046875, 1.2479188720703125, 1.2070205520629882, 1.2296587188720702, 1.268858575439453, 1.2818247741699218, 1.298123858642578, 1.2672097930908204, 1.2896460296630858, 1.2394171295166017, 1.2556926193237306, 1.268504965209961, 1.247549478149414, 1.3138791259765625, 1.2829732376098633, 1.3514659133911133, 1.2879029525756835, 1.2411551605224609, 1.345082975769043, 1.221873275756836, 1.2888575744628907, 1.3176946151733397, 1.3115976913452148, 1.285054965209961, 1.3035221878051757, 1.297072506713867, 1.3761649154663087, 1.3154123977661132, 1.307673666381836, 1.2780026840209961, 1.342669677734375, 1.3195112274169922, 1.3476886093139648, 1.3376874786376953, 1.3110167907714845, 1.4114552810668946, 1.3643372467041015, 1.3412376724243165, 1.351966326904297, 1.4074397338867188, 1.3907084197998048, 1.4106647354125976, 1.398861343383789, 1.4441712615966797, 1.3861243438720703, 1.393087774658203, 1.428287855529785, 1.402368898010254, 1.455783888244629, 1.4372731842041016, 1.4641904281616211, 1.4907436141967774, 1.434557763671875, 1.5076053329467773, 1.3981875091552733, 1.475064976501465, 1.3984745590209962, 1.4605709899902344, 1.3919580612182618, 1.5035193344116211, 1.5087141250610352, 1.5040909942626952, 1.5087043899536132, 1.5181580673217774, 1.5717304870605469, 1.497971728515625, 1.4735078155517578, 1.5303883712768556, 1.5608230773925782, 1.5229510711669922, 1.5147648956298827, 1.5085659545898438, 1.5285669494628906, 1.5618540390014648, 1.5586386184692382, 1.6343347778320312], "test_acc": [88.26, 93.55, 95.3, 95.82, 96.86, 97.12, 97.39, 97.72, 97.67, 97.71, 97.94, 98.0, 98.03, 98.0, 97.96, 98.17, 97.79, 98.04, 97.98, 98.0, 98.1, 97.9, 98.06, 97.7, 97.61, 97.79, 97.72, 97.65, 97.73, 96.81, 96.47, 96.19, 94.35, 96.33, 95.7, 95.17, 95.08, 92.92, 92.21, 90.32, 91.89, 91.98, 87.24, 90.32, 86.76, 85.52, 84.96, 85.66, 82.95, 82.83, 76.66, 81.38, 77.52, 78.02, 75.24, 77.27, 72.35, 71.92, 73.87, 66.54, 69.37, 67.32, 69.23, 66.25, 65.35, 63.97, 65.0, 62.79, 64.67, 64.37, 62.3, 62.94, 60.39, 60.35, 59.21, 57.36, 59.48, 56.8, 61.37, 57.49, 61.2, 58.31, 61.08, 55.94, 55.67, 56.39, 55.47, 55.02, 51.12, 55.98, 56.94, 53.32, 51.73, 54.16, 54.77, 54.34, 53.53, 52.05, 52.71, 48.76]}