{"train_loss": [1.6832210306937878, 1.509039015851469, 1.487616010201283, 1.477432923948663, 1.4702399304279914, 1.465951461567838, 1.462474294197865, 1.4593397391657543, 1.457067541587047, 1.4545231797756293, 1.452804292878534, 1.4513020971391954, 1.4497552962384672, 1.4484195668473203, 1.4472351219409552, 1.4462886299842443, 1.4452528739586854, 1.4442747054446456, 1.443596889065881, 1.4424944318767288, 1.4417506919966803, 1.4410150891695268, 1.440537931317957, 1.4399883038977273, 1.4393152739757147, 1.4387513796488445, 1.437960343228446, 1.4376520881286035, 1.4371297649848156, 1.436424030452712, 1.4361366104875875, 1.435758166333549, 1.4351891312334273, 1.4347949797271664, 1.4344499312404893, 1.4338762569121826, 1.4335250052121968, 1.433239659947208, 1.432859281444142, 1.4324619461837997, 1.4320610346447709, 1.4317279404554613, 1.431368554249788, 1.4311608330816286, 1.430823876307561, 1.430281436850882, 1.43002112604614, 1.4296620419392219, 1.4293879089701889, 1.4292144678596757, 1.4288265180383992, 1.4285651055666118, 1.428251644739738, 1.4280906370562365, 1.4276274315312378, 1.4275352631369207, 1.427174576327332, 1.426834451337146, 1.4267049093022306, 1.426318888990288, 1.4261252322258093, 1.425921958226424, 1.4256648887426426, 1.425398760371738, 1.4251634942160711, 1.4249849245589004, 1.4246050445442526, 1.4245248095602052, 1.424204800118748, 1.4240328195767524, 1.4237249404446692, 1.423505898978975, 1.423464250106078, 1.4229847368521569, 1.4229782103982747, 1.422648524117266, 1.4224794183531377, 1.4222665429115295, 1.4220887639074244, 1.4218974210258224, 1.4216610012400863, 1.4214441760992393, 1.4212828724302797, 1.421219106668081, 1.4208965574064825, 1.4208260364512093, 1.4205580473455608, 1.4204045200449789, 1.4201463394694858, 1.4199524850417407, 1.4197462117060637, 1.419702982545918, 1.4192906806611607, 1.4189929890836406, 1.4189789504067511, 1.418868572029293, 1.4188124020384927, 1.418648121958105, 1.4184171605823386, 1.4183265426729479], "test_loss": [0.6267584255218506, 0.5456680091857911, 0.5075785087585449, 0.5113080532073975, 0.5270998355865478, 0.511614612197876, 0.46413302726745603, 0.4941408042907715, 0.5001846141815186, 0.5056529594421386, 0.44958168716430663, 0.4908659172058105, 0.46647389221191404, 0.4709462516784668, 0.49472161293029787, 0.4923213611602783, 0.4853701820373535, 0.4671635871887207, 0.46081230354309083, 0.47172590942382814, 0.4505517417907715, 0.4782837211608887, 0.4457603057861328, 0.45172725181579587, 0.4979287853240967, 0.4788768268585205, 0.47056240882873535, 0.4647508987426758, 0.45923427391052246, 0.43998282203674316, 0.4736679023742676, 0.43614956130981447, 0.4969800769805908, 0.4749189556121826, 0.45855717544555663, 0.4617740795135498, 0.4605531532287598, 0.4568759918212891, 0.46715481605529785, 0.46970803451538085, 0.4797763416290283, 0.4422295207977295, 0.4820785984039307, 0.46485242347717287, 0.4570823429107666, 0.4724559814453125, 0.46023025054931643, 0.4904862937927246, 0.4553047431945801, 0.45286791496276857, 0.46069754333496094, 0.46895345687866213, 0.45540539627075194, 0.496723970413208, 0.46765379066467283, 0.44411733589172364, 0.4633728672027588, 0.48191862983703615, 0.4570661331176758, 0.473549133682251, 0.4749124179840088, 0.457782958984375, 0.47228802947998044, 0.44473310775756836, 0.47098479270935056, 0.4440373237609863, 0.45632626457214354, 0.42937822608947757, 0.4593118766784668, 0.4657162284851074, 0.4556651718139648, 0.4770858776092529, 0.45781279258728025, 0.47322822494506833, 0.45227879333496096, 0.452675154876709, 0.45845010185241697, 0.47257158508300784, 0.46595127182006835, 0.4628685955047607, 0.4845887584686279, 0.4917962776184082, 0.4971260936737061, 0.44135171661376954, 0.474211438369751, 0.4251659530639648, 0.46766339683532715, 0.46004459228515626, 0.4630129539489746, 0.4829835346221924, 0.47660967559814454, 0.4631461879730225, 0.4632848358154297, 0.4583643383026123, 0.4692382823944092, 0.479136022567749, 0.47426879653930665, 0.45447423706054685, 0.4730105506896973, 0.48393861236572266], "test_acc": [96.5, 97.63, 98.25, 98.6, 98.42, 98.66, 98.8, 98.87, 98.86, 98.96, 98.94, 98.95, 98.93, 99.0, 99.02, 99.06, 99.08, 99.0, 99.06, 99.1, 99.09, 99.13, 99.07, 99.12, 99.1, 99.13, 99.17, 99.16, 99.18, 99.08, 99.23, 99.15, 99.18, 99.18, 99.21, 99.25, 99.25, 99.18, 99.24, 99.21, 99.25, 99.25, 99.23, 99.26, 99.26, 99.26, 99.23, 99.24, 99.27, 99.25, 99.25, 99.26, 99.27, 99.3, 99.27, 99.29, 99.28, 99.25, 99.26, 99.23, 99.32, 99.29, 99.32, 99.31, 99.3, 99.35, 99.32, 99.34, 99.31, 99.32, 99.37, 99.38, 99.27, 99.37, 99.33, 99.31, 99.33, 99.34, 99.3, 99.36, 99.27, 99.32, 99.35, 99.35, 99.32, 99.35, 99.36, 99.37, 99.31, 99.35, 99.31, 99.31, 99.36, 99.26, 99.38, 99.35, 99.37, 99.36, 99.36, 99.37]}