{"train_loss": [2.249930753157689, 2.2076933811872435, 2.1955177473206806, 2.189172159402798, 2.184787147065513, 2.181790700325599, 2.1786371510252995, 2.17646238895563, 2.1735576829339704, 2.1711769399479923, 2.169062691876012, 2.16633554503449, 2.1639108056696053, 2.1615158395889478, 2.159262388180464, 2.156293815527207, 2.152720412127992, 2.1497924669176087, 2.1458171697763295, 2.1421715219815574, 2.137537674516694, 2.1333302763792186, 2.127742160843988, 2.1225997517761, 2.115519449751601, 2.109918967526183, 2.102532614500095, 2.0949805185326142, 2.085715853760385, 2.0767704172012134, 2.064717308833049, 2.0544940437007155, 2.041107858602817, 2.028254802410419, 2.0144424112434063, 1.997789907659221, 1.980389485247115, 1.9618232802957551, 1.9425304572806399, 1.9214897565862052, 1.9004647209603562, 1.8774767711631253, 1.8543121422457898, 1.828664594481134, 1.8005344717421083, 1.7768183544150784, 1.7500609719855154, 1.7245064553542016, 1.6933310770580912, 1.6658995118406084, 1.6370591852400038, 1.6113052350333614, 1.5832978171161098, 1.5566042468079135, 1.5273492990905404, 1.505548755837302, 1.481727437585847, 1.456020399546012, 1.4340091994684985, 1.414982657147269, 1.3935363178069775, 1.3744141462012234, 1.3565648710116363, 1.3388438642534435, 1.3243910871509812, 1.3098177234841208, 1.2946253230429103, 1.283157048571823, 1.2723782202626905, 1.2608150995185232, 1.2515914572609796, 1.2422180662297795, 1.2332969909040337, 1.2255899226054168, 1.2174347980409606, 1.2106850208380284, 1.2046452747960377, 1.199296883538238, 1.192643082039988, 1.1874748353774731, 1.1827530201174254, 1.1778516698087382, 1.1743118966746533, 1.1692720498794165, 1.166141413215898, 1.162082025128552, 1.1577386046067262, 1.1549159856433542, 1.1514733530517318, 1.1485033361320822, 1.1452228475330222, 1.1421918690714061, 1.1394843049029, 1.1367875444583404, 1.1343608651405725, 1.1321519890911558, 1.1289728946155972, 1.1267535128654578, 1.1241394370539575, 1.1224707795514002], "test_loss": [1.5830031158447266, 1.4127993927001954, 1.400990495300293, 1.3987598297119141, 1.3954917022705078, 1.3577296295166015, 1.335914991760254, 1.3584525787353516, 1.308960676574707, 1.3971426147460937, 1.324967791748047, 1.3519100509643556, 1.3216638732910155, 1.3379123413085938, 1.3833419174194337, 1.3069709884643554, 1.2896290161132813, 1.3176687393188478, 1.3036025009155274, 1.359734226989746, 1.3333164886474609, 1.2920885208129882, 1.3573826644897462, 1.331271585083008, 1.3908714477539061, 1.335212306213379, 1.3084567886352538, 1.3249091201782226, 1.3339341522216797, 1.2694261764526367, 1.3511059646606445, 1.3335159225463866, 1.3996190475463868, 1.3726310668945312, 1.451249755859375, 1.4219286575317382, 1.3689822158813476, 1.4533416625976563, 1.4171006378173827, 1.3983210144042968, 1.4638327560424804, 1.4610338775634766, 1.564231790161133, 1.4647555450439453, 1.4819371856689454, 1.4802279312133788, 1.6289817321777345, 1.5705840393066406, 1.5051293899536133, 1.5039375610351562, 1.5423447891235351, 1.6430941787719726, 1.6974867477416993, 1.748979899597168, 1.8505864364624023, 1.6803159042358398, 1.690185284423828, 1.7508280059814454, 1.7481298202514648, 1.70505399017334, 1.7956989990234375, 1.8387739883422851, 1.7487642929077147, 1.7758097076416015, 1.8158591720581054, 1.8526986358642579, 1.9218960647583008, 1.8916971527099609, 1.8356802368164062, 1.9903068649291993, 1.8637601593017579, 1.9311276245117188, 1.860728790283203, 1.947289761352539, 1.9460933090209962, 1.9733520416259767, 2.0090740631103516, 1.9087069595336914, 1.937224838256836, 2.0072821395874025, 1.996278840637207, 1.9815565673828126, 2.008511215209961, 1.9854307830810547, 1.993790707397461, 2.0105231353759767, 2.0332125244140626, 1.9646298431396485, 1.9820739501953124, 2.048140475463867, 2.0659454055786135, 2.0141864364624023, 2.0159788513183594, 2.07166104888916, 2.039004591369629, 2.0843029571533203, 2.0101796569824217, 2.0380500244140625, 2.079057646179199, 2.0655791702270507], "test_acc": [87.35, 91.67, 94.22, 95.62, 96.59, 96.59, 96.66, 96.93, 96.16, 96.55, 97.46, 97.17, 97.17, 97.07, 97.28, 97.37, 96.53, 97.12, 96.71, 96.62, 95.83, 95.97, 95.34, 94.86, 91.52, 92.36, 89.76, 90.28, 88.74, 88.49, 84.72, 82.21, 77.9, 77.5, 71.49, 70.35, 73.55, 66.65, 68.25, 67.51, 61.08, 60.27, 55.3, 58.95, 57.9, 57.72, 48.79, 50.95, 53.16, 53.92, 52.67, 48.43, 45.71, 43.64, 39.34, 46.96, 44.96, 42.92, 43.52, 44.97, 42.33, 41.02, 43.82, 42.03, 41.76, 39.86, 38.57, 39.69, 40.45, 36.07, 40.78, 38.24, 39.95, 37.64, 37.31, 36.89, 36.3, 38.92, 37.52, 35.38, 37.14, 37.17, 36.03, 37.27, 36.54, 36.22, 35.61, 37.02, 37.57, 35.12, 34.29, 36.76, 35.98, 34.03, 35.42, 34.65, 36.46, 36.89, 33.93, 34.43]}