{"train_loss": [2.290533613954854, 2.2747622091546016, 2.268165993894267, 2.2644213611244135, 2.2615660938442264, 2.2588068313068814, 2.25694833148239, 2.255014770051353, 2.253097278949542, 2.2514110095480566, 2.2492146517476463, 2.2474347271470942, 2.2450427127699566, 2.24257420321815, 2.2396766436405673, 2.2363037227565408, 2.2333862577748094, 2.2292257842854557, 2.225126985810761, 2.2207244858782516, 2.2148879547404428, 2.2085887377078715, 2.2007698773318887, 2.1931783908452744, 2.1844007607199187, 2.173984584135887, 2.162299254001715, 2.1490914505771084, 2.1347756123440895, 2.118301665171599, 2.0986998254417353, 2.07769794927703, 2.0545223775582437, 2.0280624920995827, 1.9991514214083679, 1.9690460544875545, 1.9340197971233954, 1.8968798444311843, 1.8548065444343111, 1.811569928104042, 1.7640922665596008, 1.7163890429541595, 1.666423680435898, 1.6154165650025392, 1.5607851774264605, 1.5118484272916093, 1.4554628752745116, 1.3961930185811133, 1.3474771790524833, 1.2990398636231055, 1.2458453509542677, 1.196576026515064, 1.1529523076919408, 1.1041720878874135, 1.0602840157146127, 1.0172709380714302, 0.9837868593187413, 0.9478428464414727, 0.9189022756539859, 0.890663932913389, 0.8667603611436665, 0.847124917512266, 0.8296003358231651, 0.8132356302096293, 0.8022780860336418, 0.7891118140556873, 0.7786792100240023, 0.7700689973739477, 0.7622481551435258, 0.7542763139702316, 0.7476220552483176, 0.7409851134587557, 0.735381083865451, 0.7303423437043133, 0.7248964235823379, 0.7207421175180337, 0.716186369713555, 0.7123767556543024, 0.7072187435423207, 0.7039486507319996, 0.701149148054612, 0.6974065814517502, 0.693684182742722, 0.6907811436133507, 0.6875900118014752, 0.6849649994291811, 0.6822800903748243, 0.6797276507330756, 0.6771960245747851, 0.6743014336396487, 0.6718734656898384, 0.6699319970913422, 0.66771154360384, 0.6654804345124807, 0.6634198232338979, 0.6612830404033009, 0.6595979122779309, 0.6575421655279958, 0.6552696431803907, 0.6543006140452164], "test_loss": [1.9558040420532226, 1.8182308319091798, 1.7961875885009766, 1.7947410232543946, 1.7348411712646485, 1.6977440322875976, 1.7027144577026367, 1.7187515258789063, 1.6872409713745118, 1.711102394104004, 1.6284149383544921, 1.652807127380371, 1.6712086227416991, 1.6701821487426758, 1.638172232055664, 1.6195788650512695, 1.669185873413086, 1.6934994064331055, 1.6525788757324218, 1.6832879867553712, 1.6850574798583984, 1.633656706237793, 1.7125310546875, 1.6619825424194337, 1.6289180740356446, 1.6679911392211915, 1.6782166595458985, 1.7030672088623047, 1.7142829879760741, 1.7734218032836915, 1.6005865798950196, 1.7807989700317384, 1.840318714904785, 1.758263803100586, 1.6909987350463866, 1.8051394744873046, 1.8004711959838868, 1.8555246612548828, 2.022792790222168, 1.9361274185180664, 2.031457403564453, 2.043311358642578, 2.0909360000610353, 2.0886904541015623, 2.146700700378418, 2.305674890136719, 2.13162971496582, 2.3615161666870117, 2.3491134033203127, 2.4422888290405274, 2.555161959838867, 2.55023078918457, 2.642587564086914, 2.6943420379638674, 2.6948081634521484, 2.803592575073242, 2.7483048889160155, 2.908803479003906, 2.908019598388672, 2.8879350006103515, 2.813218142700195, 2.891518667602539, 2.955223257446289, 2.9628685821533205, 2.9514111297607424, 2.969576107788086, 2.9500175567626954, 2.982616683959961, 3.0193750701904296, 2.9987166687011717, 3.0059195251464845, 3.050215832519531, 2.9937891876220704, 3.022848791503906, 3.018572576904297, 3.0522919555664063, 3.035510678100586, 3.103930728149414, 3.092124673461914, 2.995008187866211, 3.0321659149169924, 3.0819503875732424, 3.072389910888672, 3.101769006347656, 3.1030209228515626, 3.0494699523925783, 3.1475327697753905, 3.105052944946289, 3.1418205780029296, 3.149329211425781, 3.143543548583984, 3.109801351928711, 3.12543225402832, 3.13419208984375, 3.118815655517578, 3.1611035339355467, 3.1717104705810546, 3.104631246948242, 3.1855338562011717, 3.1643642333984374], "test_acc": [73.63, 85.75, 90.08, 91.35, 93.86, 93.12, 93.54, 94.86, 94.77, 94.68, 93.56, 94.52, 94.49, 93.73, 92.95, 93.16, 92.7, 90.66, 90.75, 86.85, 85.6, 85.13, 74.28, 77.84, 78.45, 70.64, 65.96, 63.27, 58.84, 52.97, 62.03, 47.07, 45.05, 49.07, 50.42, 42.32, 43.43, 39.91, 30.33, 33.84, 32.15, 33.45, 30.41, 30.85, 29.73, 27.64, 31.2, 27.3, 27.65, 26.08, 25.78, 26.12, 24.95, 25.23, 25.39, 23.36, 25.65, 22.88, 22.75, 22.73, 24.35, 23.25, 22.26, 22.16, 22.0, 21.55, 22.24, 21.69, 21.86, 22.22, 21.46, 20.06, 22.13, 22.09, 21.81, 20.53, 21.79, 20.65, 20.92, 22.04, 21.07, 21.62, 21.08, 20.48, 19.77, 21.43, 19.93, 20.58, 19.88, 19.52, 19.59, 20.43, 20.12, 20.28, 19.9, 20.11, 19.45, 20.92, 18.88, 19.66]}