{"train_loss": [1.959135928724566, 1.8310522900687323, 1.812048956624463, 1.801609236969907, 1.7942617599271302, 1.7886100673777425, 1.784484815139037, 1.7798129984965692, 1.7766521124758272, 1.7729097805980942, 1.7694304267055967, 1.7666967450044093, 1.7633928078362064, 1.7606533406636653, 1.7574863999317853, 1.754552545455786, 1.750688603036424, 1.747225728045162, 1.7439825911807199, 1.740979480692464, 1.7374033336965446, 1.733294868061685, 1.7290523627884367, 1.7255526676646664, 1.7208315235936744, 1.7163414247015603, 1.711094158836919, 1.7055615647735758, 1.6998192869190476, 1.6944408212971485, 1.6878088447782729, 1.6808251972891326, 1.6741662626592522, 1.6671793274899833, 1.6589355496769278, 1.651710997025172, 1.6439543858043149, 1.6335573308488243, 1.6251983683333437, 1.6164407128961678, 1.6052584854456096, 1.5949081661354783, 1.5859961456213243, 1.574224140144821, 1.5642322790928376, 1.5531402487530668, 1.5422333066280072, 1.5299482699642835, 1.5186278934662159, 1.5068885324857173, 1.49534321620933, 1.4827874506640637, 1.4725984459758823, 1.4598141539300609, 1.4486800564659967, 1.4366702279473982, 1.425312061340381, 1.415566167006126, 1.406037917249223, 1.3958886056883721, 1.3855918689161284, 1.3767988658868349, 1.3662699906744509, 1.356829264989266, 1.3504553340439103, 1.340401058523064, 1.333211797934312, 1.3249366808141398, 1.3170221779081557, 1.3110072383513818, 1.304503134937368, 1.2987341791646094, 1.2910863678170066, 1.2871699226208222, 1.2811210682758918, 1.2763152540239513, 1.2705700293055966, 1.2665460626793723, 1.26297176673881, 1.2579048196984153, 1.2543998330067365, 1.2507843186712673, 1.2463329240807102, 1.2428625949427612, 1.2393103547585316, 1.2372628565017993, 1.2334434731393797, 1.2306072569300985, 1.2282326381940107, 1.2254644780077486, 1.2226857779881892, 1.2207197908662324, 1.2179005479710734, 1.2159986554557443, 1.214558781721653, 1.212176463033399, 1.2094717387460237, 1.2068339382481372, 1.2056945896046793, 1.2033051341517358], "test_loss": [0.8986924011230468, 0.7932507659912109, 0.8011711364746094, 0.7229952423095704, 0.7832711647033691, 0.7656572486877441, 0.7494974548339843, 0.7691702178955078, 0.7475589485168457, 0.7802029914855957, 0.7045014907836914, 0.73780546875, 0.7388211540222168, 0.7152081062316894, 0.6824713455200195, 0.6895240844726562, 0.6879688056945801, 0.7087183517456055, 0.6395789131164551, 0.705678490447998, 0.7246226585388184, 0.7433409225463867, 0.7156977813720703, 0.6879075630187989, 0.7496323020935058, 0.7427482933044434, 0.7374050323486329, 0.7979435874938965, 0.6964359634399414, 0.7298813957214355, 0.6914789833068847, 0.6977635437011719, 0.7030523986816406, 0.6845262634277344, 0.7265083724975586, 0.8067651031494141, 0.70397744140625, 0.6729321670532227, 0.6974737487792969, 0.7550428520202637, 0.8267745025634765, 0.8557452476501465, 0.7027233955383301, 0.7447631172180176, 0.7616084121704102, 0.8150707168579101, 0.7751690155029297, 0.7708624214172364, 0.74317367477417, 0.8209951919555664, 0.7906757705688476, 0.8409384689331054, 0.7919397239685059, 0.7085007507324219, 0.8350135124206542, 0.8133778541564941, 0.8771406806945801, 0.8050185577392578, 0.945261457824707, 0.8403647857666016, 0.8360446403503418, 0.8293515022277832, 0.8629025978088379, 0.8215153617858887, 0.8779929862976075, 0.8947439781188965, 0.8663216835021973, 0.8475885429382324, 0.8619688140869141, 0.8892770767211914, 0.890070166015625, 0.8651588874816895, 0.8740751380920411, 0.8780645919799804, 0.8981102104187012, 0.8865996536254883, 0.9068689910888672, 0.9186843925476075, 0.9286942962646484, 0.9147359153747558, 0.8824947738647461, 0.8692169120788574, 0.8643178840637207, 0.9255115875244141, 0.9102281929016113, 0.9207767333984375, 0.9554781921386719, 0.9190774681091308, 0.9176218688964843, 0.9010389457702637, 0.9811000289916992, 0.9349606834411621, 0.9520543609619141, 0.9440799797058106, 0.8936538993835449, 0.995956723022461, 0.9295412155151367, 0.9726703308105469, 0.9651552612304688, 0.9540288444519043], "test_acc": [95.15, 96.8, 97.51, 97.84, 98.06, 98.09, 98.38, 98.53, 98.38, 98.68, 98.59, 98.62, 98.61, 98.8, 98.53, 98.79, 98.71, 98.7, 98.7, 98.62, 98.59, 98.43, 98.38, 98.61, 98.41, 98.52, 98.36, 98.08, 98.41, 98.1, 98.11, 98.12, 97.64, 97.85, 96.95, 96.62, 97.02, 96.79, 96.02, 94.52, 93.21, 91.57, 95.12, 94.0, 92.92, 90.84, 90.57, 90.43, 91.28, 87.44, 89.07, 86.53, 87.98, 90.11, 85.23, 85.7, 83.69, 85.14, 79.66, 84.48, 82.97, 83.63, 82.12, 84.51, 81.16, 80.49, 81.44, 82.67, 80.85, 79.67, 79.66, 80.74, 80.6, 80.33, 79.14, 79.83, 79.27, 78.13, 78.64, 78.25, 79.41, 80.03, 80.32, 77.77, 78.59, 78.45, 76.44, 77.3, 78.25, 78.6, 75.26, 76.89, 76.86, 76.43, 78.12, 74.99, 77.46, 75.57, 75.82, 75.64]}