{"train_loss": [2.1992251908677254, 2.1318694786128836, 2.117339954416976, 2.1102982458905277, 2.1051592393818064, 2.1014876482833147, 2.0981913287924905, 2.094829082998455, 2.092343306948996, 2.0894100767934423, 2.0869657929636474, 2.083814681085766, 2.0815622381165495, 2.078746954854737, 2.0763921172190933, 2.0734043477946877, 2.070005032751295, 2.0661857331919875, 2.0627060351718187, 2.058455831729449, 2.05402942498525, 2.0500490415809502, 2.0444609741879325, 2.0391271106707745, 2.034378160014112, 2.027247203211499, 2.020156727387355, 2.0128586261700363, 2.004639527736566, 1.9967468943860796, 1.9873268015873737, 1.9767217103742127, 1.9663590136756244, 1.9546977714595632, 1.9432048917326152, 1.9297352035840352, 1.9136143961013892, 1.8992769871002588, 1.8828198033520298, 1.867017622686859, 1.849384500939622, 1.8301525230591114, 1.809572639118912, 1.791439743887665, 1.7711215653480628, 1.7468041650250428, 1.7259456696163895, 1.7037532199651768, 1.6839748600609281, 1.6598283327542818, 1.6383122516493511, 1.6164638163187566, 1.5930712396263058, 1.573727913137175, 1.5532460859698107, 1.5340886464995196, 1.5142748811815538, 1.4944841591720908, 1.4756048260590968, 1.457624072702522, 1.4430446876929357, 1.4278445317704453, 1.4113587148678608, 1.3972203446249676, 1.3837082498093956, 1.3696308889959612, 1.359550423347033, 1.3483794996371636, 1.3382487587439709, 1.3271440079069545, 1.3176396211497805, 1.3088362619408176, 1.3002727686339974, 1.2937597917695332, 1.2856542269388835, 1.2803272182105954, 1.2731672077097445, 1.2671469778586657, 1.2618770535685058, 1.2568358389230876, 1.25057348379722, 1.2465309335125818, 1.2416682245894375, 1.2371798659491742, 1.234749735165865, 1.2300471467340095, 1.225927790770164, 1.2225502281107454, 1.2195746317887917, 1.2162430645563664, 1.213219553232193, 1.2104346194328406, 1.2076545744879632, 1.2051248496923692, 1.2026385677675915, 1.1996226073839726, 1.1969766173607264, 1.1950088171367972, 1.1929137159107077, 1.1908990391808698], "test_loss": [1.3307423568725585, 1.2085650588989258, 1.2490433395385743, 1.189017790222168, 1.153730167388916, 1.1686148651123047, 1.1645003509521485, 1.130128736114502, 1.1188875228881836, 1.0951005912780762, 1.1724420013427734, 1.1779058807373046, 1.2232418594360353, 1.139536476135254, 1.0898731605529786, 1.1521659332275391, 1.1829938507080078, 1.1542954803466796, 1.1570152191162109, 1.1126449310302735, 1.2258517044067383, 1.116630339050293, 1.1786638565063476, 1.1076215713500976, 1.147160903930664, 1.2016365417480468, 1.1783111038208007, 1.215690983581543, 1.2112781982421874, 1.1421669250488282, 1.1900438629150392, 1.1072714027404784, 1.163318984222412, 1.1319986099243164, 1.242155827331543, 1.1490735580444336, 1.1418460289001464, 1.2514319885253906, 1.1663668502807618, 1.1899085052490235, 1.2102282073974608, 1.301901544189453, 1.133093938446045, 1.1780951553344727, 1.2493433059692383, 1.2732860290527344, 1.182655020904541, 1.2729596939086913, 1.2929857147216797, 1.427554136657715, 1.33326668548584, 1.3353615203857423, 1.3069309555053712, 1.4083782943725587, 1.3262401092529297, 1.4299206115722656, 1.4391802322387695, 1.4163328826904298, 1.378141438293457, 1.4682479843139649, 1.467361994934082, 1.4479690963745118, 1.4339677352905273, 1.556126759338379, 1.5155417770385742, 1.4583434173583985, 1.5162539855957031, 1.5850208053588868, 1.566048176574707, 1.584305467224121, 1.4888440673828125, 1.5811331329345704, 1.6085001480102539, 1.6006798217773437, 1.5768583526611328, 1.5837941497802734, 1.6086290237426757, 1.620289909362793, 1.648474267578125, 1.623499737548828, 1.5909845916748047, 1.664199411010742, 1.6604433929443358, 1.6819069198608398, 1.606969581604004, 1.6269939712524415, 1.62966932220459, 1.6477926376342773, 1.623186410522461, 1.646592350769043, 1.6711418502807618, 1.6661179260253907, 1.6856257034301758, 1.6980987243652343, 1.689513018798828, 1.7155916152954103, 1.6459872680664063, 1.7373033157348632, 1.7059548553466797, 1.7369060211181642], "test_acc": [90.18, 94.23, 96.08, 96.61, 96.95, 97.11, 97.2, 97.65, 97.28, 97.76, 97.82, 97.56, 97.71, 97.9, 97.84, 97.95, 97.9, 97.53, 97.41, 97.1, 97.2, 97.5, 97.08, 96.62, 96.62, 95.07, 95.39, 93.81, 91.1, 92.28, 90.22, 92.23, 89.09, 88.16, 84.07, 85.76, 83.7, 79.07, 80.54, 78.54, 74.73, 71.33, 77.88, 74.7, 69.7, 67.65, 72.35, 66.49, 65.8, 58.78, 60.41, 60.72, 63.13, 57.64, 60.61, 56.82, 56.06, 56.66, 56.97, 54.17, 53.74, 55.33, 55.44, 49.74, 52.14, 54.11, 52.14, 49.73, 49.69, 49.27, 52.83, 49.72, 48.46, 48.92, 49.94, 48.87, 47.72, 48.16, 47.54, 47.82, 49.84, 46.39, 46.57, 45.31, 48.79, 48.11, 48.54, 47.02, 48.06, 47.41, 46.47, 46.3, 46.28, 45.47, 46.05, 45.35, 47.37, 44.13, 45.7, 44.8]}