{"train_loss": [2.3023475541008844, 2.3017503710893483, 2.3014181475354056, 2.3011877811872044, 2.3010379111664925, 2.300908636333596, 2.3007979657914905, 2.3006869661502347, 2.3005923374086366, 2.300495267423809, 2.3004171807541804, 2.3003393849755964, 2.3002697973169832, 2.300182872857803, 2.3001028345181393, 2.299985629371089, 2.2999488181538053, 2.2998386438076315, 2.2997692120380893, 2.29967790740168, 2.2996039803211508, 2.29953072570328, 2.2994377083248563, 2.2993400718411827, 2.299289239777459, 2.2991949365689206, 2.2990919672525845, 2.29901075668824, 2.298914330637353, 2.298808062687898, 2.2987346526903982, 2.2986352392750926, 2.2985276681745153, 2.298439069181426, 2.2983080118130417, 2.298193371703482, 2.2981154847348857, 2.297977947271787, 2.297833647992876, 2.2977240080507393, 2.2975867920451694, 2.297473448463994, 2.297321825964838, 2.297182246660575, 2.2970819488549843, 2.296922467712663, 2.2967388589158015, 2.296600635235126, 2.296401453833295, 2.296243046084021, 2.2960753501989903, 2.295834932062361, 2.2956962906397305, 2.2954705158869424, 2.295301855629326, 2.295126184948489, 2.294872213123191, 2.294698670379117, 2.294409439095065, 2.2942073793492765, 2.2939833728676167, 2.2937088404965196, 2.29341406088609, 2.2932128126804647, 2.2929355405334735, 2.2926199690908446, 2.2923630139766593, 2.2919912047875233, 2.291740421556, 2.291428693339356, 2.2910726498334837, 2.2908123471798043, 2.2904030808016786, 2.290128190802713, 2.2896668895696983, 2.289459943261921, 2.2889772444708734, 2.2884985921729326, 2.2882117848111014, 2.287750535031669, 2.2872933230848393, 2.286890608123225, 2.286381071449345, 2.2859813265311413, 2.2855604683232102, 2.285097778862358, 2.284596187946124, 2.2839391740978274, 2.2834354751130457, 2.2830359273486667, 2.2823766969208026, 2.281805855086726, 2.2812250292199288, 2.2805060387676597, 2.280001184369764, 2.2793973735255055, 2.2787295340472817, 2.278258379198547, 2.2774349899373503, 2.276903450489044], "test_loss": [2.2679918731689455, 2.241585891723633, 2.2194992584228515, 2.2042263732910157, 2.197479833984375, 2.191718215942383, 2.1851564575195312, 2.180949917602539, 2.1755612884521485, 2.171399087524414, 2.165017578125, 2.1639226318359377, 2.161457144165039, 2.1611924957275392, 2.1574873626708984, 2.1538981811523437, 2.1534436126708982, 2.146762283325195, 2.1499859130859376, 2.143444305419922, 2.1429023986816405, 2.1462726104736327, 2.137151998901367, 2.133438430786133, 2.13651767578125, 2.1337612213134767, 2.1303324768066405, 2.129559420776367, 2.1273528930664063, 2.130245071411133, 2.1295132080078125, 2.1333266845703127, 2.120675354003906, 2.117892916870117, 2.1138983489990233, 2.1276135498046873, 2.1236375274658204, 2.12316396484375, 2.11851005859375, 2.1216631256103518, 2.115708935546875, 2.1178524475097658, 2.1231172088623045, 2.113955825805664, 2.113843664550781, 2.121430630493164, 2.1217893127441405, 2.1106919860839843, 2.1156296020507814, 2.117543780517578, 2.123589175415039, 2.1098360626220702, 2.1182107177734375, 2.115780554199219, 2.1173427368164064, 2.1106536254882813, 2.116209732055664, 2.1164502380371095, 2.128566439819336, 2.127800338745117, 2.113171179199219, 2.112999871826172, 2.111887109375, 2.1088926696777346, 2.1225873474121095, 2.105075830078125, 2.1149178009033203, 2.1101876098632815, 2.1214465942382814, 2.1210346313476562, 2.119091830444336, 2.1136329650878904, 2.1052247009277343, 2.137053015136719, 2.10788528137207, 2.1060783203125, 2.119546875, 2.116383236694336, 2.108593646240234, 2.1102568756103515, 2.122710595703125, 2.122715316772461, 2.1209492889404298, 2.1101175872802735, 2.1234972442626954, 2.1464772918701174, 2.121216030883789, 2.122163409423828, 2.123310971069336, 2.1165814239501954, 2.111086309814453, 2.0912273071289063, 2.1439846435546874, 2.1199215576171877, 2.1307347198486326, 2.116436624145508, 2.1395805297851562, 2.1245879486083985, 2.113919400024414, 2.1469779602050783], "test_acc": [52.98, 63.9, 66.89, 78.49, 71.12, 80.89, 84.48, 86.05, 85.01, 87.68, 83.89, 88.48, 87.73, 89.43, 88.97, 89.29, 89.19, 90.51, 90.21, 90.69, 88.58, 89.58, 89.05, 90.51, 90.85, 91.19, 89.89, 91.71, 89.29, 91.17, 89.32, 90.11, 88.23, 91.07, 90.46, 89.52, 90.2, 88.1, 86.57, 85.78, 88.39, 88.55, 87.85, 86.94, 86.05, 84.91, 79.02, 82.83, 82.98, 84.12, 82.21, 82.33, 79.59, 75.63, 73.62, 79.33, 77.19, 74.34, 73.97, 71.0, 72.69, 72.8, 69.52, 70.2, 66.33, 68.87, 64.43, 64.68, 56.38, 62.57, 59.7, 63.17, 64.78, 49.9, 52.75, 58.44, 48.97, 56.82, 53.28, 50.93, 53.01, 51.66, 50.42, 54.31, 49.56, 42.45, 47.56, 44.98, 46.53, 46.21, 46.34, 49.13, 40.04, 43.24, 39.83, 41.78, 30.63, 41.73, 43.03, 35.27]}