{"train_loss": [2.30265471059033, 2.3026206116391044, 2.3026123867075667, 2.3026077426396885, 2.302604680387383, 2.302602286522205, 2.302600565119686, 2.302598975153051, 2.3025976684358387, 2.3025966093071504, 2.3025955578200836, 2.30259464490108, 2.3025939439097023, 2.302593307617383, 2.3025926667400913, 2.3025920783352647, 2.30259152304413, 2.3025910334709363, 2.302590486330864, 2.302590072154999, 2.302589675300142, 2.3025892758980775, 2.3025889513839006, 2.30258863654911, 2.302588284525097, 2.302587996690701, 2.3025876477233367, 2.302587391474308, 2.302587142866901, 2.302586858598595, 2.302586735313774, 2.302586395006913, 2.3025862416650495, 2.3025858947354503, 2.3025858218853292, 2.3025855340509334, 2.302585363897503, 2.302585193234631, 2.302585029703939, 2.3025847984175396, 2.3025846919442854, 2.302584511602027, 2.302584331259768, 2.3025842140882444, 2.3025840322176614, 2.3025838574792585, 2.3025837525343285, 2.3025835457011166, 2.30258346368105, 2.302583296584268, 2.3025831839977164, 2.3025829700323253, 2.3025829180693016, 2.3025827647274375, 2.302582713273855, 2.302582579800206, 2.3025824702703037, 2.302582215040158, 2.3025822369461384, 2.3025820545661144, 2.3025819659233093, 2.302581856902848, 2.3025816949004803, 2.302581643446898, 2.3025815670306864, 2.30258144527419, 2.302581273082994, 2.3025812639130487, 2.3025811976856656, 2.3025810504570985, 2.302580930228926, 2.3025808782659025, 2.3025807356223083, 2.3025807259429216, 2.302580549166753, 2.3025805150341783, 2.3025803968437715, 2.302580250124646, 2.3025802521624117, 2.3025802221053686, 2.3025800723295946, 2.302580040234786, 2.3025798772135353, 2.302579769721398, 2.3025797330416164, 2.302579528755612, 2.302579671399206, 2.302579531302819, 2.3025794360372753, 2.302579320394076, 2.3025792434684234, 2.302579215449146, 2.302579105919243, 2.3025790565034265, 2.302578942897992, 2.3025788995954724, 2.3025788160470815, 2.302578749310257, 2.3025787258759522, 2.3025785837417994], "test_loss": [2.2976410888671874, 2.296919122314453, 2.2964576263427734, 2.2960965881347657, 2.2957941314697266, 2.295548883056641, 2.295324432373047, 2.295129214477539, 2.2949733673095705, 2.294827032470703, 2.294747100830078, 2.2946504638671876, 2.294549685668945, 2.2944637451171874, 2.294397006225586, 2.2943244110107424, 2.294273425292969, 2.2942166442871095, 2.2941596771240236, 2.29408996887207, 2.2940373291015623, 2.29400234375, 2.2939552673339842, 2.2938918182373045, 2.2938615051269533, 2.293817984008789, 2.2937736328125, 2.2937126495361326, 2.2936772155761718, 2.2936412109375, 2.2935911956787107, 2.2935427703857423, 2.2935304748535157, 2.2934875396728516, 2.293448126220703, 2.2934467193603516, 2.293401348876953, 2.293371322631836, 2.2933211822509767, 2.2933228271484376, 2.293270053100586, 2.2932441925048828, 2.2932355224609373, 2.293208255004883, 2.293196130371094, 2.293169256591797, 2.293141567993164, 2.2931232818603515, 2.2931071380615236, 2.293046368408203, 2.2930469146728516, 2.293008511352539, 2.2929735931396484, 2.292976550292969, 2.292964791870117, 2.2929457733154295, 2.2929162231445313, 2.292901940917969, 2.2928930297851564, 2.292872119140625, 2.2928532958984373, 2.2928358795166015, 2.2928158447265625, 2.292812762451172, 2.292782067871094, 2.2927495025634768, 2.2927239654541016, 2.292713342285156, 2.2927106506347656, 2.292693231201172, 2.292664279174805, 2.2926528411865235, 2.292637173461914, 2.2926363037109376, 2.2926204681396483, 2.292617788696289, 2.2925774017333986, 2.2925579986572266, 2.2925626708984375, 2.292531921386719, 2.2925197143554685, 2.2925174133300783, 2.29249560546875, 2.2924862731933593, 2.292473016357422, 2.292446145629883, 2.292447296142578, 2.2924218017578126, 2.2924138793945312, 2.2923855010986327, 2.2923837219238283, 2.2923789611816408, 2.292377914428711, 2.2923555755615235, 2.2923431549072264, 2.292340228271484, 2.292315316772461, 2.2923009490966795, 2.292295428466797, 2.2922898986816405], "test_acc": [16.95, 18.24, 19.35, 20.81, 22.57, 23.53, 24.76, 26.41, 27.68, 28.81, 29.5, 31.12, 31.71, 32.39, 32.92, 34.2, 35.17, 35.62, 36.66, 37.04, 37.68, 37.36, 38.25, 39.33, 39.63, 40.6, 41.31, 41.95, 42.2, 42.66, 43.2, 44.24, 44.5, 43.25, 44.52, 44.84, 45.49, 46.21, 46.73, 46.49, 47.5, 47.84, 48.29, 48.83, 48.7, 48.94, 49.38, 49.35, 49.51, 50.01, 50.89, 50.67, 50.6, 51.49, 51.23, 51.88, 52.42, 51.5, 52.86, 52.49, 52.83, 52.85, 52.52, 52.66, 54.03, 53.78, 53.57, 54.22, 54.36, 54.94, 54.88, 55.2, 55.63, 55.08, 55.81, 55.32, 56.23, 56.47, 56.07, 56.72, 55.91, 56.2, 56.87, 56.46, 57.09, 56.12, 57.11, 57.76, 57.67, 57.89, 57.25, 58.44, 58.49, 58.91, 58.36, 57.22, 58.76, 58.56, 58.11, 59.25]}