{"train_loss": [2.3025404174103694, 2.302339609362121, 2.302228981613094, 2.3021494639225497, 2.3020871332567983, 2.302042038522215, 2.3020087271674066, 2.3019772798587113, 2.301945593112554, 2.3019210568860045, 2.30189686249464, 2.301879403428135, 2.301858165834704, 2.3018323335892115, 2.301820472264901, 2.3018031482003694, 2.301780935536083, 2.301758889968579, 2.3017494800763254, 2.301729439160763, 2.3017209299609194, 2.301701731661446, 2.3016839353447285, 2.3016710077595506, 2.3016570368383684, 2.3016459417139363, 2.3016271081745114, 2.3016066225165996, 2.3015987638734345, 2.30158834070222, 2.3015696625424247, 2.3015622267356286, 2.3015439128264403, 2.3015314304930534, 2.3015206130141888, 2.3015033837057586, 2.301487498303764, 2.301475732244997, 2.3014644532122164, 2.3014489855521765, 2.301436823147994, 2.3014234115934777, 2.301407231224908, 2.301393691291157, 2.301387668165386, 2.3013700200961185, 2.301361226118528, 2.301341796023214, 2.3013311996419206, 2.3013160717793, 2.3013037249573274, 2.3012877391953754, 2.301279917741433, 2.3012662718438697, 2.3012436628341675, 2.301227998529744, 2.301220629969214, 2.301204986551888, 2.3011823418812876, 2.3011708529586468, 2.3011582076040087, 2.3011421489919353, 2.301128569831196, 2.3011083714982385, 2.3010988963974848, 2.301082901465587, 2.301068280497168, 2.3010492900497894, 2.301031748453776, 2.301016315435752, 2.3010062672134137, 2.30098600876637, 2.3009583965325966, 2.3009447175213413, 2.3009327971018276, 2.300913735332652, 2.300906043786269, 2.3008787642177353, 2.3008641447776403, 2.3008413375952306, 2.30081754617202, 2.3008047388150143, 2.3007815444571342, 2.3007696617362847, 2.300743157028133, 2.300728413284334, 2.300703132763887, 2.3006846777394285, 2.3006691830789943, 2.300641544863709, 2.3006272366923146, 2.3006003662052317, 2.300585500195495, 2.3005691756550064, 2.3005394645226307, 2.300516146370488, 2.3004965043475485, 2.300471350678012, 2.3004467757339153, 2.300419984210251], "test_loss": [2.281277508544922, 2.269030374145508, 2.259228076171875, 2.250480001831055, 2.244448303222656, 2.239777749633789, 2.2352392608642577, 2.2325738037109377, 2.229209063720703, 2.2270922912597655, 2.225350720214844, 2.224057064819336, 2.221062829589844, 2.2197946838378906, 2.2188636169433593, 2.2177678466796875, 2.2151408966064454, 2.215496237182617, 2.2142473846435546, 2.2122317779541016, 2.211955889892578, 2.2105263763427736, 2.2094407501220705, 2.208293704223633, 2.20763674621582, 2.2072900482177733, 2.204902737426758, 2.205026742553711, 2.2046196716308595, 2.2034485931396484, 2.2032099731445314, 2.2023808197021486, 2.200581448364258, 2.200032131958008, 2.199581317138672, 2.200742037963867, 2.199859796142578, 2.1971230438232423, 2.197036410522461, 2.1985018920898436, 2.1959762512207033, 2.196777719116211, 2.195813299560547, 2.1943347259521486, 2.1947002990722657, 2.194077145385742, 2.194168063354492, 2.1930643188476564, 2.1919864868164063, 2.1928169219970703, 2.1925054229736327, 2.191811041259766, 2.1919597290039063, 2.1920037170410156, 2.191204718017578, 2.1912462799072268, 2.1905914733886718, 2.18897490234375, 2.188684915161133, 2.189133804321289, 2.191292303466797, 2.1894951751708986, 2.1908506561279295, 2.189347644042969, 2.1874279296875, 2.1881691528320313, 2.1874720703125, 2.186089288330078, 2.185030029296875, 2.187044186401367, 2.1868485076904296, 2.1860527618408203, 2.1876586822509765, 2.1867392822265623, 2.1861498962402344, 2.187217431640625, 2.184391598510742, 2.187335925292969, 2.185165524291992, 2.185870248413086, 2.1862956481933593, 2.1828375885009765, 2.184546145629883, 2.188699234008789, 2.1830911987304686, 2.1870084869384767, 2.1858210540771483, 2.1833511505126952, 2.1820625671386717, 2.1820837921142577, 2.1831151947021485, 2.183355645751953, 2.1814500610351564, 2.1822255676269533, 2.1830894805908203, 2.1822135162353518, 2.1821914794921873, 2.1834200286865233, 2.1830113555908204, 2.181565856933594], "test_acc": [45.71, 58.78, 71.97, 77.5, 76.69, 80.46, 82.42, 84.8, 84.52, 83.09, 85.8, 87.47, 86.88, 86.87, 86.99, 87.26, 88.08, 88.88, 87.78, 88.98, 89.1, 89.85, 90.24, 90.58, 90.55, 90.66, 89.98, 90.26, 90.67, 90.35, 90.26, 91.67, 90.99, 91.63, 91.8, 91.56, 91.43, 91.0, 90.84, 91.2, 92.1, 91.93, 92.24, 91.39, 91.64, 92.43, 92.35, 90.89, 91.74, 91.68, 91.69, 92.61, 91.56, 92.28, 92.45, 90.76, 91.18, 92.13, 92.53, 91.93, 90.02, 91.38, 91.42, 91.82, 92.3, 92.32, 91.13, 91.65, 90.6, 91.94, 91.24, 91.55, 91.84, 91.84, 90.36, 90.76, 91.24, 91.41, 91.16, 91.07, 90.73, 91.16, 91.2, 89.82, 89.94, 89.32, 89.29, 85.24, 89.22, 89.18, 89.63, 87.71, 89.0, 89.28, 88.1, 88.01, 87.99, 86.94, 86.75, 85.96]}