{"train_loss": [2.301206898994935, 2.2987760483709154, 2.297740613293444, 2.2972128661269817, 2.2968189273125086, 2.296504459829412, 2.296238796833234, 2.2960209724230642, 2.2958478239866404, 2.2957040881499267, 2.295590090445983, 2.2954979844582386, 2.2954104384805403, 2.295343432161543, 2.2952843038444843, 2.2952293407203803, 2.295183973944085, 2.2951383774097147, 2.295100307872153, 2.29505807823605, 2.2950247128804526, 2.2949955763979855, 2.294963688422472, 2.294934594223642, 2.2949123540495195, 2.2948872192293153, 2.2948628205519457, 2.2948393190008964, 2.294819166008224, 2.2947969029092383, 2.294782528001019, 2.2947610672722516, 2.2947445318230195, 2.2947255342434616, 2.2947097257671194, 2.2946883399262386, 2.294673283894857, 2.2946604958966246, 2.294646951377901, 2.294626887537475, 2.2946210513767014, 2.294607438083388, 2.2945940484348526, 2.294578556321625, 2.2945631992103706, 2.294558401291187, 2.294541119510292, 2.2945306754519796, 2.294517123291635, 2.2945065381180525, 2.2944985261330237, 2.2944878726942926, 2.2944773053511596, 2.2944717009862265, 2.2944595905450673, 2.2944481148679032, 2.294438856279748, 2.294432135219248, 2.294420376802102, 2.2944160664183464, 2.294404688553932, 2.2943971085752177, 2.294385168287489, 2.2943807432794165, 2.2943709018902902, 2.2943653270729585, 2.2943556706110635, 2.2943489419089422, 2.2943416548590374, 2.2943377902365136, 2.2943236710678816, 2.2943151134711046, 2.29431055040441, 2.294306193661486, 2.294292307817019, 2.2942932905294957, 2.294287065664927, 2.2942855077931004, 2.2942699744151187, 2.2942636461339445, 2.29426033833088, 2.2942497113831024, 2.294249596249344, 2.2942436261054797, 2.2942368576669288, 2.29422977541247, 2.2942233248653574, 2.294218023108621, 2.2942141722410154, 2.2942042101142754, 2.2941999435424805, 2.294199818219894, 2.294190488819383, 2.294188615603325, 2.2941800778747625, 2.2941793081087942, 2.294171674638732, 2.294166032065693, 2.2941592284756847, 2.294154218119434], "test_loss": [2.2161613067626953, 2.1357411407470703, 2.1035567169189453, 2.084444464111328, 2.071430227661133, 2.059633396911621, 2.048970162963867, 2.042189663696289, 2.034378373718262, 2.02638254699707, 2.0215544342041016, 2.019241143798828, 2.0161245040893556, 2.0125681213378908, 2.0113830932617187, 2.0098838760375974, 2.0072117446899416, 2.0032380599975586, 2.0029452774047853, 2.0008142700195313, 2.0001903869628905, 2.000939602661133, 1.9970477676391603, 1.9963823226928712, 1.9977062713623046, 1.9987429260253906, 1.9933738052368164, 1.9899777694702148, 1.99169617767334, 1.9928009307861327, 1.9917085693359375, 1.9899483184814453, 1.9864191375732423, 1.9909948150634766, 1.9881833770751953, 1.9891829833984376, 1.9885818313598633, 1.9846603073120117, 1.9824692001342774, 1.9886956161499023, 1.983871974182129, 1.986102619934082, 1.9878438430786132, 1.982616976928711, 1.987887730407715, 1.9826346221923827, 1.9830378295898436, 1.9863335540771485, 1.9820471969604492, 1.982809991455078, 1.9786057403564452, 1.9833639236450196, 1.987145652770996, 1.98062322845459, 1.9855657516479492, 1.9802864654541015, 1.9822646224975586, 1.9827514434814453, 1.9788936752319335, 1.9776423568725585, 1.9787297698974609, 1.9790285598754882, 1.9773251861572265, 1.9769553176879884, 1.9777968215942383, 1.9803567001342774, 1.9778504974365234, 1.979884701538086, 1.9776401412963867, 1.9759598663330078, 1.9743175598144531, 1.9791439636230468, 1.976116766357422, 1.9742780838012695, 1.9779132080078126, 1.9816649124145507, 1.979032875061035, 1.9770033279418946, 1.9784212417602538, 1.9740612274169922, 1.9744990539550782, 1.9776414108276368, 1.974866600036621, 1.9746048278808594, 1.9756510009765624, 1.978260188293457, 1.9721238388061524, 1.9713679931640624, 1.9763049560546875, 1.9715937271118165, 1.9713990371704102, 1.9702886520385743, 1.9723754669189453, 1.9737301574707031, 1.9723097610473632, 1.9724239578247071, 1.9742008438110352, 1.9727734069824219, 1.9726669158935546, 1.9769858963012696], "test_acc": [71.22, 83.19, 86.45, 88.94, 90.28, 91.41, 92.28, 93.06, 93.81, 94.27, 94.67, 94.89, 95.42, 95.74, 95.7, 95.85, 95.9, 95.99, 96.18, 96.25, 96.45, 96.46, 96.57, 96.59, 96.6, 96.92, 96.91, 96.81, 96.95, 97.0, 96.98, 97.11, 97.12, 97.22, 97.19, 97.33, 97.28, 97.32, 97.31, 97.43, 97.42, 97.49, 97.36, 97.56, 97.45, 97.46, 97.46, 97.61, 97.43, 97.65, 97.62, 97.53, 97.68, 97.71, 97.77, 97.75, 97.76, 97.68, 97.72, 97.76, 97.79, 97.84, 97.78, 97.72, 97.85, 97.85, 97.73, 97.84, 97.75, 97.8, 97.99, 97.86, 97.96, 97.89, 97.84, 98.0, 97.89, 97.9, 97.97, 97.96, 98.0, 98.07, 97.94, 98.11, 97.98, 98.02, 98.06, 98.07, 98.07, 98.06, 98.08, 98.12, 98.06, 98.12, 98.16, 98.15, 98.17, 98.09, 98.07, 98.15]}