{"train_loss": [2.267757965458764, 2.239189278875661, 2.2312518200303755, 2.2276424057463293, 2.225699096153944, 2.224281791947846, 2.2232385048499475, 2.2224279147946935, 2.2217865616847305, 2.2211989872475977, 2.220709413035303, 2.220292893739847, 2.21994545775601, 2.219592216177883, 2.2193185264228754, 2.2190221634685483, 2.21879974185911, 2.2185643508902984, 2.218339858401535, 2.218134478626088, 2.2179472380214267, 2.2177860079667506, 2.217607215938405, 2.217467840920147, 2.2172927397948046, 2.2171758184066186, 2.2170665809231944, 2.2168979415526757, 2.216825725685837, 2.216661175601503, 2.216574585845328, 2.216472118328779, 2.2163151594308705, 2.216208589382661, 2.216135597636557, 2.2160411074630217, 2.2159412915890035, 2.2158427737716937, 2.215775983965295, 2.21564979889454, 2.2155832362990093, 2.2154906692667904, 2.2154135342337127, 2.215349456183931, 2.215262562291235, 2.2151312578437676, 2.2150786218480167, 2.2150127780743136, 2.2149189562879057, 2.2148828628735666, 2.2147993195770135, 2.2147626214557223, 2.21466031186601, 2.214583098888397, 2.2145012005781517, 2.2144507521238084, 2.2143910211375637, 2.21435406523892, 2.214298196327992, 2.214218462124849, 2.2141280515581117, 2.2140679573401427, 2.214001470651382, 2.2139241068791122, 2.2138988569251494, 2.2138310762552114, 2.213747075989715, 2.213676823510064, 2.213650804299575, 2.2136013441615634, 2.2135496159904022, 2.2134799773876486, 2.2134364583553414, 2.2133556257965217, 2.2132955224086075, 2.213272429939009, 2.21317818073126, 2.2131579503034935, 2.21309520291467, 2.213013782969907, 2.212978959083557, 2.212902186263321, 2.21284120510786, 2.2128202196879263, 2.2127595115930605, 2.212671403701489, 2.212653288983891, 2.2125898467169867, 2.212563395500183, 2.212481060089209, 2.212422466176188, 2.212370299375974, 2.2123292164924817, 2.2122747668853173, 2.2122497100096483, 2.212128835865575, 2.2121501789133773, 2.2120973855002313, 2.2120567702839518, 2.2119988248898435], "test_loss": [1.7095056182861328, 1.5982581695556641, 1.5593899017333985, 1.5183021545410156, 1.509036817932129, 1.501462646484375, 1.4847978042602539, 1.4861444213867188, 1.482458709716797, 1.4732664749145508, 1.4598610809326171, 1.4825103485107423, 1.4565838928222656, 1.4620021026611327, 1.454598097229004, 1.4642262969970703, 1.4735061141967774, 1.4509749053955079, 1.441929052734375, 1.456068849182129, 1.4540230178833007, 1.446260841369629, 1.4529255264282226, 1.443808171081543, 1.4472554458618163, 1.4505545120239258, 1.4692201248168946, 1.4699757568359375, 1.4372174835205078, 1.4287841094970704, 1.442882418823242, 1.431385871887207, 1.4571940185546874, 1.4302236450195311, 1.448580386352539, 1.4237693664550781, 1.4418627487182618, 1.4251504806518556, 1.4432312438964843, 1.4326851654052735, 1.4201234954833983, 1.4264244201660157, 1.4022301818847656, 1.4448967254638672, 1.4533539962768556, 1.422017140197754, 1.4290857315063477, 1.440990559387207, 1.4641233276367187, 1.4452442596435546, 1.4217988052368165, 1.4080036209106446, 1.4299786697387695, 1.4103868759155274, 1.409094660949707, 1.4302757629394531, 1.4556715194702148, 1.4332950256347656, 1.4097553482055665, 1.4257068756103515, 1.4278977111816407, 1.408902604675293, 1.438724008178711, 1.4303830078125, 1.4095703521728515, 1.425393815612793, 1.4326299880981446, 1.4271673065185546, 1.4233723587036133, 1.43086201171875, 1.4112647232055664, 1.4429611557006836, 1.437236834716797, 1.4486990097045898, 1.4070488555908203, 1.4223632522583007, 1.40478448638916, 1.426776368713379, 1.4394627792358399, 1.4517036697387695, 1.4224413833618164, 1.408066862487793, 1.4205595932006836, 1.4104939331054687, 1.4345699600219726, 1.4326501159667968, 1.401132745361328, 1.4539482772827148, 1.4216849807739258, 1.410821614074707, 1.4293953262329102, 1.4083686767578125, 1.4327403625488282, 1.4259092514038085, 1.4296916564941407, 1.4211091125488282, 1.4420890335083008, 1.425785791015625, 1.4076957931518554, 1.4226065551757812], "test_acc": [85.22, 92.6, 94.96, 95.72, 96.35, 96.95, 97.16, 97.39, 97.54, 97.72, 97.87, 97.76, 98.11, 97.95, 98.18, 98.15, 98.36, 98.27, 98.29, 98.42, 98.31, 98.45, 98.31, 98.37, 98.57, 98.62, 98.67, 98.62, 98.63, 98.6, 98.65, 98.67, 98.69, 98.68, 98.8, 98.77, 98.68, 98.81, 98.77, 98.81, 98.8, 98.79, 98.83, 98.88, 98.89, 98.9, 98.9, 98.92, 98.88, 98.88, 98.89, 98.86, 98.96, 98.9, 98.9, 98.87, 98.95, 98.9, 98.97, 98.99, 98.93, 98.95, 98.93, 98.93, 98.97, 98.98, 98.87, 98.9, 98.93, 98.92, 98.94, 98.96, 99.0, 98.98, 99.02, 98.97, 98.98, 98.94, 98.97, 98.9, 98.97, 98.97, 99.01, 98.97, 98.97, 98.97, 98.94, 99.01, 98.96, 98.97, 99.01, 98.89, 98.93, 98.89, 98.94, 98.95, 98.93, 98.98, 98.97, 98.97]}