{"train_loss": [2.2798591082931585, 2.25612890567535, 2.247813121885316, 2.2432548098075085, 2.2406678846758656, 2.2382876450179987, 2.236933244089795, 2.23537332430864, 2.23396383646207, 2.232695172485123, 2.231491584044236, 2.2300401070179086, 2.2289880300179505, 2.227838251835261, 2.2263582853170543, 2.225176627309913, 2.223763722130376, 2.2223519580995936, 2.2208087026563463, 2.219157706977975, 2.2176060946578655, 2.215473260125543, 2.213595382678203, 2.211613698392852, 2.2090849647155175, 2.2069186945246835, 2.204487782258254, 2.2017229545829644, 2.1986623029423575, 2.195757801716144, 2.1920279549737263, 2.188442488001962, 2.1837196197265234, 2.179614627463186, 2.175007332084525, 2.170281766826271, 2.164490632012359, 2.1591795774606557, 2.1533678978936286, 2.1468866487853546, 2.139851079027877, 2.132199928801284, 2.124684412764688, 2.116763697220729, 2.1085144301764984, 2.0988584642226877, 2.089525221504717, 2.0795580041714206, 2.0699177924384418, 2.058701853212128, 2.047613258545215, 2.0354091805270595, 2.024395604673614, 2.0116178467232957, 1.999340353358505, 1.9868700027975261, 1.97191764248742, 1.959953082168204, 1.9464738893712688, 1.9346997847414424, 1.9212733367059984, 1.9068852739456372, 1.8950362177486093, 1.8817538017900581, 1.8695971744182782, 1.8573847744199965, 1.8445962817750425, 1.8320771371706939, 1.8205246955920489, 1.8100361011476598, 1.7975875893209734, 1.7871249109251885, 1.7751295520709112, 1.7662316761974595, 1.7538541379647377, 1.7451947412939153, 1.7378816961223245, 1.7282244723576765, 1.719243248558452, 1.7112295938353252, 1.7040815019709432, 1.6957902686718183, 1.6884886133365142, 1.6828124454388251, 1.6760434650967264, 1.669866132685262, 1.6635390667833834, 1.6575479476879804, 1.6515047988321028, 1.647547484208376, 1.6426859161792657, 1.6387607315157213, 1.632950361722555, 1.6284065210921133, 1.6236497770007858, 1.6210998846934392, 1.6162826854449053, 1.6113073099882176, 1.6085889051612625, 1.605875018824879], "test_loss": [1.8606893463134766, 1.6632832138061524, 1.6513127227783204, 1.605584846496582, 1.6008686065673827, 1.5875908905029297, 1.5453929000854492, 1.5446748641967774, 1.5498657928466797, 1.5443679977416993, 1.5513576248168945, 1.5513227264404297, 1.5350313064575196, 1.535845816040039, 1.5369057434082032, 1.5554329071044921, 1.5181039764404296, 1.52677039642334, 1.4790753997802735, 1.5581296951293946, 1.5220116989135741, 1.5276859848022462, 1.4902277908325194, 1.480785514831543, 1.493155075073242, 1.51919806060791, 1.513619807434082, 1.508101545715332, 1.5623119338989258, 1.5598926406860352, 1.5104601272583007, 1.4854334075927735, 1.5221904891967772, 1.5301195175170899, 1.5396761138916015, 1.4956975509643555, 1.4924480377197267, 1.5944864990234375, 1.559272380065918, 1.536851448059082, 1.5031085220336915, 1.5856778717041016, 1.6391241821289062, 1.5918368469238282, 1.5876427124023438, 1.583223225402832, 1.5913066558837892, 1.5944100051879884, 1.6245947982788085, 1.6225710968017577, 1.596324055480957, 1.6724583389282226, 1.5949148818969727, 1.7157696014404298, 1.5974729843139648, 1.7049581466674806, 1.8140624786376953, 1.6817450744628906, 1.716121434020996, 1.6868010482788085, 1.7475856735229491, 1.6265983825683594, 1.788164581298828, 1.756901368713379, 1.7164529251098632, 1.797738475036621, 1.8243917755126953, 1.7910017501831055, 1.7449015686035156, 1.750495135498047, 1.855305584716797, 1.818090788269043, 1.8335103805541992, 1.8073253311157227, 1.8148458358764648, 1.7959787704467773, 1.8311784729003906, 1.9232108352661132, 1.8276767837524415, 1.9163617492675782, 1.8949253295898438, 1.9109441040039064, 1.8779585678100585, 1.949874299621582, 1.8832814254760741, 1.8963628692626953, 1.9609830856323243, 1.9573112533569337, 1.9256530212402343, 1.9151571212768554, 1.9608508316040039, 1.987573908996582, 1.9905585266113281, 1.996474169921875, 1.9615966873168946, 1.9721699966430664, 2.0065810928344727, 2.0146819091796875, 2.0131979965209963, 2.017056797790527], "test_acc": [77.26, 91.55, 93.37, 94.38, 95.58, 95.74, 95.84, 96.3, 96.22, 96.35, 96.82, 96.87, 96.79, 96.55, 96.91, 96.53, 96.84, 96.72, 96.76, 96.48, 96.68, 96.18, 96.17, 96.02, 95.12, 95.65, 94.56, 93.54, 92.62, 90.77, 91.68, 92.18, 89.19, 88.01, 85.65, 87.01, 86.63, 79.54, 78.99, 80.34, 78.78, 72.68, 68.23, 71.34, 68.46, 68.68, 64.11, 64.21, 60.8, 61.28, 59.48, 53.98, 58.99, 50.9, 58.27, 50.67, 43.23, 50.69, 47.66, 49.72, 46.03, 52.41, 44.15, 45.14, 47.01, 41.86, 40.85, 42.09, 44.75, 44.67, 37.57, 40.95, 39.98, 42.29, 40.28, 41.7, 39.83, 36.0, 40.36, 36.4, 37.49, 37.67, 37.73, 35.01, 38.92, 38.04, 35.57, 36.13, 36.32, 36.11, 35.91, 33.76, 35.3, 34.61, 35.09, 35.9, 33.38, 33.89, 33.34, 32.86]}