{"train_loss": [2.2959667968953776, 2.2872004310290017, 2.2844209604793124, 2.2826097765539446, 2.281305890816909, 2.2804235535809116, 2.2798061829346876, 2.279275601745671, 2.278910652694539, 2.278620880893153, 2.2783420248928232, 2.2780608519529686, 2.277879307922135, 2.277656311662788, 2.2774581145017576, 2.27728350702514, 2.2771073014308243, 2.2769283392490487, 2.2767938991897125, 2.2766595380937953, 2.27647932829001, 2.2763423945149803, 2.2762420911055345, 2.276113096465412, 2.2759751815062303, 2.2758594950040183, 2.2757207267304773, 2.2756393872774563, 2.2755189930271897, 2.2754114570780697, 2.2753210266431174, 2.2751817876457148, 2.2750804521079755, 2.2750064455545864, 2.2748786720455203, 2.2748046537749786, 2.2746910259254975, 2.2745486523351097, 2.274479405492799, 2.2743492090803947, 2.2742550576853957, 2.2742058721363034, 2.2741125755839877, 2.2739774482881923, 2.273889806535509, 2.273808181285858, 2.2736588314048247, 2.2735718707753043, 2.273489618912721, 2.2734119494756064, 2.2732910585199666, 2.27314042688435, 2.27303783964907, 2.272943323494023, 2.272808399465349, 2.2727692392137318, 2.2726161383156085, 2.2725058106275706, 2.2724273688772803, 2.272284573978848, 2.272151004554879, 2.272100723706759, 2.2719212765367622, 2.2718508727530127, 2.271697133524805, 2.2716000533511496, 2.271480886345236, 2.271359641837259, 2.2711997281791816, 2.2710457184375863, 2.271011342859676, 2.270910257967109, 2.270727037364601, 2.2706440824728746, 2.270488796580551, 2.2703160373573628, 2.270211972741999, 2.2700100586964536, 2.269938519367805, 2.2697860068745084, 2.2695782505548916, 2.269548135435479, 2.2694007392622466, 2.269241726806021, 2.268995010954702, 2.2688936993607087, 2.268734277313591, 2.2686548518319416, 2.2684707315559063, 2.268281595319764, 2.2681179398145432, 2.2680030500786934, 2.2678283325627318, 2.2676350041332407, 2.267501876904414, 2.267386341196859, 2.2671530751081614, 2.266973719637618, 2.266817680790893, 2.266603326186156], "test_loss": [2.0515535110473633, 1.9503711349487305, 1.8999659133911133, 1.8827396682739257, 1.8502755783081055, 1.8341643157958984, 1.8248140716552734, 1.8255033126831055, 1.8022760604858399, 1.8089102005004882, 1.813195751953125, 1.8003010284423828, 1.8032522079467774, 1.7933628280639649, 1.7944395889282228, 1.7792903518676757, 1.801237077331543, 1.7918644454956054, 1.7959558288574218, 1.7790051315307618, 1.7798805847167969, 1.7853289749145507, 1.770285287475586, 1.7847140869140625, 1.7745791687011718, 1.7691242340087892, 1.7854138656616212, 1.771678662109375, 1.7687779495239258, 1.7830008682250977, 1.7759042449951172, 1.7634475173950195, 1.7662268966674806, 1.7601806854248048, 1.7844678070068358, 1.7495131652832032, 1.7752712615966797, 1.7710879608154297, 1.7690335174560547, 1.7599165176391602, 1.7731151260375977, 1.7758327896118165, 1.7949193161010741, 1.7572314407348633, 1.7517441345214844, 1.7510580291748048, 1.7513617950439453, 1.7361393615722656, 1.7496085403442383, 1.779485691833496, 1.7563936141967773, 1.7742302520751954, 1.7670341827392577, 1.736245571899414, 1.7600404663085938, 1.7454345458984375, 1.7465488723754883, 1.7197303314208985, 1.7633554580688477, 1.7716683517456056, 1.7523943725585938, 1.74814345703125, 1.7641950134277344, 1.7763621368408202, 1.7570019165039064, 1.743920751953125, 1.7452089126586914, 1.7670910354614258, 1.7459007186889648, 1.7475840560913085, 1.7756577407836913, 1.7649037033081054, 1.7669414993286132, 1.7698571594238282, 1.7611031768798828, 1.7693832046508788, 1.7306941436767578, 1.7377484725952148, 1.7435115173339844, 1.7794625610351562, 1.7660529815673829, 1.7559094436645508, 1.735972723388672, 1.7910864532470703, 1.7375101181030272, 1.772135581970215, 1.7414857391357421, 1.7498147674560547, 1.7601614929199219, 1.7641859954833985, 1.7570756881713867, 1.7364828979492188, 1.7752973831176757, 1.751692301940918, 1.789126579284668, 1.746682943725586, 1.7568946029663086, 1.754009996032715, 1.7634139450073243, 1.7618142684936524], "test_acc": [81.48, 87.57, 89.66, 92.14, 93.74, 94.49, 95.32, 95.73, 95.9, 96.02, 96.52, 96.55, 96.71, 96.84, 96.81, 97.09, 97.04, 97.09, 97.29, 97.3, 97.19, 97.46, 97.48, 97.35, 97.54, 97.29, 97.51, 97.54, 97.69, 97.57, 97.51, 97.74, 97.71, 97.73, 97.77, 97.82, 97.69, 97.77, 97.8, 97.92, 97.73, 97.74, 97.81, 97.96, 97.8, 97.97, 97.79, 97.82, 97.86, 97.97, 97.86, 97.91, 97.76, 97.76, 98.01, 97.95, 97.91, 97.81, 97.88, 97.83, 97.81, 97.73, 97.65, 97.92, 97.9, 97.87, 97.59, 97.86, 97.85, 97.67, 97.76, 97.53, 96.7, 97.74, 97.72, 97.75, 97.7, 97.46, 97.46, 97.27, 97.31, 97.3, 97.37, 97.39, 97.32, 97.18, 97.08, 97.27, 96.95, 96.87, 97.12, 96.95, 97.02, 96.39, 96.46, 96.72, 96.34, 96.86, 96.58, 96.43]}