{"train_loss": [2.3024621030204315, 2.3012421034340167, 2.3004353642463684, 2.2998236371920657, 2.2994146331762657, 2.298926493041536, 2.2985953056914177, 2.2981334771865454, 2.297665852257329, 2.2973186562203955, 2.296724302137, 2.2963099454203224, 2.295870732038449, 2.295417160050482, 2.2948459463241773, 2.294274953695444, 2.2937206875564704, 2.2929758704625645, 2.2922435774762406, 2.291473381030254, 2.2905459908338694, 2.2895145487581563, 2.2885267118103485, 2.2874982830805655, 2.2862011851408544, 2.2847999838682322, 2.2832194999751882, 2.281596991750929, 2.2798679654414835, 2.277692813649137, 2.2760819425949683, 2.2733720388167944, 2.2712029738303943, 2.2682221689794817, 2.265017080001342, 2.262266849860167, 2.2585506199771523, 2.254631833642976, 2.249888614202157, 2.2458139535708304, 2.2412030783473935, 2.235428795345828, 2.22971776764617, 2.2229272417533092, 2.2158408730457992, 2.208570254664136, 2.2000662118960648, 2.1914849882451897, 2.18146017830596, 2.1702761716312833, 2.1599877048761416, 2.147947017963116, 2.1339650582044554, 2.1206157161639285, 2.1065210924189315, 2.0906716564781647, 2.0748453305827246, 2.056535691022873, 2.039355814966381, 2.020071188608805, 2.0031194776041894, 1.9837107885087657, 1.9630487607075617, 1.9455585319262285, 1.9245767404890468, 1.904850590432811, 1.8858018532777443, 1.867182398453737, 1.8450573942600152, 1.826125357650284, 1.8078658101905105, 1.7906645801332262, 1.776736475718327, 1.7578502177682698, 1.7411133853288798, 1.726377823923388, 1.710518428403088, 1.6978089327995594, 1.685749236589823, 1.673341799240846, 1.659308441938498, 1.6482603965152023, 1.6405211014625354, 1.6268956887925792, 1.6194787427910373, 1.6106529276595156, 1.6032695044309666, 1.594942592148088, 1.5896226310322428, 1.5825374694461496, 1.5760877911861126, 1.5687591046349616, 1.565432535786914, 1.5589241930562208, 1.5554077997166886, 1.5487799565506797, 1.543836807848042, 1.5412452302427373, 1.5368687693889325, 1.533778214556539], "test_loss": [2.2629388610839842, 2.2224535614013674, 2.1934122161865233, 2.1737089782714842, 2.1628989074707032, 2.149082189941406, 2.131119818115234, 2.1350283416748046, 2.1227058013916014, 2.1156231872558595, 2.1058333587646483, 2.098489956665039, 2.099923098754883, 2.097983923339844, 2.0805892333984377, 2.083874322509766, 2.083818557739258, 2.0772823425292968, 2.0764860900878905, 2.0793988677978517, 2.075251533508301, 2.06878371887207, 2.0859831268310547, 2.0853398986816405, 2.08325751953125, 2.0871577331542968, 2.09524553527832, 2.058686447143555, 2.066869125366211, 2.042036480712891, 2.0700035354614257, 2.0541214797973635, 2.0242601226806642, 2.0757702362060546, 2.1010847045898435, 2.0826387481689452, 2.101069888305664, 2.0683218841552735, 2.0687136886596678, 2.0943865234375, 2.098071170043945, 2.1022533599853515, 2.1348725341796877, 2.078968295288086, 2.1114668411254884, 2.169617514038086, 2.171395489501953, 2.153626480102539, 2.1604913452148438, 2.2014561950683595, 2.222247784423828, 2.130529481506348, 2.1336715225219725, 2.209191259765625, 2.2396140838623046, 2.1564069091796876, 2.247350045776367, 2.316707406616211, 2.254407540893555, 2.301140789794922, 2.3386185455322264, 2.3070675018310545, 2.3227892700195314, 2.285711911010742, 2.3402002532958983, 2.395334310913086, 2.391926773071289, 2.5117597778320313, 2.4459846405029295, 2.514151919555664, 2.5279538848876952, 2.4930179626464843, 2.483369921875, 2.4685988220214843, 2.49838342590332, 2.4724728088378907, 2.488496520996094, 2.5993267700195313, 2.477835595703125, 2.6120078247070313, 2.5526371154785155, 2.568288146972656, 2.518281018066406, 2.614463961791992, 2.5782597747802734, 2.6036238037109376, 2.5923593872070314, 2.570974530029297, 2.621067059326172, 2.6371815551757813, 2.630023892211914, 2.6131064819335936, 2.602553030395508, 2.6362566040039064, 2.651679064941406, 2.7146344879150393, 2.621786346435547, 2.709802346801758, 2.7095675384521485, 2.6547083068847654], "test_acc": [45.31, 62.36, 70.29, 73.82, 80.61, 74.57, 82.18, 80.21, 85.71, 83.7, 86.45, 86.55, 83.63, 87.33, 85.67, 83.15, 83.8, 80.93, 82.58, 78.19, 78.92, 74.59, 68.88, 65.63, 62.3, 61.24, 58.05, 64.4, 58.4, 59.9, 53.35, 52.15, 52.14, 42.52, 33.4, 39.4, 36.99, 39.78, 37.11, 33.03, 28.51, 29.75, 27.94, 31.89, 28.64, 22.58, 21.79, 24.03, 23.87, 18.58, 23.44, 24.38, 24.88, 22.68, 19.69, 24.04, 18.81, 15.35, 18.59, 20.61, 16.6, 18.15, 16.17, 19.79, 17.96, 16.25, 15.6, 14.16, 15.71, 14.73, 14.1, 16.8, 15.88, 16.27, 15.71, 16.86, 17.46, 15.61, 16.93, 14.65, 16.0, 15.63, 17.92, 15.37, 16.15, 16.0, 15.7, 15.62, 15.41, 14.8, 14.92, 15.53, 15.82, 15.13, 14.68, 13.86, 16.13, 14.14, 13.68, 15.32]}