{"train_loss": [2.3012849622302585, 2.2981692435395003, 2.2963625676611548, 2.295388198306418, 2.2944684446367445, 2.293549676736196, 2.292743726163848, 2.292033401819376, 2.291240271340069, 2.290546859940912, 2.2898193485716467, 2.2890509377177963, 2.2882174100631323, 2.2875589876093416, 2.286533512111403, 2.285464779434041, 2.284579920463073, 2.2832903556334667, 2.2821651101112366, 2.280920173367883, 2.2792326955713778, 2.2780673748407607, 2.27588311321715, 2.273975773754283, 2.27192722630297, 2.269263660805857, 2.266599440167093, 2.263856338130103, 2.260439986347133, 2.2576227794345627, 2.253616768070775, 2.2497017816600637, 2.244563351329575, 2.2391185831819844, 2.2338879679003334, 2.2270922446862245, 2.220369642106896, 2.212349132085458, 2.204424743468945, 2.1963402022663345, 2.1865631805525885, 2.174377813298478, 2.1635965164910016, 2.1501141333172464, 2.135827025287172, 2.120133497266688, 2.105651313932533, 2.087413668887228, 2.0690337220827737, 2.0491227502496834, 2.0282944955377498, 2.006267640325758, 1.9816534160039363, 1.959605665033699, 1.9354257326350253, 1.9100263607807648, 1.8848141052274623, 1.859521130975495, 1.8323914248209734, 1.805703537586408, 1.7802773250473871, 1.7525590686207144, 1.728580638893649, 1.7028633361188774, 1.6784395060987554, 1.6542999512619443, 1.6309519068807619, 1.6072244073590662, 1.5881723068718216, 1.5677803413480775, 1.5503437422279618, 1.53083266534357, 1.5120668971640432, 1.495687231548831, 1.4804886877536774, 1.4646086369314764, 1.453892945479124, 1.4413250646530054, 1.429644843706718, 1.4199270921894627, 1.4098527477337763, 1.3997625660183084, 1.3917807707419763, 1.3844225503440597, 1.376215218478798, 1.372088828147986, 1.3637094464566972, 1.3575095340736911, 1.3526369104018579, 1.3473297823698094, 1.343007159538758, 1.337012327889092, 1.3330852065840337, 1.3290301176727328, 1.3249802258279588, 1.3213101105812268, 1.317748620469346, 1.3150327778779543, 1.3108934734621618, 1.308030348812413], "test_loss": [2.217278546142578, 2.1366094543457033, 2.1023918518066407, 2.077730026245117, 2.0625007781982423, 2.060046063232422, 2.035511410522461, 2.0345988159179687, 2.0090740570068357, 1.9867446762084962, 1.9756959625244142, 1.9942854385375977, 1.9749181945800782, 1.9573538497924805, 1.9628546966552733, 1.9628238540649414, 1.9400810546875, 1.9566074508666993, 1.9634963104248047, 1.9454742065429687, 1.964193244934082, 1.9430812576293945, 1.9595301559448242, 1.9583381240844726, 1.9223357849121094, 1.9896274658203126, 1.9634575225830078, 1.9292466064453124, 1.9583841217041016, 1.9398611907958985, 1.9166438446044922, 1.929379360961914, 1.9679523880004883, 1.9805550323486327, 1.962179296875, 1.953198095703125, 1.912658642578125, 1.9964358444213868, 1.955206510925293, 1.9788536239624024, 1.9288768157958984, 2.002791032409668, 2.0425816757202147, 2.077228285217285, 1.9911959197998046, 2.094588543701172, 2.099641926574707, 2.0290696563720703, 2.1394726989746093, 2.100378884887695, 2.199663528442383, 2.1599701599121093, 2.2277370300292967, 2.147211735534668, 2.175700698852539, 2.2961460174560546, 2.3086853363037108, 2.2610339965820314, 2.3516619873046873, 2.401890509033203, 2.381082730102539, 2.3998190368652343, 2.3295440826416014, 2.4927242767333984, 2.459470834350586, 2.410833139038086, 2.5148055633544923, 2.515188372802734, 2.489236767578125, 2.469035693359375, 2.5589911743164064, 2.64418567199707, 2.6858873474121094, 2.6714378509521484, 2.594400421142578, 2.5613947998046873, 2.697359768676758, 2.677227130126953, 2.677331430053711, 2.6436510223388674, 2.777626919555664, 2.7095188293457033, 2.6467926361083984, 2.7071785705566405, 2.777346252441406, 2.7344962158203123, 2.728433319091797, 2.696050259399414, 2.7444358825683595, 2.7846108093261717, 2.6837602752685545, 2.6922670532226562, 2.7298582305908203, 2.711768215942383, 2.7569766235351563, 2.7506843505859373, 2.7171572479248045, 2.7497466644287107, 2.7507397338867188, 2.8002937713623046], "test_acc": [57.09, 63.5, 77.45, 79.07, 84.86, 83.93, 88.61, 87.19, 90.37, 91.78, 91.61, 89.94, 91.79, 90.35, 90.37, 89.2, 90.34, 89.17, 86.51, 85.57, 83.91, 83.65, 81.06, 77.99, 77.76, 68.26, 70.14, 71.19, 61.52, 62.11, 62.21, 59.52, 49.97, 46.38, 48.91, 46.76, 52.35, 42.35, 44.9, 40.42, 44.17, 34.23, 33.3, 27.53, 34.48, 25.33, 26.42, 29.32, 23.89, 27.78, 20.89, 21.6, 23.56, 26.33, 25.37, 18.78, 21.54, 21.66, 18.45, 19.11, 18.25, 18.21, 21.71, 18.09, 18.13, 19.87, 18.69, 19.03, 19.21, 19.52, 18.19, 16.19, 16.16, 15.59, 17.83, 19.23, 16.42, 16.52, 16.62, 17.7, 15.56, 16.67, 17.73, 16.55, 16.08, 15.89, 16.38, 17.02, 15.98, 15.5, 17.53, 16.9, 17.34, 16.56, 16.41, 16.89, 17.26, 16.35, 16.53, 14.95]}