{"train_loss": [2.0009220158442473, 1.8842535092789903, 1.867830557955636, 1.8600199642853859, 1.8552108042769961, 1.851741667996105, 1.8491425254406073, 1.847287387929411, 1.8454398293780465, 1.8439970143839843, 1.8426862669806194, 1.8416778585340223, 1.8406970551890185, 1.8398313517244453, 1.8388865768400013, 1.8382109268608255, 1.837525418935678, 1.836915867196189, 1.836420777007046, 1.836013772803494, 1.8354066908359528, 1.8349304734132228, 1.834515648519891, 1.8340801285882282, 1.8337055765665495, 1.8332465303759289, 1.832743254991678, 1.832706156704161, 1.832262275310663, 1.8319061001141865, 1.831604782332722, 1.8313828301735413, 1.8310060208169823, 1.8307709821269043, 1.8304992504099495, 1.8302265614525886, 1.8300562704730237, 1.8298037248289483, 1.8294947104066865, 1.8293571156314297, 1.829099011217427, 1.8289143101781862, 1.828734063439899, 1.8284588349171174, 1.828151078050972, 1.8281626120591774, 1.8279547459549375, 1.8275710257709536, 1.8274889045800917, 1.8272775549155016, 1.8271186553005478, 1.8269653111441522, 1.8266332890742865, 1.8265637803790915, 1.8263793977407308, 1.8263483579851623, 1.826159084454561, 1.8260014166689327, 1.8258904340939643, 1.8257223864396412, 1.825554616176165, 1.8253413657856803, 1.8251920604807699, 1.8251001628545613, 1.824970383165229, 1.8247377548971746, 1.8245513502858643, 1.8244464555357256, 1.8244110704996648, 1.8242900269663231, 1.8241037734043903, 1.8239942827285864, 1.823868171017394, 1.8236933218108282, 1.8235842858114812, 1.8234898254402683, 1.823363255486529, 1.8231779645141373, 1.8231486102454684, 1.8229976217461448, 1.8227960910552587, 1.822659097930305, 1.8225891595212822, 1.822407109869851, 1.822422419857775, 1.8222983609407375, 1.822154901475988, 1.8220336014388974, 1.8219116126370227, 1.8217644452029824, 1.8217423881730463, 1.82154695982607, 1.821488712587927, 1.821443587796301, 1.8211888118177397, 1.8211940883571267, 1.8210638488969233, 1.8209752674795623, 1.8207650765394554, 1.8206370832064214], "test_loss": [0.937708723449707, 0.8411276138305664, 0.8205917594909667, 0.8031760330200195, 0.8176915283203126, 0.8201205276489257, 0.7898969459533691, 0.8159089263916015, 0.7840003684997559, 0.7810457786560059, 0.7544952865600586, 0.7687831031799316, 0.7609651069641113, 0.78360396194458, 0.7964689781188965, 0.7627346260070801, 0.7686351631164551, 0.7934023696899414, 0.7396285179138183, 0.782254020690918, 0.7360125793457031, 0.7323796508789062, 0.7437532089233398, 0.7434549552917481, 0.8066198654174804, 0.748019994354248, 0.772853402709961, 0.7522610168457031, 0.7932221641540528, 0.7644254760742187, 0.7690259201049805, 0.7598468101501464, 0.778226766204834, 0.7836775733947754, 0.7968580207824707, 0.7305880180358887, 0.7382618034362793, 0.7434148521423339, 0.7543867156982422, 0.7975129272460938, 0.7524968315124512, 0.7487495628356934, 0.7842311447143555, 0.7893476593017578, 0.7703666328430175, 0.7627064254760743, 0.7611844123840332, 0.7556835380554199, 0.7577418991088867, 0.7580867858886718, 0.7514349174499512, 0.7453513366699219, 0.7470033386230469, 0.783852278137207, 0.7483841430664062, 0.7503716293334961, 0.7723293670654297, 0.7837157638549804, 0.7544589462280273, 0.7378273971557617, 0.7541142272949218, 0.7642943725585938, 0.7535148727416993, 0.7622312370300293, 0.7305552078247071, 0.7582132446289063, 0.7338951110839844, 0.7492893501281739, 0.7649445579528809, 0.7500282928466797, 0.7453639343261719, 0.7476246353149414, 0.7466735862731934, 0.7749593147277832, 0.7418639129638672, 0.7619885917663575, 0.7493861267089844, 0.7508128578186035, 0.7690774467468262, 0.7501958839416504, 0.7555576789855957, 0.7418354141235352, 0.7661631912231446, 0.745986238861084, 0.7336306617736816, 0.7581922233581543, 0.7410643577575684, 0.7372493301391602, 0.7526451545715332, 0.7749347785949707, 0.7687920692443848, 0.7571558319091797, 0.7388019912719727, 0.744747705078125, 0.7753331115722656, 0.7470405151367188, 0.7616536293029785, 0.7527745979309082, 0.761341301727295, 0.7306784851074218], "test_acc": [95.08, 96.99, 97.88, 98.02, 98.16, 98.43, 98.63, 98.66, 98.77, 98.75, 98.79, 98.82, 98.88, 98.91, 98.94, 98.94, 98.9, 98.94, 98.94, 98.96, 98.97, 98.95, 98.89, 98.98, 98.96, 98.99, 98.94, 98.98, 99.01, 98.94, 98.99, 98.97, 99.01, 99.03, 99.03, 99.01, 99.11, 99.11, 99.06, 99.13, 99.19, 99.14, 99.1, 99.03, 99.1, 99.08, 99.12, 99.13, 99.11, 99.17, 99.17, 99.15, 99.18, 99.15, 99.16, 99.13, 99.11, 99.16, 99.13, 99.15, 99.11, 99.17, 99.16, 99.18, 99.18, 99.2, 99.17, 99.18, 99.21, 99.17, 99.17, 99.15, 99.19, 99.2, 99.14, 99.18, 99.21, 99.2, 99.17, 99.17, 99.21, 99.17, 99.18, 99.18, 99.2, 99.19, 99.21, 99.17, 99.13, 99.25, 99.16, 99.23, 99.16, 99.21, 99.19, 99.23, 99.23, 99.23, 99.22, 99.16]}